<?xml version='1.0' standalone='yes' ?>
<LVData xmlns="http://www.ni.com/LVData">
<Version>10.0.1</Version>
<Cluster>
<Name>ModelData</Name>
<NumElts>7</NumElts>
<Array>
<Name>Transitions</Name>
<Dimsize>9</Dimsize>
<Dimsize>2</Dimsize>
<String>
<Name>string</Name>
<Val>A</Val>
</String>
<String>
<Name>string</Name>
<Val>A</Val>
</String>
<String>
<Name>string</Name>
<Val>B</Val>
</String>
<String>
<Name>string</Name>
<Val>B</Val>
</String>
<String>
<Name>string</Name>
<Val>C</Val>
</String>
<String>
<Name>string</Name>
<Val>C</Val>
</String>
<String>
<Name>string</Name>
<Val>D</Val>
</String>
<String>
<Name>string</Name>
<Val>D</Val>
</String>
<String>
<Name>string</Name>
<Val>E</Val>
</String>
<String>
<Name>string</Name>
<Val>E</Val>
</String>
<String>
<Name>string</Name>
<Val>F</Val>
</String>
<String>
<Name>string</Name>
<Val>F</Val>
</String>
<String>
<Name>string</Name>
<Val>G</Val>
</String>
<String>
<Name>string</Name>
<Val>G</Val>
</String>
<String>
<Name>string</Name>
<Val>H</Val>
</String>
<String>
<Name>string</Name>
<Val>H</Val>
</String>
<String>
<Name>string</Name>
<Val>I</Val>
</String>
<String>
<Name>string</Name>
<Val>I</Val>
</String>
</Array>
<Array>
<Name>RealValues</Name>
<Dimsize>9</Dimsize>
<Dimsize>2</Dimsize>
<String>
<Name>string</Name>
<Val>A</Val>
</String>
<String>
<Name>string</Name>
<Val>0,081380</Val>
</String>
<String>
<Name>string</Name>
<Val>B</Val>
</String>
<String>
<Name>string</Name>
<Val>0,003999</Val>
</String>
<String>
<Name>string</Name>
<Val>C</Val>
</String>
<String>
<Name>string</Name>
<Val>0,067757</Val>
</String>
<String>
<Name>string</Name>
<Val>D</Val>
</String>
<String>
<Name>string</Name>
<Val>0,349702</Val>
</String>
<String>
<Name>string</Name>
<Val>E</Val>
</String>
<String>
<Name>string</Name>
<Val>0,304197</Val>
</String>
<String>
<Name>string</Name>
<Val>F</Val>
</String>
<String>
<Name>string</Name>
<Val>0,075653</Val>
</String>
<String>
<Name>string</Name>
<Val>G</Val>
</String>
<String>
<Name>string</Name>
<Val>0,042347</Val>
</String>
<String>
<Name>string</Name>
<Val>H</Val>
</String>
<String>
<Name>string</Name>
<Val>0,044528</Val>
</String>
<String>
<Name>string</Name>
<Val>I</Val>
</String>
<String>
<Name>string</Name>
<Val>0,031646</Val>
</String>
</Array>
<Array>
<Name>Times</Name>
<Dimsize>100</Dimsize>
<DBL>
<Name></Name>
<Val>0.00000000000000</Val>
</DBL>
<DBL>
<Name></Name>
<Val>10.00000000000000</Val>
</DBL>
<DBL>
<Name></Name>
<Val>20.00000000000000</Val>
</DBL>
<DBL>
<Name></Name>
<Val>30.00000000000000</Val>
</DBL>
<DBL>
<Name></Name>
<Val>40.00000000000000</Val>
</DBL>
<DBL>
<Name></Name>
<Val>50.00000000000000</Val>
</DBL>
<DBL>
<Name></Name>
<Val>60.00000000000000</Val>
</DBL>
<DBL>
<Name></Name>
<Val>70.00000000000000</Val>
</DBL>
<DBL>
<Name></Name>
<Val>80.00000000000000</Val>
</DBL>
<DBL>
<Name></Name>
<Val>90.00000000000000</Val>
</DBL>
<DBL>
<Name></Name>
<Val>100.00000000000000</Val>
</DBL>
<DBL>
<Name></Name>
<Val>110.00000000000000</Val>
</DBL>
<DBL>
<Name></Name>
<Val>120.00000000000000</Val>
</DBL>
<DBL>
<Name></Name>
<Val>130.00000000000000</Val>
</DBL>
<DBL>
<Name></Name>
<Val>140.00000000000000</Val>
</DBL>
<DBL>
<Name></Name>
<Val>150.00000000000000</Val>
</DBL>
<DBL>
<Name></Name>
<Val>160.00000000000000</Val>
</DBL>
<DBL>
<Name></Name>
<Val>170.00000000000000</Val>
</DBL>
<DBL>
<Name></Name>
<Val>180.00000000000000</Val>
</DBL>
<DBL>
<Name></Name>
<Val>190.00000000000000</Val>
</DBL>
<DBL>
<Name></Name>
<Val>200.00000000000000</Val>
</DBL>
<DBL>
<Name></Name>
<Val>210.00000000000000</Val>
</DBL>
<DBL>
<Name></Name>
<Val>220.00000000000000</Val>
</DBL>
<DBL>
<Name></Name>
<Val>230.00000000000000</Val>
</DBL>
<DBL>
<Name></Name>
<Val>240.00000000000000</Val>
</DBL>
<DBL>
<Name></Name>
<Val>250.00000000000000</Val>
</DBL>
<DBL>
<Name></Name>
<Val>260.00000000000000</Val>
</DBL>
<DBL>
<Name></Name>
<Val>270.00000000000000</Val>
</DBL>
<DBL>
<Name></Name>
<Val>280.00000000000000</Val>
</DBL>
<DBL>
<Name></Name>
<Val>290.00000000000000</Val>
</DBL>
<DBL>
<Name></Name>
<Val>300.00000000000000</Val>
</DBL>
<DBL>
<Name></Name>
<Val>310.00000000000000</Val>
</DBL>
<DBL>
<Name></Name>
<Val>320.00000000000000</Val>
</DBL>
<DBL>
<Name></Name>
<Val>330.00000000000000</Val>
</DBL>
<DBL>
<Name></Name>
<Val>340.00000000000000</Val>
</DBL>
<DBL>
<Name></Name>
<Val>350.00000000000000</Val>
</DBL>
<DBL>
<Name></Name>
<Val>360.00000000000000</Val>
</DBL>
<DBL>
<Name></Name>
<Val>370.00000000000000</Val>
</DBL>
<DBL>
<Name></Name>
<Val>380.00000000000000</Val>
</DBL>
<DBL>
<Name></Name>
<Val>390.00000000000000</Val>
</DBL>
<DBL>
<Name></Name>
<Val>400.00000000000000</Val>
</DBL>
<DBL>
<Name></Name>
<Val>410.00000000000000</Val>
</DBL>
<DBL>
<Name></Name>
<Val>420.00000000000000</Val>
</DBL>
<DBL>
<Name></Name>
<Val>430.00000000000000</Val>
</DBL>
<DBL>
<Name></Name>
<Val>440.00000000000000</Val>
</DBL>
<DBL>
<Name></Name>
<Val>450.00000000000000</Val>
</DBL>
<DBL>
<Name></Name>
<Val>460.00000000000000</Val>
</DBL>
<DBL>
<Name></Name>
<Val>470.00000000000000</Val>
</DBL>
<DBL>
<Name></Name>
<Val>480.00000000000000</Val>
</DBL>
<DBL>
<Name></Name>
<Val>490.00000000000000</Val>
</DBL>
<DBL>
<Name></Name>
<Val>500.00000000000000</Val>
</DBL>
<DBL>
<Name></Name>
<Val>510.00000000000000</Val>
</DBL>
<DBL>
<Name></Name>
<Val>520.00000000000000</Val>
</DBL>
<DBL>
<Name></Name>
<Val>530.00000000000000</Val>
</DBL>
<DBL>
<Name></Name>
<Val>540.00000000000000</Val>
</DBL>
<DBL>
<Name></Name>
<Val>550.00000000000000</Val>
</DBL>
<DBL>
<Name></Name>
<Val>560.00000000000000</Val>
</DBL>
<DBL>
<Name></Name>
<Val>570.00000000000000</Val>
</DBL>
<DBL>
<Name></Name>
<Val>580.00000000000000</Val>
</DBL>
<DBL>
<Name></Name>
<Val>590.00000000000000</Val>
</DBL>
<DBL>
<Name></Name>
<Val>600.00000000000000</Val>
</DBL>
<DBL>
<Name></Name>
<Val>610.00000000000000</Val>
</DBL>
<DBL>
<Name></Name>
<Val>620.00000000000000</Val>
</DBL>
<DBL>
<Name></Name>
<Val>630.00000000000000</Val>
</DBL>
<DBL>
<Name></Name>
<Val>640.00000000000000</Val>
</DBL>
<DBL>
<Name></Name>
<Val>650.00000000000000</Val>
</DBL>
<DBL>
<Name></Name>
<Val>660.00000000000000</Val>
</DBL>
<DBL>
<Name></Name>
<Val>670.00000000000000</Val>
</DBL>
<DBL>
<Name></Name>
<Val>680.00000000000000</Val>
</DBL>
<DBL>
<Name></Name>
<Val>690.00000000000000</Val>
</DBL>
<DBL>
<Name></Name>
<Val>700.00000000000000</Val>
</DBL>
<DBL>
<Name></Name>
<Val>710.00000000000000</Val>
</DBL>
<DBL>
<Name></Name>
<Val>720.00000000000000</Val>
</DBL>
<DBL>
<Name></Name>
<Val>730.00000000000000</Val>
</DBL>
<DBL>
<Name></Name>
<Val>740.00000000000000</Val>
</DBL>
<DBL>
<Name></Name>
<Val>750.00000000000000</Val>
</DBL>
<DBL>
<Name></Name>
<Val>760.00000000000000</Val>
</DBL>
<DBL>
<Name></Name>
<Val>770.00000000000000</Val>
</DBL>
<DBL>
<Name></Name>
<Val>780.00000000000000</Val>
</DBL>
<DBL>
<Name></Name>
<Val>790.00000000000000</Val>
</DBL>
<DBL>
<Name></Name>
<Val>800.00000000000000</Val>
</DBL>
<DBL>
<Name></Name>
<Val>810.00000000000000</Val>
</DBL>
<DBL>
<Name></Name>
<Val>820.00000000000000</Val>
</DBL>
<DBL>
<Name></Name>
<Val>830.00000000000000</Val>
</DBL>
<DBL>
<Name></Name>
<Val>840.00000000000000</Val>
</DBL>
<DBL>
<Name></Name>
<Val>850.00000000000000</Val>
</DBL>
<DBL>
<Name></Name>
<Val>860.00000000000000</Val>
</DBL>
<DBL>
<Name></Name>
<Val>870.00000000000000</Val>
</DBL>
<DBL>
<Name></Name>
<Val>880.00000000000000</Val>
</DBL>
<DBL>
<Name></Name>
<Val>890.00000000000000</Val>
</DBL>
<DBL>
<Name></Name>
<Val>900.00000000000000</Val>
</DBL>
<DBL>
<Name></Name>
<Val>910.00000000000000</Val>
</DBL>
<DBL>
<Name></Name>
<Val>920.00000000000000</Val>
</DBL>
<DBL>
<Name></Name>
<Val>930.00000000000000</Val>
</DBL>
<DBL>
<Name></Name>
<Val>940.00000000000000</Val>
</DBL>
<DBL>
<Name></Name>
<Val>950.00000000000000</Val>
</DBL>
<DBL>
<Name></Name>
<Val>960.00000000000000</Val>
</DBL>
<DBL>
<Name></Name>
<Val>970.00000000000000</Val>
</DBL>
<DBL>
<Name></Name>
<Val>980.00000000000000</Val>
</DBL>
<DBL>
<Name></Name>
<Val>990.00000000000000</Val>
</DBL>
</Array>
<Array>
<Name>RealSolution</Name>
<Dimsize>100</Dimsize>
<Dimsize>10</Dimsize>
<DBL>
<Name></Name>
<Val>1.00000000000000</Val>
</DBL>
<DBL>
<Name></Name>
<Val>0.00000000000000</Val>
</DBL>
<DBL>
<Name></Name>
<Val>0.00000000000000</Val>
</DBL>
<DBL>
<Name></Name>
<Val>0.00000000000000</Val>
</DBL>
<DBL>
<Name></Name>
<Val>0.00000000000000</Val>
</DBL>
<DBL>
<Name></Name>
<Val>0.00000000000000</Val>
</DBL>
<DBL>
<Name></Name>
<Val>0.00000000000000</Val>
</DBL>
<DBL>
<Name></Name>
<Val>0.00000000000000</Val>
</DBL>
<DBL>
<Name></Name>
<Val>0.00000000000000</Val>
</DBL>
<DBL>
<Name></Name>
<Val>0.00000000000000</Val>
</DBL>
<DBL>
<Name></Name>
<Val>0.73277035688875</Val>
</DBL>
<DBL>
<Name></Name>
<Val>0.21825104182857</Val>
</DBL>
<DBL>
<Name></Name>
<Val>2.26149254081197E-2</Val>
</DBL>
<DBL>
<Name></Name>
<Val>2.17836448204477E-2</Val>
</DBL>
<DBL>
<Name></Name>
<Val>4.12904704198832E-3</Val>
</DBL>
<DBL>
<Name></Name>
<Val>3.95494279059432E-4</Val>
</DBL>
<DBL>
<Name></Name>
<Val>3.72380321737306E-5</Val>
</DBL>
<DBL>
<Name></Name>
<Val>1.74832730423231E-5</Val>
</DBL>
<DBL>
<Name></Name>
<Val>7.64863738559630E-7</Val>
</DBL>
<DBL>
<Name></Name>
<Val>3.56410575097890E-9</Val>
</DBL>
<DBL>
<Name></Name>
<Val>0.54302645420093</Val>
</DBL>
<DBL>
<Name></Name>
<Val>0.30481254127262</Val>
</DBL>
<DBL>
<Name></Name>
<Val>4.33919739979039E-2</Val>
</DBL>
<DBL>
<Name></Name>
<Val>7.66083724280545E-2</Val>
</DBL>
<DBL>
<Name></Name>
<Val>2.72391905910356E-2</Val>
</DBL>
<DBL>
<Name></Name>
<Val>3.71819687330226E-3</Val>
</DBL>
<DBL>
<Name></Name>
<Val>5.67454899702799E-4</Val>
</DBL>
<DBL>
<Name></Name>
<Val>5.92246851040803E-4</Val>
</DBL>
<DBL>
<Name></Name>
<Val>4.31201664147351E-5</Val>
</DBL>
<DBL>
<Name></Name>
<Val>4.48718999596710E-7</Val>
</DBL>
<DBL>
<Name></Name>
<Val>0.40643649108532</Val>
</DBL>
<DBL>
<Name></Name>
<Val>0.32267722267083</Val>
</DBL>
<DBL>
<Name></Name>
<Val>5.51871216970573E-2</Val>
</DBL>
<DBL>
<Name></Name>
<Val>0.13448698814272</Val>
</DBL>
<DBL>
<Name></Name>
<Val>6.55150596855247E-2</Val>
</DBL>
<DBL>
<Name></Name>
<Val>1.02053147717927E-2</Val>
</DBL>
<DBL>
<Name></Name>
<Val>1.97233530396507E-3</Val>
</DBL>
<DBL>
<Name></Name>
<Val>3.22503449658226E-3</Val>
</DBL>
<DBL>
<Name></Name>
<Val>2.89730076321554E-4</Val>
</DBL>
<DBL>
<Name></Name>
<Val>4.70206988805891E-6</Val>
</DBL>
<DBL>
<Name></Name>
<Val>0.30688411830824</Val>
</DBL>
<DBL>
<Name></Name>
<Val>0.30664761204907</Val>
</DBL>
<DBL>
<Name></Name>
<Val>6.09030466992682E-2</Val>
</DBL>
<DBL>
<Name></Name>
<Val>0.18468886862062</Val>
</DBL>
<DBL>
<Name></Name>
<Val>0.10867336603010</Val>
</DBL>
<DBL>
<Name></Name>
<Val>1.80922775723733E-2</Val>
</DBL>
<DBL>
<Name></Name>
<Val>4.11404661586637E-3</Val>
</DBL>
<DBL>
<Name></Name>
<Val>9.06834742482891E-3</Val>
</DBL>
<DBL>
<Name></Name>
<Val>9.08594139481477E-4</Val>
</DBL>
<DBL>
<Name></Name>
<Val>1.97225401544276E-5</Val>
</DBL>
<DBL>
<Name></Name>
<Val>0.23352212010804</Val>
</DBL>
<DBL>
<Name></Name>
<Val>0.27595736363762</Val>
</DBL>
<DBL>
<Name></Name>
<Val>6.29240682606769E-2</Val>
</DBL>
<DBL>
<Name></Name>
<Val>0.22482877864152</Val>
</DBL>
<DBL>
<Name></Name>
<Val>0.14970916646313</Val>
</DBL>
<DBL>
<Name></Name>
<Val>2.59342344000859E-2</Val>
</DBL>
<DBL>
<Name></Name>
<Val>6.72921723079831E-3</Val>
</DBL>
<DBL>
<Name></Name>
<Val>1.83787084806252E-2</Val>
</DBL>
<DBL>
<Name></Name>
<Val>1.96400962955694E-3</Val>
</DBL>
<DBL>
<Name></Name>
<Val>5.23331479482923E-5</Val>
</DBL>
<DBL>
<Name></Name>
<Val>0.17893642944858</Val>
</DBL>
<DBL>
<Name></Name>
<Val>0.24092645371939</Val>
</DBL>
<DBL>
<Name></Name>
<Val>6.28119161729770E-2</Val>
</DBL>
<DBL>
<Name></Name>
<Val>0.25526945588460</Val>
</DBL>
<DBL>
<Name></Name>
<Val>0.18518466928883</Val>
</DBL>
<DBL>
<Name></Name>
<Val>3.29467269508270E-2</Val>
</DBL>
<DBL>
<Name></Name>
<Val>9.59734922353323E-3</Val>
</DBL>
<DBL>
<Name></Name>
<Val>3.07906757867114E-2</Val>
</DBL>
<DBL>
<Name></Name>
<Val>3.43000943164014E-3</Val>
</DBL>
<DBL>
<Name></Name>
<Val>1.06314092915246E-4</Val>
</DBL>
<DBL>
<Name></Name>
<Val>0.13798209239748</Val>
</DBL>
<DBL>
<Name></Name>
<Val>0.20679573531751</Val>
</DBL>
<DBL>
<Name></Name>
<Val>6.15294934499633E-2</Val>
</DBL>
<DBL>
<Name></Name>
<Val>0.27727230490126</Val>
</DBL>
<DBL>
<Name></Name>
<Val>0.21397235983744</Val>
</DBL>
<DBL>
<Name></Name>
<Val>3.88191206483555E-2</Val>
</DBL>
<DBL>
<Name></Name>
<Val>1.25614373634956E-2</Val>
</DBL>
<DBL>
<Name></Name>
<Val>4.56526417234650E-2</Val>
</DBL>
<DBL>
<Name></Name>
<Val>5.23285126557741E-3</Val>
</DBL>
<DBL>
<Name></Name>
<Val>1.81963095443019E-4</Val>
</DBL>
<DBL>
<Name></Name>
<Val>0.10703592871159</Val>
</DBL>
<DBL>
<Name></Name>
<Val>0.17596019666115</Val>
</DBL>
<DBL>
<Name></Name>
<Val>5.96543475037741E-2</Val>
</DBL>
<DBL>
<Name></Name>
<Val>0.29231360016711</Val>
</DBL>
<DBL>
<Name></Name>
<Val>0.23620176389504</Val>
</DBL>
<DBL>
<Name></Name>
<Val>4.35125197059152E-2</Val>
</DBL>
<DBL>
<Name></Name>
<Val>1.55158080773869E-2</Val>
</DBL>
<DBL>
<Name></Name>
<Val>6.22459188488772E-2</Val>
</DBL>
<DBL>
<Name></Name>
<Val>7.28294541611500E-3</Val>
</DBL>
<DBL>
<Name></Name>
<Val>2.76971013034343E-4</Val>
</DBL>
<DBL>
<Name></Name>
<Val>8.35106942311148E-2</Val>
</DBL>
<DBL>
<Name></Name>
<Val>0.14926595500915</Val>
</DBL>
<DBL>
<Name></Name>
<Val>5.75262066667798E-2</Val>
</DBL>
<DBL>
<Name></Name>
<Val>0.30180899863562</Val>
</DBL>
<DBL>
<Name></Name>
<Val>0.25259208505331</Val>
</DBL>
<DBL>
<Name></Name>
<Val>4.71233730432664E-2</Val>
</DBL>
<DBL>
<Name></Name>
<Val>1.83916462618693E-2</Val>
</DBL>
<DBL>
<Name></Name>
<Val>7.99004754472727E-2</Val>
</DBL>
<DBL>
<Name></Name>
<Val>9.49299937736483E-3</Val>
</DBL>
<DBL>
<Name></Name>
<Val>3.87566274255566E-4</Val>
</DBL>
<DBL>
<Name></Name>
<Val>6.55350408075801E-2</Val>
</DBL>
<DBL>
<Name></Name>
<Val>0.12675580274458</Val>
</DBL>
<DBL>
<Name></Name>
<Val>5.53406131892531E-2</Val>
</DBL>
<DBL>
<Name></Name>
<Val>0.30700585233696</Val>
</DBL>
<DBL>
<Name></Name>
<Val>0.26407242275174</Val>
</DBL>
<DBL>
<Name></Name>
<Val>4.98033256608033E-2</Val>
</DBL>
<DBL>
<Name></Name>
<Val>2.11457458438231E-2</Val>
</DBL>
<DBL>
<Name></Name>
<Val>9.80451418209534E-2</Val>
</DBL>
<DBL>
<Name></Name>
<Val>1.17865963292614E-2</Val>
</DBL>
<DBL>
<Name></Name>
<Val>5.09458515045067E-4</Val>
</DBL>
<DBL>
<Name></Name>
<Val>5.17397089033840E-2</Val>
</DBL>
<DBL>
<Name></Name>
<Val>0.10809043390206</Val>
</DBL>
<DBL>
<Name></Name>
<Val>5.32065637621036E-2</Val>
</DBL>
<DBL>
<Name></Name>
<Val>0.30895216291783</Val>
</DBL>
<DBL>
<Name></Name>
<Val>0.27158199357814</Val>
</DBL>
<DBL>
<Name></Name>
<Val>5.17157817094165E-2</Val>
</DBL>
<DBL>
<Name></Name>
<Val>2.37525288977658E-2</Val>
</DBL>
<DBL>
<Name></Name>
<Val>0.11622118525987</Val>
</DBL>
<DBL>
<Name></Name>
<Val>1.41011724102042E-2</Val>
</DBL>
<DBL>
<Name></Name>
<Val>6.38468659225969E-4</Val>
</DBL>
<DBL>
<Name></Name>
<Val>4.11125754565260E-2</Val>
</DBL>
<DBL>
<Name></Name>
<Val>9.27801830114186E-2</Val>
</DBL>
<DBL>
<Name></Name>
<Val>5.11815543854533E-2</Val>
</DBL>
<DBL>
<Name></Name>
<Val>0.30850139709027</Val>
</DBL>
<DBL>
<Name></Name>
<Val>0.27597525310274</Val>
</DBL>
<DBL>
<Name></Name>
<Val>5.30143194860414E-2</Val>
</DBL>
<DBL>
<Name></Name>
<Val>2.61985084873031E-2</Val>
</DBL>
<DBL>
<Name></Name>
<Val>0.13407729883880</Val>
</DBL>
<DBL>
<Name></Name>
<Val>1.63880277599285E-2</Val>
</DBL>
<DBL>
<Name></Name>
<Val>7.70882381511695E-4</Val>
</DBL>
<DBL>
<Name></Name>
<Val>3.28988990719868E-2</Val>
</DBL>
<DBL>
<Name></Name>
<Val>8.03072604920141E-2</Val>
</DBL>
<DBL>
<Name></Name>
<Val>4.92927571733722E-2</Val>
</DBL>
<DBL>
<Name></Name>
<Val>0.30633296021212</Val>
</DBL>
<DBL>
<Name></Name>
<Val>0.27798528072316</Val>
</DBL>
<DBL>
<Name></Name>
<Val>5.38334582871305E-2</Val>
</DBL>
<DBL>
<Name></Name>
<Val>2.84784530016135E-2</Val>
</DBL>
<DBL>
<Name></Name>
<Val>0.15135638844565</Val>
</DBL>
<DBL>
<Name></Name>
<Val>1.86109383115226E-2</Val>
</DBL>
<DBL>
<Name></Name>
<Val>9.03604281434490E-4</Val>
</DBL>
<DBL>
<Name></Name>
<Val>2.65316427351460E-2</Val>
</DBL>
<DBL>
<Name></Name>
<Val>7.01857258634098E-2</Val>
</DBL>
<DBL>
<Name></Name>
<Val>4.75497626802687E-2</Val>
</DBL>
<DBL>
<Name></Name>
<Val>0.30297797058695</Val>
</DBL>
<DBL>
<Name></Name>
<Val>0.27821786764919</Val>
</DBL>
<DBL>
<Name></Name>
<Val>5.42860804886519E-2</Val>
</DBL>
<DBL>
<Name></Name>
<Val>3.05927165748278E-2</Val>
</DBL>
<DBL>
<Name></Name>
<Val>0.16787980401143</Val>
</DBL>
<DBL>
<Name></Name>
<Val>2.07442437407136E-2</Val>
</DBL>
<DBL>
<Name></Name>
<Val>1.03418566941116E-3</Val>
</DBL>
<DBL>
<Name></Name>
<Val>2.15821046055560E-2</Val>
</DBL>
<DBL>
<Name></Name>
<Val>6.19868990200838E-2</Val>
</DBL>
<DBL>
<Name></Name>
<Val>4.59522136653701E-2</Val>
</DBL>
<DBL>
<Name></Name>
<Val>0.29884513119783</Val>
</DBL>
<DBL>
<Name></Name>
<Val>0.27716052917920</Val>
</DBL>
<DBL>
<Name></Name>
<Val>5.44642103263959E-2</Val>
</DBL>
<DBL>
<Name></Name>
<Val>3.25453702701069E-2</Val>
</DBL>
<DBL>
<Name></Name>
<Val>0.18353188848645</Val>
</DBL>
<DBL>
<Name></Name>
<Val>2.27708720490705E-2</Val>
</DBL>
<DBL>
<Name></Name>
<Val>1.16078119993378E-3</Val>
</DBL>
<DBL>
<Name></Name>
<Val>1.77244667739626E-2</Val>
</DBL>
<DBL>
<Name></Name>
<Val>5.53462821157718E-2</Val>
</DBL>
<DBL>
<Name></Name>
<Val>4.44943523312977E-2</Val>
</DBL>
<DBL>
<Name></Name>
<Val>0.29424428342651</Val>
</DBL>
<DBL>
<Name></Name>
<Val>0.27519768467158</Val>
</DBL>
<DBL>
<Name></Name>
<Val>5.44412952388568E-2</Val>
</DBL>
<DBL>
<Name></Name>
<Val>3.43428876279959E-2</Val>
</DBL>
<DBL>
<Name></Name>
<Val>0.19824615375188</Val>
</DBL>
<DBL>
<Name></Name>
<Val>2.46805224747895E-2</Val>
</DBL>
<DBL>
<Name></Name>
<Val>1.28207158736583E-3</Val>
</DBL>
<DBL>
<Name></Name>
<Val>1.47100258759273E-2</Val>
</DBL>
<DBL>
<Name></Name>
<Val>4.99611798106696E-2</Val>
</DBL>
<DBL>
<Name></Name>
<Val>4.31677067054319E-2</Val>
</DBL>
<DBL>
<Name></Name>
<Val>0.28940672744877</Val>
</DBL>
<DBL>
<Name></Name>
<Val>0.27262734426745</Val>
</DBL>
<DBL>
<Name></Name>
<Val>5.42749845288921E-2</Val>
</DBL>
<DBL>
<Name></Name>
<Val>3.59932177731466E-2</Val>
</DBL>
<DBL>
<Name></Name>
<Val>0.21199354229125</Val>
</DBL>
<DBL>
<Name></Name>
<Val>2.64680958928222E-2</Val>
</DBL>
<DBL>
<Name></Name>
<Val>1.39717540564904E-3</Val>
</DBL>
<DBL>
<Name></Name>
<Val>1.23482569417940E-2</Val>
</DBL>
<DBL>
<Name></Name>
<Val>4.55841577839870E-2</Val>
</DBL>
<DBL>
<Name></Name>
<Val>4.19626579218920E-2</Val>
</DBL>
<DBL>
<Name></Name>
<Val>0.28450217350368</Val>
</DBL>
<DBL>
<Name></Name>
<Val>0.26967698289974</Val>
</DBL>
<DBL>
<Name></Name>
<Val>5.40098893474253E-2</Val>
</DBL>
<DBL>
<Name></Name>
<Val>3.75051320883032E-2</Val>
</DBL>
<DBL>
<Name></Name>
<Val>0.22477279494143</Val>
</DBL>
<DBL>
<Name></Name>
<Val>2.81323915889252E-2</Val>
</DBL>
<DBL>
<Name></Name>
<Val>1.50556298282512E-3</Val>
</DBL>
<DBL>
<Name></Name>
<Val>1.04927662619767E-2</Val>
</DBL>
<DBL>
<Name></Name>
<Val>4.20151226395300E-2</Val>
</DBL>
<DBL>
<Name></Name>
<Val>4.08693367618842E-2</Val>
</DBL>
<DBL>
<Name></Name>
<Val>0.27965256439707</Val>
</DBL>
<DBL>
<Name></Name>
<Val>0.26651758820228</Val>
</DBL>
<DBL>
<Name></Name>
<Val>5.36800838258234E-2</Val>
</DBL>
<DBL>
<Name></Name>
<Val>3.88877656561502E-2</Val>
</DBL>
<DBL>
<Name></Name>
<Val>0.23660273869788</Val>
</DBL>
<DBL>
<Name></Name>
<Val>2.96750546438206E-2</Val>
</DBL>
<DBL>
<Name></Name>
<Val>1.60697891358412E-3</Val>
</DBL>
<DBL>
<Name></Name>
<Val>9.03078632313587E-3</Val>
</DBL>
<DBL>
<Name></Name>
<Val>3.90934527092945E-2</Val>
</DBL>
<DBL>
<Name></Name>
<Val>3.98781201178252E-2</Val>
</DBL>
<DBL>
<Name></Name>
<Val>0.27494316406421</Val>
</DBL>
<DBL>
<Name></Name>
<Val>0.26327557202177</Val>
</DBL>
<DBL>
<Name></Name>
<Val>5.33112580435901E-2</Val>
</DBL>
<DBL>
<Name></Name>
<Val>4.01502983425274E-2</Val>
</DBL>
<DBL>
<Name></Name>
<Val>0.24751622925120</Val>
</DBL>
<DBL>
<Name></Name>
<Val>3.10997433623275E-2</Val>
</DBL>
<DBL>
<Name></Name>
<Val>1.70137576412255E-3</Val>
</DBL>
<DBL>
<Name></Name>
<Val>7.87526591151566E-3</Val>
</DBL>
<DBL>
<Name></Name>
<Val>3.66908467896330E-2</Val>
</DBL>
<DBL>
<Name></Name>
<Val>3.89798905136499E-2</Val>
</DBL>
<DBL>
<Name></Name>
<Val>0.27043134398268</Val>
</DBL>
<DBL>
<Name></Name>
<Val>0.26004259260804</Val>
</DBL>
<DBL>
<Name></Name>
<Val>5.29225122502558E-2</Val>
</DBL>
<DBL>
<Name></Name>
<Val>4.13017365090234E-2</Val>
</DBL>
<DBL>
<Name></Name>
<Val>0.25755547011333</Val>
</DBL>
<DBL>
<Name></Name>
<Val>3.24114820227822E-2</Val>
</DBL>
<DBL>
<Name></Name>
<Val>1.78885929908389E-3</Val>
</DBL>
<DBL>
<Name></Name>
<Val>6.95888039126981E-3</Val>
</DBL>
<DBL>
<Name></Name>
<Val>3.47051406160790E-2</Val>
</DBL>
<DBL>
<Name></Name>
<Val>3.81661567870937E-2</Val>
</DBL>
<DBL>
<Name></Name>
<Val>0.26615347785373</Val>
</DBL>
<DBL>
<Name></Name>
<Val>0.25688349786946</Val>
</DBL>
<DBL>
<Name></Name>
<Val>5.25278196258400E-2</Val>
</DBL>
<DBL>
<Name></Name>
<Val>4.23507674541560E-2</Val>
</DBL>
<DBL>
<Name></Name>
<Val>0.26676844957780</Val>
</DBL>
<DBL>
<Name></Name>
<Val>3.36161654271321E-2</Val>
</DBL>
<DBL>
<Name></Name>
<Val>1.86964439743906E-3</Val>
</DBL>
<DBL>
<Name></Name>
<Val>6.22947477211660E-3</Val>
</DBL>
<DBL>
<Name></Name>
<Val>3.30551227903800E-2</Val>
</DBL>
<DBL>
<Name></Name>
<Val>3.74290947521370E-2</Val>
</DBL>
<DBL>
<Name></Name>
<Val>0.26213030816319</Val>
</DBL>
<DBL>
<Name></Name>
<Val>0.25384265780005</Val>
</DBL>
<DBL>
<Name></Name>
<Val>5.21372001809308E-2</Val>
</DBL>
<DBL>
<Name></Name>
<Val>4.33056664439219E-2</Val>
</DBL>
<DBL>
<Name></Name>
<Val>0.27520626943912</Val>
</DBL>
<DBL>
<Name></Name>
<Val>3.47201853443460E-2</Val>
</DBL>
<DBL>
<Name></Name>
<Val>1.94402031380795E-3</Val>
</DBL>
<DBL>
<Name></Name>
<Val>5.64658354445183E-3</Val>
</DBL>
<DBL>
<Name></Name>
<Val>3.16762766395076E-2</Val>
</DBL>
<DBL>
<Name></Name>
<Val>3.67615429504929E-2</Val>
</DBL>
<DBL>
<Name></Name>
<Val>0.25837109367856</Val>
</DBL>
<DBL>
<Name></Name>
<Val>0.25094895723142</Val>
</DBL>
<DBL>
<Name></Name>
<Val>5.17576517704039E-2</Val>
</DBL>
<DBL>
<Name></Name>
<Val>4.41742416828580E-2</Val>
</DBL>
<DBL>
<Name></Name>
<Val>0.28292117534239</Val>
</DBL>
<DBL>
<Name></Name>
<Val>3.57301533559878E-2</Val>
</DBL>
<DBL>
<Name></Name>
<Val>2.01232380393108E-3</Val>
</DBL>
<DBL>
<Name></Name>
<Val>5.17876455123291E-3</Val>
</DBL>
<DBL>
<Name></Name>
<Val>3.05173315838789E-2</Val>
</DBL>
<DBL>
<Name></Name>
<Val>3.61569743151971E-2</Val>
</DBL>
<DBL>
<Name></Name>
<Val>0.25487679362383</Val>
</DBL>
<DBL>
<Name></Name>
<Val>0.24821969719432</Val>
</DBL>
<DBL>
<Name></Name>
<Val>5.13938816641610E-2</Val>
</DBL>
<DBL>
<Name></Name>
<Val>4.49638065062880E-2</Val>
</DBL>
<DBL>
<Name></Name>
<Val>0.28996513285963</Val>
</DBL>
<DBL>
<Name></Name>
<Val>3.66526990086904E-2</Val>
</DBL>
<DBL>
<Name></Name>
<Val>2.07491869277527E-3</Val>
</DBL>
<DBL>
<Name></Name>
<Val>4.80155129665829E-3</Val>
</DBL>
<DBL>
<Name></Name>
<Val>2.95374977639528E-2</Val>
</DBL>
<DBL>
<Name></Name>
<Val>3.56094559799487E-2</Val>
</DBL>
<DBL>
<Name></Name>
<Val>0.25164249630106</Val>
</DBL>
<DBL>
<Name></Name>
<Val>0.24566362019373</Val>
</DBL>
<DBL>
<Name></Name>
<Val>5.10488770438327E-2</Val>
</DBL>
<DBL>
<Name></Name>
<Val>4.56811709166223E-2</Val>
</DBL>
<DBL>
<Name></Name>
<Val>0.29638882371919</Val>
</DBL>
<DBL>
<Name></Name>
<Val>3.74943261689157E-2</Val>
</DBL>
<DBL>
<Name></Name>
<Val>2.13218061609655E-3</Val>
</DBL>
<DBL>
<Name></Name>
<Val>4.49587697802260E-3</Val>
</DBL>
<DBL>
<Name></Name>
<Val>2.87042642481889E-2</Val>
</DBL>
<DBL>
<Name></Name>
<Val>3.51136043188112E-2</Val>
</DBL>
<DBL>
<Name></Name>
<Val>0.24865925874694</Val>
</DBL>
<DBL>
<Name></Name>
<Val>0.24328323992075</Val>
</DBL>
<DBL>
<Name></Name>
<Val>5.07243469791842E-2</Val>
</DBL>
<DBL>
<Name></Name>
<Val>4.63326466612201E-2</Val>
</DBL>
<DBL>
<Name></Name>
<Val>0.30224096237947</Val>
</DBL>
<DBL>
<Name></Name>
<Val>3.82613139164145E-2</Val>
</DBL>
<DBL>
<Name></Name>
<Val>2.18448585099600E-3</Val>
</DBL>
<DBL>
<Name></Name>
<Val>4.24685950609590E-3</Val>
</DBL>
<DBL>
<Name></Name>
<Val>2.79916548371706E-2</Val>
</DBL>
<DBL>
<Name></Name>
<Val>3.46645392271478E-2</Val>
</DBL>
<DBL>
<Name></Name>
<Val>0.24591548969849</Val>
</DBL>
<DBL>
<Name></Name>
<Val>0.24107662340608</Val>
</DBL>
<DBL>
<Name></Name>
<Val>5.04210627939670E-2</Val>
</DBL>
<DBL>
<Name></Name>
<Val>4.69240615753074E-2</Val>
</DBL>
<DBL>
<Name></Name>
<Val>0.30756785443447</Val>
</DBL>
<DBL>
<Name></Name>
<Val>3.89596511856512E-2</Val>
</DBL>
<DBL>
<Name></Name>
<Val>2.23220333561293E-3</Val>
</DBL>
<DBL>
<Name></Name>
<Val>4.04286350302633E-3</Val>
</DBL>
<DBL>
<Name></Name>
<Val>2.73788512977700E-2</Val>
</DBL>
<DBL>
<Name></Name>
<Val>3.42578398308038E-2</Val>
</DBL>
<DBL>
<Name></Name>
<Val>0.24339798011663</Val>
</DBL>
<DBL>
<Name></Name>
<Val>0.23903874506646</Val>
</DBL>
<DBL>
<Name></Name>
<Val>5.01391186708614E-2</Val>
</DBL>
<DBL>
<Name></Name>
<Val>4.74607800427628E-2</Val>
</DBL>
<DBL>
<Name></Name>
<Val>0.31241313561373</Val>
</DBL>
<DBL>
<Name></Name>
<Val>3.95949967112715E-2</Val>
</DBL>
<DBL>
<Name></Name>
<Val>2.27568914669516E-3</Val>
</DBL>
<DBL>
<Name></Name>
<Val>3.87477527176243E-3</Val>
</DBL>
<DBL>
<Name></Name>
<Val>2.68491092756490E-2</Val>
</DBL>
<DBL>
<Name></Name>
<Val>3.38895027377635E-2</Val>
</DBL>
<DBL>
<Name></Name>
<Val>0.24109266294960</Val>
</DBL>
<DBL>
<Name></Name>
<Val>0.23716250795386</Val>
</DBL>
<DBL>
<Name></Name>
<Val>4.98781300106083E-2</Val>
</DBL>
<DBL>
<Name></Name>
<Val>4.79477272671982E-2</Val>
</DBL>
<DBL>
<Name></Name>
<Val>0.31681764396220</Val>
</DBL>
<DBL>
<Name></Name>
<Val>4.01726577213634E-2</Val>
</DBL>
<DBL>
<Name></Name>
<Val>2.31528284999654E-3</Val>
</DBL>
<DBL>
<Name></Name>
<Val>3.73544180501995E-3</Val>
</DBL>
<DBL>
<Name></Name>
<Val>2.63889059913433E-2</Val>
</DBL>
<DBL>
<Name></Name>
<Val>3.35559033237282E-2</Val>
</DBL>
<DBL>
<Name></Name>
<Val>0.23898516583235</Val>
</DBL>
<DBL>
<Name></Name>
<Val>0.23543950760313</Val>
</DBL>
<DBL>
<Name></Name>
<Val>4.96373834532905E-2</Val>
</DBL>
<DBL>
<Name></Name>
<Val>4.83894156719458E-2</Val>
</DBL>
<DBL>
<Name></Name>
<Val>0.32081938873477</Val>
</DBL>
<DBL>
<Name></Name>
<Val>4.06975823233126E-2</Val>
</DBL>
<DBL>
<Name></Name>
<Val>2.35130526111599E-3</Val>
</DBL>
<DBL>
<Name></Name>
<Val>3.61923632214359E-3</Val>
</DBL>
<DBL>
<Name></Name>
<Val>2.59872707217411E-2</Val>
</DBL>
<DBL>
<Name></Name>
<Val>3.32537601887471E-2</Val>
</DBL>
<DBL>
<Name></Name>
<Val>0.23706120619333</Val>
</DBL>
<DBL>
<Name></Name>
<Val>0.23386059772420</Val>
</DBL>
<DBL>
<Name></Name>
<Val>4.94159495260653E-2</Val>
</DBL>
<DBL>
<Name></Name>
<Val>4.87899722153626E-2</Val>
</DBL>
<DBL>
<Name></Name>
<Val>0.32445358814321</Val>
</DBL>
<DBL>
<Name></Name>
<Val>4.11743617102052E-2</Val>
</DBL>
<DBL>
<Name></Name>
<Val>2.38405725498878E-3</Val>
</DBL>
<DBL>
<Name></Name>
<Val>3.52172151301888E-3</Val>
</DBL>
<DBL>
<Name></Name>
<Val>2.56352589897955E-2</Val>
</DBL>
<DBL>
<Name></Name>
<Val>3.29801027269524E-2</Val>
</DBL>
<DBL>
<Name></Name>
<Val>0.23530686705705</Val>
</DBL>
<DBL>
<Name></Name>
<Val>0.23241630404764</Val>
</DBL>
<DBL>
<Name></Name>
<Val>4.92127665123837E-2</Val>
</DBL>
<DBL>
<Name></Name>
<Val>4.91531657574432E-2</Val>
</DBL>
<DBL>
<Name></Name>
<Val>0.32775275481056</Val>
</DBL>
<DBL>
<Name></Name>
<Val>4.16072392417585E-2</Val>
</DBL>
<DBL>
<Name></Name>
<Val>2.41381934339656E-3</Val>
</DBL>
<DBL>
<Name></Name>
<Val>3.43938830579435E-3</Val>
</DBL>
<DBL>
<Name></Name>
<Val>2.53255394990749E-2</Val>
</DBL>
<DBL>
<Name></Name>
<Val>3.27322416500132E-2</Val>
</DBL>
<DBL>
<Name></Name>
<Val>0.23370878307853</Val>
</DBL>
<DBL>
<Name></Name>
<Val>0.23109712236026</Val>
</DBL>
<DBL>
<Name></Name>
<Val>4.90267022498485E-2</Val>
</DBL>
<DBL>
<Name></Name>
<Val>4.94824338746610E-2</Val>
</DBL>
<DBL>
<Name></Name>
<Val>0.33074681300297</Val>
</DBL>
<DBL>
<Name></Name>
<Val>4.20001241743135E-2</Val>
</DBL>
<DBL>
<Name></Name>
<Val>2.44085180453414E-3</Val>
</DBL>
<DBL>
<Name></Name>
<Val>3.36945305946564E-3</Val>
</DBL>
<DBL>
<Name></Name>
<Val>2.50520693956748E-2</Val>
</DBL>
<DBL>
<Name></Name>
<Val>3.25077422578609E-2</Val>
</DBL>
<DBL>
<Name></Name>
<Val>0.23225425952286</Val>
</DBL>
<DBL>
<Name></Name>
<Val>0.22989372866799</Val>
</DBL>
<DBL>
<Name></Name>
<Val>4.88565990708389E-2</Val>
</DBL>
<DBL>
<Name></Name>
<Val>4.97809087142017E-2</Val>
</DBL>
<DBL>
<Name></Name>
<Val>0.33346323573918</Val>
</DBL>
<DBL>
<Name></Name>
<Val>4.23566083722229E-2</Val>
</DBL>
<DBL>
<Name></Name>
<Val>2.46539519971215E-3</Val>
</DBL>
<DBL>
<Name></Name>
<Val>3.30969998599566E-3</Val>
</DBL>
<DBL>
<Name></Name>
<Val>2.48098386696513E-2</Val>
</DBL>
<DBL>
<Name></Name>
<Val>3.23044002341800E-2</Val>
</DBL>
<DBL>
<Name></Name>
<Val>0.23093134159937</Val>
</DBL>
<DBL>
<Name></Name>
<Val>0.22879712306989</Val>
</DBL>
<DBL>
<Name></Name>
<Val>4.87013059260311E-2</Val>
</DBL>
<DBL>
<Name></Name>
<Val>5.00514416227195E-2</Val>
</DBL>
<DBL>
<Name></Name>
<Val>0.33592719297716</Val>
</DBL>
<DBL>
<Name></Name>
<Val>4.26799847627561E-2</Val>
</DBL>
<DBL>
<Name></Name>
<Val>2.48767115224866E-3</Val>
</DBL>
<DBL>
<Name></Name>
<Val>3.25835860941047E-3</Val>
</DBL>
<DBL>
<Name></Name>
<Val>2.45946686564063E-2</Val>
</DBL>
<DBL>
<Name></Name>
<Val>3.21202197452210E-2</Val>
</DBL>
<DBL>
<Name></Name>
<Val>0.22972884744975</Val>
</DBL>
<DBL>
<Name></Name>
<Val>0.22779872396469</Val>
</DBL>
<DBL>
<Name></Name>
<Val>4.85597008119548E-2</Val>
</DBL>
<DBL>
<Name></Name>
<Val>5.02966263907715E-2</Val>
</DBL>
<DBL>
<Name></Name>
<Val>0.33816170445081</Val>
</DBL>
<DBL>
<Name></Name>
<Val>4.29732666262901E-2</Val>
</DBL>
<DBL>
<Name></Name>
<Val>2.50788329470244E-3</Val>
</DBL>
<DBL>
<Name></Name>
<Val>3.21400838259005E-3</Val>
</DBL>
<DBL>
<Name></Name>
<Val>2.44030528716152E-2</Val>
</DBL>
<DBL>
<Name></Name>
<Val>3.19533936305647E-2</Val>
</DBL>
<DBL>
<Name></Name>
<Val>0.22863637491013</Val>
</DBL>
<DBL>
<Name></Name>
<Val>0.22689042534839</Val>
</DBL>
<DBL>
<Name></Name>
<Val>4.84307059069273E-2</Val>
</DBL>
<DBL>
<Name></Name>
<Val>5.05188210314723E-2</Val>
</DBL>
<DBL>
<Name></Name>
<Val>0.34018779253844</Val>
</DBL>
<DBL>
<Name></Name>
<Val>4.32392070652158E-2</Val>
</DBL>
<DBL>
<Name></Name>
<Val>2.52621831465773E-3</Val>
</DBL>
<DBL>
<Name></Name>
<Val>3.17550436673329E-3</Val>
</DBL>
<DBL>
<Name></Name>
<Val>2.42320309857961E-2</Val>
</DBL>
<DBL>
<Name></Name>
<Val>3.18022854888179E-2</Val>
</DBL>
<DBL>
<Name></Name>
<Val>0.22764428971535</Val>
</DBL>
<DBL>
<Name></Name>
<Val>0.22606462696349</Val>
</DBL>
<DBL>
<Name></Name>
<Val>4.83132972622798E-2</Val>
</DBL>
<DBL>
<Name></Name>
<Val>5.07201680677121E-2</Val>
</DBL>
<DBL>
<Name></Name>
<Val>0.34202463191589</Val>
</DBL>
<DBL>
<Name></Name>
<Val>4.34803181861538E-2</Val>
</DBL>
<DBL>
<Name></Name>
<Val>2.54284704777847E-3</Val>
</DBL>
<DBL>
<Name></Name>
<Val>3.14191925603072E-3</Val>
</DBL>
<DBL>
<Name></Name>
<Val>2.40790887605518E-2</Val>
</DBL>
<DBL>
<Name></Name>
<Val>3.16654134771662E-2</Val>
</DBL>
<DBL>
<Name></Name>
<Val>0.22674370092531</Val>
</DBL>
<DBL>
<Name></Name>
<Val>0.22531424473946</Val>
</DBL>
<DBL>
<Name></Name>
<Val>4.82065104633905E-2</Val>
</DBL>
<DBL>
<Name></Name>
<Val>5.09026133418306E-2</Val>
</DBL>
<DBL>
<Name></Name>
<Val>0.34368969378078</Val>
</DBL>
<DBL>
<Name></Name>
<Val>4.36988896744733E-2</Val>
</DBL>
<DBL>
<Name></Name>
<Val>2.55792558101372E-3</Val>
</DBL>
<DBL>
<Name></Name>
<Val>3.11249809446555E-3</Val>
</DBL>
<DBL>
<Name></Name>
<Val>2.39420783448576E-2</Val>
</DBL>
<DBL>
<Name></Name>
<Val>3.15414356597724E-2</Val>
</DBL>
<DBL>
<Name></Name>
<Val>0.22592642790393</Val>
</DBL>
<DBL>
<Name></Name>
<Val>0.22463270717142</Val>
</DBL>
<DBL>
<Name></Name>
<Val>4.81094433403705E-2</Val>
</DBL>
<DBL>
<Name></Name>
<Val>5.10679233890118E-2</Val>
</DBL>
<DBL>
<Name></Name>
<Val>0.34519888320809</Val>
</DBL>
<DBL>
<Name></Name>
<Val>4.38970065484669E-2</Val>
</DBL>
<DBL>
<Name></Name>
<Val>2.57159633961600E-3</Val>
</DBL>
<DBL>
<Name></Name>
<Val>3.08662285460385E-3</Val>
</DBL>
<DBL>
<Name></Name>
<Val>2.38191545604316E-2</Val>
</DBL>
<DBL>
<Name></Name>
<Val>3.14291367554055E-2</Val>
</DBL>
<DBL>
<Name></Name>
<Val>0.22518496207011</Val>
</DBL>
<DBL>
<Name></Name>
<Val>0.22401394190317</Val>
</DBL>
<DBL>
<Name></Name>
<Val>4.80212565497677E-2</Val>
</DBL>
<DBL>
<Name></Name>
<Val>5.12177014339369E-2</Val>
</DBL>
<DBL>
<Name></Name>
<Val>0.34656666877157</Val>
</DBL>
<DBL>
<Name></Name>
<Val>4.40765659612174E-2</Val>
</DBL>
<DBL>
<Name></Name>
<Val>2.58398913978890E-3</Val>
</DBL>
<DBL>
<Name></Name>
<Val>3.06378468483578E-3</Val>
</DBL>
<DBL>
<Name></Name>
<Val>2.37087237649244E-2</Val>
</DBL>
<DBL>
<Name></Name>
<Val>3.13274161490400E-2</Val>
</DBL>
<DBL>
<Name></Name>
<Val>0.22451242579198</Val>
</DBL>
<DBL>
<Name></Name>
<Val>0.22345235571835</Val>
</DBL>
<DBL>
<Name></Name>
<Val>4.79411726494031E-2</Val>
</DBL>
<DBL>
<Name></Name>
<Val>5.13534020817556E-2</Val>
</DBL>
<DBL>
<Name></Name>
<Val>0.34780620398712</Val>
</DBL>
<DBL>
<Name></Name>
<Val>4.42392929776804E-2</Val>
</DBL>
<DBL>
<Name></Name>
<Val>2.59522219490780E-3</Val>
</DBL>
<DBL>
<Name></Name>
<Val>3.04356212420580E-3</Val>
</DBL>
<DBL>
<Name></Name>
<Val>2.36094026295085E-2</Val>
</DBL>
<DBL>
<Name></Name>
<Val>3.12352770453369E-2</Val>
</DBL>
<DBL>
<Name></Name>
<Val>0.22390253014904</Val>
</DBL>
<DBL>
<Name></Name>
<Val>0.22294281032977</Val>
</DBL>
<DBL>
<Name></Name>
<Val>4.78684741351899E-2</Val>
</DBL>
<DBL>
<Name></Name>
<Val>5.14763447809921E-2</Val>
</DBL>
<DBL>
<Name></Name>
<Val>0.34892944044030</Val>
</DBL>
<DBL>
<Name></Name>
<Val>4.43867552978350E-2</Val>
</DBL>
<DBL>
<Name></Name>
<Val>2.60540306782398E-3</Val>
</DBL>
<DBL>
<Name></Name>
<Val>3.02560396540866E-3</Val>
</DBL>
<DBL>
<Name></Name>
<Val>2.35199847499226E-2</Val>
</DBL>
<DBL>
<Name></Name>
<Val>3.11518166538946E-2</Val>
</DBL>
<DBL>
<Name></Name>
<Val>0.22334953279695</Val>
</DBL>
<DBL>
<Name></Name>
<Val>0.22248059573355</Val>
</DBL>
<DBL>
<Name></Name>
<Val>4.78025007911335E-2</Val>
</DBL>
<DBL>
<Name></Name>
<Val>5.15877261389386E-2</Val>
</DBL>
<DBL>
<Name></Name>
<Val>0.34994723267728</Val>
</DBL>
<DBL>
<Name></Name>
<Val>4.45203769277961E-2</Val>
</DBL>
<DBL>
<Name></Name>
<Val>2.61462956513231E-3</Val>
</DBL>
<DBL>
<Name></Name>
<Val>3.00961574194823E-3</Val>
</DBL>
<DBL>
<Name></Name>
<Val>2.34394134636242E-2</Val>
</DBL>
<DBL>
<Name></Name>
<Val>3.10762173069751E-2</Val>
</DBL>
<DBL>
<Name></Name>
<Val>0.22284819679894</Val>
</DBL>
<DBL>
<Name></Name>
<Val>0.22206140242014</Val>
</DBL>
<DBL>
<Name></Name>
<Val>4.77426466136178E-2</Val>
</DBL>
<DBL>
<Name></Name>
<Val>5.16886311704364E-2</Val>
</DBL>
<DBL>
<Name></Name>
<Val>0.35086943509003</Val>
</DBL>
<DBL>
<Name></Name>
<Val>4.46414508225415E-2</Val>
</DBL>
<DBL>
<Name></Name>
<Val>2.62299057173905E-3</Val>
</DBL>
<DBL>
<Name></Name>
<Val>2.99534904433029E-3</Val>
</DBL>
<DBL>
<Name></Name>
<Val>2.33667595989355E-2</Val>
</DBL>
<DBL>
<Name></Name>
<Val>3.10077384201674E-2</Val>
</DBL>
<DBL>
<Name></Name>
<Val>0.22239375100978</Val>
</DBL>
<DBL>
<Name></Name>
<Val>0.22168129337326</Val>
</DBL>
<DBL>
<Name></Name>
<Val>4.76883565022767E-2</Val>
</DBL>
<DBL>
<Name></Name>
<Val>5.17800435594561E-2</Val>
</DBL>
<DBL>
<Name></Name>
<Val>0.35170499112730</Val>
</DBL>
<DBL>
<Name></Name>
<Val>4.47511505386736E-2</Val>
</DBL>
<DBL>
<Name></Name>
<Val>2.63056682582670E-3</Val>
</DBL>
<DBL>
<Name></Name>
<Val>2.98259304753487E-3</Val>
</DBL>
<DBL>
<Name></Name>
<Val>2.33012031572120E-2</Val>
</DBL>
<DBL>
<Name></Name>
<Val>3.09457092152199E-2</Val>
</DBL>
<DBL>
<Name></Name>
<Val>0.22198185239019</Val>
</DBL>
<DBL>
<Name></Name>
<Val>0.22133667651443</Val>
</DBL>
<DBL>
<Name></Name>
<Val>4.76391228573560E-2</Val>
</DBL>
<DBL>
<Name></Name>
<Val>5.18628550101638E-2</Val>
</DBL>
<DBL>
<Name></Name>
<Val>0.35246201522716</Val>
</DBL>
<DBL>
<Name></Name>
<Val>4.48505409451918E-2</Val>
</DBL>
<DBL>
<Name></Name>
<Val>2.63743163554814E-3</Val>
</DBL>
<DBL>
<Name></Name>
<Val>2.97116776951973E-3</Val>
</DBL>
<DBL>
<Name></Name>
<Val>2.32420181434621E-2</Val>
</DBL>
<DBL>
<Name></Name>
<Val>3.08895221321675E-2</Val>
</DBL>
<DBL>
<Name></Name>
<Val>0.22160855047626</Val>
</DBL>
<DBL>
<Name></Name>
<Val>0.22102427804542</Val>
</DBL>
<DBL>
<Name></Name>
<Val>4.75944821837269E-2</Val>
</DBL>
<DBL>
<Name></Name>
<Val>5.19378737606136E-2</Val>
</DBL>
<DBL>
<Name></Name>
<Val>0.35314786790327</Val>
</DBL>
<DBL>
<Name></Name>
<Val>4.49405880459350E-2</Val>
</DBL>
<DBL>
<Name></Name>
<Val>2.64365153962074E-3</Val>
</DBL>
<DBL>
<Name></Name>
<Val>2.96091868714058E-3</Val>
</DBL>
<DBL>
<Name></Name>
<Val>2.31885599280195E-2</Val>
</DBL>
<DBL>
<Name></Name>
<Val>3.08386268649681E-2</Val>
</DBL>
<DBL>
<Name></Name>
<Val>0.22127025411503</Val>
</DBL>
<DBL>
<Name></Name>
<Val>0.22074111698683</Val>
</DBL>
<DBL>
<Name></Name>
<Val>4.75540117716898E-2</Val>
</DBL>
<DBL>
<Name></Name>
<Val>5.20058323281620E-2</Val>
</DBL>
<DBL>
<Name></Name>
<Val>0.35376922443342</Val>
</DBL>
<DBL>
<Name></Name>
<Val>4.50221679702038E-2</Val>
</DBL>
<DBL>
<Name></Name>
<Val>2.64928691453450E-3</Val>
</DBL>
<DBL>
<Name></Name>
<Val>2.95171241859672E-3</Val>
</DBL>
<DBL>
<Name></Name>
<Val>2.31402546523124E-2</Val>
</DBL>
<DBL>
<Name></Name>
<Val>3.07925249612478E-2</Val>
</DBL>
<DBL>
<Name></Name>
<Val>0.22096370049676</Val>
</DBL>
<DBL>
<Name></Name>
<Val>0.22048448109638</Val>
</DBL>
<DBL>
<Name></Name>
<Val>4.75173265021478E-2</Val>
</DBL>
<DBL>
<Name></Name>
<Val>5.20673945513998E-2</Val>
</DBL>
<DBL>
<Name></Name>
<Val>0.35433213760086</Val>
</DBL>
<DBL>
<Name></Name>
<Val>4.50960751888765E-2</Val>
</DBL>
<DBL>
<Name></Name>
<Val>2.65439253141139E-3</Val>
</DBL>
<DBL>
<Name></Name>
<Val>2.94343324570811E-3</Val>
</DBL>
<DBL>
<Name></Name>
<Val>2.30965902936630E-2</Val>
</DBL>
<DBL>
<Name></Name>
<Val>3.07507649324936E-2</Val>
</DBL>
<DBL>
<Name></Name>
<Val>0.22068592645596</Val>
</DBL>
<DBL>
<Name></Name>
<Val>0.22025190426694</Val>
</DBL>
<DBL>
<Name></Name>
<Val>4.74840758068916E-2</Val>
</DBL>
<DBL>
<Name></Name>
<Val>5.21231619889982E-2</Val>
</DBL>
<DBL>
<Name></Name>
<Val>0.35484209493096</Val>
</DBL>
<DBL>
<Name></Name>
<Val>4.51630300126718E-2</Val>
</DBL>
<DBL>
<Name></Name>
<Val>2.65901806571603E-3</Val>
</DBL>
<DBL>
<Name></Name>
<Val>2.93598029917351E-3</Val>
</DBL>
<DBL>
<Name></Name>
<Val>2.30571090837227E-2</Val>
</DBL>
<DBL>
<Name></Name>
<Val>3.07129378262037E-2</Val>
</DBL>
<DBL>
<Name></Name>
<Val>0.22043424197368</Val>
</DBL>
<DBL>
<Name></Name>
<Val>0.22004114544242</Val>
</DBL>
<DBL>
<Name></Name>
<Val>4.74539408022669E-2</Val>
</DBL>
<DBL>
<Name></Name>
<Val>5.21736797314996E-2</Val>
</DBL>
<DBL>
<Name></Name>
<Val>0.35530407085041</Val>
</DBL>
<DBL>
<Name></Name>
<Val>4.52236854275535E-2</Val>
</DBL>
<DBL>
<Name></Name>
<Val>2.66320856306401E-3</Val>
</DBL>
<DBL>
<Name></Name>
<Val>2.92926526867576E-3</Val>
</DBL>
<DBL>
<Name></Name>
<Val>2.30214010375425E-2</Val>
</DBL>
<DBL>
<Name></Name>
<Val>3.06786732161651E-2</Val>
</DBL>
<DBL>
<Name></Name>
<Val>0.22020620578701</Val>
</DBL>
<DBL>
<Name></Name>
<Val>0.21985016904661</Val>
</DBL>
<DBL>
<Name></Name>
<Val>4.74266316053602E-2</Val>
</DBL>
<DBL>
<Name></Name>
<Val>5.22194416778297E-2</Val>
</DBL>
<DBL>
<Name></Name>
<Val>0.35572257417654</Val>
</DBL>
<DBL>
<Name></Name>
<Val>4.52786333199363E-2</Val>
</DBL>
<DBL>
<Name></Name>
<Val>2.66700486433750E-3</Val>
</DBL>
<DBL>
<Name></Name>
<Val>2.92321052979155E-3</Val>
</DBL>
<DBL>
<Name></Name>
<Val>2.29890983992105E-2</Val>
</DBL>
<DBL>
<Name></Name>
<Val>3.06476355712259E-2</Val>
</DBL>
<DBL>
<Name></Name>
<Val>0.21999960299466</Val>
</DBL>
<DBL>
<Name></Name>
<Val>0.21967712688886</Val>
</DBL>
<DBL>
<Name></Name>
<Val>4.74018848352354E-2</Val>
</DBL>
<DBL>
<Name></Name>
<Val>5.22608953242238E-2</Val>
</DBL>
<DBL>
<Name></Name>
<Val>0.35610169132198</Val>
</DBL>
<DBL>
<Name></Name>
<Val>4.53284101415947E-2</Val>
</DBL>
<DBL>
<Name></Name>
<Val>2.67044399322436E-3</Val>
</DBL>
<DBL>
<Name></Name>
<Val>2.91774760306487E-3</Val>
</DBL>
<DBL>
<Name></Name>
<Val>2.29598708484488E-2</Val>
</DBL>
<DBL>
<Name></Name>
<Val>3.06195209667208E-2</Val>
</DBL>
<DBL>
<Name></Name>
<Val>0.21981242453883</Val>
</DBL>
<DBL>
<Name></Name>
<Val>0.21952034149041</Val>
</DBL>
<DBL>
<Name></Name>
<Val>4.73794612970667E-2</Val>
</DBL>
<DBL>
<Name></Name>
<Val>5.22984461093795E-2</Val>
</DBL>
<DBL>
<Name></Name>
<Val>0.35644512557574</Val>
</DBL>
<DBL>
<Name></Name>
<Val>4.53735020611839E-2</Val>
</DBL>
<DBL>
<Name></Name>
<Val>2.67355950916485E-3</Val>
</DBL>
<DBL>
<Name></Name>
<Val>2.91281587881603E-3</Val>
</DBL>
<DBL>
<Name></Name>
<Val>2.29334213428392E-2</Val>
</DBL>
<DBL>
<Name></Name>
<Val>3.05940541061272E-2</Val>
</DBL>
<DBL>
<Name></Name>
<Val>0.21964284843895</Val>
</DBL>
<DBL>
<Name></Name>
<Val>0.21937829076124</Val>
</DBL>
<DBL>
<Name></Name>
<Val>4.73591438437687E-2</Val>
</DBL>
<DBL>
<Name></Name>
<Val>5.23324613560011E-2</Val>
</DBL>
<DBL>
<Name></Name>
<Val>0.35675623279754</Val>
</DBL>
<DBL>
<Name></Name>
<Val>4.54143496461869E-2</Val>
</DBL>
<DBL>
<Name></Name>
<Val>2.67638182853407E-3</Val>
</DBL>
<DBL>
<Name></Name>
<Val>2.90836155544499E-3</Val>
</DBL>
<DBL>
<Name></Name>
<Val>2.29094824942626E-2</Val>
</DBL>
<DBL>
<Name></Name>
<Val>3.05709856236161E-2</Val>
</DBL>
<DBL>
<Name></Name>
<Val>0.21948922265306</Val>
</DBL>
<DBL>
<Name></Name>
<Val>0.21924959395007</Val>
</DBL>
<DBL>
<Name></Name>
<Val>4.73407354075703E-2</Val>
</DBL>
<DBL>
<Name></Name>
<Val>5.23632738454811E-2</Val>
</DBL>
<DBL>
<Name></Name>
<Val>0.35703805383778</Val>
</DBL>
<DBL>
<Name></Name>
<Val>4.54513521159970E-2</Val>
</DBL>
<DBL>
<Name></Name>
<Val>2.67893851671909E-3</Val>
</DBL>
<DBL>
<Name></Name>
<Val>2.90433675004817E-3</Val>
</DBL>
<DBL>
<Name></Name>
<Val>2.28878133970552E-2</Val>
</DBL>
<DBL>
<Name></Name>
<Val>3.05500896409519E-2</Val>
</DBL>
<DBL>
<Name></Name>
<Val>0.21935004944516</Val>
</DBL>
<DBL>
<Name></Name>
<Val>0.21913299878577</Val>
</DBL>
<DBL>
<Name></Name>
<Val>4.73240571926171E-2</Val>
</DBL>
<DBL>
<Name></Name>
<Val>5.23911850592926E-2</Val>
</DBL>
<DBL>
<Name></Name>
<Val>0.35729334397173</Val>
</DBL>
<DBL>
<Name></Name>
<Val>4.54848712038027E-2</Val>
</DBL>
<DBL>
<Name></Name>
<Val>2.68125455357393E-3</Val>
</DBL>
<DBL>
<Name></Name>
<Val>2.90069874880165E-3</Val>
</DBL>
<DBL>
<Name></Name>
<Val>2.28681968404202E-2</Val>
</DBL>
<DBL>
<Name></Name>
<Val>3.05311615547175E-2</Val>
</DBL>
<DBL>
<Name></Name>
<Val>0.21922397114093</Val>
</DBL>
<DBL>
<Name></Name>
<Val>0.21902736972777</Val>
</DBL>
<DBL>
<Name></Name>
<Val>4.73089470189333E-2</Val>
</DBL>
<DBL>
<Name></Name>
<Val>5.24164681177223E-2</Val>
</DBL>
<DBL>
<Name></Name>
<Val>0.35752459961413</Val>
</DBL>
<DBL>
<Name></Name>
<Val>4.55152346620127E-2</Val>
</DBL>
<DBL>
<Name></Name>
<Val>2.68335257456024E-3</Val>
</DBL>
<DBL>
<Name></Name>
<Val>2.89740937131098E-3</Val>
</DBL>
<DBL>
<Name></Name>
<Val>2.28504368496056E-2</Val>
</DBL>
<DBL>
<Name></Name>
<Val>3.05140160321167E-2</Val>
</DBL>
<DBL>
<Name></Name>
<Val>0.21910975716009</Val>
</DBL>
<DBL>
<Name></Name>
<Val>0.21893167724407</Val>
</DBL>
<DBL>
<Name></Name>
<Val>4.72952578077400E-2</Val>
</DBL>
<DBL>
<Name></Name>
<Val>5.24393704438615E-2</Val>
</DBL>
<DBL>
<Name></Name>
<Val>0.35773408255835</Val>
</DBL>
<DBL>
<Name></Name>
<Val>4.55427394431564E-2</Val>
</DBL>
<DBL>
<Name></Name>
<Val>2.68525308970891E-3</Val>
</DBL>
<DBL>
<Name></Name>
<Val>2.89443442840880E-3</Val>
</DBL>
<DBL>
<Name></Name>
<Val>2.28343565099411E-2</Val>
</DBL>
<DBL>
<Name></Name>
<Val>3.04984851956693E-2</Val>
</DBL>
<DBL>
<Name></Name>
<Val>0.21900629221976</Val>
</DBL>
<DBL>
<Name></Name>
<Val>0.21884498803778</Val>
</DBL>
<DBL>
<Name></Name>
<Val>4.72828561981130E-2</Val>
</DBL>
<DBL>
<Name></Name>
<Val>5.24601161782745E-2</Val>
</DBL>
<DBL>
<Name></Name>
<Val>0.35792384196412</Val>
</DBL>
<DBL>
<Name></Name>
<Val>4.55676545855609E-2</Val>
</DBL>
<DBL>
<Name></Name>
<Val>2.68697468237168E-3</Val>
</DBL>
<DBL>
<Name></Name>
<Val>2.89174325702214E-3</Val>
</DBL>
<DBL>
<Name></Name>
<Val>2.28197960355216E-2</Val>
</DBL>
<DBL>
<Name></Name>
<Val>3.04844169789755E-2</Val>
</DBL>
<DBL>
<Name></Name>
<Val>0.21891256560989</Val>
</DBL>
<DBL>
<Name></Name>
<Val>0.21876645614678</Val>
</DBL>
<DBL>
<Name></Name>
<Val>4.72716212851612E-2</Val>
</DBL>
<DBL>
<Name></Name>
<Val>5.24789083674742E-2</Val>
</DBL>
<DBL>
<Name></Name>
<Val>0.35809573429898</Val>
</DBL>
<DBL>
<Name></Name>
<Val>4.55902238306279E-2</Val>
</DBL>
<DBL>
<Name></Name>
<Val>2.68853418957340E-3</Val>
</DBL>
<DBL>
<Name></Name>
<Val>2.88930831898302E-3</Val>
</DBL>
<DBL>
<Name></Name>
<Val>2.28066110505332E-2</Val>
</DBL>
<DBL>
<Name></Name>
<Val>3.04716736374146E-2</Val>
</DBL>
<DBL>
<Name></Name>
<Val>0.21882766144853</Val>
</DBL>
<DBL>
<Name></Name>
<Val>0.21869531484485</Val>
</DBL>
<DBL>
<Name></Name>
<Val>4.72614434702570E-2</Val>
</DBL>
<DBL>
<Name></Name>
<Val>5.24959309472320E-2</Val>
</DBL>
<DBL>
<Name></Name>
<Val>0.35825144142034</Val>
</DBL>
<DBL>
<Name></Name>
<Val>4.56106679962303E-2</Val>
</DBL>
<DBL>
<Name></Name>
<Val>2.68994686562595E-3</Val>
</DBL>
<DBL>
<Name></Name>
<Val>2.88710485321664E-3</Val>
</DBL>
<DBL>
<Name></Name>
<Val>2.27946710562580E-2</Val>
</DBL>
<DBL>
<Name></Name>
<Val>3.04601303991661E-2</Val>
</DBL>
<DBL>
<Name></Name>
<Val>0.21875074983151</Val>
</DBL>
<DBL>
<Name></Name>
<Val>0.21863086927716</Val>
</DBL>
<DBL>
<Name></Name>
<Val>4.72522234142954E-2</Val>
</DBL>
<DBL>
<Name></Name>
<Val>5.25113505398356E-2</Val>
</DBL>
<DBL>
<Name></Name>
<Val>0.35839248696943</Val>
</DBL>
<DBL>
<Name></Name>
<Val>4.56291871286082E-2</Val>
</DBL>
<DBL>
<Name></Name>
<Val>2.69122653052467E-3</Val>
</DBL>
<DBL>
<Name></Name>
<Val>2.88511057276143E-3</Val>
</DBL>
<DBL>
<Name></Name>
<Val>2.27838580608945E-2</Val>
</DBL>
<DBL>
<Name></Name>
<Val>3.04496742433234E-2</Val>
</DBL>
<DBL>
<Name></Name>
<Val>0.21868107879750</Val>
</DBL>
<DBL>
<Name></Name>
<Val>0.21857248976727</Val>
</DBL>
<DBL>
<Name></Name>
<Val>4.72438710854644E-2</Val>
</DBL>
<DBL>
<Name></Name>
<Val>5.25253180826500E-2</Val>
</DBL>
<DBL>
<Name></Name>
<Val>0.35852025123245</Val>
</DBL>
<DBL>
<Name></Name>
<Val>4.56459624531715E-2</Val>
</DBL>
<DBL>
<Name></Name>
<Val>2.69238570451718E-3</Val>
</DBL>
<DBL>
<Name></Name>
<Val>2.88330539967402E-3</Val>
</DBL>
<DBL>
<Name></Name>
<Val>2.27740653526990E-2</Val>
</DBL>
<DBL>
<Name></Name>
<Val>3.04402027931188E-2</Val>
</DBL>
<DBL>
<Name></Name>
<Val>0.21861796703582</Val>
</DBL>
<DBL>
<Name></Name>
<Val>0.21851960573747</Val>
</DBL>
<DBL>
<Name></Name>
<Val>4.72363048935422E-2</Val>
</DBL>
<DBL>
<Name></Name>
<Val>5.25379703037447E-2</Val>
</DBL>
<DBL>
<Name></Name>
<Val>0.35863598461103</Val>
</DBL>
<DBL>
<Name></Name>
<Val>4.56611581427932E-2</Val>
</DBL>
<DBL>
<Name></Name>
<Val>2.69343573011374E-3</Val>
</DBL>
<DBL>
<Name></Name>
<Val>2.88167123214142E-3</Val>
</DBL>
<DBL>
<Name></Name>
<Val>2.27651963997280E-2</Val>
</DBL>
<DBL>
<Name></Name>
<Val>3.04316233134106E-2</Val>
</DBL>
<DBL>
<Name></Name>
<Val>0.21856079727011</Val>
</DBL>
<DBL>
<Name></Name>
<Val>0.21847170018843</Val>
</DBL>
<DBL>
<Name></Name>
<Val>4.72294509032845E-2</Val>
</DBL>
<DBL>
<Name></Name>
<Val>5.25494310588900E-2</Val>
</DBL>
<DBL>
<Name></Name>
<Val>0.35874081983081</Val>
</DBL>
<DBL>
<Name></Name>
<Val>4.56749229205103E-2</Val>
</DBL>
<DBL>
<Name></Name>
<Val>2.69438688269583E-3</Val>
</DBL>
<DBL>
<Name></Name>
<Val>2.88019173913320E-3</Val>
</DBL>
<DBL>
<Name></Name>
<Val>2.27571638617625E-2</Val>
</DBL>
<DBL>
<Name></Name>
<Val>3.04238518026054E-2</Val>
</DBL>
<DBL>
<Name></Name>
<Val>0.21850901025675</Val>
</DBL>
<DBL>
<Name></Name>
<Val>0.21842830468855</Val>
</DBL>
<DBL>
<Name></Name>
<Val>4.72232421200013E-2</Val>
</DBL>
<DBL>
<Name></Name>
<Val>5.25598125429031E-2</Val>
</DBL>
<DBL>
<Name></Name>
<Val>0.35883578300550</Val>
</DBL>
<DBL>
<Name></Name>
<Val>4.56873915120158E-2</Val>
</DBL>
<DBL>
<Name></Name>
<Val>2.69524847077685E-3</Val>
</DBL>
<DBL>
<Name></Name>
<Val>2.87885217873478E-3</Val>
</DBL>
<DBL>
<Name></Name>
<Val>2.27498887019179E-2</Val>
</DBL>
<DBL>
<Name></Name>
<Val>3.04168121701176E-2</Val>
</DBL>
<DBL>
<Name></Name>
<Val>0.21846209934196</Val>
</DBL>
<DBL>
<Name></Name>
<Val>0.21838899482728</Val>
</DBL>
<DBL>
<Name></Name>
<Val>4.72176178409538E-2</Val>
</DBL>
<DBL>
<Name></Name>
<Val>5.25692163871179E-2</Val>
</DBL>
<DBL>
<Name></Name>
<Val>0.35892180366312</Val>
</DBL>
<DBL>
<Name></Name>
<Val>4.56986859619230E-2</Val>
</DBL>
<DBL>
<Name></Name>
<Val>2.69602892687393E-3</Val>
</DBL>
<DBL>
<Name></Name>
<Val>2.87763923695205E-3</Val>
</DBL>
<DBL>
<Name></Name>
<Val>2.27432993870535E-2</Val>
</DBL>
<DBL>
<Name></Name>
<Val>3.04104354913054E-2</Val>
</DBL>
<DBL>
<Name></Name>
<Val>0.21841960552641</Val>
</DBL>
<DBL>
<Name></Name>
<Val>0.21835338609046</Val>
</DBL>
<DBL>
<Name></Name>
<Val>4.72125230666996E-2</Val>
</DBL>
<DBL>
<Name></Name>
<Val>5.25777346536569E-2</Val>
</DBL>
<DBL>
<Name></Name>
<Val>0.35899972383109</Val>
</DBL>
<DBL>
<Name></Name>
<Val>4.57089168265062E-2</Val>
</DBL>
<DBL>
<Name></Name>
<Val>2.69673588986305E-3</Val>
</DBL>
<DBL>
<Name></Name>
<Val>2.87654088430042E-3</Val>
</DBL>
<DBL>
<Name></Name>
<Val>2.27373311674607E-2</Val>
</DBL>
<DBL>
<Name></Name>
<Val>3.04046593325844E-2</Val>
</DBL>
<DBL>
<Name></Name>
<Val>0.21838111299082</Val>
</DBL>
<DBL>
<Name></Name>
<Val>0.21832113011939</Val>
</DBL>
<DBL>
<Name></Name>
<Val>4.72079079669979E-2</Val>
</DBL>
<DBL>
<Name></Name>
<Val>5.25854507361902E-2</Val>
</DBL>
<DBL>
<Name></Name>
<Val>0.35907030626819</Val>
</DBL>
<DBL>
<Name></Name>
<Val>4.57181842544526E-2</Val>
</DBL>
<DBL>
<Name></Name>
<Val>2.69737627961032E-3</Val>
</DBL>
<DBL>
<Name></Name>
<Val>2.87554624791611E-3</Val>
</DBL>
<DBL>
<Name></Name>
<Val>2.27319254274671E-2</Val>
</DBL>
<DBL>
<Name></Name>
<Val>3.03994271401072E-2</Val>
</DBL>
<DBL>
<Name></Name>
<Val>0.21834624503982</Val>
</DBL>
<DBL>
<Name></Name>
<Val>0.21829191131853</Val>
</DBL>
<DBL>
<Name></Name>
<Val>4.72037273963345E-2</Val>
</DBL>
<DBL>
<Name></Name>
<Val>5.25924401759584E-2</Val>
</DBL>
<DBL>
<Name></Name>
<Val>0.35913424192318</Val>
</DBL>
<DBL>
<Name></Name>
<Val>4.57265789660944E-2</Val>
</DBL>
<DBL>
<Name></Name>
<Val>2.69795636459951E-3</Val>
</DBL>
<DBL>
<Name></Name>
<Val>2.87464549727285E-3</Val>
</DBL>
<DBL>
<Name></Name>
<Val>2.27270290995813E-2</Val>
</DBL>
<DBL>
<Name></Name>
<Val>3.03946876860196E-2</Val>
</DBL>
<DBL>
<Name></Name>
<Val>0.21831466042553</Val>
</DBL>
<DBL>
<Name></Name>
<Val>0.21826544377979</Val>
</DBL>
<DBL>
<Name></Name>
<Val>4.71999404545447E-2</Val>
</DBL>
<DBL>
<Name></Name>
<Val>5.25987714010206E-2</Val>
</DBL>
<DBL>
<Name></Name>
<Val>0.35919215669241</Val>
</DBL>
<DBL>
<Name></Name>
<Val>4.57341831406253E-2</Val>
</DBL>
<DBL>
<Name></Name>
<Val>2.69848182320995E-3</Val>
</DBL>
<DBL>
<Name></Name>
<Val>2.87382974187029E-3</Val>
</DBL>
<DBL>
<Name></Name>
<Val>2.27225941356581E-2</Val>
</DBL>
<DBL>
<Name></Name>
<Val>3.03903945668720E-2</Val>
</DBL>
<DBL>
<Name></Name>
<Val>0.21828605001549</Val>
</DBL>
<DBL>
<Name></Name>
<Val>0.21824146849432</Val>
</DBL>
<DBL>
<Name></Name>
<Val>4.71965100884088E-2</Val>
</DBL>
<DBL>
<Name></Name>
<Val>5.26045063959398E-2</Val>
</DBL>
<DBL>
<Name></Name>
<Val>0.35924461754229</Val>
</DBL>
<DBL>
<Name></Name>
<Val>4.57410712199189E-2</Val>
</DBL>
<DBL>
<Name></Name>
<Val>2.69895779923836E-3</Val>
</DBL>
<DBL>
<Name></Name>
<Val>2.87309093949401E-3</Val>
</DBL>
<DBL>
<Name></Name>
<Val>2.27185770292961E-2</Val>
</DBL>
<DBL>
<Name></Name>
<Val>3.03865057492702E-2</Val>
</DBL>
<DBL>
<Name></Name>
<Val>0.21826013377306</Val>
</DBL>
<DBL>
<Name></Name>
<Val>0.21821975082514</Val>
</DBL>
<DBL>
<Name></Name>
<Val>4.71934027304507E-2</Val>
</DBL>
<DBL>
<Name></Name>
<Val>5.26097013084453E-2</Val>
</DBL>
<DBL>
<Name></Name>
<Val>0.35929213805588</Val>
</DBL>
<DBL>
<Name></Name>
<Val>4.57473106367704E-2</Val>
</DBL>
<DBL>
<Name></Name>
<Val>2.69938895220349E-3</Val>
</DBL>
<DBL>
<Name></Name>
<Val>2.87242181384014E-3</Val>
</DBL>
<DBL>
<Name></Name>
<Val>2.27149383843215E-2</Val>
</DBL>
<DBL>
<Name></Name>
<Val>3.03829831583183E-2</Val>
</DBL>
<DBL>
<Name></Name>
<Val>0.21823665802105</Val>
</DBL>
<DBL>
<Name></Name>
<Val>0.21820007821645</Val>
</DBL>
<DBL>
<Name></Name>
<Val>4.71905879715083E-2</Val>
</DBL>
<DBL>
<Name></Name>
<Val>5.26144069989959E-2</Val>
</DBL>
<DBL>
<Name></Name>
<Val>0.35933518345795</Val>
</DBL>
<DBL>
<Name></Name>
<Val>4.57529624746491E-2</Val>
</DBL>
<DBL>
<Name></Name>
<Val>2.69977950292216E-3</Val>
</DBL>
<DBL>
<Name></Name>
<Val>2.87181578045914E-3</Val>
</DBL>
<DBL>
<Name></Name>
<Val>2.27116425247664E-2</Val>
</DBL>
<DBL>
<Name></Name>
<Val>3.03797923048217E-2</Val>
</DBL>
<DBL>
<Name></Name>
<Val>0.21821539296222</Val>
</DBL>
<DBL>
<Name></Name>
<Val>0.21818225811769</Val>
</DBL>
<DBL>
<Name></Name>
<Val>4.71880382639513E-2</Val>
</DBL>
<DBL>
<Name></Name>
<Val>5.26186695386150E-2</Val>
</DBL>
<DBL>
<Name></Name>
<Val>0.35937417516729</Val>
</DBL>
<DBL>
<Name></Name>
<Val>4.57580820653923E-2</Val>
</DBL>
<DBL>
<Name></Name>
<Val>2.70013327480006E-3</Val>
</DBL>
<DBL>
<Name></Name>
<Val>2.87126688010864E-3</Val>
</DBL>
<DBL>
<Name></Name>
<Val>2.27086571422422E-2</Val>
</DBL>
<DBL>
<Name></Name>
<Val>3.03769019476000E-2</Val>
</DBL>
<DBL>
<Name></Name>
<Val>0.21819613043264</Val>
</DBL>
<DBL>
<Name></Name>
<Val>0.21816611610226</Val>
</DBL>
<DBL>
<Name></Name>
<Val>4.71857286527004E-2</Val>
</DBL>
<DBL>
<Name></Name>
<Val>5.26225306598628E-2</Val>
</DBL>
<DBL>
<Name></Name>
<Val>0.35940949492068</Val>
</DBL>
<DBL>
<Name></Name>
<Val>4.57627195306682E-2</Val>
</DBL>
<DBL>
<Name></Name>
<Val>2.70045373123943E-3</Val>
</DBL>
<DBL>
<Name></Name>
<Val>2.87076971871940E-3</Val>
</DBL>
<DBL>
<Name></Name>
<Val>2.27059529770348E-2</Val>
</DBL>
<DBL>
<Name></Name>
<Val>3.03742837876032E-2</Val>
</DBL>
<DBL>
<Name></Name>
<Val>0.21817868186611</Val>
</DBL>
<DBL>
<Name></Name>
<Val>0.21815149416282</Val>
</DBL>
<DBL>
<Name></Name>
<Val>4.71836365314655E-2</Val>
</DBL>
<DBL>
<Name></Name>
<Val>5.26260281653537E-2</Val>
</DBL>
<DBL>
<Name></Name>
<Val>0.35944148850887</Val>
</DBL>
<DBL>
<Name></Name>
<Val>4.57669202724899E-2</Val>
</DBL>
<DBL>
<Name></Name>
<Val>2.70074400952792E-3</Val>
</DBL>
<DBL>
<Name></Name>
<Val>2.87031941327563E-3</Val>
</DBL>
<DBL>
<Name></Name>
<Val>2.27035035296316E-2</Val>
</DBL>
<DBL>
<Name></Name>
<Val>3.03719121908342E-2</Val>
</DBL>
<DBL>
<Name></Name>
<Val>0.21816287644992</Val>
</DBL>
<DBL>
<Name></Name>
<Val>0.21813824916666</Val>
</DBL>
<DBL>
<Name></Name>
<Val>4.71817414218513E-2</Val>
</DBL>
<DBL>
<Name></Name>
<Val>5.26291962978143E-2</Val>
</DBL>
<DBL>
<Name></Name>
<Val>0.35947046916091</Val>
</DBL>
<DBL>
<Name></Name>
<Val>4.57707254175696E-2</Val>
</DBL>
<DBL>
<Name></Name>
<Val>2.70100695153924E-3</Val>
</DBL>
<DBL>
<Name></Name>
<Val>2.86991154299404E-3</Val>
</DBL>
<DBL>
<Name></Name>
<Val>2.27012847997232E-2</Val>
</DBL>
<DBL>
<Name></Name>
<Val>3.03697639373676E-2</Val>
</DBL>
<DBL>
<Name></Name>
<Val>0.21814855945392</Val>
</DBL>
<DBL>
<Name></Name>
<Val>0.21812625145613</Val>
</DBL>
<DBL>
<Name></Name>
<Val>4.71800247731980E-2</Val>
</DBL>
<DBL>
<Name></Name>
<Val>5.26320660753008E-2</Val>
</DBL>
<DBL>
<Name></Name>
<Val>0.35949672060997</Val>
</DBL>
<DBL>
<Name></Name>
<Val>4.57741722198519E-2</Val>
</DBL>
<DBL>
<Name></Name>
<Val>2.70124513154507E-3</Val>
</DBL>
<DBL>
<Name></Name>
<Val>2.86954210525677E-3</Val>
</DBL>
<DBL>
<Name></Name>
<Val>2.26992750500227E-2</Val>
</DBL>
<DBL>
<Name></Name>
<Val>3.03678179940031E-2</Val>
</DBL>
<DBL>
<Name></Name>
<Val>0.21813559071683</Val>
</DBL>
<DBL>
<Name></Name>
<Val>0.21811538358064</Val>
</DBL>
<DBL>
<Name></Name>
<Val>4.71784697812191E-2</Val>
</DBL>
<DBL>
<Name></Name>
<Val>5.26346655948550E-2</Val>
</DBL>
<DBL>
<Name></Name>
<Val>0.35952049987060</Val>
</DBL>
<DBL>
<Name></Name>
<Val>4.57772944251599E-2</Val>
</DBL>
<DBL>
<Name></Name>
<Val>2.70146088140965E-3</Val>
</DBL>
<DBL>
<Name></Name>
<Val>2.86920747581544E-3</Val>
</DBL>
<DBL>
<Name></Name>
<Val>2.26974545925132E-2</Val>
</DBL>
<DBL>
<Name></Name>
<Val>3.03660553083314E-2</Val>
</DBL>
<DBL>
<Name></Name>
<Val>0.21812384327479</Val>
</DBL>
<DBL>
<Name></Name>
<Val>0.21810553914782</Val>
</DBL>
<DBL>
<Name></Name>
<Val>4.71770612236775E-2</Val>
</DBL>
<DBL>
<Name></Name>
<Val>5.26370203075686E-2</Val>
</DBL>
<DBL>
<Name></Name>
<Val>0.35954203975456</Val>
</DBL>
<DBL>
<Name></Name>
<Val>4.57801226015151E-2</Val>
</DBL>
<DBL>
<Name></Name>
<Val>2.70165631341328E-3</Val>
</DBL>
<DBL>
<Name></Name>
<Val>2.86890437283677E-3</Val>
</DBL>
<DBL>
<Name></Name>
<Val>2.26958055949679E-2</Val>
</DBL>
<DBL>
<Name></Name>
<Val>3.03644586221930E-2</Val>
</DBL>
<DBL>
<Name></Name>
<Val>0.21811320211900</Val>
</DBL>
<DBL>
<Name></Name>
<Val>0.21809662178269</Val>
</DBL>
<DBL>
<Name></Name>
<Val>4.71757853115066E-2</Val>
</DBL>
<DBL>
<Name></Name>
<Val>5.26391532677493E-2</Val>
</DBL>
<DBL>
<Name></Name>
<Val>0.35956155114977</Val>
</DBL>
<DBL>
<Name></Name>
<Val>4.57826844383637E-2</Val>
</DBL>
<DBL>
<Name></Name>
<Val>2.70183334092749E-3</Val>
</DBL>
<DBL>
<Name></Name>
<Val>2.86862982440667E-3</Val>
</DBL>
<DBL>
<Name></Name>
<Val>2.26943119058014E-2</Val>
</DBL>
<DBL>
<Name></Name>
<Val>3.03630123027051E-2</Val>
</DBL>
<DBL>
<Name></Name>
<Val>0.21810356307026</Val>
</DBL>
<DBL>
<Name></Name>
<Val>0.21808854418475</Val>
</DBL>
<DBL>
<Name></Name>
<Val>4.71746295539254E-2</Val>
</DBL>
<DBL>
<Name></Name>
<Val>5.26410853586235E-2</Val>
</DBL>
<DBL>
<Name></Name>
<Val>0.35957922508475</Val>
</DBL>
<DBL>
<Name></Name>
<Val>4.57850050176310E-2</Val>
</DBL>
<DBL>
<Name></Name>
<Val>2.70199369714409E-3</Val>
</DBL>
<DBL>
<Name></Name>
<Val>2.86838113915092E-3</Val>
</DBL>
<DBL>
<Name></Name>
<Val>2.26929588955026E-2</Val>
</DBL>
<DBL>
<Name></Name>
<Val>3.03617021892018E-2</Val>
</DBL>
<DBL>
<Name></Name>
<Val>0.21809483175936</Val>
</DBL>
<DBL>
<Name></Name>
<Val>0.21808122727377</Val>
</DBL>
<DBL>
<Name></Name>
<Val>4.71735826362392E-2</Val>
</DBL>
<DBL>
<Name></Name>
<Val>5.26428354967880E-2</Val>
</DBL>
<DBL>
<Name></Name>
<Val>0.35959523459869</Val>
</DBL>
<DBL>
<Name></Name>
<Val>4.57871070592583E-2</Val>
</DBL>
<DBL>
<Name></Name>
<Val>2.70213895204103E-3</Val>
</DBL>
<DBL>
<Name></Name>
<Val>2.86815587966612E-3</Val>
</DBL>
<DBL>
<Name></Name>
<Val>2.26917333130658E-2</Val>
</DBL>
<DBL>
<Name></Name>
<Val>3.03605154545885E-2</Val>
</DBL>
<DBL>
<Name></Name>
<Val>0.21808692270346</Val>
</DBL>
<DBL>
<Name></Name>
<Val>0.21807459941587</Val>
</DBL>
<DBL>
<Name></Name>
<Val>4.71726343091329E-2</Val>
</DBL>
<DBL>
<Name></Name>
<Val>5.26444208174080E-2</Val>
</DBL>
<DBL>
<Name></Name>
<Val>0.35960973643544</Val>
</DBL>
<DBL>
<Name></Name>
<Val>4.57890111436213E-2</Val>
</DBL>
<DBL>
<Name></Name>
<Val>2.70227052775119E-3</Val>
</DBL>
<DBL>
<Name></Name>
<Val>2.86795183848648E-3</Val>
</DBL>
<DBL>
<Name></Name>
<Val>2.26906231559947E-2</Val>
</DBL>
<DBL>
<Name></Name>
<Val>3.03594404797537E-2</Val>
</DBL>
<DBL>
<Name></Name>
<Val>0.21807975846940</Val>
</DBL>
<DBL>
<Name></Name>
<Val>0.21806859572253</Val>
</DBL>
<DBL>
<Name></Name>
<Val>4.71717752883784E-2</Val>
</DBL>
<DBL>
<Name></Name>
<Val>5.26458568419774E-2</Val>
</DBL>
<DBL>
<Name></Name>
<Val>0.35962287257798</Val>
</DBL>
<DBL>
<Name></Name>
<Val>4.57907359130067E-2</Val>
</DBL>
<DBL>
<Name></Name>
<Val>2.70238971248409E-3</Val>
</DBL>
<DBL>
<Name></Name>
<Val>2.86776701634001E-3</Val>
</DBL>
<DBL>
<Name></Name>
<Val>2.26896175525878E-2</Val>
</DBL>
<DBL>
<Name></Name>
<Val>3.03584667398072E-2</Val>
</DBL>
<DBL>
<Name></Name>
<Val>0.21807326891580</Val>
</DBL>
<DBL>
<Name></Name>
<Val>0.21806315741549</Val>
</DBL>
<DBL>
<Name></Name>
<Val>4.71709971639786E-2</Val>
</DBL>
<DBL>
<Name></Name>
<Val>5.26471576302801E-2</Val>
</DBL>
<DBL>
<Name></Name>
<Val>0.35963477163847</Val>
</DBL>
<DBL>
<Name></Name>
<Val>4.57922982541192E-2</Val>
</DBL>
<DBL>
<Name></Name>
<Val>2.70249767313692E-3</Val>
</DBL>
<DBL>
<Name></Name>
<Val>2.86759960247269E-3</Val>
</DBL>
<DBL>
<Name></Name>
<Val>2.26887066553412E-2</Val>
</DBL>
<DBL>
<Name></Name>
<Val>3.03575847010330E-2</Val>
</DBL>
<DBL>
<Name></Name>
<Val>0.21806739050637</Val>
</DBL>
<DBL>
<Name></Name>
<Val>0.21805823125144</Val>
</DBL>
<DBL>
<Name></Name>
<Val>4.71702923178608E-2</Val>
</DBL>
<DBL>
<Name></Name>
<Val>5.26483359180427E-2</Val>
</DBL>
<DBL>
<Name></Name>
<Val>0.35964555011732</Val>
</DBL>
<DBL>
<Name></Name>
<Val>4.57937134634024E-2</Val>
</DBL>
<DBL>
<Name></Name>
<Val>2.70259546671822E-3</Val>
</DBL>
<DBL>
<Name></Name>
<Val>2.86744795684119E-3</Val>
</DBL>
<DBL>
<Name></Name>
<Val>2.26878815444131E-2</Val>
</DBL>
<DBL>
<Name></Name>
<Val>3.03567857275456E-2</Val>
</DBL>
<DBL>
<Name></Name>
<Val>0.21806206568808</Val>
</DBL>
<DBL>
<Name></Name>
<Val>0.21805376900089</Val>
</DBL>
<DBL>
<Name></Name>
<Val>4.71696538493162E-2</Val>
</DBL>
<DBL>
<Name></Name>
<Val>5.26494032416236E-2</Val>
</DBL>
<DBL>
<Name></Name>
<Val>0.35965531354380</Val>
</DBL>
<DBL>
<Name></Name>
<Val>4.57949953967939E-2</Val>
</DBL>
<DBL>
<Name></Name>
<Val>2.70268405069586E-3</Val>
</DBL>
<DBL>
<Name></Name>
<Val>2.86731059399470E-3</Val>
</DBL>
<DBL>
<Name></Name>
<Val>2.26871341401987E-2</Val>
</DBL>
<DBL>
<Name></Name>
<Val>3.03560619967378E-2</Val>
</DBL>
<DBL>
<Name></Name>
<Val>0.21805724232767</Val>
</DBL>
<DBL>
<Name></Name>
<Val>0.21804972697605</Val>
</DBL>
<DBL>
<Name></Name>
<Val>4.71690755074562E-2</Val>
</DBL>
<DBL>
<Name></Name>
<Val>5.26503700509607E-2</Val>
</DBL>
<DBL>
<Name></Name>
<Val>0.35966415750918</Val>
</DBL>
<DBL>
<Name></Name>
<Val>4.57961566053781E-2</Val>
</DBL>
<DBL>
<Name></Name>
<Val>2.70276429237072E-3</Val>
</DBL>
<DBL>
<Name></Name>
<Val>2.86718616848413E-3</Val>
</DBL>
<DBL>
<Name></Name>
<Val>2.26864571241523E-2</Val>
</DBL>
<DBL>
<Name></Name>
<Val>3.03554064226902E-2</Val>
</DBL>
<DBL>
<Name></Name>
<Val>0.21805287320131</Val>
</DBL>
<DBL>
<Name></Name>
<Val>0.21804606560322</Val>
</DBL>
<DBL>
<Name></Name>
<Val>4.71685516300274E-2</Val>
</DBL>
<DBL>
<Name></Name>
<Val>5.26512458118828E-2</Val>
</DBL>
<DBL>
<Name></Name>
<Val>0.35967216860260</Val>
</DBL>
<DBL>
<Name></Name>
<Val>4.57972084582656E-2</Val>
</DBL>
<DBL>
<Name></Name>
<Val>2.70283697736767E-3</Val>
</DBL>
<DBL>
<Name></Name>
<Val>2.86707346165258E-3</Val>
</DBL>
<DBL>
<Name></Name>
<Val>2.26858438670770E-2</Val>
</DBL>
<DBL>
<Name></Name>
<Val>3.03548125867946E-2</Val>
</DBL>
<DBL>
<Name></Name>
<Val>0.21804891553234</Val>
</DBL>
<DBL>
<Name></Name>
<Val>0.21804274903533</Val>
</DBL>
<DBL>
<Name></Name>
<Val>4.71680770879857E-2</Val>
</DBL>
<DBL>
<Name></Name>
<Val>5.26520390987859E-2</Val>
</DBL>
<DBL>
<Name></Name>
<Val>0.35967942525881</Val>
</DBL>
<DBL>
<Name></Name>
<Val>4.57981612539013E-2</Val>
</DBL>
<DBL>
<Name></Name>
<Val>2.70290281732705E-3</Val>
</DBL>
<DBL>
<Name></Name>
<Val>2.86697136967549E-3</Val>
</DBL>
<DBL>
<Name></Name>
<Val>2.26852883641764E-2</Val>
</DBL>
<DBL>
<Name></Name>
<Val>3.03542746749103E-2</Val>
</DBL>
<DBL>
<Name></Name>
<Val>0.21804533057242</Val>
</DBL>
<DBL>
<Name></Name>
<Val>0.21803974480107</Val>
</DBL>
<DBL>
<Name></Name>
<Val>4.71676472352881E-2</Val>
</DBL>
<DBL>
<Name></Name>
<Val>5.26527576785827E-2</Val>
</DBL>
<DBL>
<Name></Name>
<Val>0.35968599852612</Val>
</DBL>
<DBL>
<Name></Name>
<Val>4.57990243208914E-2</Val>
</DBL>
<DBL>
<Name></Name>
<Val>2.70296245687187E-3</Val>
</DBL>
<DBL>
<Name></Name>
<Val>2.86687889273139E-3</Val>
</DBL>
<DBL>
<Name></Name>
<Val>2.26847851762293E-2</Val>
</DBL>
<DBL>
<Name></Name>
<Val>3.03537874204387E-2</Val>
</DBL>
<DBL>
<Name></Name>
<Val>0.21804208322225</Val>
</DBL>
<DBL>
<Name></Name>
<Val>0.21803702348701</Val>
</DBL>
<DBL>
<Name></Name>
<Val>4.71672578634118E-2</Val>
</DBL>
<DBL>
<Name></Name>
<Val>5.26534085867452E-2</Val>
</DBL>
<DBL>
<Name></Name>
<Val>0.35969195276193</Val>
</DBL>
<DBL>
<Name></Name>
<Val>4.57998061093344E-2</Val>
</DBL>
<DBL>
<Name></Name>
<Val>2.70301647991893E-3</Val>
</DBL>
<DBL>
<Name></Name>
<Val>2.86679512519598E-3</Val>
</DBL>
<DBL>
<Name></Name>
<Val>2.26843293763094E-2</Val>
</DBL>
<DBL>
<Name></Name>
<Val>3.03533460527589E-2</Val>
</DBL>
<DBL>
<Name></Name>
<Val>0.21803914168792</Val>
</DBL>
<DBL>
<Name></Name>
<Val>0.21803455844961</Val>
</DBL>
<DBL>
<Name></Name>
<Val>4.71669051601545E-2</Val>
</DBL>
<DBL>
<Name></Name>
<Val>5.26539981961878E-2</Val>
</DBL>
<DBL>
<Name></Name>
<Val>0.35969734626292</Val>
</DBL>
<DBL>
<Name></Name>
<Val>4.58005142735534E-2</Val>
</DBL>
<DBL>
<Name></Name>
<Val>2.70306541539562E-3</Val>
</DBL>
<DBL>
<Name></Name>
<Val>2.86671924676216E-3</Val>
</DBL>
<DBL>
<Name></Name>
<Val>2.26839165015268E-2</Val>
</DBL>
<DBL>
<Name></Name>
<Val>3.03529462505195E-2</Val>
</DBL>
<DBL>
<Name></Name>
<Val>0.21803647716962</Val>
</DBL>
<DBL>
<Name></Name>
<Val>0.21803232555443</Val>
</DBL>
<DBL>
<Name></Name>
<Val>4.71665856723147E-2</Val>
</DBL>
<DBL>
<Name></Name>
<Val>5.26545322796621E-2</Val>
</DBL>
<DBL>
<Name></Name>
<Val>0.35970223183572</Val>
</DBL>
<DBL>
<Name></Name>
<Val>4.58011557470353E-2</Val>
</DBL>
<DBL>
<Name></Name>
<Val>2.70310974241841E-3</Val>
</DBL>
</Array>
<Array>
<Name>StateAdjacencyMatrix</Name>
<Dimsize>10</Dimsize>
<Dimsize>10</Dimsize>
<String>
<Name></Name>
<Val>@</Val>
</String>
<String>
<Name></Name>
<Val>I</Val>
</String>
<String>
<Name></Name>
<Val>@</Val>
</String>
<String>
<Name></Name>
<Val>@</Val>
</String>
<String>
<Name></Name>
<Val>@</Val>
</String>
<String>
<Name></Name>
<Val>@</Val>
</String>
<String>
<Name></Name>
<Val>@</Val>
</String>
<String>
<Name></Name>
<Val>@</Val>
</String>
<String>
<Name></Name>
<Val>@</Val>
</String>
<String>
<Name></Name>
<Val>@</Val>
</String>
<String>
<Name></Name>
<Val>B</Val>
</String>
<String>
<Name></Name>
<Val>@</Val>
</String>
<String>
<Name></Name>
<Val>G</Val>
</String>
<String>
<Name></Name>
<Val>@</Val>
</String>
<String>
<Name></Name>
<Val>@</Val>
</String>
<String>
<Name></Name>
<Val>@</Val>
</String>
<String>
<Name></Name>
<Val>@</Val>
</String>
<String>
<Name></Name>
<Val>@</Val>
</String>
<String>
<Name></Name>
<Val>@</Val>
</String>
<String>
<Name></Name>
<Val>@</Val>
</String>
<String>
<Name></Name>
<Val>@</Val>
</String>
<String>
<Name></Name>
<Val>I</Val>
</String>
<String>
<Name></Name>
<Val>@</Val>
</String>
<String>
<Name></Name>
<Val>E</Val>
</String>
<String>
<Name></Name>
<Val>@</Val>
</String>
<String>
<Name></Name>
<Val>@</Val>
</String>
<String>
<Name></Name>
<Val>@</Val>
</String>
<String>
<Name></Name>
<Val>@</Val>
</String>
<String>
<Name></Name>
<Val>@</Val>
</String>
<String>
<Name></Name>
<Val>@</Val>
</String>
<String>
<Name></Name>
<Val>@</Val>
</String>
<String>
<Name></Name>
<Val>@</Val>
</String>
<String>
<Name></Name>
<Val>G</Val>
</String>
<String>
<Name></Name>
<Val>@</Val>
</String>
<String>
<Name></Name>
<Val>A</Val>
</String>
<String>
<Name></Name>
<Val>@</Val>
</String>
<String>
<Name></Name>
<Val>@</Val>
</String>
<String>
<Name></Name>
<Val>@</Val>
</String>
<String>
<Name></Name>
<Val>@</Val>
</String>
<String>
<Name></Name>
<Val>@</Val>
</String>
<String>
<Name></Name>
<Val>@</Val>
</String>
<String>
<Name></Name>
<Val>@</Val>
</String>
<String>
<Name></Name>
<Val>@</Val>
</String>
<String>
<Name></Name>
<Val>A</Val>
</String>
<String>
<Name></Name>
<Val>@</Val>
</String>
<String>
<Name></Name>
<Val>F</Val>
</String>
<String>
<Name></Name>
<Val>@</Val>
</String>
<String>
<Name></Name>
<Val>@</Val>
</String>
<String>
<Name></Name>
<Val>@</Val>
</String>
<String>
<Name></Name>
<Val>@</Val>
</String>
<String>
<Name></Name>
<Val>@</Val>
</String>
<String>
<Name></Name>
<Val>@</Val>
</String>
<String>
<Name></Name>
<Val>@</Val>
</String>
<String>
<Name></Name>
<Val>@</Val>
</String>
<String>
<Name></Name>
<Val>D</Val>
</String>
<String>
<Name></Name>
<Val>@</Val>
</String>
<String>
<Name></Name>
<Val>F</Val>
</String>
<String>
<Name></Name>
<Val>@</Val>
</String>
<String>
<Name></Name>
<Val>@</Val>
</String>
<String>
<Name></Name>
<Val>@</Val>
</String>
<String>
<Name></Name>
<Val>@</Val>
</String>
<String>
<Name></Name>
<Val>@</Val>
</String>
<String>
<Name></Name>
<Val>@</Val>
</String>
<String>
<Name></Name>
<Val>@</Val>
</String>
<String>
<Name></Name>
<Val>@</Val>
</String>
<String>
<Name></Name>
<Val>C</Val>
</String>
<String>
<Name></Name>
<Val>@</Val>
</String>
<String>
<Name></Name>
<Val>E</Val>
</String>
<String>
<Name></Name>
<Val>@</Val>
</String>
<String>
<Name></Name>
<Val>@</Val>
</String>
<String>
<Name></Name>
<Val>@</Val>
</String>
<String>
<Name></Name>
<Val>@</Val>
</String>
<String>
<Name></Name>
<Val>@</Val>
</String>
<String>
<Name></Name>
<Val>@</Val>
</String>
<String>
<Name></Name>
<Val>@</Val>
</String>
<String>
<Name></Name>
<Val>@</Val>
</String>
<String>
<Name></Name>
<Val>H</Val>
</String>
<String>
<Name></Name>
<Val>@</Val>
</String>
<String>
<Name></Name>
<Val>H</Val>
</String>
<String>
<Name></Name>
<Val>@</Val>
</String>
<String>
<Name></Name>
<Val>@</Val>
</String>
<String>
<Name></Name>
<Val>@</Val>
</String>
<String>
<Name></Name>
<Val>@</Val>
</String>
<String>
<Name></Name>
<Val>@</Val>
</String>
<String>
<Name></Name>
<Val>@</Val>
</String>
<String>
<Name></Name>
<Val>@</Val>
</String>
<String>
<Name></Name>
<Val>@</Val>
</String>
<String>
<Name></Name>
<Val>D</Val>
</String>
<String>
<Name></Name>
<Val>@</Val>
</String>
<String>
<Name></Name>
<Val>B</Val>
</String>
<String>
<Name></Name>
<Val>@</Val>
</String>
<String>
<Name></Name>
<Val>@</Val>
</String>
<String>
<Name></Name>
<Val>@</Val>
</String>
<String>
<Name></Name>
<Val>@</Val>
</String>
<String>
<Name></Name>
<Val>@</Val>
</String>
<String>
<Name></Name>
<Val>@</Val>
</String>
<String>
<Name></Name>
<Val>@</Val>
</String>
<String>
<Name></Name>
<Val>@</Val>
</String>
<String>
<Name></Name>
<Val>C</Val>
</String>
<String>
<Name></Name>
<Val>@</Val>
</String>
</Array>
<Cluster>
<Name>IntegrationParams</Name>
<NumElts>4</NumElts>
<DBL>
<Name>time start</Name>
<Val>0.00000000000000</Val>
</DBL>
<DBL>
<Name>time end</Name>
<Val>999.00000000000000</Val>
</DBL>
<DBL>
<Name>h (step rate)</Name>
<Val>0.10000000000000</Val>
</DBL>
<Array>
<Name>X0</Name>
<Dimsize>10</Dimsize>
<I32>
<Name></Name>
<Val>1</Val>
</I32>
<I32>
<Name></Name>
<Val>0</Val>
</I32>
<I32>
<Name></Name>
<Val>0</Val>
</I32>
<I32>
<Name></Name>
<Val>0</Val>
</I32>
<I32>
<Name></Name>
<Val>0</Val>
</I32>
<I32>
<Name></Name>
<Val>0</Val>
</I32>
<I32>
<Name></Name>
<Val>0</Val>
</I32>
<I32>
<Name></Name>
<Val>0</Val>
</I32>
<I32>
<Name></Name>
<Val>0</Val>
</I32>
<I32>
<Name></Name>
<Val>0</Val>
</I32>
</Array>
</Cluster>
<Array>
<Name>StateNames</Name>
<Dimsize>10</Dimsize>
<String>
<Name>string</Name>
<Val>a</Val>
</String>
<String>
<Name>string</Name>
<Val>b</Val>
</String>
<String>
<Name>string</Name>
<Val>c</Val>
</String>
<String>
<Name>string</Name>
<Val>d</Val>
</String>
<String>
<Name>string</Name>
<Val>e</Val>
</String>
<String>
<Name>string</Name>
<Val>f</Val>
</String>
<String>
<Name>string</Name>
<Val>g</Val>
</String>
<String>
<Name>string</Name>
<Val>h</Val>
</String>
<String>
<Name>string</Name>
<Val>i</Val>
</String>
<String>
<Name>string</Name>
<Val>j</Val>
</String>
</Array>
</Cluster>
</LVData>