<?xml version='1.0' standalone='yes' ?>
<LVData xmlns="http://www.ni.com/LVData">
<Version>10.0.1</Version>
<Cluster>
<Name>ModelData</Name>
<NumElts>7</NumElts>
<Array>
<Name>Transitions</Name>
<Dimsize>10</Dimsize>
<Dimsize>2</Dimsize>
<String>
<Name>string</Name>
<Val>A</Val>
</String>
<String>
<Name>string</Name>
<Val>A</Val>
</String>
<String>
<Name>string</Name>
<Val>B</Val>
</String>
<String>
<Name>string</Name>
<Val>B</Val>
</String>
<String>
<Name>string</Name>
<Val>C</Val>
</String>
<String>
<Name>string</Name>
<Val>C</Val>
</String>
<String>
<Name>string</Name>
<Val>D</Val>
</String>
<String>
<Name>string</Name>
<Val>D</Val>
</String>
<String>
<Name>string</Name>
<Val>E</Val>
</String>
<String>
<Name>string</Name>
<Val>E</Val>
</String>
<String>
<Name>string</Name>
<Val>F</Val>
</String>
<String>
<Name>string</Name>
<Val>F</Val>
</String>
<String>
<Name>string</Name>
<Val>G</Val>
</String>
<String>
<Name>string</Name>
<Val>G</Val>
</String>
<String>
<Name>string</Name>
<Val>H</Val>
</String>
<String>
<Name>string</Name>
<Val>H</Val>
</String>
<String>
<Name>string</Name>
<Val>I</Val>
</String>
<String>
<Name>string</Name>
<Val>I</Val>
</String>
<String>
<Name>string</Name>
<Val>J</Val>
</String>
<String>
<Name>string</Name>
<Val>J</Val>
</String>
</Array>
<Array>
<Name>RealValues</Name>
<Dimsize>10</Dimsize>
<Dimsize>2</Dimsize>
<String>
<Name>string</Name>
<Val>A</Val>
</String>
<String>
<Name>string</Name>
<Val>0,012056</Val>
</String>
<String>
<Name>string</Name>
<Val>B</Val>
</String>
<String>
<Name>string</Name>
<Val>0,861308</Val>
</String>
<String>
<Name>string</Name>
<Val>C</Val>
</String>
<String>
<Name>string</Name>
<Val>0,007082</Val>
</String>
<String>
<Name>string</Name>
<Val>D</Val>
</String>
<String>
<Name>string</Name>
<Val>0,757532</Val>
</String>
<String>
<Name>string</Name>
<Val>E</Val>
</String>
<String>
<Name>string</Name>
<Val>0,811775</Val>
</String>
<String>
<Name>string</Name>
<Val>F</Val>
</String>
<String>
<Name>string</Name>
<Val>0,414707</Val>
</String>
<String>
<Name>string</Name>
<Val>G</Val>
</String>
<String>
<Name>string</Name>
<Val>0,472485</Val>
</String>
<String>
<Name>string</Name>
<Val>H</Val>
</String>
<String>
<Name>string</Name>
<Val>0,090691</Val>
</String>
<String>
<Name>string</Name>
<Val>I</Val>
</String>
<String>
<Name>string</Name>
<Val>0,078831</Val>
</String>
<String>
<Name>string</Name>
<Val>J</Val>
</String>
<String>
<Name>string</Name>
<Val>0,034124</Val>
</String>
</Array>
<Array>
<Name>Times</Name>
<Dimsize>100</Dimsize>
<DBL>
<Name></Name>
<Val>0.00000000000000</Val>
</DBL>
<DBL>
<Name></Name>
<Val>10.00000000000000</Val>
</DBL>
<DBL>
<Name></Name>
<Val>20.00000000000000</Val>
</DBL>
<DBL>
<Name></Name>
<Val>30.00000000000000</Val>
</DBL>
<DBL>
<Name></Name>
<Val>40.00000000000000</Val>
</DBL>
<DBL>
<Name></Name>
<Val>50.00000000000000</Val>
</DBL>
<DBL>
<Name></Name>
<Val>60.00000000000000</Val>
</DBL>
<DBL>
<Name></Name>
<Val>70.00000000000000</Val>
</DBL>
<DBL>
<Name></Name>
<Val>80.00000000000000</Val>
</DBL>
<DBL>
<Name></Name>
<Val>90.00000000000000</Val>
</DBL>
<DBL>
<Name></Name>
<Val>100.00000000000000</Val>
</DBL>
<DBL>
<Name></Name>
<Val>110.00000000000000</Val>
</DBL>
<DBL>
<Name></Name>
<Val>120.00000000000000</Val>
</DBL>
<DBL>
<Name></Name>
<Val>130.00000000000000</Val>
</DBL>
<DBL>
<Name></Name>
<Val>140.00000000000000</Val>
</DBL>
<DBL>
<Name></Name>
<Val>150.00000000000000</Val>
</DBL>
<DBL>
<Name></Name>
<Val>160.00000000000000</Val>
</DBL>
<DBL>
<Name></Name>
<Val>170.00000000000000</Val>
</DBL>
<DBL>
<Name></Name>
<Val>180.00000000000000</Val>
</DBL>
<DBL>
<Name></Name>
<Val>190.00000000000000</Val>
</DBL>
<DBL>
<Name></Name>
<Val>200.00000000000000</Val>
</DBL>
<DBL>
<Name></Name>
<Val>210.00000000000000</Val>
</DBL>
<DBL>
<Name></Name>
<Val>220.00000000000000</Val>
</DBL>
<DBL>
<Name></Name>
<Val>230.00000000000000</Val>
</DBL>
<DBL>
<Name></Name>
<Val>240.00000000000000</Val>
</DBL>
<DBL>
<Name></Name>
<Val>250.00000000000000</Val>
</DBL>
<DBL>
<Name></Name>
<Val>260.00000000000000</Val>
</DBL>
<DBL>
<Name></Name>
<Val>270.00000000000000</Val>
</DBL>
<DBL>
<Name></Name>
<Val>280.00000000000000</Val>
</DBL>
<DBL>
<Name></Name>
<Val>290.00000000000000</Val>
</DBL>
<DBL>
<Name></Name>
<Val>300.00000000000000</Val>
</DBL>
<DBL>
<Name></Name>
<Val>310.00000000000000</Val>
</DBL>
<DBL>
<Name></Name>
<Val>320.00000000000000</Val>
</DBL>
<DBL>
<Name></Name>
<Val>330.00000000000000</Val>
</DBL>
<DBL>
<Name></Name>
<Val>340.00000000000000</Val>
</DBL>
<DBL>
<Name></Name>
<Val>350.00000000000000</Val>
</DBL>
<DBL>
<Name></Name>
<Val>360.00000000000000</Val>
</DBL>
<DBL>
<Name></Name>
<Val>370.00000000000000</Val>
</DBL>
<DBL>
<Name></Name>
<Val>380.00000000000000</Val>
</DBL>
<DBL>
<Name></Name>
<Val>390.00000000000000</Val>
</DBL>
<DBL>
<Name></Name>
<Val>400.00000000000000</Val>
</DBL>
<DBL>
<Name></Name>
<Val>410.00000000000000</Val>
</DBL>
<DBL>
<Name></Name>
<Val>420.00000000000000</Val>
</DBL>
<DBL>
<Name></Name>
<Val>430.00000000000000</Val>
</DBL>
<DBL>
<Name></Name>
<Val>440.00000000000000</Val>
</DBL>
<DBL>
<Name></Name>
<Val>450.00000000000000</Val>
</DBL>
<DBL>
<Name></Name>
<Val>460.00000000000000</Val>
</DBL>
<DBL>
<Name></Name>
<Val>470.00000000000000</Val>
</DBL>
<DBL>
<Name></Name>
<Val>480.00000000000000</Val>
</DBL>
<DBL>
<Name></Name>
<Val>490.00000000000000</Val>
</DBL>
<DBL>
<Name></Name>
<Val>500.00000000000000</Val>
</DBL>
<DBL>
<Name></Name>
<Val>510.00000000000000</Val>
</DBL>
<DBL>
<Name></Name>
<Val>520.00000000000000</Val>
</DBL>
<DBL>
<Name></Name>
<Val>530.00000000000000</Val>
</DBL>
<DBL>
<Name></Name>
<Val>540.00000000000000</Val>
</DBL>
<DBL>
<Name></Name>
<Val>550.00000000000000</Val>
</DBL>
<DBL>
<Name></Name>
<Val>560.00000000000000</Val>
</DBL>
<DBL>
<Name></Name>
<Val>570.00000000000000</Val>
</DBL>
<DBL>
<Name></Name>
<Val>580.00000000000000</Val>
</DBL>
<DBL>
<Name></Name>
<Val>590.00000000000000</Val>
</DBL>
<DBL>
<Name></Name>
<Val>600.00000000000000</Val>
</DBL>
<DBL>
<Name></Name>
<Val>610.00000000000000</Val>
</DBL>
<DBL>
<Name></Name>
<Val>620.00000000000000</Val>
</DBL>
<DBL>
<Name></Name>
<Val>630.00000000000000</Val>
</DBL>
<DBL>
<Name></Name>
<Val>640.00000000000000</Val>
</DBL>
<DBL>
<Name></Name>
<Val>650.00000000000000</Val>
</DBL>
<DBL>
<Name></Name>
<Val>660.00000000000000</Val>
</DBL>
<DBL>
<Name></Name>
<Val>670.00000000000000</Val>
</DBL>
<DBL>
<Name></Name>
<Val>680.00000000000000</Val>
</DBL>
<DBL>
<Name></Name>
<Val>690.00000000000000</Val>
</DBL>
<DBL>
<Name></Name>
<Val>700.00000000000000</Val>
</DBL>
<DBL>
<Name></Name>
<Val>710.00000000000000</Val>
</DBL>
<DBL>
<Name></Name>
<Val>720.00000000000000</Val>
</DBL>
<DBL>
<Name></Name>
<Val>730.00000000000000</Val>
</DBL>
<DBL>
<Name></Name>
<Val>740.00000000000000</Val>
</DBL>
<DBL>
<Name></Name>
<Val>750.00000000000000</Val>
</DBL>
<DBL>
<Name></Name>
<Val>760.00000000000000</Val>
</DBL>
<DBL>
<Name></Name>
<Val>770.00000000000000</Val>
</DBL>
<DBL>
<Name></Name>
<Val>780.00000000000000</Val>
</DBL>
<DBL>
<Name></Name>
<Val>790.00000000000000</Val>
</DBL>
<DBL>
<Name></Name>
<Val>800.00000000000000</Val>
</DBL>
<DBL>
<Name></Name>
<Val>810.00000000000000</Val>
</DBL>
<DBL>
<Name></Name>
<Val>820.00000000000000</Val>
</DBL>
<DBL>
<Name></Name>
<Val>830.00000000000000</Val>
</DBL>
<DBL>
<Name></Name>
<Val>840.00000000000000</Val>
</DBL>
<DBL>
<Name></Name>
<Val>850.00000000000000</Val>
</DBL>
<DBL>
<Name></Name>
<Val>860.00000000000000</Val>
</DBL>
<DBL>
<Name></Name>
<Val>870.00000000000000</Val>
</DBL>
<DBL>
<Name></Name>
<Val>880.00000000000000</Val>
</DBL>
<DBL>
<Name></Name>
<Val>890.00000000000000</Val>
</DBL>
<DBL>
<Name></Name>
<Val>900.00000000000000</Val>
</DBL>
<DBL>
<Name></Name>
<Val>910.00000000000000</Val>
</DBL>
<DBL>
<Name></Name>
<Val>920.00000000000000</Val>
</DBL>
<DBL>
<Name></Name>
<Val>930.00000000000000</Val>
</DBL>
<DBL>
<Name></Name>
<Val>940.00000000000000</Val>
</DBL>
<DBL>
<Name></Name>
<Val>950.00000000000000</Val>
</DBL>
<DBL>
<Name></Name>
<Val>960.00000000000000</Val>
</DBL>
<DBL>
<Name></Name>
<Val>970.00000000000000</Val>
</DBL>
<DBL>
<Name></Name>
<Val>980.00000000000000</Val>
</DBL>
<DBL>
<Name></Name>
<Val>990.00000000000000</Val>
</DBL>
</Array>
<Array>
<Name>RealSolution</Name>
<Dimsize>100</Dimsize>
<Dimsize>10</Dimsize>
<DBL>
<Name></Name>
<Val>1.00000000000000</Val>
</DBL>
<DBL>
<Name></Name>
<Val>0.00000000000000</Val>
</DBL>
<DBL>
<Name></Name>
<Val>0.00000000000000</Val>
</DBL>
<DBL>
<Name></Name>
<Val>0.00000000000000</Val>
</DBL>
<DBL>
<Name></Name>
<Val>0.00000000000000</Val>
</DBL>
<DBL>
<Name></Name>
<Val>0.00000000000000</Val>
</DBL>
<DBL>
<Name></Name>
<Val>0.00000000000000</Val>
</DBL>
<DBL>
<Name></Name>
<Val>0.00000000000000</Val>
</DBL>
<DBL>
<Name></Name>
<Val>0.00000000000000</Val>
</DBL>
<DBL>
<Name></Name>
<Val>0.00000000000000</Val>
</DBL>
<DBL>
<Name></Name>
<Val>8.51530815269802E-2</Val>
</DBL>
<DBL>
<Name></Name>
<Val>9.11051169919966E-2</Val>
</DBL>
<DBL>
<Name></Name>
<Val>0.78697148193128</Val>
</DBL>
<DBL>
<Name></Name>
<Val>1.00313984096216E-2</Val>
</DBL>
<DBL>
<Name></Name>
<Val>1.64907107736318E-2</Val>
</DBL>
<DBL>
<Name></Name>
<Val>1.01167647910994E-2</Val>
</DBL>
<DBL>
<Name></Name>
<Val>7.86822487667755E-5</Val>
</DBL>
<DBL>
<Name></Name>
<Val>5.22191983255120E-5</Val>
</DBL>
<DBL>
<Name></Name>
<Val>5.15320679458897E-7</Val>
</DBL>
<DBL>
<Name></Name>
<Val>2.88076217433707E-8</Val>
</DBL>
<DBL>
<Name></Name>
<Val>7.20194311362537E-2</Val>
</DBL>
<DBL>
<Name></Name>
<Val>8.13343261146156E-2</Val>
</DBL>
<DBL>
<Name></Name>
<Val>0.76299013748122</Val>
</DBL>
<DBL>
<Name></Name>
<Val>1.06823959063324E-2</Val>
</DBL>
<DBL>
<Name></Name>
<Val>4.09460496806524E-2</Val>
</DBL>
<DBL>
<Name></Name>
<Val>3.13349428640946E-2</Val>
</DBL>
<DBL>
<Name></Name>
<Val>3.76249847951623E-4</Val>
</DBL>
<DBL>
<Name></Name>
<Val>3.11962018595728E-4</Val>
</DBL>
<DBL>
<Name></Name>
<Val>3.97842471678781E-6</Val>
</DBL>
<DBL>
<Name></Name>
<Val>5.26525562304154E-7</Val>
</DBL>
<DBL>
<Name></Name>
<Val>6.83942279601807E-2</Val>
</DBL>
<DBL>
<Name></Name>
<Val>7.73162155616412E-2</Val>
</DBL>
<DBL>
<Name></Name>
<Val>0.72633217293954</Val>
</DBL>
<DBL>
<Name></Name>
<Val>1.07246725725911E-2</Val>
</DBL>
<DBL>
<Name></Name>
<Val>6.40245910547289E-2</Val>
</DBL>
<DBL>
<Name></Name>
<Val>5.18410427231994E-2</Val>
</DBL>
<DBL>
<Name></Name>
<Val>7.22778450548021E-4</Val>
</DBL>
<DBL>
<Name></Name>
<Val>6.33942938926655E-4</Val>
</DBL>
<DBL>
<Name></Name>
<Val>8.65487018948564E-6</Val>
</DBL>
<DBL>
<Name></Name>
<Val>1.70092845798398E-6</Val>
</DBL>
<DBL>
<Name></Name>
<Val>6.51086858223586E-2</Val>
</DBL>
<DBL>
<Name></Name>
<Val>7.36075100384570E-2</Val>
</DBL>
<DBL>
<Name></Name>
<Val>0.69158381249957</Val>
</DBL>
<DBL>
<Name></Name>
<Val>1.07539687549072E-2</Val>
</DBL>
<DBL>
<Name></Name>
<Val>8.57547289746904E-2</Val>
</DBL>
<DBL>
<Name></Name>
<Val>7.11641674549211E-2</Val>
</DBL>
<DBL>
<Name></Name>
<Val>1.06008806338391E-3</Val>
</DBL>
<DBL>
<Name></Name>
<Val>9.50453200482668E-4</Val>
</DBL>
<DBL>
<Name></Name>
<Val>1.33492444450109E-5</Val>
</DBL>
<DBL>
<Name></Name>
<Val>3.23594678214145E-6</Val>
</DBL>
<DBL>
<Name></Name>
<Val>6.20149509492215E-2</Val>
</DBL>
<DBL>
<Name></Name>
<Val>7.01142770496059E-2</Val>
</DBL>
<DBL>
<Name></Name>
<Val>0.65884041215561</Val>
</DBL>
<DBL>
<Name></Name>
<Val>1.07813319380287E-2</Val>
</DBL>
<DBL>
<Name></Name>
<Val>0.10622648664790</Val>
</DBL>
<DBL>
<Name></Name>
<Val>8.93694826489988E-2</Val>
</DBL>
<DBL>
<Name></Name>
<Val>1.37959603417889E-3</Val>
</DBL>
<DBL>
<Name></Name>
<Val>1.25074503763739E-3</Val>
</DBL>
<DBL>
<Name></Name>
<Val>1.78338143579618E-5</Val>
</DBL>
<DBL>
<Name></Name>
<Val>4.88372446781480E-6</Val>
</DBL>
<DBL>
<Name></Name>
<Val>5.91000268086363E-2</Val>
</DBL>
<DBL>
<Name></Name>
<Val>6.68229291944698E-2</Val>
</DBL>
<DBL>
<Name></Name>
<Val>0.62798914791492</Val>
</DBL>
<DBL>
<Name></Name>
<Val>1.08070967938234E-2</Val>
</DBL>
<DBL>
<Name></Name>
<Val>0.12551474973910</Val>
</DBL>
<DBL>
<Name></Name>
<Val>0.10652250248839</Val>
</DBL>
<DBL>
<Name></Name>
<Val>1.68091874988099E-3</Val>
</DBL>
<DBL>
<Name></Name>
<Val>1.53402824305116E-3</Val>
</DBL>
<DBL>
<Name></Name>
<Val>2.20758790223702E-5</Val>
</DBL>
<DBL>
<Name></Name>
<Val>6.52418869925809E-6</Val>
</DBL>
<DBL>
<Name></Name>
<Val>5.63535510526124E-2</Val>
</DBL>
<DBL>
<Name></Name>
<Val>6.37217823227440E-2</Val>
</DBL>
<DBL>
<Name></Name>
<Val>0.59892071816400</Val>
</DBL>
<DBL>
<Name></Name>
<Val>1.08313697179593E-2</Val>
</DBL>
<DBL>
<Name></Name>
<Val>0.14368828067115</Val>
</DBL>
<DBL>
<Name></Name>
<Val>0.12268422463275</Val>
</DBL>
<DBL>
<Name></Name>
<Val>1.96488082157390E-3</Val>
</DBL>
<DBL>
<Name></Name>
<Val>1.80100690979645E-3</Val>
</DBL>
<DBL>
<Name></Name>
<Val>2.60784199456933E-5</Val>
</DBL>
<DBL>
<Name></Name>
<Val>8.10728746558956E-6</Val>
</DBL>
<DBL>
<Name></Name>
<Val>5.37657887870997E-2</Val>
</DBL>
<DBL>
<Name></Name>
<Val>6.07998446821350E-2</Val>
</DBL>
<DBL>
<Name></Name>
<Val>0.57153209608524</Val>
</DBL>
<DBL>
<Name></Name>
<Val>1.08542391775710E-2</Val>
</DBL>
<DBL>
<Name></Name>
<Val>0.16081157099929</Val>
</DBL>
<DBL>
<Name></Name>
<Val>0.13791197500373</Val>
</DBL>
<DBL>
<Name></Name>
<Val>2.23244550627350E-3</Val>
</DBL>
<DBL>
<Name></Name>
<Val>2.05257323425977E-3</Val>
</DBL>
<DBL>
<Name></Name>
<Val>2.98518157101297E-5</Val>
</DBL>
<DBL>
<Name></Name>
<Val>9.61470869058042E-6</Val>
</DBL>
<DBL>
<Name></Name>
<Val>5.13275682215101E-2</Val>
</DBL>
<DBL>
<Name></Name>
<Val>5.80467600772060E-2</Val>
</DBL>
<DBL>
<Name></Name>
<Val>0.54572620861797</Val>
</DBL>
<DBL>
<Name></Name>
<Val>1.08757868004911E-2</Val>
</DBL>
<DBL>
<Name></Name>
<Val>0.17694533053056</Val>
</DBL>
<DBL>
<Name></Name>
<Val>0.15225973729968</Val>
</DBL>
<DBL>
<Name></Name>
<Val>2.48455183557648E-3</Val>
</DBL>
<DBL>
<Name></Name>
<Val>2.28960691470821E-3</Val>
</DBL>
<DBL>
<Name></Name>
<Val>3.34080286166358E-5</Val>
</DBL>
<DBL>
<Name></Name>
<Val>1.10416736770087E-5</Val>
</DBL>
<DBL>
<Name></Name>
<Val>4.90302476212233E-2</Val>
</DBL>
<DBL>
<Name></Name>
<Val>5.54527708093486E-2</Val>
</DBL>
<DBL>
<Name></Name>
<Val>0.52141159254451</Val>
</DBL>
<DBL>
<Name></Name>
<Val>1.08960891320901E-2</Val>
</DBL>
<DBL>
<Name></Name>
<Val>0.19214674820842</Val>
</DBL>
<DBL>
<Name></Name>
<Val>0.16577836817440</Val>
</DBL>
<DBL>
<Name></Name>
<Val>2.72209076587057E-3</Val>
</DBL>
<DBL>
<Name></Name>
<Val>2.51294467047184E-3</Val>
</DBL>
<DBL>
<Name></Name>
<Val>3.67590978014777E-5</Val>
</DBL>
<DBL>
<Name></Name>
<Val>1.23889758656823E-5</Val>
</DBL>
<DBL>
<Name></Name>
<Val>4.68656846496618E-2</Val>
</DBL>
<DBL>
<Name></Name>
<Val>5.30086830672678E-2</Val>
</DBL>
<DBL>
<Name></Name>
<Val>0.49850207019096</Val>
</DBL>
<DBL>
<Name></Name>
<Val>1.09152181929716E-2</Val>
</DBL>
<DBL>
<Name></Name>
<Val>0.20646970443567</Val>
</DBL>
<DBL>
<Name></Name>
<Val>0.17851578299605</Val>
</DBL>
<DBL>
<Name></Name>
<Val>2.94590331565470E-3</Val>
</DBL>
<DBL>
<Name></Name>
<Val>2.72337688796094E-3</Val>
</DBL>
<DBL>
<Name></Name>
<Val>3.99166671059632E-5</Val>
</DBL>
<DBL>
<Name></Name>
<Val>1.36595967002043E-5</Val>
</DBL>
<DBL>
<Name></Name>
<Val>4.48262075031408E-2</Val>
</DBL>
<DBL>
<Name></Name>
<Val>5.07058343352482E-2</Val>
</DBL>
<DBL>
<Name></Name>
<Val>0.47691644394612</Val>
</DBL>
<DBL>
<Name></Name>
<Val>1.09332418070034E-2</Val>
</DBL>
<DBL>
<Name></Name>
<Val>0.21996496465217</Val>
</DBL>
<DBL>
<Name></Name>
<Val>0.19051712730946</Val>
</DBL>
<DBL>
<Name></Name>
<Val>3.15678239578658E-3</Val>
</DBL>
<DBL>
<Name></Name>
<Val>2.92164893522675E-3</Val>
</DBL>
<DBL>
<Name></Name>
<Val>4.28918304081835E-5</Val>
</DBL>
<DBL>
<Name></Name>
<Val>1.48572854365789E-5</Val>
</DBL>
<DBL>
<Name></Name>
<Val>4.29045877176932E-2</Val>
</DBL>
<DBL>
<Name></Name>
<Val>4.85360626886102E-2</Val>
</DBL>
<DBL>
<Name></Name>
<Val>0.45657820845868</Val>
</DBL>
<DBL>
<Name></Name>
<Val>1.09502238651837E-2</Val>
</DBL>
<DBL>
<Name></Name>
<Val>0.23268036014341</Val>
</DBL>
<DBL>
<Name></Name>
<Val>0.20182493743069</Val>
</DBL>
<DBL>
<Name></Name>
<Val>3.35547528000323E-3</Val>
</DBL>
<DBL>
<Name></Name>
<Val>3.10846335409497E-3</Val>
</DBL>
<DBL>
<Name></Name>
<Val>4.56950916508094E-5</Val>
</DBL>
<DBL>
<Name></Name>
<Val>1.59859699865204E-5</Val>
</DBL>
<DBL>
<Name></Name>
<Val>4.10940145485658E-2</Val>
</DBL>
<DBL>
<Name></Name>
<Val>4.64916778647525E-2</Val>
</DBL>
<DBL>
<Name></Name>
<Val>0.43741527947484</Val>
</DBL>
<DBL>
<Name></Name>
<Val>1.09662245608925E-2</Val>
</DBL>
<DBL>
<Name></Name>
<Val>0.24466095790613</Val>
</DBL>
<DBL>
<Name></Name>
<Val>0.21247929143851</Val>
</DBL>
<DBL>
<Name></Name>
<Val>3.54268613220650E-3</Val>
</DBL>
<DBL>
<Name></Name>
<Val>3.28448218743612E-3</Val>
</DBL>
<DBL>
<Name></Name>
<Val>4.83363692013936E-5</Val>
</DBL>
<DBL>
<Name></Name>
<Val>1.70495174605030E-5</Val>
</DBL>
<DBL>
<Name></Name>
<Val>3.93880708307330E-2</Val>
</DBL>
<DBL>
<Name></Name>
<Val>4.45654340064077E-2</Val>
</DBL>
<DBL>
<Name></Name>
<Val>0.41935973834937</Val>
</DBL>
<DBL>
<Name></Name>
<Val>1.09813006067752E-2</Val>
</DBL>
<DBL>
<Name></Name>
<Val>0.25594922051545</Val>
</DBL>
<DBL>
<Name></Name>
<Val>0.22251795131702</Val>
</DBL>
<DBL>
<Name></Name>
<Val>3.71907845447644E-3</Val>
</DBL>
<DBL>
<Name></Name>
<Val>3.45032926116495E-3</Val>
</DBL>
<DBL>
<Name></Name>
<Val>5.08250172594023E-5</Val>
</DBL>
<DBL>
<Name></Name>
<Val>1.80516413505742E-5</Val>
</DBL>
<DBL>
<Name></Name>
<Val>3.77807102345702E-2</Val>
</DBL>
<DBL>
<Name></Name>
<Val>4.27505039802012E-2</Val>
</DBL>
<DBL>
<Name></Name>
<Val>0.40234759132227</Val>
</DBL>
<DBL>
<Name></Name>
<Val>1.09955054372110E-2</Val>
</DBL>
<DBL>
<Name></Name>
<Val>0.26658515668083</Val>
</DBL>
<DBL>
<Name></Name>
<Val>0.23197649683389</Val>
</DBL>
<DBL>
<Name></Name>
<Val>3.88527741912373E-3</Val>
</DBL>
<DBL>
<Name></Name>
<Val>3.60659236874555E-3</Val>
</DBL>
<DBL>
<Name></Name>
<Val>5.31698532425383E-5</Val>
</DBL>
<DBL>
<Name></Name>
<Val>1.89958699148856E-5</Val>
</DBL>
<DBL>
<Name></Name>
<Val>3.62662358359521E-2</Val>
</DBL>
<DBL>
<Name></Name>
<Val>4.10404551793669E-2</Val>
</DBL>
<DBL>
<Name></Name>
<Val>0.38631854270701</Val>
</DBL>
<DBL>
<Name></Name>
<Val>1.10088893983118E-2</Val>
</DBL>
<DBL>
<Name></Name>
<Val>0.27660646307175</Val>
</DBL>
<DBL>
<Name></Name>
<Val>0.24088845166138</Val>
</DBL>
<DBL>
<Name></Name>
<Val>4.04187207631358E-3</Val>
</DBL>
<DBL>
<Name></Name>
<Val>3.75382534343994E-3</Val>
</DBL>
<DBL>
<Name></Name>
<Val>5.53791866154405E-5</Val>
</DBL>
<DBL>
<Name></Name>
<Val>1.98855398617127E-5</Val>
</DBL>
<DBL>
<Name></Name>
<Val>3.48392799247752E-2</Val>
</DBL>
<DBL>
<Name></Name>
<Val>3.94292267248090E-2</Val>
</DBL>
<DBL>
<Name></Name>
<Val>0.37121578118592</Val>
</DBL>
<DBL>
<Name></Name>
<Val>1.10214999266188E-2</Val>
</DBL>
<DBL>
<Name></Name>
<Val>0.28604865793496</Val>
</DBL>
<DBL>
<Name></Name>
<Val>0.24928540220032</Val>
</DBL>
<DBL>
<Name></Name>
<Val>4.18941743840242E-3</Val>
</DBL>
<DBL>
<Name></Name>
<Val>3.89255001661223E-3</Val>
</DBL>
<DBL>
<Name></Name>
<Val>5.74608473226506E-5</Val>
</DBL>
<DBL>
<Name></Name>
<Val>2.07238002647661E-5</Val>
</DBL>
<DBL>
<Name></Name>
<Val>3.34947849803195E-2</Val>
</DBL>
<DBL>
<Name></Name>
<Val>3.79111079836840E-2</Val>
</DBL>
<DBL>
<Name></Name>
<Val>0.35698577845535</Val>
</DBL>
<DBL>
<Name></Name>
<Val>1.10333817173385E-2</Val>
</DBL>
<DBL>
<Name></Name>
<Val>0.29494520698506</Val>
</DBL>
<DBL>
<Name></Name>
<Val>0.25719710953382</Val>
</DBL>
<DBL>
<Name></Name>
<Val>4.32843644561804E-3</Val>
</DBL>
<DBL>
<Name></Name>
<Val>4.02325806529627E-3</Val>
</DBL>
<DBL>
<Name></Name>
<Val>5.94222131122061E-5</Val>
</DBL>
<DBL>
<Name></Name>
<Val>2.15136203992760E-5</Val>
</DBL>
<DBL>
<Name></Name>
<Val>3.22279857460119E-2</Val>
</DBL>
<DBL>
<Name></Name>
<Val>3.64807183293562E-2</Val>
</DBL>
<DBL>
<Name></Name>
<Val>0.34357809950675</Val>
</DBL>
<DBL>
<Name></Name>
<Val>1.10445768827996E-2</Val>
</DBL>
<DBL>
<Name></Name>
<Val>0.30332764201788</Val>
</DBL>
<DBL>
<Name></Name>
<Val>0.26465161490992</Val>
</DBL>
<DBL>
<Name></Name>
<Val>4.45942181889948E-3</Val>
</DBL>
<DBL>
<Name></Name>
<Val>4.14641275401599E-3</Val>
</DBL>
<DBL>
<Name></Name>
<Val>6.12702355045582E-5</Val>
</DBL>
<DBL>
<Name></Name>
<Val>2.22577988683216E-5</Val>
</DBL>
<DBL>
<Name></Name>
<Val>3.10343923400559E-2</Val>
</DBL>
<DBL>
<Name></Name>
<Val>3.51329880709885E-2</Val>
</DBL>
<DBL>
<Name></Name>
<Val>0.33094522387119</Val>
</DBL>
<DBL>
<Name></Name>
<Val>1.10551251017303E-2</Val>
</DBL>
<DBL>
<Name></Name>
<Val>0.31122567266847</Val>
</DBL>
<DBL>
<Name></Name>
<Val>0.27167533912793</Val>
</DBL>
<DBL>
<Name></Name>
<Val>4.58283780598095E-3</Val>
</DBL>
<DBL>
<Name></Name>
<Val>4.26245057637764E-3</Val>
</DBL>
<DBL>
<Name></Name>
<Val>6.30114643550680E-5</Val>
</DBL>
<DBL>
<Name></Name>
<Val>2.29589729344126E-5</Val>
</DBL>
<DBL>
<Name></Name>
<Val>2.99097743420661E-2</Val>
</DBL>
<DBL>
<Name></Name>
<Val>3.38631404851752E-2</Val>
</DBL>
<DBL>
<Name></Name>
<Val>0.31904237719390</Val>
</DBL>
<DBL>
<Name></Name>
<Val>1.10650637598979E-2</Val>
</DBL>
<DBL>
<Name></Name>
<Val>0.31866729171049</Val>
</DBL>
<DBL>
<Name></Name>
<Val>0.27829317618113</Val>
</DBL>
<DBL>
<Name></Name>
<Val>4.69912182670589E-3</Val>
</DBL>
<DBL>
<Name></Name>
<Val>4.37178280197783E-3</Val>
</DBL>
<DBL>
<Name></Name>
<Val>6.46520710367099E-5</Val>
</DBL>
<DBL>
<Name></Name>
<Val>2.36196276197593E-5</Val>
</DBL>
<DBL>
<Name></Name>
<Val>2.88501457993046E-2</Val>
</DBL>
<DBL>
<Name></Name>
<Val>3.26666748859322E-2</Val>
</DBL>
<DBL>
<Name></Name>
<Val>0.30782737254173</Val>
</DBL>
<DBL>
<Name></Name>
<Val>1.10744280826179E-2</Val>
</DBL>
<DBL>
<Name></Name>
<Val>0.32567887427038</Val>
</DBL>
<DBL>
<Name></Name>
<Val>0.28452858148802</Val>
</DBL>
<DBL>
<Name></Name>
<Val>4.80868602331738E-3</Val>
</DBL>
<DBL>
<Name></Name>
<Val>4.47479693399439E-3</Val>
</DBL>
<DBL>
<Name></Name>
<Val>6.61978702997462E-5</Val>
</DBL>
<DBL>
<Name></Name>
<Val>2.42421044100897E-5</Val>
</DBL>
<DBL>
<Name></Name>
<Val>2.78517510993783E-2</Val>
</DBL>
<DBL>
<Name></Name>
<Val>3.15393506730383E-2</Val>
</DBL>
<DBL>
<Name></Name>
<Val>0.29726046088116</Val>
</DBL>
<DBL>
<Name></Name>
<Val>1.10832512596032E-2</Val>
</DBL>
<DBL>
<Name></Name>
<Val>0.33228527130799</Val>
</DBL>
<DBL>
<Name></Name>
<Val>0.29040365502469</Val>
</DBL>
<DBL>
<Name></Name>
<Val>4.91191872118376E-3</Val>
</DBL>
<DBL>
<Name></Name>
<Val>4.57185808257778E-3</Val>
</DBL>
<DBL>
<Name></Name>
<Val>6.76543408751743E-5</Val>
</DBL>
<DBL>
<Name></Name>
<Val>2.48286095098931E-5</Val>
</DBL>
<DBL>
<Name></Name>
<Val>2.69110516593243E-2</Val>
</DBL>
<DBL>
<Name></Name>
<Val>3.04771723021926E-2</Val>
</DBL>
<DBL>
<Name></Name>
<Val>0.28730419019690</Val>
</DBL>
<DBL>
<Name></Name>
<Val>1.10915645625985E-2</Val>
</DBL>
<DBL>
<Name></Name>
<Val>0.33850989769523</Val>
</DBL>
<DBL>
<Name></Name>
<Val>0.29593921965321</Val>
</DBL>
<DBL>
<Name></Name>
<Val>5.00918580512166E-3</Val>
</DBL>
<DBL>
<Name></Name>
<Val>4.66331025889024E-3</Val>
</DBL>
<DBL>
<Name></Name>
<Val>6.90266448904835E-5</Val>
</DBL>
<DBL>
<Name></Name>
<Val>2.53812216434759E-5</Val>
</DBL>
<DBL>
<Name></Name>
<Val>2.60247133839074E-2</Val>
</DBL>
<DBL>
<Name></Name>
<Val>2.94763751237162E-2</Val>
</DBL>
<DBL>
<Name></Name>
<Val>0.27792327275173</Val>
</DBL>
<DBL>
<Name></Name>
<Val>1.10993974562158E-2</Val>
</DBL>
<DBL>
<Name></Name>
<Val>0.34437481520476</Val>
</DBL>
<DBL>
<Name></Name>
<Val>0.30115489492353</Val>
</DBL>
<DBL>
<Name></Name>
<Val>5.10083201618826E-3</Val>
</DBL>
<DBL>
<Name></Name>
<Val>4.74947759437064E-3</Val>
</DBL>
<DBL>
<Name></Name>
<Val>7.03196461646508E-5</Val>
</DBL>
<DBL>
<Name></Name>
<Val>2.59018994148214E-5</Val>
</DBL>
<DBL>
<Name></Name>
<Val>2.51895948486781E-2</Val>
</DBL>
<DBL>
<Name></Name>
<Val>2.85334120396074E-2</Val>
</DBL>
<DBL>
<Name></Name>
<Val>0.26908446001712</Val>
</DBL>
<DBL>
<Name></Name>
<Val>1.11067777023653E-2</Val>
</DBL>
<DBL>
<Name></Name>
<Val>0.34990081070292</Val>
</DBL>
<DBL>
<Name></Name>
<Val>0.30606916661053</Val>
</DBL>
<DBL>
<Name></Name>
<Val>5.18718217353612E-3</Val>
</DBL>
<DBL>
<Name></Name>
<Val>4.83066548954277E-3</Val>
</DBL>
<DBL>
<Name></Name>
<Val>7.15379274464241E-5</Val>
</DBL>
<DBL>
<Name></Name>
<Val>2.63924882461765E-5</Val>
</DBL>
<DBL>
<Name></Name>
<Val>2.44027361659078E-2</Val>
</DBL>
<DBL>
<Name></Name>
<Val>2.76449409316595E-2</Val>
</DBL>
<DBL>
<Name></Name>
<Val>0.26075642483144</Val>
</DBL>
<DBL>
<Name></Name>
<Val>1.11137314586510E-2</Val>
</DBL>
<DBL>
<Name></Name>
<Val>0.35510746982406</Val>
</DBL>
<DBL>
<Name></Name>
<Val>0.31069945223261</Val>
</DBL>
<DBL>
<Name></Name>
<Val>5.26854232566024E-3</Val>
</DBL>
<DBL>
<Name></Name>
<Val>4.90716169643719E-3</Val>
</DBL>
<DBL>
<Name></Name>
<Val>7.26858066566577E-5</Val>
</DBL>
<DBL>
<Name></Name>
<Val>2.68547269173706E-5</Val>
</DBL>
<DBL>
<Name></Name>
<Val>2.36613484939395E-2</Val>
</DBL>
<DBL>
<Name></Name>
<Val>2.68078128160830E-2</Val>
</DBL>
<DBL>
<Name></Name>
<Val>0.25290965036789</Val>
</DBL>
<DBL>
<Name></Name>
<Val>1.11202833710807E-2</Val>
</DBL>
<DBL>
<Name></Name>
<Val>0.36001324638733</Val>
</DBL>
<DBL>
<Name></Name>
<Val>0.31506216278417</Val>
</DBL>
<DBL>
<Name></Name>
<Val>5.34520083511708E-3</Val>
</DBL>
<DBL>
<Name></Name>
<Val>4.97923733846260E-3</Val>
</DBL>
<DBL>
<Name></Name>
<Val>7.37673521921272E-5</Val>
</DBL>
<DBL>
<Name></Name>
<Val>2.72902537279523E-5</Val>
</DBL>
<DBL>
<Name></Name>
<Val>2.29628041527737E-2</Val>
</DBL>
<DBL>
<Name></Name>
<Val>2.60190606826488E-2</Val>
</DBL>
<DBL>
<Name></Name>
<Val>0.24551632551888</Val>
</DBL>
<DBL>
<Name></Name>
<Val>1.11264566614181E-2</Val>
</DBL>
<DBL>
<Name></Name>
<Val>0.36463552780214</Val>
</DBL>
<DBL>
<Name></Name>
<Val>0.31917276090059</Val>
</DBL>
<DBL>
<Name></Name>
<Val>5.41742940055997E-3</Val>
</DBL>
<DBL>
<Name></Name>
<Val>5.04714787134093E-3</Val>
</DBL>
<DBL>
<Name></Name>
<Val>7.47863973450061E-5</Val>
</DBL>
<DBL>
<Name></Name>
<Val>2.77006123035295E-5</Val>
</DBL>
<DBL>
<Name></Name>
<Val>2.23046273108532E-2</Val>
</DBL>
<DBL>
<Name></Name>
<Val>2.52758889787948E-2</Val>
</DBL>
<DBL>
<Name></Name>
<Val>0.23855024632583</Val>
</DBL>
<DBL>
<Name></Name>
<Val>1.11322732094867E-2</Val>
</DBL>
<DBL>
<Name></Name>
<Val>0.36899069669376</Val>
</DBL>
<DBL>
<Name></Name>
<Val>0.32304581566209</Val>
</DBL>
<DBL>
<Name></Name>
<Val>5.48548401971316E-3</Val>
</DBL>
<DBL>
<Name></Name>
<Val>5.11113398851198E-3</Val>
</DBL>
<DBL>
<Name></Name>
<Val>7.57465538890844E-5</Val>
</DBL>
<DBL>
<Name></Name>
<Val>2.80872570666978E-5</Val>
</DBL>
<DBL>
<Name></Name>
<Val>2.16844852100418E-2</Val>
</DBL>
<DBL>
<Name></Name>
<Val>2.45756637014259E-2</Val>
</DBL>
<DBL>
<Name></Name>
<Val>0.23198672310525</Val>
</DBL>
<DBL>
<Name></Name>
<Val>1.11377536307186E-2</Val>
</DBL>
<DBL>
<Name></Name>
<Val>0.37309418896789</Val>
</DBL>
<DBL>
<Name></Name>
<Val>0.32669505423048</Val>
</DBL>
<DBL>
<Name></Name>
<Val>5.54960589669752E-3</Val>
</DBL>
<DBL>
<Name></Name>
<Val>5.17142247421657E-3</Val>
</DBL>
<DBL>
<Name></Name>
<Val>7.66512248808749E-5</Val>
</DBL>
<DBL>
<Name></Name>
<Val>2.84515583918690E-5</Val>
</DBL>
<DBL>
<Name></Name>
<Val>2.11001798976937E-2</Val>
</DBL>
<DBL>
<Name></Name>
<Val>2.39159030612891E-2</Val>
</DBL>
<DBL>
<Name></Name>
<Val>0.22580249294173</Val>
</DBL>
<DBL>
<Name></Name>
<Val>1.11429173492204E-2</Val>
</DBL>
<DBL>
<Name></Name>
<Val>0.37696054851971</Val>
</DBL>
<DBL>
<Name></Name>
<Val>0.33013341050196</Val>
</DBL>
<DBL>
<Name></Name>
<Val>5.61002229692365E-3</Val>
</DBL>
<DBL>
<Name></Name>
<Val>5.22822700728170E-3</Val>
</DBL>
<DBL>
<Name></Name>
<Val>7.75036167209699E-5</Val>
</DBL>
<DBL>
<Name></Name>
<Val>2.87948074622325E-5</Val>
</DBL>
<DBL>
<Name></Name>
<Val>2.05496404365096E-2</Val>
</DBL>
<DBL>
<Name></Name>
<Val>2.32942686868356E-2</Val>
</DBL>
<DBL>
<Name></Name>
<Val>0.21997563723785</Val>
</DBL>
<DBL>
<Name></Name>
<Val>1.11477826666180E-2</Val>
</DBL>
<DBL>
<Name></Name>
<Val>0.38060347878138</Val>
</DBL>
<DBL>
<Name></Name>
<Val>0.33337307094840</Val>
</DBL>
<DBL>
<Name></Name>
<Val>5.66694735258251E-3</Val>
</DBL>
<DBL>
<Name></Name>
<Val>5.28174891845656E-3</Val>
</DBL>
<DBL>
<Name></Name>
<Val>7.83067505183984E-5</Val>
</DBL>
<DBL>
<Name></Name>
<Val>2.91182208460540E-5</Val>
</DBL>
<DBL>
<Name></Name>
<Val>2.00309155645709E-2</Val>
</DBL>
<DBL>
<Name></Name>
<Val>2.27085573363948E-2</Val>
</DBL>
<DBL>
<Name></Name>
<Val>0.21448550402869</Val>
</DBL>
<DBL>
<Name></Name>
<Val>1.11523668269225E-2</Val>
</DBL>
<DBL>
<Name></Name>
<Val>0.38403589129073</Val>
</DBL>
<DBL>
<Name></Name>
<Val>0.33642551780951</Val>
</DBL>
<DBL>
<Name></Name>
<Val>5.72058282158819E-3</Val>
</DBL>
<DBL>
<Name></Name>
<Val>5.33217790398356E-3</Val>
</DBL>
<DBL>
<Name></Name>
<Val>7.90634727982597E-5</Val>
</DBL>
<DBL>
<Name></Name>
<Val>2.94229448085214E-5</Val>
</DBL>
<DBL>
<Name></Name>
<Val>1.95421667795354E-2</Val>
</DBL>
<DBL>
<Name></Name>
<Val>2.21566930892852E-2</Val>
</DBL>
<DBL>
<Name></Name>
<Val>0.20931263478564</Val>
</DBL>
<DBL>
<Name></Name>
<Val>1.11566860776475E-2</Val>
</DBL>
<DBL>
<Name></Name>
<Val>0.38726995145334</Val>
</DBL>
<DBL>
<Name></Name>
<Val>0.33930156978900</Val>
</DBL>
<DBL>
<Name></Name>
<Val>5.77111880266301E-3</Val>
</DBL>
<DBL>
<Name></Name>
<Val>5.37969269793353E-3</Val>
</DBL>
<DBL>
<Name></Name>
<Val>7.97764655905837E-5</Val>
</DBL>
<DBL>
<Name></Name>
<Val>2.97100593744198E-5</Val>
</DBL>
<DBL>
<Name></Name>
<Val>1.90816618224839E-2</Val>
</DBL>
<DBL>
<Name></Name>
<Val>2.16367199881859E-2</Val>
</DBL>
<DBL>
<Name></Name>
<Val>0.20443869545004</Val>
</DBL>
<DBL>
<Name></Name>
<Val>1.11607557273951E-2</Val>
</DBL>
<DBL>
<Name></Name>
<Val>0.39031712165996</Val>
</DBL>
<DBL>
<Name></Name>
<Val>0.34201142039905</Val>
</DBL>
<DBL>
<Name></Name>
<Val>5.81873440909921E-3</Val>
</DBL>
<DBL>
<Name></Name>
<Val>5.42446170568800E-3</Val>
</DBL>
<DBL>
<Name></Name>
<Val>8.04482559361769E-5</Val>
</DBL>
<DBL>
<Name></Name>
<Val>2.99805821560332E-5</Val>
</DBL>
<DBL>
<Name></Name>
<Val>1.86477685383223E-2</Val>
</DBL>
<DBL>
<Name></Name>
<Val>2.11467951066902E-2</Val>
</DBL>
<DBL>
<Name></Name>
<Val>0.19984641145236</Val>
</DBL>
<DBL>
<Name></Name>
<Val>1.11645902001131E-2</Val>
</DBL>
<DBL>
<Name></Name>
<Val>0.39318820191241</Val>
</DBL>
<DBL>
<Name></Name>
<Val>0.34456467408890</Val>
</DBL>
<DBL>
<Name></Name>
<Val>5.86359840358522E-3</Val>
</DBL>
<DBL>
<Name></Name>
<Val>5.46664360081377E-3</Val>
</DBL>
<DBL>
<Name></Name>
<Val>8.10812248431431E-5</Val>
</DBL>
<DBL>
<Name></Name>
<Val>3.02354719598397E-5</Val>
</DBL>
<DBL>
<Name></Name>
<Val>1.82389490909794E-2</Val>
</DBL>
<DBL>
<Name></Name>
<Val>2.06851820174725E-2</Val>
</DBL>
<DBL>
<Name></Name>
<Val>0.19551950648630</Val>
</DBL>
<DBL>
<Name></Name>
<Val>1.11682030862182E-2</Val>
</DBL>
<DBL>
<Name></Name>
<Val>0.39589336810173</Val>
</DBL>
<DBL>
<Name></Name>
<Val>0.34697038028559</Val>
</DBL>
<DBL>
<Name></Name>
<Val>5.90586979634672E-3</Val>
</DBL>
<DBL>
<Name></Name>
<Val>5.50638788744525E-3</Val>
</DBL>
<DBL>
<Name></Name>
<Val>8.16776157258258E-5</Val>
</DBL>
<DBL>
<Name></Name>
<Val>3.04756321847828E-5</Val>
</DBL>
<DBL>
<Name></Name>
<Val>1.78537545128961E-2</Val>
</DBL>
<DBL>
<Name></Name>
<Val>2.02502446379163E-2</Val>
</DBL>
<DBL>
<Name></Name>
<Val>0.19144264482123</Val>
</DBL>
<DBL>
<Name></Name>
<Val>1.11716071907636E-2</Val>
</DBL>
<DBL>
<Name></Name>
<Val>0.39844220807428</Val>
</DBL>
<DBL>
<Name></Name>
<Val>0.34923706546764</Val>
</DBL>
<DBL>
<Name></Name>
<Val>5.94569840872215E-3</Val>
</DBL>
<DBL>
<Name></Name>
<Val>5.54383543016792E-3</Val>
</DBL>
<DBL>
<Name></Name>
<Val>8.22395423560797E-5</Val>
</DBL>
<DBL>
<Name></Name>
<Val>3.07019140241635E-5</Val>
</DBL>
<DBL>
<Name></Name>
<Val>1.74908195694899E-2</Val>
</DBL>
<DBL>
<Name></Name>
<Val>1.98404414313916E-2</Val>
</DBL>
<DBL>
<Name></Name>
<Val>0.18760137694813</Val>
</DBL>
<DBL>
<Name></Name>
<Val>1.11748145788236E-2</Val>
</DBL>
<DBL>
<Name></Name>
<Val>0.40084375561368</Val>
</DBL>
<DBL>
<Name></Name>
<Val>0.35137276338520</Val>
</DBL>
<DBL>
<Name></Name>
<Val>5.98322540417041E-3</Val>
</DBL>
<DBL>
<Name></Name>
<Val>5.57911895328080E-3</Val>
</DBL>
<DBL>
<Name></Name>
<Val>8.27689963550546E-5</Val>
</DBL>
<DBL>
<Name></Name>
<Val>3.09151194825014E-5</Val>
</DBL>
<DBL>
<Name></Name>
<Val>1.71488579203912E-2</Val>
</DBL>
<DBL>
<Name></Name>
<Val>1.94543199436286E-2</Val>
</DBL>
<DBL>
<Name></Name>
<Val>0.18398208836657</Val>
</DBL>
<DBL>
<Name></Name>
<Val>1.11778366182558E-2</Val>
</DBL>
<DBL>
<Name></Name>
<Val>0.40310652245904</Val>
</DBL>
<DBL>
<Name></Name>
<Val>0.35338504353384</Val>
</DBL>
<DBL>
<Name></Name>
<Val>6.01858378859262E-3</Val>
</DBL>
<DBL>
<Name></Name>
<Val>5.61236351120751E-3</Val>
</DBL>
<DBL>
<Name></Name>
<Val>8.32678542520436E-5</Val>
</DBL>
<DBL>
<Name></Name>
<Val>3.11160042180570E-5</Val>
</DBL>
<DBL>
<Name></Name>
<Val>1.68266575603022E-2</Val>
</DBL>
<DBL>
<Name></Name>
<Val>1.90905116548244E-2</Val>
</DBL>
<DBL>
<Name></Name>
<Val>0.18057195133128</Val>
</DBL>
<DBL>
<Name></Name>
<Val>1.11806840199916E-2</Val>
</DBL>
<DBL>
<Name></Name>
<Val>0.40523852847285</Val>
</DBL>
<DBL>
<Name></Name>
<Val>0.35528103798293</Val>
</DBL>
<DBL>
<Name></Name>
<Val>6.05189888174129E-3</Val>
</DBL>
<DBL>
<Name></Name>
<Val>5.64368693172327E-3</Val>
</DBL>
<DBL>
<Name></Name>
<Val>8.37378841354140E-5</Val>
</DBL>
<DBL>
<Name></Name>
<Val>3.13052802210913E-5</Val>
</DBL>
<DBL>
<Name></Name>
<Val>1.65230765233203E-2</Val>
</DBL>
<DBL>
<Name></Name>
<Val>1.87477271292350E-2</Val>
</DBL>
<DBL>
<Name></Name>
<Val>0.17735887938704</Val>
</DBL>
<DBL>
<Name></Name>
<Val>1.11833668759992E-2</Val>
</DBL>
<DBL>
<Name></Name>
<Val>0.40724733006558</Val>
</DBL>
<DBL>
<Name></Name>
<Val>0.35706746665361</Val>
</DBL>
<DBL>
<Name></Name>
<Val>6.08328876138771E-3</Val>
</DBL>
<DBL>
<Name></Name>
<Val>5.67320023356865E-3</Val>
</DBL>
<DBL>
<Name></Name>
<Val>8.41807519191952E-5</Val>
</DBL>
<DBL>
<Name></Name>
<Val>3.14836183373524E-5</Val>
</DBL>
<DBL>
<Name></Name>
<Val>1.62370388354990E-2</Val>
</DBL>
<DBL>
<Name></Name>
<Val>1.84247514450643E-2</Val>
</DBL>
<DBL>
<Name></Name>
<Val>0.17433148453105</Val>
</DBL>
<DBL>
<Name></Name>
<Val>1.11858946950513E-2</Val>
</DBL>
<DBL>
<Name></Name>
<Val>0.40914004697765</Val>
</DBL>
<DBL>
<Name></Name>
<Val>0.35875066113604</Val>
</DBL>
<DBL>
<Name></Name>
<Val>6.11286468182170E-3</Val>
</DBL>
<DBL>
<Name></Name>
<Val>5.70100801993024E-3</Val>
</DBL>
<DBL>
<Name></Name>
<Val>8.45980272475314E-5</Val>
</DBL>
<DBL>
<Name></Name>
<Val>3.16516506457367E-5</Val>
</DBL>
<DBL>
<Name></Name>
<Val>1.59675307013034E-2</Val>
</DBL>
<DBL>
<Name></Name>
<Val>1.81204398884495E-2</Val>
</DBL>
<DBL>
<Name></Name>
<Val>0.17147903685073</Val>
</DBL>
<DBL>
<Name></Name>
<Val>1.11882764364278E-2</Val>
</DBL>
<DBL>
<Name></Name>
<Val>0.41092338751370</Val>
</DBL>
<DBL>
<Name></Name>
<Val>0.36033658713028</Val>
</DBL>
<DBL>
<Name></Name>
<Val>6.14073146816723E-3</Val>
</DBL>
<DBL>
<Name></Name>
<Val>5.72720884918287E-3</Val>
</DBL>
<DBL>
<Name></Name>
<Val>8.49911890579289E-5</Val>
</DBL>
<DBL>
<Name></Name>
<Val>3.18099726985477E-5</Val>
</DBL>
<DBL>
<Name></Name>
<Val>1.57135969104425E-2</Val>
</DBL>
<DBL>
<Name></Name>
<Val>1.78337138962837E-2</Val>
</DBL>
<DBL>
<Name></Name>
<Val>0.16879142649397</Val>
</DBL>
<DBL>
<Name></Name>
<Val>1.11905205416693E-2</Val>
</DBL>
<DBL>
<Name></Name>
<Val>0.41260367231871</Val>
</DBL>
<DBL>
<Name></Name>
<Val>0.36183086559036</Val>
</DBL>
<DBL>
<Name></Name>
<Val>6.16698788791111E-3</Val>
</DBL>
<DBL>
<Name></Name>
<Val>5.75189558420732E-3</Val>
</DBL>
<DBL>
<Name></Name>
<Val>8.53616308230132E-5</Val>
</DBL>
<DBL>
<Name></Name>
<Val>3.19591456322968E-5</Val>
</DBL>
<DBL>
<Name></Name>
<Val>1.54743374523431E-2</Val>
</DBL>
<DBL>
<Name></Name>
<Val>1.75635572334937E-2</Val>
</DBL>
<DBL>
<Name></Name>
<Val>0.16625912783705</Val>
</DBL>
<DBL>
<Name></Name>
<Val>1.11926349644965E-2</Val>
</DBL>
<DBL>
<Name></Name>
<Val>0.41418685678004</Val>
</DBL>
<DBL>
<Name></Name>
<Val>0.36323879264644</Val>
</DBL>
<DBL>
<Name></Name>
<Val>6.19172700096202E-3</Val>
</DBL>
<DBL>
<Name></Name>
<Val>5.77515572152173E-3</Val>
</DBL>
<DBL>
<Name></Name>
<Val>8.57106654893764E-5</Val>
</DBL>
<DBL>
<Name></Name>
<Val>3.20996981565233E-5</Val>
</DBL>
<DBL>
<Name></Name>
<Val>1.52489043262674E-2</Val>
</DBL>
<DBL>
<Name></Name>
<Val>1.73090123912261E-2</Val>
</DBL>
<DBL>
<Name></Name>
<Val>0.16387316572329</Val>
</DBL>
<DBL>
<Name></Name>
<Val>1.11946271990004E-2</Val>
</DBL>
<DBL>
<Name></Name>
<Val>0.41567855213499</Val>
</DBL>
<DBL>
<Name></Name>
<Val>0.36456535837580</Val>
</DBL>
<DBL>
<Name></Name>
<Val>6.21503648948007E-3</Val>
</DBL>
<DBL>
<Name></Name>
<Val>5.79707170139307E-3</Val>
</DBL>
<DBL>
<Name></Name>
<Val>8.60395301310171E-5</Val>
</DBL>
<DBL>
<Name></Name>
<Val>3.22321284276855E-5</Val>
</DBL>
<DBL>
<Name></Name>
<Val>1.50364985357672E-2</Val>
</DBL>
<DBL>
<Name></Name>
<Val>1.70691771931753E-2</Val>
</DBL>
<DBL>
<Name></Name>
<Val>0.16162508365257</Val>
</DBL>
<DBL>
<Name></Name>
<Val>1.11965043062029E-2</Val>
</DBL>
<DBL>
<Name></Name>
<Val>0.41708404535849</Val>
</DBL>
<DBL>
<Name></Name>
<Val>0.36581526448897</Val>
</DBL>
<DBL>
<Name></Name>
<Val>6.23699896864638E-3</Val>
</DBL>
<DBL>
<Name></Name>
<Val>5.81772120002797E-3</Val>
</DBL>
<DBL>
<Name></Name>
<Val>8.63493903338686E-5</Val>
</DBL>
<DBL>
<Name></Name>
<Val>3.23569058147626E-5</Val>
</DBL>
<DBL>
<Name></Name>
<Val>1.48363672568226E-2</Val>
</DBL>
<DBL>
<Name></Name>
<Val>1.68432015980241E-2</Val>
</DBL>
<DBL>
<Name></Name>
<Val>0.15950691380924</Val>
</DBL>
<DBL>
<Name></Name>
<Val>1.11982729390838E-2</Val>
</DBL>
<DBL>
<Name></Name>
<Val>0.41840831790165</Val>
</DBL>
<DBL>
<Name></Name>
<Val>0.36699294099394</Val>
</DBL>
<DBL>
<Name></Name>
<Val>6.25769227947372E-3</Val>
</DBL>
<DBL>
<Name></Name>
<Val>5.83717740487829E-3</Val>
</DBL>
<DBL>
<Name></Name>
<Val>8.66413443269527E-5</Val>
</DBL>
<DBL>
<Name></Name>
<Val>3.24744725628267E-5</Val>
</DBL>
<DBL>
<Name></Name>
<Val>1.46478011696285E-2</Val>
</DBL>
<DBL>
<Name></Name>
<Val>1.66302846866660E-2</Val>
</DBL>
<DBL>
<Name></Name>
<Val>0.15751114882200</Val>
</DBL>
<DBL>
<Name></Name>
<Val>1.11999393661599E-2</Val>
</DBL>
<DBL>
<Name></Name>
<Val>0.41965606334734</Val>
</DBL>
<DBL>
<Name></Name>
<Val>0.36810256189724</Val>
</DBL>
<DBL>
<Name></Name>
<Val>6.27718976469633E-3</Val>
</DBL>
<DBL>
<Name></Name>
<Val>5.85550927403748E-3</Val>
</DBL>
<DBL>
<Name></Name>
<Val>8.69164268748028E-5</Val>
</DBL>
<DBL>
<Name></Name>
<Val>3.25852453604799E-5</Val>
</DBL>
<DBL>
<Name></Name>
<Val>1.44701319445717E-2</Val>
</DBL>
<DBL>
<Name></Name>
<Val>1.64296718235294E-2</Val>
</DBL>
<DBL>
<Name></Name>
<Val>0.15563071515572</Val>
</DBL>
<DBL>
<Name></Name>
<Val>1.12015094937032E-2</Val>
</DBL>
<DBL>
<Name></Name>
<Val>0.42083170404553</Val>
</DBL>
<DBL>
<Name></Name>
<Val>0.36914805999783</Val>
</DBL>
<DBL>
<Name></Name>
<Val>6.29556052871653E-3</Val>
</DBL>
<DBL>
<Name></Name>
<Val>5.87278178064680E-3</Val>
</DBL>
<DBL>
<Name></Name>
<Val>8.71756129449515E-5</Val>
</DBL>
<DBL>
<Name></Name>
<Val>3.26896168167119E-5</Val>
</DBL>
<DBL>
<Name></Name>
<Val>1.43027298734889E-2</Val>
</DBL>
<DBL>
<Name></Name>
<Val>1.62406519819435E-2</Val>
</DBL>
<DBL>
<Name></Name>
<Val>0.15385894804091</Val>
</DBL>
<DBL>
<Name></Name>
<Val>1.12029888866737E-2</Val>
</DBL>
<DBL>
<Name></Name>
<Val>0.42193940678731</Val>
</DBL>
<DBL>
<Name></Name>
<Val>0.37013314082595</Val>
</DBL>
<DBL>
<Name></Name>
<Val>6.31286968252959E-3</Val>
</DBL>
<DBL>
<Name></Name>
<Val>5.88905614317789E-3</Val>
</DBL>
<DBL>
<Name></Name>
<Val>8.74198211634814E-5</Val>
</DBL>
<DBL>
<Name></Name>
<Val>3.27879568524134E-5</Val>
</DBL>
<DBL>
<Name></Name>
<Val>1.41450016378090E-2</Val>
</DBL>
<DBL>
<Name></Name>
<Val>1.60625552240660E-2</Val>
</DBL>
<DBL>
<Name></Name>
<Val>0.15218956785196</Val>
</DBL>
<DBL>
<Name></Name>
<Val>1.12043827884432E-2</Val>
</DBL>
<DBL>
<Name></Name>
<Val>0.42298309757314</Val>
</DBL>
<DBL>
<Name></Name>
<Val>0.37106129577659</Val>
</DBL>
<DBL>
<Name></Name>
<Val>6.32917857449483E-3</Val>
</DBL>
<DBL>
<Name></Name>
<Val>5.90439004240769E-3</Val>
</DBL>
<DBL>
<Name></Name>
<Val>8.76499170708862E-5</Val>
</DBL>
<DBL>
<Name></Name>
<Val>3.28806140114771E-5</Val>
</DBL>
<DBL>
<Name></Name>
<Val>1.39963882056707E-2</Val>
</DBL>
<DBL>
<Name></Name>
<Val>1.58947503264407E-2</Val>
</DBL>
<DBL>
<Name></Name>
<Val>0.15061665785044</Val>
</DBL>
<DBL>
<Name></Name>
<Val>1.12056961393797E-2</Val>
</DBL>
<DBL>
<Name></Name>
<Val>0.42396647552767</Val>
</DBL>
<DBL>
<Name></Name>
<Val>0.37193581448388</Val>
</DBL>
<DBL>
<Name></Name>
<Val>6.34454500777090E-3</Val>
</DBL>
<DBL>
<Name></Name>
<Val>5.91883782585484E-3</Val>
</DBL>
<DBL>
<Name></Name>
<Val>8.78667161897822E-5</Val>
</DBL>
<DBL>
<Name></Name>
<Val>3.29679166961313E-5</Val>
</DBL>
<DBL>
<Name></Name>
<Val>1.38563628505608E-2</Val>
</DBL>
<DBL>
<Name></Name>
<Val>1.57366425427695E-2</Val>
</DBL>
<DBL>
<Name></Name>
<Val>0.14913464321455</Val>
</DBL>
<DBL>
<Name></Name>
<Val>1.12069335943568E-2</Val>
</DBL>
<DBL>
<Name></Name>
<Val>0.42489302601042</Val>
</DBL>
<DBL>
<Name></Name>
<Val>0.37275979648051</Val>
</DBL>
<DBL>
<Name></Name>
<Val>6.35902344518597E-3</Val>
</DBL>
<DBL>
<Name></Name>
<Val>5.93245070040211E-3</Val>
</DBL>
<DBL>
<Name></Name>
<Val>8.80709869153426E-5</Val>
</DBL>
<DBL>
<Name></Name>
<Val>3.30501743308880E-5</Val>
</DBL>
<DBL>
<Name></Name>
<Val>1.37244292844521E-2</Val>
</DBL>
<DBL>
<Name></Name>
<Val>1.55876714959693E-2</Val>
</DBL>
<DBL>
<Name></Name>
<Val>0.14773827128045</Val>
</DBL>
<DBL>
<Name></Name>
<Val>1.12080995392522E-2</Val>
</DBL>
<DBL>
<Name></Name>
<Val>0.42576603296885</Val>
</DBL>
<DBL>
<Name></Name>
<Val>0.37353616218327</Val>
</DBL>
<DBL>
<Name></Name>
<Val>6.37266520226884E-3</Val>
</DBL>
<DBL>
<Name></Name>
<Val>5.94527691378755E-3</Val>
</DBL>
<DBL>
<Name></Name>
<Val>8.82634532386998E-5</Val>
</DBL>
<DBL>
<Name></Name>
<Val>3.31276784592266E-5</Val>
</DBL>
<DBL>
<Name></Name>
<Val>1.36001198988235E-2</Val>
</DBL>
<DBL>
<Name></Name>
<Val>1.54473091920434E-2</Val>
</DBL>
<DBL>
<Name></Name>
<Val>0.14642259292537</Val>
</DBL>
<DBL>
<Name></Name>
<Val>1.12091981064926E-2</Val>
</DBL>
<DBL>
<Name></Name>
<Val>0.42658859057760</Val>
</DBL>
<DBL>
<Name></Name>
<Val>0.37426766324384</Val>
</DBL>
<DBL>
<Name></Name>
<Val>6.38551862912513E-3</Val>
</DBL>
<DBL>
<Name></Name>
<Val>5.95736192560761E-3</Val>
</DBL>
<DBL>
<Name></Name>
<Val>8.84447973129671E-5</Val>
</DBL>
<DBL>
<Name></Name>
<Val>3.32007037769046E-5</Val>
</DBL>
<DBL>
<Name></Name>
<Val>1.34829941073274E-2</Val>
</DBL>
<DBL>
<Name></Name>
<Val>1.53150581487259E-2</Val>
</DBL>
<DBL>
<Name></Name>
<Val>0.14518294502660</Val>
</DBL>
<DBL>
<Name></Name>
<Val>1.12102331896996E-2</Val>
</DBL>
<DBL>
<Name></Name>
<Val>0.42736361420505</Val>
</DBL>
<DBL>
<Name></Name>
<Val>0.37495689230138</Val>
</DBL>
<DBL>
<Name></Name>
<Val>6.39762928180325E-3</Val>
</DBL>
<DBL>
<Name></Name>
<Val>5.96874856843836E-3</Val>
</DBL>
<DBL>
<Name></Name>
<Val>8.86156618709749E-5</Val>
</DBL>
<DBL>
<Name></Name>
<Val>3.32695091055531E-5</Val>
</DBL>
<DBL>
<Name></Name>
<Val>1.33726367842322E-2</Val>
</DBL>
<DBL>
<Name></Name>
<Val>1.51904496322699E-2</Val>
</DBL>
<DBL>
<Name></Name>
<Val>0.14401493393406</Val>
</DBL>
<DBL>
<Name></Name>
<Val>1.12112084574903E-2</Val>
</DBL>
<DBL>
<Name></Name>
<Val>0.42809385074620</Val>
</DBL>
<DBL>
<Name></Name>
<Val>0.37560629217153</Val>
</DBL>
<DBL>
<Name></Name>
<Val>6.40904008375747E-3</Val>
</DBL>
<DBL>
<Name></Name>
<Val>5.97947719964582E-3</Val>
</DBL>
<DBL>
<Name></Name>
<Val>8.87766525032919E-5</Val>
</DBL>
<DBL>
<Name></Name>
<Val>3.33343383100123E-5</Val>
</DBL>
<DBL>
<Name></Name>
<Val>1.32686567931034E-2</Val>
</DBL>
<DBL>
<Name></Name>
<Val>1.50730419961269E-2</Val>
</DBL>
<DBL>
<Name></Name>
<Val>0.14291441989807</Val>
</DBL>
<DBL>
<Name></Name>
<Val>1.12121273664796E-2</Val>
</DBL>
<DBL>
<Name></Name>
<Val>0.42878188835839</Val>
</DBL>
<DBL>
<Name></Name>
<Val>0.37621816450445</Val>
</DBL>
<DBL>
<Name></Name>
<Val>6.41979147798031E-3</Val>
</DBL>
<DBL>
<Name></Name>
<Val>5.98958584442342E-3</Val>
</DBL>
<DBL>
<Name></Name>
<Val>8.89283398046024E-5</Val>
</DBL>
<DBL>
<Name></Name>
<Val>3.33954211626540E-5</Val>
</DBL>
<DBL>
<Name></Name>
<Val>1.31706856005089E-2</Val>
</DBL>
<DBL>
<Name></Name>
<Val>1.49624191156308E-2</Val>
</DBL>
<DBL>
<Name></Name>
<Val>0.14187750239690</Val>
</DBL>
<DBL>
<Name></Name>
<Val>1.12129931735314E-2</Val>
</DBL>
<DBL>
<Name></Name>
<Val>0.42943016563448</Val>
</DBL>
<DBL>
<Name></Name>
<Val>0.37679467794249</Val>
</DBL>
<DBL>
<Name></Name>
<Val>6.42992157034355E-3</Val>
</DBL>
<DBL>
<Name></Name>
<Val>5.99911033056372E-3</Val>
</DBL>
<DBL>
<Name></Name>
<Val>8.90712613960497E-5</Val>
</DBL>
<DBL>
<Name></Name>
<Val>3.34529741577582E-5</Val>
</DBL>
<DBL>
<Name></Name>
<Val>1.30783759698369E-2</Val>
</DBL>
<DBL>
<Name></Name>
<Val>1.48581889131393E-2</Val>
</DBL>
<DBL>
<Name></Name>
<Val>0.14090050631229</Val>
</DBL>
<DBL>
<Name></Name>
<Val>1.12138089473019E-2</Val>
</DBL>
<DBL>
<Name></Name>
<Val>0.43004098024583</Val>
</DBL>
<DBL>
<Name></Name>
<Val>0.37733787580640</Val>
</DBL>
<DBL>
<Name></Name>
<Val>6.43946626465583E-3</Val>
</DBL>
<DBL>
<Name></Name>
<Val>6.00808441544181E-3</Val>
</DBL>
<DBL>
<Name></Name>
<Val>8.92059238307122E-5</Val>
</DBL>
<DBL>
<Name></Name>
<Val>3.35072012788276E-5</Val>
</DBL>
<DBL>
<Name></Name>
<Val>1.29914007305942E-2</Val>
</DBL>
<DBL>
<Name></Name>
<Val>1.47599819684032E-2</Val>
</DBL>
<DBL>
<Name></Name>
<Val>0.13997996890378</Val>
</DBL>
<DBL>
<Name></Name>
<Val>1.12145775791158E-2</Val>
</DBL>
<DBL>
<Name></Name>
<Val>0.43061649708593</Val>
</DBL>
<DBL>
<Name></Name>
<Val>0.37784968333748</Val>
</DBL>
<DBL>
<Name></Name>
<Val>6.44845938991552E-3</Val>
</DBL>
<DBL>
<Name></Name>
<Val>6.01653990566072E-3</Val>
</DBL>
<DBL>
<Name></Name>
<Val>8.93328043889651E-5</Val>
</DBL>
<DBL>
<Name></Name>
<Val>3.35582947215607E-5</Val>
</DBL>
<DBL>
<Name></Name>
<Val>1.29094516188249E-2</Val>
</DBL>
<DBL>
<Name></Name>
<Val>1.46674502092406E-2</Val>
</DBL>
<DBL>
<Name></Name>
<Val>0.13911262753589</Val>
</DBL>
<DBL>
<Name></Name>
<Val>1.12153017932136E-2</Val>
</DBL>
<DBL>
<Name></Name>
<Val>0.43115875594334</Val>
</DBL>
<DBL>
<Name></Name>
<Val>0.37833191452115</Val>
</DBL>
<DBL>
<Name></Name>
<Val>6.45693282020992E-3</Val>
</DBL>
<DBL>
<Name></Name>
<Val>6.02450676978257E-3</Val>
</DBL>
<DBL>
<Name></Name>
<Val>8.94523527700923E-5</Val>
</DBL>
<DBL>
<Name></Name>
<Val>3.36064355750459E-5</Val>
</DBL>
<DBL>
<Name></Name>
<Val>1.28322381845388E-2</Val>
</DBL>
<DBL>
<Name></Name>
<Val>1.45802656778746E-2</Val>
</DBL>
<DBL>
<Name></Name>
<Val>0.13829540811439</Val>
</DBL>
<DBL>
<Name></Name>
<Val>1.12159841564076E-2</Val>
</DBL>
<DBL>
<Name></Name>
<Val>0.43166967873126</Val>
</DBL>
<DBL>
<Name></Name>
<Val>0.37878627851615</Val>
</DBL>
<DBL>
<Name></Name>
<Val>6.46491658768572E-3</Val>
</DBL>
<DBL>
<Name></Name>
<Val>6.03201324454549E-3</Val>
</DBL>
<DBL>
<Name></Name>
<Val>8.95649926861435E-5</Val>
</DBL>
<DBL>
<Name></Name>
<Val>3.36517944635902E-5</Val>
</DBL>
<DBL>
<Name></Name>
<Val>1.27594867622777E-2</Val>
</DBL>
<DBL>
<Name></Name>
<Val>1.44981193685608E-2</Val>
</DBL>
<DBL>
<Name></Name>
<Val>0.13752541419087</Val>
</DBL>
<DBL>
<Name></Name>
<Val>1.12166270871790E-2</Val>
</DBL>
<DBL>
<Name></Name>
<Val>0.43215107629932</Val>
</DBL>
<DBL>
<Name></Name>
<Val>0.37921438571234</Val>
</DBL>
<DBL>
<Name></Name>
<Val>6.47243898899110E-3</Val>
</DBL>
<DBL>
<Name></Name>
<Val>6.03908593494215E-3</Val>
</DBL>
<DBL>
<Name></Name>
<Val>8.96711233636852E-5</Val>
</DBL>
<DBL>
<Name></Name>
<Val>3.36945321514588E-5</Val>
</DBL>
<DBL>
<Name></Name>
<Val>1.26909395011703E-2</Val>
</DBL>
<DBL>
<Name></Name>
<Val>1.44207201323873E-2</Val>
</DBL>
<DBL>
<Name></Name>
<Val>0.13679991669699</Val>
</DBL>
<DBL>
<Name></Name>
<Val>1.12172328642495E-2</Val>
</DBL>
<DBL>
<Name></Name>
<Val>0.43260465485172</Val>
</DBL>
<DBL>
<Name></Name>
<Val>0.37961775343833</Val>
</DBL>
<DBL>
<Name></Name>
<Val>6.47952668556677E-3</Val>
</DBL>
<DBL>
<Name></Name>
<Val>6.04574990851524E-3</Val>
</DBL>
<DBL>
<Name></Name>
<Val>8.97711209587680E-5</Val>
</DBL>
<DBL>
<Name></Name>
<Val>3.37348001126671E-5</Val>
</DBL>
<DBL>
<Name></Name>
<Val>1.26263534510383E-2</Val>
</DBL>
<DBL>
<Name></Name>
<Val>1.43477936453633E-2</Val>
</DBL>
<DBL>
<Name></Name>
<Val>0.13611634427188</Val>
</DBL>
<DBL>
<Name></Name>
<Val>1.12178036346584E-2</Val>
</DBL>
<DBL>
<Name></Name>
<Val>0.43303202199449</Val>
</DBL>
<DBL>
<Name></Name>
<Val>0.37999781133927</Val>
</DBL>
<DBL>
<Name></Name>
<Val>6.48620479814138E-3</Val>
</DBL>
<DBL>
<Name></Name>
<Val>6.05202878420358E-3</Val>
</DBL>
<DBL>
<Name></Name>
<Val>8.98653398901265E-5</Val>
</DBL>
<DBL>
<Name></Name>
<Val>3.37727410678460E-5</Val>
</DBL>
<DBL>
<Name></Name>
<Val>1.25654997013148E-2</Val>
</DBL>
<DBL>
<Name></Name>
<Val>1.42790814361401E-2</Val>
</DBL>
<DBL>
<Name></Name>
<Val>0.13547227414852</Val>
</DBL>
<DBL>
<Name></Name>
<Val>1.12183414213714E-2</Val>
</DBL>
<DBL>
<Name></Name>
<Val>0.43343469243327</Val>
</DBL>
<DBL>
<Name></Name>
<Val>0.38035590644397</Val>
</DBL>
<DBL>
<Name></Name>
<Val>6.49249699576625E-3</Val>
</DBL>
<DBL>
<Name></Name>
<Val>6.05794481605415E-3</Val>
</DBL>
<DBL>
<Name></Name>
<Val>8.99541140953362E-5</Val>
</DBL>
<DBL>
<Name></Name>
<Val>3.38084894900828E-5</Val>
</DBL>
<DBL>
<Name></Name>
<Val>1.25081625697232E-2</Val>
</DBL>
<DBL>
<Name></Name>
<Val>1.42143399699186E-2</Val>
</DBL>
<DBL>
<Name></Name>
<Val>0.13486542356684</Val>
</DBL>
<DBL>
<Name></Name>
<Val>1.12188481304514E-2</Val>
</DBL>
<DBL>
<Name></Name>
<Val>0.43381409334187</Val>
</DBL>
<DBL>
<Name></Name>
<Val>0.38069330793910</Val>
</DBL>
<DBL>
<Name></Name>
<Val>6.49842557970490E-3</Val>
</DBL>
<DBL>
<Name></Name>
<Val>6.06351897209642E-3</Val>
</DBL>
<DBL>
<Name></Name>
<Val>9.00377582143786E-5</Val>
</DBL>
<DBL>
<Name></Name>
<Val>3.38421720815302E-5</Val>
</DBL>
<DBL>
<Name></Name>
<Val>1.24541388378399E-2</Val>
</DBL>
<DBL>
<Name></Name>
<Val>1.41533397852948E-2</Val>
</DBL>
<DBL>
<Name></Name>
<Val>0.13429364168295</Val>
</DBL>
<DBL>
<Name></Name>
<Val>1.12193255578134E-2</Val>
</DBL>
<DBL>
<Name></Name>
<Val>0.43417156942052</Val>
</DBL>
<DBL>
<Name></Name>
<Val>0.38101121166752</Val>
</DBL>
<DBL>
<Name></Name>
<Val>6.50401156247486E-3</Val>
</DBL>
<DBL>
<Name></Name>
<Val>6.06877100865883E-3</Val>
</DBL>
<DBL>
<Name></Name>
<Val>9.01165687048118E-5</Val>
</DBL>
<DBL>
<Name></Name>
<Val>3.38739082224738E-5</Val>
</DBL>
<DBL>
<Name></Name>
<Val>1.24032370308331E-2</Val>
</DBL>
<DBL>
<Name></Name>
<Val>1.40958646809868E-2</Val>
</DBL>
<DBL>
<Name></Name>
<Val>0.13375490194601</Val>
</DBL>
<DBL>
<Name></Name>
<Val>1.12197753955901E-2</Val>
</DBL>
<DBL>
<Name></Name>
<Val>0.43450838766188</Val>
</DBL>
<DBL>
<Name></Name>
<Val>0.38131074436670</Val>
</DBL>
<DBL>
<Name></Name>
<Val>6.50927474232171E-3</Val>
</DBL>
<DBL>
<Name></Name>
<Val>6.07371954039060E-3</Val>
</DBL>
<DBL>
<Name></Name>
<Val>9.01908248924961E-5</Val>
</DBL>
<DBL>
<Name></Name>
<Val>3.39038103944478E-5</Val>
</DBL>
<DBL>
<Name></Name>
<Val>1.23552767388238E-2</Val>
</DBL>
<DBL>
<Name></Name>
<Val>1.40417109495581E-2</Val>
</DBL>
<DBL>
<Name></Name>
<Val>0.13324729491553</Val>
</DBL>
<DBL>
<Name></Name>
<Val>1.12201992381292E-2</Val>
</DBL>
<DBL>
<Name></Name>
<Val>0.43482574184163</Val>
</DBL>
<DBL>
<Name></Name>
<Val>0.38159296766217</Val>
</DBL>
<DBL>
<Name></Name>
<Val>6.51423377338948E-3</Val>
</DBL>
<DBL>
<Name></Name>
<Val>6.07838210623705E-3</Val>
</DBL>
<DBL>
<Name></Name>
<Val>9.02607899616020E-5</Val>
</DBL>
<DBL>
<Name></Name>
<Val>3.39319845789006E-5</Val>
</DBL>
<DBL>
<Name></Name>
<Val>1.23100879774639E-2</Val>
</DBL>
<DBL>
<Name></Name>
<Val>1.39906866554233E-2</Val>
</DBL>
<DBL>
<Name></Name>
<Val>0.13276902149383</Val>
</DBL>
<DBL>
<Name></Name>
<Val>1.12205985876442E-2</Val>
</DBL>
<DBL>
<Name></Name>
<Val>0.43512475674946</Val>
</DBL>
<DBL>
<Name></Name>
<Val>0.38185888183022</Val>
</DBL>
<DBL>
<Name></Name>
<Val>6.51890623183603E-3</Val>
</DBL>
<DBL>
<Name></Name>
<Val>6.08277523160250E-3</Val>
</DBL>
<DBL>
<Name></Name>
<Val>9.03267118874056E-5</Val>
</DBL>
<DBL>
<Name></Name>
<Val>3.39585306328216E-5</Val>
</DBL>
<DBL>
<Name></Name>
<Val>1.22675105854653E-2</Val>
</DBL>
<DBL>
<Name></Name>
<Val>1.39426109545753E-2</Val>
</DBL>
<DBL>
<Name></Name>
<Val>0.13231838654953</Val>
</DBL>
<DBL>
<Name></Name>
<Val>1.12209748595387E-2</Val>
</DBL>
<DBL>
<Name></Name>
<Val>0.43540649217573</Val>
</DBL>
<DBL>
<Name></Name>
<Val>0.38210942934315</Val>
</DBL>
<DBL>
<Name></Name>
<Val>6.52330867812773E-3</Val>
</DBL>
<DBL>
<Name></Name>
<Val>6.08691448692074E-3</Val>
</DBL>
<DBL>
<Name></Name>
<Val>9.03888243151812E-5</Val>
</DBL>
<DBL>
<Name></Name>
<Val>3.39835426426619E-5</Val>
</DBL>
<DBL>
<Name></Name>
<Val>1.22273936569450E-2</Val>
</DBL>
<DBL>
<Name></Name>
<Val>1.38973134536258E-2</Val>
</DBL>
<DBL>
<Name></Name>
<Val>0.13189379290957</Val>
</DBL>
<DBL>
<Name></Name>
<Val>1.12213293874227E-2</Val>
</DBL>
<DBL>
<Name></Name>
<Val>0.43567194666758</Val>
</DBL>
<DBL>
<Name></Name>
<Val>0.38234549820964</Val>
</DBL>
<DBL>
<Name></Name>
<Val>6.52745671573428E-3</Val>
</DBL>
<DBL>
<Name></Name>
<Val>6.09081454284089E-3</Val>
</DBL>
<DBL>
<Name></Name>
<Val>9.04473473883037E-5</Val>
</DBL>
<DBL>
<Name></Name>
<Val>3.40071092578024E-5</Val>
</DBL>
<DBL>
<Name></Name>
<Val>1.21895950065730E-2</Val>
</DBL>
<DBL>
<Name></Name>
<Val>1.38546336058841E-2</Val>
</DBL>
<DBL>
<Name></Name>
<Val>0.13149373569833</Val>
</DBL>
<DBL>
<Name></Name>
<Val>1.12216634278399E-2</Val>
</DBL>
<DBL>
<Name></Name>
<Val>0.43592206106809</Val>
</DBL>
<DBL>
<Name></Name>
<Val>0.38256792512210</Val>
</DBL>
<DBL>
<Name></Name>
<Val>6.53136504643164E-3</Val>
</DBL>
<DBL>
<Name></Name>
<Val>6.09448922222425E-3</Val>
</DBL>
<DBL>
<Name></Name>
<Val>9.05024885284966E-5</Val>
</DBL>
<DBL>
<Name></Name>
<Val>3.40293140047509E-5</Val>
</DBL>
<DBL>
<Name></Name>
<Val>1.21539806656292E-2</Val>
</DBL>
<DBL>
<Name></Name>
<Val>1.38144201423358E-2</Val>
</DBL>
<DBL>
<Name></Name>
<Val>0.13111679700401</Val>
</DBL>
<DBL>
<Name></Name>
<Val>1.12219781647203E-2</Val>
</DBL>
<DBL>
<Name></Name>
<Val>0.43615772185086</Val>
</DBL>
<DBL>
<Name></Name>
<Val>0.38277749842214</Val>
</DBL>
<DBL>
<Name></Name>
<Val>6.53504752240915E-3</Val>
</DBL>
<DBL>
<Name></Name>
<Val>6.09795154913620E-3</Val>
</DBL>
<DBL>
<Name></Name>
<Val>9.05544431709916E-5</Val>
</DBL>
<DBL>
<Name></Name>
<Val>3.40502355831833E-5</Val>
</DBL>
<DBL>
<Name></Name>
<Val>1.21204244071812E-2</Val>
</DBL>
<DBL>
<Name></Name>
<Val>1.37765305355047E-2</Val>
</DBL>
<DBL>
<Name></Name>
<Val>0.13076164085313</Val>
</DBL>
<DBL>
<Name></Name>
<Val>1.12222747135775E-2</Val>
</DBL>
<DBL>
<Name></Name>
<Val>0.43637976426197</Val>
</DBL>
<DBL>
<Name></Name>
<Val>0.38297496089466</Val>
</DBL>
<DBL>
<Name></Name>
<Val>6.53851719536546E-3</Val>
</DBL>
<DBL>
<Name></Name>
<Val>6.10121379500710E-3</Val>
</DBL>
<DBL>
<Name></Name>
<Val>9.06033954572034E-5</Val>
</DBL>
<DBL>
<Name></Name>
<Val>3.40699481448764E-5</Val>
</DBL>
<DBL>
<Name></Name>
<Val>1.20888072987024E-2</Val>
</DBL>
<DBL>
<Name></Name>
<Val>1.37408304942960E-2</Val>
</DBL>
<DBL>
<Name></Name>
<Val>0.13042700847550</Val>
</DBL>
<DBL>
<Name></Name>
<Val>1.12225541254613E-2</Val>
</DBL>
<DBL>
<Name></Name>
<Val>0.43658897528022</Val>
</DBL>
<DBL>
<Name></Name>
<Val>0.38316101240049</Val>
</DBL>
<DBL>
<Name></Name>
<Val>6.54178636276730E-3</Val>
</DBL>
<DBL>
<Name></Name>
<Val>6.10428752212553E-3</Val>
</DBL>
<DBL>
<Name></Name>
<Val>9.06495188873781E-5</Val>
</DBL>
<DBL>
<Name></Name>
<Val>3.40885215565223E-5</Val>
</DBL>
<DBL>
<Name></Name>
<Val>1.20590172805419E-2</Val>
</DBL>
<DBL>
<Name></Name>
<Val>1.37071934880324E-2</Val>
</DBL>
<DBL>
<Name></Name>
<Val>0.13011171384273</Val>
</DBL>
<DBL>
<Name></Name>
<Val>1.12228173906836E-2</Val>
</DBL>
<DBL>
<Name></Name>
<Val>0.43678609640651</Val>
</DBL>
<DBL>
<Name></Name>
<Val>0.38333631235687</Val>
</DBL>
<DBL>
<Name></Name>
<Val>6.54486661143508E-3</Val>
</DBL>
<DBL>
<Name></Name>
<Val>6.10718362461827E-3</Val>
</DBL>
<DBL>
<Name></Name>
<Val>9.06929769355247E-5</Val>
</DBL>
<DBL>
<Name></Name>
<Val>3.41060216473545E-5</Val>
</DBL>
<DBL>
<Name></Name>
<Val>1.20309487687550E-2</Val>
</DBL>
<DBL>
<Name></Name>
<Val>1.36755002979949E-2</Val>
</DBL>
<DBL>
<Name></Name>
<Val>0.12981463946471</Val>
</DBL>
<DBL>
<Name></Name>
<Val>1.12230654423281E-2</Val>
</DBL>
<DBL>
<Name></Name>
<Val>0.43697182629182</Val>
</DBL>
<DBL>
<Name></Name>
<Val>0.38350148207464</Val>
</DBL>
<DBL>
<Name></Name>
<Val>6.54776885860968E-3</Val>
</DBL>
<DBL>
<Name></Name>
<Val>6.10991236706198E-3</Val>
</DBL>
<DBL>
<Name></Name>
<Val>9.07339236288119E-5</Val>
</DBL>
<DBL>
<Name></Name>
<Val>3.41225104424654E-5</Val>
</DBL>
<DBL>
<Name></Name>
<Val>1.20045022808850E-2</Val>
</DBL>
<DBL>
<Name></Name>
<Val>1.36456385948789E-2</Val>
</DBL>
<DBL>
<Name></Name>
<Val>0.12953473242887</Val>
</DBL>
<DBL>
<Name></Name>
<Val>1.12232991595575E-2</Val>
</DBL>
<DBL>
<Name></Name>
<Val>0.43714682321351</Val>
</DBL>
<DBL>
<Name></Name>
<Val>0.38365710696031</Val>
</DBL>
<DBL>
<Name></Name>
<Val>6.55050339064621E-3</Val>
</DBL>
<DBL>
<Name></Name>
<Val>6.11248342086368E-3</Val>
</DBL>
<DBL>
<Name></Name>
<Val>9.07725040934819E-5</Val>
</DBL>
<DBL>
<Name></Name>
<Val>3.41380463826392E-5</Val>
</DBL>
<DBL>
<Name></Name>
<Val>1.19795840833700E-2</Val>
</DBL>
<DBL>
<Name></Name>
<Val>1.36175025406686E-2</Val>
</DBL>
<DBL>
<Name></Name>
<Val>0.12927100066838</Val>
</DBL>
<DBL>
<Name></Name>
<Val>1.12235193707293E-2</Val>
</DBL>
<DBL>
<Name></Name>
<Val>0.43731170740837</Val>
</DBL>
<DBL>
<Name></Name>
<Val>0.38380373859088</Val>
</DBL>
<DBL>
<Name></Name>
<Val>6.55307989947159E-3</Val>
</DBL>
<DBL>
<Name></Name>
<Val>6.11490589853888E-3</Val>
</DBL>
<DBL>
<Name></Name>
<Val>9.08088550692181E-5</Val>
</DBL>
<DBL>
<Name></Name>
<Val>3.41526845314828E-5</Val>
</DBL>
<DBL>
<Name></Name>
<Val>1.19561058593257E-2</Val>
</DBL>
<DBL>
<Name></Name>
<Val>1.35909924135187E-2</Val>
</DBL>
<DBL>
<Name></Name>
<Val>0.12902250944598</Val>
</DBL>
<DBL>
<Name></Name>
<Val>1.12237268563320E-2</Val>
</DBL>
<DBL>
<Name></Name>
<Val>0.43746706327092</Val>
</DBL>
<DBL>
<Name></Name>
<Val>0.38394189666882</Val>
</DBL>
<DBL>
<Name></Name>
<Val>6.55550751693540E-3</Val>
</DBL>
<DBL>
<Name></Name>
<Val>6.11718838600879E-3</Val>
</DBL>
<DBL>
<Name></Name>
<Val>9.08431053937870E-5</Val>
</DBL>
<DBL>
<Name></Name>
<Val>3.41664767705859E-5</Val>
</DBL>
<DBL>
<Name></Name>
<Val>1.19339843955263E-2</Val>
</DBL>
<DBL>
<Name></Name>
<Val>1.35660142543122E-2</Val>
</DBL>
<DBL>
<Name></Name>
<Val>0.12878837804104</Val>
</DBL>
<DBL>
<Name></Name>
<Val>1.12239223517511E-2</Val>
</DBL>
<DBL>
<Name></Name>
<Val>0.43761344142469</Val>
</DBL>
<DBL>
<Name></Name>
<Val>0.38407207086402</Val>
</DBL>
<DBL>
<Name></Name>
<Val>6.55779484717569E-3</Val>
</DBL>
<DBL>
<Name></Name>
<Val>6.11933897303117E-3</Val>
</DBL>
<DBL>
<Name></Name>
<Val>9.08753764596752E-5</Val>
</DBL>
<DBL>
<Name></Name>
<Val>3.41794719834034E-5</Val>
</DBL>
<DBL>
<Name></Name>
<Val>1.19131412874742E-2</Val>
</DBL>
<DBL>
<Name></Name>
<Val>1.35424795336442E-2</Val>
</DBL>
<DBL>
<Name></Name>
<Val>0.12856777662806</Val>
</DBL>
<DBL>
<Name></Name>
<Val>1.12241065498756E-2</Val>
</DBL>
<DBL>
<Name></Name>
<Val>0.43775136067376</Val>
</DBL>
<DBL>
<Name></Name>
<Val>0.38419472254932</Val>
</DBL>
<DBL>
<Name></Name>
<Val>6.55994999711430E-3</Val>
</DBL>
<DBL>
<Name></Name>
<Val>6.12136528187264E-3</Val>
</DBL>
<DBL>
<Name></Name>
<Val>9.09057826443366E-5</Val>
</DBL>
<DBL>
<Name></Name>
<Val>3.41917162285117E-5</Val>
</DBL>
<DBL>
<Name></Name>
<Val>1.18935026615128E-2</Val>
</DBL>
<DBL>
<Name></Name>
<Val>1.35203048380495E-2</Val>
</DBL>
<DBL>
<Name></Name>
<Val>0.12835992333549</Val>
</DBL>
<DBL>
<Name></Name>
<Val>1.12242801035539E-2</Val>
</DBL>
<DBL>
<Name></Name>
<Val>0.43788130984155</Val>
</DBL>
<DBL>
<Name></Name>
<Val>0.38431028643572</Val>
</DBL>
<DBL>
<Name></Name>
<Val>6.56198060519008E-3</Val>
</DBL>
<DBL>
<Name></Name>
<Val>6.12327449432408E-3</Val>
</DBL>
<DBL>
<Name></Name>
<Val>9.09344317155780E-5</Val>
</DBL>
<DBL>
<Name></Name>
<Val>3.42032529028532E-5</Val>
</DBL>
<DBL>
<Name></Name>
<Val>1.18749989129987E-2</Val>
</DBL>
<DBL>
<Name></Name>
<Val>1.34994115743624E-2</Val>
</DBL>
<DBL>
<Name></Name>
<Val>0.12816408147459</Val>
</DBL>
<DBL>
<Name></Name>
<Val>1.12244436279076E-2</Val>
</DBL>
<DBL>
<Name></Name>
<Val>0.43800374950331</Val>
</DBL>
<DBL>
<Name></Name>
<Val>0.38441917211313</Val>
</DBL>
<DBL>
<Name></Name>
<Val>6.56389386843155E-3</Val>
</DBL>
<DBL>
<Name></Name>
<Val>6.12507337715483E-3</Val>
</DBL>
<DBL>
<Name></Name>
<Val>9.09614252135170E-5</Val>
</DBL>
<DBL>
<Name></Name>
<Val>3.42141228955464E-5</Val>
</DBL>
<DBL>
<Name></Name>
<Val>1.18575644596032E-2</Val>
</DBL>
<DBL>
<Name></Name>
<Val>1.34797256911614E-2</Val>
</DBL>
<DBL>
<Name></Name>
<Val>0.12797955692845</Val>
</DBL>
<DBL>
<Name></Name>
<Val>1.12245977025115E-2</Val>
</DBL>
<DBL>
<Name></Name>
<Val>0.43811911361860</Val>
</DBL>
<DBL>
<Name></Name>
<Val>0.38452176550207</Val>
</DBL>
<DBL>
<Name></Name>
<Val>6.56569656796517E-3</Val>
</DBL>
<DBL>
<Name></Name>
<Val>6.12676830609599E-3</Val>
</DBL>
<DBL>
<Name></Name>
<Val>9.09868588104684E-5</Val>
</DBL>
<DBL>
<Name></Name>
<Val>3.42243647328083E-5</Val>
</DBL>
<DBL>
<Name></Name>
<Val>1.18411375088712E-2</Val>
</DBL>
<DBL>
<Name></Name>
<Val>1.34611774163102E-2</Val>
</DBL>
<DBL>
<Name></Name>
<Val>0.12780569569175</Val>
</DBL>
<DBL>
<Name></Name>
<Val>1.12247428734481E-2</Val>
</DBL>
<DBL>
<Name></Name>
<Val>0.43822781106928</Val>
</DBL>
<DBL>
<Name></Name>
<Val>0.38461843022149</Val>
</DBL>
<DBL>
<Name></Name>
<Val>6.56739509304948E-3</Val>
</DBL>
<DBL>
<Name></Name>
<Val>6.12836528843775E-3</Val>
</DBL>
<DBL>
<Name></Name>
<Val>9.10108226500325E-5</Val>
</DBL>
<DBL>
<Name></Name>
<Val>3.42340147145021E-5</Val>
</DBL>
<DBL>
<Name></Name>
<Val>1.18256598392116E-2</Val>
</DBL>
<DBL>
<Name></Name>
<Val>1.34437010096669E-2</Val>
</DBL>
<DBL>
<Name></Name>
<Val>0.12764188155290</Val>
</DBL>
<DBL>
<Name></Name>
<Val>1.12248796552426E-2</Val>
</DBL>
<DBL>
<Name></Name>
<Val>0.43833022710874</Val>
</DBL>
<DBL>
<Name></Name>
<Val>0.38470950887749</Val>
</DBL>
<DBL>
<Name></Name>
<Val>6.56899546372037E-3</Val>
</DBL>
<DBL>
<Name></Name>
<Val>6.12986998432083E-3</Val>
</DBL>
<DBL>
<Name></Name>
<Val>9.10334016665890E-5</Val>
</DBL>
<DBL>
<Name></Name>
<Val>3.42431070427933E-5</Val>
</DBL>
<DBL>
<Name></Name>
<Val>1.18110765935441E-2</Val>
</DBL>
<DBL>
<Name></Name>
<Val>1.34272345300824E-2</Val>
</DBL>
<DBL>
<Name></Name>
<Val>0.12748753390992</Val>
</DBL>
<DBL>
<Name></Name>
<Val>1.12250085326871E-2</Val>
</DBL>
<DBL>
<Name></Name>
<Val>0.43842672472735</Val>
</DBL>
<DBL>
<Name></Name>
<Val>0.38479532427766</Val>
</DBL>
<DBL>
<Name></Name>
<Val>6.57050335212772E-3</Val>
</DBL>
<DBL>
<Name></Name>
<Val>6.13128772679759E-3</Val>
</DBL>
<DBL>
<Name></Name>
<Val>9.10546758863272E-5</Val>
</DBL>
<DBL>
<Name></Name>
<Val>3.42516739433717E-5</Val>
</DBL>
<DBL>
<Name></Name>
<Val>1.17973360848709E-2</Val>
</DBL>
<DBL>
<Name></Name>
<Val>1.34117196158648E-2</Val>
</DBL>
<DBL>
<Name></Name>
<Val>0.12734210571271</Val>
</DBL>
<DBL>
<Name></Name>
<Val>1.12251299625584E-2</Val>
</DBL>
<DBL>
<Name></Name>
<Val>0.43851764593897</Val>
</DBL>
<DBL>
<Name></Name>
<Val>0.38487618057516</Val>
</DBL>
<DBL>
<Name></Name>
<Val>6.57192410263908E-3</Val>
</DBL>
<DBL>
<Name></Name>
<Val>6.13262354073384E-3</Val>
</DBL>
<DBL>
<Name></Name>
<Val>9.10747207108808E-5</Val>
</DBL>
<DBL>
<Name></Name>
<Val>3.42597457796682E-5</Val>
</DBL>
<DBL>
<Name></Name>
<Val>1.17843896130839E-2</Val>
</DBL>
<DBL>
<Name></Name>
<Val>1.33971012779288E-2</Val>
</DBL>
<DBL>
<Name></Name>
<Val>0.12720508152408</Val>
</DBL>
<DBL>
<Name></Name>
<Val>1.12252443752370E-2</Val>
</DBL>
<DBL>
<Name></Name>
<Val>0.43860331299316</Val>
</DBL>
<DBL>
<Name></Name>
<Val>0.38495236434677</Val>
</DBL>
<DBL>
<Name></Name>
<Val>6.57326275078153E-3</Val>
</DBL>
<DBL>
<Name></Name>
<Val>6.13388216061827E-3</Val>
</DBL>
<DBL>
<Name></Name>
<Val>9.10936071845720E-5</Val>
</DBL>
<DBL>
<Name></Name>
<Val>3.42673511604709E-5</Val>
</DBL>
<DBL>
<Name></Name>
<Val>1.17721912923580E-2</Val>
</DBL>
<DBL>
<Name></Name>
<Val>1.33833277049000E-2</Val>
</DBL>
<DBL>
<Name></Name>
<Val>0.12707597569296</Val>
</DBL>
<DBL>
<Name></Name>
<Val>1.12253521762326E-2</Val>
</DBL>
<DBL>
<Name></Name>
<Val>0.43868402951731</Val>
</DBL>
<DBL>
<Name></Name>
<Val>0.38502414560852</Val>
</DBL>
<DBL>
<Name></Name>
<Val>6.57452404108899E-3</Val>
</DBL>
<DBL>
<Name></Name>
<Val>6.13506804734285E-3</Val>
</DBL>
<DBL>
<Name></Name>
<Val>9.11114022462116E-5</Val>
</DBL>
<DBL>
<Name></Name>
<Val>3.42745170413224E-5</Val>
</DBL>
<DBL>
<Name></Name>
<Val>1.17606978885195E-2</Val>
</DBL>
<DBL>
<Name></Name>
<Val>1.33703500794813E-2</Val>
</DBL>
<DBL>
<Name></Name>
<Val>0.12695433063310</Val>
</DBL>
<DBL>
<Name></Name>
<Val>1.12254537476214E-2</Val>
</DBL>
<DBL>
<Name></Name>
<Val>0.43876008159278</Val>
</DBL>
<DBL>
<Name></Name>
<Val>0.38509177877278</Val>
</DBL>
<DBL>
<Name></Name>
<Val>6.57571244391811E-3</Val>
</DBL>
<DBL>
<Name></Name>
<Val>6.13618540401337E-3</Val>
</DBL>
<DBL>
<Name></Name>
<Val>9.11281689663488E-5</Val>
</DBL>
<DBL>
<Name></Name>
<Val>3.42812688200579E-5</Val>
</DBL>
</Array>
<Array>
<Name>StateAdjacencyMatrix</Name>
<Dimsize>10</Dimsize>
<Dimsize>10</Dimsize>
<String>
<Name></Name>
<Val>@</Val>
</String>
<String>
<Name></Name>
<Val>B</Val>
</String>
<String>
<Name></Name>
<Val>@</Val>
</String>
<String>
<Name></Name>
<Val>@</Val>
</String>
<String>
<Name></Name>
<Val>@</Val>
</String>
<String>
<Name></Name>
<Val>@</Val>
</String>
<String>
<Name></Name>
<Val>@</Val>
</String>
<String>
<Name></Name>
<Val>@</Val>
</String>
<String>
<Name></Name>
<Val>@</Val>
</String>
<String>
<Name></Name>
<Val>@</Val>
</String>
<String>
<Name></Name>
<Val>D</Val>
</String>
<String>
<Name></Name>
<Val>@</Val>
</String>
<String>
<Name></Name>
<Val>B</Val>
</String>
<String>
<Name></Name>
<Val>@</Val>
</String>
<String>
<Name></Name>
<Val>@</Val>
</String>
<String>
<Name></Name>
<Val>@</Val>
</String>
<String>
<Name></Name>
<Val>@</Val>
</String>
<String>
<Name></Name>
<Val>@</Val>
</String>
<String>
<Name></Name>
<Val>@</Val>
</String>
<String>
<Name></Name>
<Val>@</Val>
</String>
<String>
<Name></Name>
<Val>@</Val>
</String>
<String>
<Name></Name>
<Val>H</Val>
</String>
<String>
<Name></Name>
<Val>@</Val>
</String>
<String>
<Name></Name>
<Val>C</Val>
</String>
<String>
<Name></Name>
<Val>@</Val>
</String>
<String>
<Name></Name>
<Val>@</Val>
</String>
<String>
<Name></Name>
<Val>@</Val>
</String>
<String>
<Name></Name>
<Val>@</Val>
</String>
<String>
<Name></Name>
<Val>@</Val>
</String>
<String>
<Name></Name>
<Val>@</Val>
</String>
<String>
<Name></Name>
<Val>@</Val>
</String>
<String>
<Name></Name>
<Val>@</Val>
</String>
<String>
<Name></Name>
<Val>I</Val>
</String>
<String>
<Name></Name>
<Val>@</Val>
</String>
<String>
<Name></Name>
<Val>G</Val>
</String>
<String>
<Name></Name>
<Val>@</Val>
</String>
<String>
<Name></Name>
<Val>@</Val>
</String>
<String>
<Name></Name>
<Val>@</Val>
</String>
<String>
<Name></Name>
<Val>@</Val>
</String>
<String>
<Name></Name>
<Val>@</Val>
</String>
<String>
<Name></Name>
<Val>@</Val>
</String>
<String>
<Name></Name>
<Val>@</Val>
</String>
<String>
<Name></Name>
<Val>@</Val>
</String>
<String>
<Name></Name>
<Val>A</Val>
</String>
<String>
<Name></Name>
<Val>@</Val>
</String>
<String>
<Name></Name>
<Val>F</Val>
</String>
<String>
<Name></Name>
<Val>@</Val>
</String>
<String>
<Name></Name>
<Val>@</Val>
</String>
<String>
<Name></Name>
<Val>@</Val>
</String>
<String>
<Name></Name>
<Val>@</Val>
</String>
<String>
<Name></Name>
<Val>@</Val>
</String>
<String>
<Name></Name>
<Val>@</Val>
</String>
<String>
<Name></Name>
<Val>@</Val>
</String>
<String>
<Name></Name>
<Val>@</Val>
</String>
<String>
<Name></Name>
<Val>G</Val>
</String>
<String>
<Name></Name>
<Val>@</Val>
</String>
<String>
<Name></Name>
<Val>C</Val>
</String>
<String>
<Name></Name>
<Val>@</Val>
</String>
<String>
<Name></Name>
<Val>@</Val>
</String>
<String>
<Name></Name>
<Val>@</Val>
</String>
<String>
<Name></Name>
<Val>@</Val>
</String>
<String>
<Name></Name>
<Val>@</Val>
</String>
<String>
<Name></Name>
<Val>@</Val>
</String>
<String>
<Name></Name>
<Val>@</Val>
</String>
<String>
<Name></Name>
<Val>@</Val>
</String>
<String>
<Name></Name>
<Val>F</Val>
</String>
<String>
<Name></Name>
<Val>@</Val>
</String>
<String>
<Name></Name>
<Val>D</Val>
</String>
<String>
<Name></Name>
<Val>@</Val>
</String>
<String>
<Name></Name>
<Val>@</Val>
</String>
<String>
<Name></Name>
<Val>@</Val>
</String>
<String>
<Name></Name>
<Val>@</Val>
</String>
<String>
<Name></Name>
<Val>@</Val>
</String>
<String>
<Name></Name>
<Val>@</Val>
</String>
<String>
<Name></Name>
<Val>@</Val>
</String>
<String>
<Name></Name>
<Val>@</Val>
</String>
<String>
<Name></Name>
<Val>E</Val>
</String>
<String>
<Name></Name>
<Val>@</Val>
</String>
<String>
<Name></Name>
<Val>A</Val>
</String>
<String>
<Name></Name>
<Val>@</Val>
</String>
<String>
<Name></Name>
<Val>@</Val>
</String>
<String>
<Name></Name>
<Val>@</Val>
</String>
<String>
<Name></Name>
<Val>@</Val>
</String>
<String>
<Name></Name>
<Val>@</Val>
</String>
<String>
<Name></Name>
<Val>@</Val>
</String>
<String>
<Name></Name>
<Val>@</Val>
</String>
<String>
<Name></Name>
<Val>@</Val>
</String>
<String>
<Name></Name>
<Val>E</Val>
</String>
<String>
<Name></Name>
<Val>@</Val>
</String>
<String>
<Name></Name>
<Val>J</Val>
</String>
<String>
<Name></Name>
<Val>@</Val>
</String>
<String>
<Name></Name>
<Val>@</Val>
</String>
<String>
<Name></Name>
<Val>@</Val>
</String>
<String>
<Name></Name>
<Val>@</Val>
</String>
<String>
<Name></Name>
<Val>@</Val>
</String>
<String>
<Name></Name>
<Val>@</Val>
</String>
<String>
<Name></Name>
<Val>@</Val>
</String>
<String>
<Name></Name>
<Val>@</Val>
</String>
<String>
<Name></Name>
<Val>H</Val>
</String>
<String>
<Name></Name>
<Val>@</Val>
</String>
</Array>
<Cluster>
<Name>IntegrationParams</Name>
<NumElts>4</NumElts>
<DBL>
<Name>time start</Name>
<Val>0.00000000000000</Val>
</DBL>
<DBL>
<Name>time end</Name>
<Val>999.00000000000000</Val>
</DBL>
<DBL>
<Name>h (step rate)</Name>
<Val>0.10000000000000</Val>
</DBL>
<Array>
<Name>X0</Name>
<Dimsize>10</Dimsize>
<I32>
<Name></Name>
<Val>1</Val>
</I32>
<I32>
<Name></Name>
<Val>0</Val>
</I32>
<I32>
<Name></Name>
<Val>0</Val>
</I32>
<I32>
<Name></Name>
<Val>0</Val>
</I32>
<I32>
<Name></Name>
<Val>0</Val>
</I32>
<I32>
<Name></Name>
<Val>0</Val>
</I32>
<I32>
<Name></Name>
<Val>0</Val>
</I32>
<I32>
<Name></Name>
<Val>0</Val>
</I32>
<I32>
<Name></Name>
<Val>0</Val>
</I32>
<I32>
<Name></Name>
<Val>0</Val>
</I32>
</Array>
</Cluster>
<Array>
<Name>StateNames</Name>
<Dimsize>10</Dimsize>
<String>
<Name>string</Name>
<Val>a</Val>
</String>
<String>
<Name>string</Name>
<Val>b</Val>
</String>
<String>
<Name>string</Name>
<Val>c</Val>
</String>
<String>
<Name>string</Name>
<Val>d</Val>
</String>
<String>
<Name>string</Name>
<Val>e</Val>
</String>
<String>
<Name>string</Name>
<Val>f</Val>
</String>
<String>
<Name>string</Name>
<Val>g</Val>
</String>
<String>
<Name>string</Name>
<Val>h</Val>
</String>
<String>
<Name>string</Name>
<Val>i</Val>
</String>
<String>
<Name>string</Name>
<Val>j</Val>
</String>
</Array>
</Cluster>
</LVData>