<?xml version='1.0' standalone='yes' ?>
<LVData xmlns="http://www.ni.com/LVData">
<Version>10.0.1</Version>
<Cluster>
<Name>ModelData</Name>
<NumElts>7</NumElts>
<Array>
<Name>Transitions</Name>
<Dimsize>8</Dimsize>
<Dimsize>2</Dimsize>
<String>
<Name>string</Name>
<Val>A</Val>
</String>
<String>
<Name>string</Name>
<Val>A</Val>
</String>
<String>
<Name>string</Name>
<Val>B</Val>
</String>
<String>
<Name>string</Name>
<Val>B</Val>
</String>
<String>
<Name>string</Name>
<Val>C</Val>
</String>
<String>
<Name>string</Name>
<Val>C</Val>
</String>
<String>
<Name>string</Name>
<Val>D</Val>
</String>
<String>
<Name>string</Name>
<Val>D</Val>
</String>
<String>
<Name>string</Name>
<Val>E</Val>
</String>
<String>
<Name>string</Name>
<Val>E</Val>
</String>
<String>
<Name>string</Name>
<Val>F</Val>
</String>
<String>
<Name>string</Name>
<Val>F</Val>
</String>
<String>
<Name>string</Name>
<Val>G</Val>
</String>
<String>
<Name>string</Name>
<Val>G</Val>
</String>
<String>
<Name>string</Name>
<Val>H</Val>
</String>
<String>
<Name>string</Name>
<Val>H</Val>
</String>
</Array>
<Array>
<Name>RealValues</Name>
<Dimsize>8</Dimsize>
<Dimsize>2</Dimsize>
<String>
<Name>string</Name>
<Val>A</Val>
</String>
<String>
<Name>string</Name>
<Val>0,055238</Val>
</String>
<String>
<Name>string</Name>
<Val>B</Val>
</String>
<String>
<Name>string</Name>
<Val>0,026695</Val>
</String>
<String>
<Name>string</Name>
<Val>C</Val>
</String>
<String>
<Name>string</Name>
<Val>0,025013</Val>
</String>
<String>
<Name>string</Name>
<Val>D</Val>
</String>
<String>
<Name>string</Name>
<Val>0,012316</Val>
</String>
<String>
<Name>string</Name>
<Val>E</Val>
</String>
<String>
<Name>string</Name>
<Val>0,004753</Val>
</String>
<String>
<Name>string</Name>
<Val>F</Val>
</String>
<String>
<Name>string</Name>
<Val>0,014268</Val>
</String>
<String>
<Name>string</Name>
<Val>G</Val>
</String>
<String>
<Name>string</Name>
<Val>0,012591</Val>
</String>
<String>
<Name>string</Name>
<Val>H</Val>
</String>
<String>
<Name>string</Name>
<Val>0,033496</Val>
</String>
</Array>
<Array>
<Name>Times</Name>
<Dimsize>100</Dimsize>
<DBL>
<Name></Name>
<Val>0.00000000000000</Val>
</DBL>
<DBL>
<Name></Name>
<Val>10.00000000000000</Val>
</DBL>
<DBL>
<Name></Name>
<Val>20.00000000000000</Val>
</DBL>
<DBL>
<Name></Name>
<Val>30.00000000000000</Val>
</DBL>
<DBL>
<Name></Name>
<Val>40.00000000000000</Val>
</DBL>
<DBL>
<Name></Name>
<Val>50.00000000000000</Val>
</DBL>
<DBL>
<Name></Name>
<Val>60.00000000000000</Val>
</DBL>
<DBL>
<Name></Name>
<Val>70.00000000000000</Val>
</DBL>
<DBL>
<Name></Name>
<Val>80.00000000000000</Val>
</DBL>
<DBL>
<Name></Name>
<Val>90.00000000000000</Val>
</DBL>
<DBL>
<Name></Name>
<Val>100.00000000000000</Val>
</DBL>
<DBL>
<Name></Name>
<Val>110.00000000000000</Val>
</DBL>
<DBL>
<Name></Name>
<Val>120.00000000000000</Val>
</DBL>
<DBL>
<Name></Name>
<Val>130.00000000000000</Val>
</DBL>
<DBL>
<Name></Name>
<Val>140.00000000000000</Val>
</DBL>
<DBL>
<Name></Name>
<Val>150.00000000000000</Val>
</DBL>
<DBL>
<Name></Name>
<Val>160.00000000000000</Val>
</DBL>
<DBL>
<Name></Name>
<Val>170.00000000000000</Val>
</DBL>
<DBL>
<Name></Name>
<Val>180.00000000000000</Val>
</DBL>
<DBL>
<Name></Name>
<Val>190.00000000000000</Val>
</DBL>
<DBL>
<Name></Name>
<Val>200.00000000000000</Val>
</DBL>
<DBL>
<Name></Name>
<Val>210.00000000000000</Val>
</DBL>
<DBL>
<Name></Name>
<Val>220.00000000000000</Val>
</DBL>
<DBL>
<Name></Name>
<Val>230.00000000000000</Val>
</DBL>
<DBL>
<Name></Name>
<Val>240.00000000000000</Val>
</DBL>
<DBL>
<Name></Name>
<Val>250.00000000000000</Val>
</DBL>
<DBL>
<Name></Name>
<Val>260.00000000000000</Val>
</DBL>
<DBL>
<Name></Name>
<Val>270.00000000000000</Val>
</DBL>
<DBL>
<Name></Name>
<Val>280.00000000000000</Val>
</DBL>
<DBL>
<Name></Name>
<Val>290.00000000000000</Val>
</DBL>
<DBL>
<Name></Name>
<Val>300.00000000000000</Val>
</DBL>
<DBL>
<Name></Name>
<Val>310.00000000000000</Val>
</DBL>
<DBL>
<Name></Name>
<Val>320.00000000000000</Val>
</DBL>
<DBL>
<Name></Name>
<Val>330.00000000000000</Val>
</DBL>
<DBL>
<Name></Name>
<Val>340.00000000000000</Val>
</DBL>
<DBL>
<Name></Name>
<Val>350.00000000000000</Val>
</DBL>
<DBL>
<Name></Name>
<Val>360.00000000000000</Val>
</DBL>
<DBL>
<Name></Name>
<Val>370.00000000000000</Val>
</DBL>
<DBL>
<Name></Name>
<Val>380.00000000000000</Val>
</DBL>
<DBL>
<Name></Name>
<Val>390.00000000000000</Val>
</DBL>
<DBL>
<Name></Name>
<Val>400.00000000000000</Val>
</DBL>
<DBL>
<Name></Name>
<Val>410.00000000000000</Val>
</DBL>
<DBL>
<Name></Name>
<Val>420.00000000000000</Val>
</DBL>
<DBL>
<Name></Name>
<Val>430.00000000000000</Val>
</DBL>
<DBL>
<Name></Name>
<Val>440.00000000000000</Val>
</DBL>
<DBL>
<Name></Name>
<Val>450.00000000000000</Val>
</DBL>
<DBL>
<Name></Name>
<Val>460.00000000000000</Val>
</DBL>
<DBL>
<Name></Name>
<Val>470.00000000000000</Val>
</DBL>
<DBL>
<Name></Name>
<Val>480.00000000000000</Val>
</DBL>
<DBL>
<Name></Name>
<Val>490.00000000000000</Val>
</DBL>
<DBL>
<Name></Name>
<Val>500.00000000000000</Val>
</DBL>
<DBL>
<Name></Name>
<Val>510.00000000000000</Val>
</DBL>
<DBL>
<Name></Name>
<Val>520.00000000000000</Val>
</DBL>
<DBL>
<Name></Name>
<Val>530.00000000000000</Val>
</DBL>
<DBL>
<Name></Name>
<Val>540.00000000000000</Val>
</DBL>
<DBL>
<Name></Name>
<Val>550.00000000000000</Val>
</DBL>
<DBL>
<Name></Name>
<Val>560.00000000000000</Val>
</DBL>
<DBL>
<Name></Name>
<Val>570.00000000000000</Val>
</DBL>
<DBL>
<Name></Name>
<Val>580.00000000000000</Val>
</DBL>
<DBL>
<Name></Name>
<Val>590.00000000000000</Val>
</DBL>
<DBL>
<Name></Name>
<Val>600.00000000000000</Val>
</DBL>
<DBL>
<Name></Name>
<Val>610.00000000000000</Val>
</DBL>
<DBL>
<Name></Name>
<Val>620.00000000000000</Val>
</DBL>
<DBL>
<Name></Name>
<Val>630.00000000000000</Val>
</DBL>
<DBL>
<Name></Name>
<Val>640.00000000000000</Val>
</DBL>
<DBL>
<Name></Name>
<Val>650.00000000000000</Val>
</DBL>
<DBL>
<Name></Name>
<Val>660.00000000000000</Val>
</DBL>
<DBL>
<Name></Name>
<Val>670.00000000000000</Val>
</DBL>
<DBL>
<Name></Name>
<Val>680.00000000000000</Val>
</DBL>
<DBL>
<Name></Name>
<Val>690.00000000000000</Val>
</DBL>
<DBL>
<Name></Name>
<Val>700.00000000000000</Val>
</DBL>
<DBL>
<Name></Name>
<Val>710.00000000000000</Val>
</DBL>
<DBL>
<Name></Name>
<Val>720.00000000000000</Val>
</DBL>
<DBL>
<Name></Name>
<Val>730.00000000000000</Val>
</DBL>
<DBL>
<Name></Name>
<Val>740.00000000000000</Val>
</DBL>
<DBL>
<Name></Name>
<Val>750.00000000000000</Val>
</DBL>
<DBL>
<Name></Name>
<Val>760.00000000000000</Val>
</DBL>
<DBL>
<Name></Name>
<Val>770.00000000000000</Val>
</DBL>
<DBL>
<Name></Name>
<Val>780.00000000000000</Val>
</DBL>
<DBL>
<Name></Name>
<Val>790.00000000000000</Val>
</DBL>
<DBL>
<Name></Name>
<Val>800.00000000000000</Val>
</DBL>
<DBL>
<Name></Name>
<Val>810.00000000000000</Val>
</DBL>
<DBL>
<Name></Name>
<Val>820.00000000000000</Val>
</DBL>
<DBL>
<Name></Name>
<Val>830.00000000000000</Val>
</DBL>
<DBL>
<Name></Name>
<Val>840.00000000000000</Val>
</DBL>
<DBL>
<Name></Name>
<Val>850.00000000000000</Val>
</DBL>
<DBL>
<Name></Name>
<Val>860.00000000000000</Val>
</DBL>
<DBL>
<Name></Name>
<Val>870.00000000000000</Val>
</DBL>
<DBL>
<Name></Name>
<Val>880.00000000000000</Val>
</DBL>
<DBL>
<Name></Name>
<Val>890.00000000000000</Val>
</DBL>
<DBL>
<Name></Name>
<Val>900.00000000000000</Val>
</DBL>
<DBL>
<Name></Name>
<Val>910.00000000000000</Val>
</DBL>
<DBL>
<Name></Name>
<Val>920.00000000000000</Val>
</DBL>
<DBL>
<Name></Name>
<Val>930.00000000000000</Val>
</DBL>
<DBL>
<Name></Name>
<Val>940.00000000000000</Val>
</DBL>
<DBL>
<Name></Name>
<Val>950.00000000000000</Val>
</DBL>
<DBL>
<Name></Name>
<Val>960.00000000000000</Val>
</DBL>
<DBL>
<Name></Name>
<Val>970.00000000000000</Val>
</DBL>
<DBL>
<Name></Name>
<Val>980.00000000000000</Val>
</DBL>
<DBL>
<Name></Name>
<Val>990.00000000000000</Val>
</DBL>
</Array>
<Array>
<Name>RealSolution</Name>
<Dimsize>100</Dimsize>
<Dimsize>10</Dimsize>
<DBL>
<Name></Name>
<Val>1.00000000000000</Val>
</DBL>
<DBL>
<Name></Name>
<Val>0.00000000000000</Val>
</DBL>
<DBL>
<Name></Name>
<Val>0.00000000000000</Val>
</DBL>
<DBL>
<Name></Name>
<Val>0.00000000000000</Val>
</DBL>
<DBL>
<Name></Name>
<Val>0.00000000000000</Val>
</DBL>
<DBL>
<Name></Name>
<Val>0.00000000000000</Val>
</DBL>
<DBL>
<Name></Name>
<Val>0.00000000000000</Val>
</DBL>
<DBL>
<Name></Name>
<Val>0.00000000000000</Val>
</DBL>
<DBL>
<Name></Name>
<Val>0.00000000000000</Val>
</DBL>
<DBL>
<Name></Name>
<Val>0.00000000000000</Val>
</DBL>
<DBL>
<Name></Name>
<Val>0.61197216875836</Val>
</DBL>
<DBL>
<Name></Name>
<Val>0.29231919665231</Val>
</DBL>
<DBL>
<Name></Name>
<Val>8.72041436386678E-2</Val>
</DBL>
<DBL>
<Name></Name>
<Val>8.20958468472441E-3</Val>
</DBL>
<DBL>
<Name></Name>
<Val>2.65239006283570E-4</Val>
</DBL>
<DBL>
<Name></Name>
<Val>2.81028418205598E-5</Val>
</DBL>
<DBL>
<Name></Name>
<Val>1.53390264024716E-6</Val>
</DBL>
<DBL>
<Name></Name>
<Val>3.00506097014712E-8</Val>
</DBL>
<DBL>
<Name></Name>
<Val>4.58544608366423E-10</Val>
</DBL>
<DBL>
<Name></Name>
<Val>6.03929815023090E-12</Val>
</DBL>
<DBL>
<Name></Name>
<Val>0.41397482792089</Val>
</DBL>
<DBL>
<Name></Name>
<Val>0.33103056218888</Val>
</DBL>
<DBL>
<Name></Name>
<Val>0.20944025941256</Val>
</DBL>
<DBL>
<Name></Name>
<Val>4.23567390800203E-2</Val>
</DBL>
<DBL>
<Name></Name>
<Val>2.58090259967799E-3</Val>
</DBL>
<DBL>
<Name></Name>
<Val>5.51135930709219E-4</Val>
</DBL>
<DBL>
<Name></Name>
<Val>6.29089889866031E-5</Val>
</DBL>
<DBL>
<Name></Name>
<Val>2.57678996588674E-6</Val>
</DBL>
<DBL>
<Name></Name>
<Val>8.46600845022648E-8</Val>
</DBL>
<DBL>
<Name></Name>
<Val>2.42823167376211E-9</Val>
</DBL>
<DBL>
<Name></Name>
<Val>0.29901976446665</Val>
</DBL>
<DBL>
<Name></Name>
<Val>0.30135519420125</Val>
</DBL>
<DBL>
<Name></Name>
<Val>0.29441435382695</Val>
</DBL>
<DBL>
<Name></Name>
<Val>9.41257648733871E-2</Val>
</DBL>
<DBL>
<Name></Name>
<Val>8.05623755382224E-3</Val>
</DBL>
<DBL>
<Name></Name>
<Val>2.55266812194062E-3</Val>
</DBL>
<DBL>
<Name></Name>
<Val>4.46565091606090E-4</Val>
</DBL>
<DBL>
<Name></Name>
<Val>2.79440777290697E-5</Val>
</DBL>
<DBL>
<Name></Name>
<Val>1.44224293596472E-6</Val>
</DBL>
<DBL>
<Name></Name>
<Val>6.55437177950837E-8</Val>
</DBL>
<DBL>
<Name></Name>
<Val>0.22551092093721</Val>
</DBL>
<DBL>
<Name></Name>
<Val>0.25925732415244</Val>
</DBL>
<DBL>
<Name></Name>
<Val>0.34002341748897</Val>
</DBL>
<DBL>
<Name></Name>
<Val>0.15067463683428</Val>
</DBL>
<DBL>
<Name></Name>
<Val>1.61209494605175E-2</Val>
</DBL>
<DBL>
<Name></Name>
<Val>6.69039622695634E-3</Val>
</DBL>
<DBL>
<Name></Name>
<Val>1.57936422478458E-3</Val>
</DBL>
<DBL>
<Name></Name>
<Val>1.32893645592925E-4</Val>
</DBL>
<DBL>
<Name></Name>
<Val>9.49449685298449E-6</Val>
</DBL>
<DBL>
<Name></Name>
<Val>6.02532393429454E-7</Val>
</DBL>
<DBL>
<Name></Name>
<Val>0.17537702622708</Val>
</DBL>
<DBL>
<Name></Name>
<Val>0.22029335424333</Val>
</DBL>
<DBL>
<Name></Name>
<Val>0.35784713527576</Val>
</DBL>
<DBL>
<Name></Name>
<Val>0.20358675320979</Val>
</DBL>
<DBL>
<Name></Name>
<Val>2.55986669854952E-2</Val>
</DBL>
<DBL>
<Name></Name>
<Val>1.29946288806458E-2</Val>
</DBL>
<DBL>
<Name></Name>
<Val>3.85547647312060E-3</Val>
</DBL>
<DBL>
<Name></Name>
<Val>4.06367450342579E-4</Val>
</DBL>
<DBL>
<Name></Name>
<Val>3.74899933564073E-5</Val>
</DBL>
<DBL>
<Name></Name>
<Val>3.10126107618909E-6</Val>
</DBL>
<DBL>
<Name></Name>
<Val>0.13971677173796</Val>
</DBL>
<DBL>
<Name></Name>
<Val>0.18772801997145</Val>
</DBL>
<DBL>
<Name></Name>
<Val>0.35869658235798</Val>
</DBL>
<DBL>
<Name></Name>
<Val>0.24882197119197</Val>
</DBL>
<DBL>
<Name></Name>
<Val>3.54127640386131E-2</Val>
</DBL>
<DBL>
<Name></Name>
<Val>2.10591068086903E-2</Val>
</DBL>
<DBL>
<Name></Name>
<Val>7.50001011215792E-3</Val>
</DBL>
<DBL>
<Name></Name>
<Val>9.45872851491270E-4</Val>
</DBL>
<DBL>
<Name></Name>
<Val>1.07776585813693E-4</Val>
</DBL>
<DBL>
<Name></Name>
<Val>1.11243438804064E-5</Val>
</DBL>
<DBL>
<Name></Name>
<Val>0.11360852537979</Val>
</DBL>
<DBL>
<Name></Name>
<Val>0.16133913652340</Val>
</DBL>
<DBL>
<Name></Name>
<Val>0.35011408100189</Val>
</DBL>
<DBL>
<Name></Name>
<Val>0.28516589986311</Val>
</DBL>
<DBL>
<Name></Name>
<Val>4.48100637919404E-2</Val>
</DBL>
<DBL>
<Name></Name>
<Val>3.03069235304931E-2</Val>
</DBL>
<DBL>
<Name></Name>
<Val>1.25417783769290E-2</Val>
</DBL>
<DBL>
<Name></Name>
<Val>1.83242700632856E-3</Val>
</DBL>
<DBL>
<Name></Name>
<Val>2.49940461862382E-4</Val>
</DBL>
<DBL>
<Name></Name>
<Val>3.12240642563944E-5</Val>
</DBL>
<DBL>
<Name></Name>
<Val>9.40768821726178E-2</Val>
</DBL>
<DBL>
<Name></Name>
<Val>0.14010861616585</Val>
</DBL>
<DBL>
<Name></Name>
<Val>0.33682310102775</Val>
</DBL>
<DBL>
<Name></Name>
<Val>0.31292765756874</Val>
</DBL>
<DBL>
<Name></Name>
<Val>5.33536418214023E-2</Val>
</DBL>
<DBL>
<Name></Name>
<Val>4.01716839099406E-2</Val>
</DBL>
<DBL>
<Name></Name>
<Val>1.88530787927260E-2</Val>
</DBL>
<DBL>
<Name></Name>
<Val>3.11501437133801E-3</Val>
</DBL>
<DBL>
<Name></Name>
<Val>4.96873176455105E-4</Val>
</DBL>
<DBL>
<Name></Name>
<Val>7.34509931772931E-5</Val>
</DBL>
<DBL>
<Name></Name>
<Val>7.92079082154748E-2</Val>
</DBL>
<DBL>
<Name></Name>
<Val>0.12299670687884</Val>
</DBL>
<DBL>
<Name></Name>
<Val>0.32160959857115</Val>
</DBL>
<DBL>
<Name></Name>
<Val>0.33310913205756</Val>
</DBL>
<DBL>
<Name></Name>
<Val>6.08443801572733E-2</Val>
</DBL>
<DBL>
<Name></Name>
<Val>5.01840274415408E-2</Val>
</DBL>
<DBL>
<Name></Name>
<Val>2.62102869797118E-2</Val>
</DBL>
<DBL>
<Name></Name>
<Val>4.80629371070578E-3</Val>
</DBL>
<DBL>
<Name></Name>
<Val>8.80344701954572E-4</Val>
</DBL>
<DBL>
<Name></Name>
<Val>1.51321285785833E-4</Val>
</DBL>
<DBL>
<Name></Name>
<Val>6.77176121928674E-2</Val>
</DBL>
<DBL>
<Name></Name>
<Val>0.10912848679136</Val>
</DBL>
<DBL>
<Name></Name>
<Val>0.30603916615185</Val>
</DBL>
<DBL>
<Name></Name>
<Val>0.34693631280929</Val>
</DBL>
<DBL>
<Name></Name>
<Val>6.72391562031658E-2</Val>
</DBL>
<DBL>
<Name></Name>
<Val>5.99953575191298E-2</Val>
</DBL>
<DBL>
<Name></Name>
<Val>3.43488255742624E-2</Val>
</DBL>
<DBL>
<Name></Name>
<Val>6.88651173863904E-3</Val>
</DBL>
<DBL>
<Name></Name>
<Val>1.42728454620940E-3</Val>
</DBL>
<DBL>
<Name></Name>
<Val>2.81286473235361E-4</Val>
</DBL>
<DBL>
<Name></Name>
<Val>5.87186763890163E-2</Val>
</DBL>
<DBL>
<Name></Name>
<Val>9.78095941574895E-2</Val>
</DBL>
<DBL>
<Name></Name>
<Val>0.29094287232750</Val>
</DBL>
<DBL>
<Name></Name>
<Val>0.35561906883660</Val>
</DBL>
<DBL>
<Name></Name>
<Val>7.25866601024967E-2</Val>
</DBL>
<DBL>
<Name></Name>
<Val>6.93693590875588E-2</Val>
</DBL>
<DBL>
<Name></Name>
<Val>4.30029544369543E-2</Val>
</DBL>
<DBL>
<Name></Name>
<Val>9.31160745836294E-3</Val>
</DBL>
<DBL>
<Name></Name>
<Val>2.15735224434758E-3</Val>
</DBL>
<DBL>
<Name></Name>
<Val>4.81854959671753E-4</Val>
</DBL>
<DBL>
<Name></Name>
<Val>5.15839663867507E-2</Val>
</DBL>
<DBL>
<Name></Name>
<Val>8.84993245042446E-2</Val>
</DBL>
<DBL>
<Name></Name>
<Val>0.27672321497802</Val>
</DBL>
<DBL>
<Name></Name>
<Val>0.36024257711039</Val>
</DBL>
<DBL>
<Name></Name>
<Val>7.69830120532483E-2</Val>
</DBL>
<DBL>
<Name></Name>
<Val>7.81610989514154E-2</Val>
</DBL>
<DBL>
<Name></Name>
<Val>5.19300655344252E-2</Val>
</DBL>
<DBL>
<Name></Name>
<Val>1.20223260566610E-2</Val>
</DBL>
<DBL>
<Name></Name>
<Val>3.08186950623558E-3</Val>
</DBL>
<DBL>
<Name></Name>
<Val>7.72544918607370E-4</Val>
</DBL>
<DBL>
<Name></Name>
<Val>4.58620916321616E-2</Val>
</DBL>
<DBL>
<Name></Name>
<Val>8.07785687573824E-2</Val>
</DBL>
<DBL>
<Name></Name>
<Val>0.26353982819373</Val>
</DBL>
<DBL>
<Name></Name>
<Val>0.36172995205784</Val>
</DBL>
<DBL>
<Name></Name>
<Val>8.05434522746081E-2</Val>
</DBL>
<DBL>
<Name></Name>
<Val>8.62942032642904E-2</Val>
</DBL>
<DBL>
<Name></Name>
<Val>6.09227663159556E-2</Val>
</DBL>
<DBL>
<Name></Name>
<Val>1.49524205355432E-2</Val>
</DBL>
<DBL>
<Name></Name>
<Val>4.20388832283670E-3</Val>
</DBL>
<DBL>
<Name></Name>
<Val>1.17282864565232E-3</Val>
</DBL>
<DBL>
<Name></Name>
<Val>4.12231064060471E-2</Val>
</DBL>
<DBL>
<Name></Name>
<Val>7.43221741427569E-2</Val>
</DBL>
<DBL>
<Name></Name>
<Val>0.25141965377844</Val>
</DBL>
<DBL>
<Name></Name>
<Val>0.36084087072488</Val>
</DBL>
<DBL>
<Name></Name>
<Val>8.33855104657075E-2</Val>
</DBL>
<DBL>
<Name></Name>
<Val>9.37407202558800E-2</Val>
</DBL>
<DBL>
<Name></Name>
<Val>6.98126470156934E-2</Val>
</DBL>
<DBL>
<Name></Name>
<Val>1.80350778582453E-2</Val>
</DBL>
<DBL>
<Name></Name>
<Val>5.51905395496025E-3</Val>
</DBL>
<DBL>
<Name></Name>
<Val>1.70118539739372E-3</Val>
</DBL>
<DBL>
<Name></Name>
<Val>3.74225906994359E-2</Val>
</DBL>
<DBL>
<Name></Name>
<Val>6.88771185825446E-2</Val>
</DBL>
<DBL>
<Name></Name>
<Val>0.24032110243593</Val>
</DBL>
<DBL>
<Name></Name>
<Val>0.35818660465225</Val>
</DBL>
<DBL>
<Name></Name>
<Val>8.56198020022254E-2</Val>
</DBL>
<DBL>
<Name></Name>
<Val>0.10050510219627</Val>
</DBL>
<DBL>
<Name></Name>
<Val>7.84690206713288E-2</Val>
</DBL>
<DBL>
<Name></Name>
<Val>2.12074023077818E-2</Val>
</DBL>
<DBL>
<Name></Name>
<Val>7.01692389523066E-3</Val>
</DBL>
<DBL>
<Name></Name>
<Val>2.37433255700171E-3</Val>
</DBL>
<DBL>
<Name></Name>
<Val>3.42773501591730E-2</Val>
</DBL>
<DBL>
<Name></Name>
<Val>6.42457624267388E-2</Val>
</DBL>
<DBL>
<Name></Name>
<Val>0.23017068662593</Val>
</DBL>
<DBL>
<Name></Name>
<Val>0.35425101028288</Val>
</DBL>
<DBL>
<Name></Name>
<Val>8.73456309273981E-2</Val>
</DBL>
<DBL>
<Name></Name>
<Val>0.10661224983893</Val>
</DBL>
<DBL>
<Name></Name>
<Val>8.67950174451557E-2</Val>
</DBL>
<DBL>
<Name></Name>
<Val>2.44131634479819E-2</Val>
</DBL>
<DBL>
<Name></Name>
<Val>8.68246459844908E-3</Val>
</DBL>
<DBL>
<Name></Name>
<Val>3.20666424736162E-3</Val>
</DBL>
<DBL>
<Name></Name>
<Val>3.16486587703282E-2</Val>
</DBL>
<DBL>
<Name></Name>
<Val>6.02730991934455E-2</Val>
</DBL>
<DBL>
<Name></Name>
<Val>0.22088339516315</Val>
</DBL>
<DBL>
<Name></Name>
<Val>0.34941219934487</Val>
</DBL>
<DBL>
<Name></Name>
<Val>8.86494770026345E-2</Val>
</DBL>
<DBL>
<Name></Name>
<Val>0.11209898760120</Val>
</DBL>
<DBL>
<Name></Name>
<Val>9.47225921698700E-2</Val>
</DBL>
<DBL>
<Name></Name>
<Val>2.76041677029913E-2</Val>
</DBL>
<DBL>
<Name></Name>
<Val>1.04975266656992E-2</Val>
</DBL>
<DBL>
<Name></Name>
<Val>4.20989638580807E-3</Val>
</DBL>
<DBL>
<Name></Name>
<Val>2.94305040403549E-2</Val>
</DBL>
<DBL>
<Name></Name>
<Val>5.68370524280716E-2</Val>
</DBL>
<DBL>
<Name></Name>
<Val>0.21237358288210</Val>
</DBL>
<DBL>
<Name></Name>
<Val>0.34396245125664</Val>
</DBL>
<DBL>
<Name></Name>
<Val>8.96051150541328E-2</Val>
</DBL>
<DBL>
<Name></Name>
<Val>0.11700821045402</Val>
</DBL>
<DBL>
<Name></Name>
<Val>0.10220737970282</Val>
</DBL>
<DBL>
<Name></Name>
<Val>3.07406327238899E-2</Val>
</DBL>
<DBL>
<Name></Name>
<Val>1.24421736331226E-2</Val>
</DBL>
<DBL>
<Name></Name>
<Val>5.39289782484707E-3</Val>
</DBL>
<DBL>
<Name></Name>
<Val>2.75412126423898E-2</Val>
</DBL>
<DBL>
<Name></Name>
<Val>5.38410709987611E-2</Val>
</DBL>
<DBL>
<Name></Name>
<Val>0.20456040735567</Val>
</DBL>
<DBL>
<Name></Name>
<Val>0.33812544016202</Val>
</DBL>
<DBL>
<Name></Name>
<Val>9.02745812511748E-2</Val>
</DBL>
<DBL>
<Name></Name>
<Val>0.12138500809413</Val>
</DBL>
<DBL>
<Name></Name>
<Val>0.10922390424706</Val>
</DBL>
<DBL>
<Name></Name>
<Val>3.37908986953340E-2</Val>
</DBL>
<DBL>
<Name></Name>
<Val>1.44957996312759E-2</Val>
</DBL>
<DBL>
<Name></Name>
<Val>6.76167692218293E-3</Val>
</DBL>
<DBL>
<Name></Name>
<Val>2.59174000151251E-2</Val>
</DBL>
<DBL>
<Name></Name>
<Val>5.12084581061651E-2</Val>
</DBL>
<DBL>
<Name></Name>
<Val>0.19737019339697</Val>
</DBL>
<DBL>
<Name></Name>
<Val>0.33207061574361</Val>
</DBL>
<DBL>
<Name></Name>
<Val>9.07095111128729E-2</Val>
</DBL>
<DBL>
<Name></Name>
<Val>0.12527420012844</Val>
</DBL>
<DBL>
<Name></Name>
<Val>0.11576137566058</Val>
</DBL>
<DBL>
<Name></Name>
<Val>3.67307418974735E-2</Val>
</DBL>
<DBL>
<Name></Name>
<Val>1.66380146473101E-2</Val>
</DBL>
<DBL>
<Name></Name>
<Val>8.31948929145844E-3</Val>
</DBL>
<DBL>
<Name></Name>
<Val>2.45095435005317E-2</Val>
</DBL>
<DBL>
<Name></Name>
<Val>4.88780120714080E-2</Val>
</DBL>
<DBL>
<Name></Name>
<Val>0.19073711865381</Val>
</DBL>
<DBL>
<Name></Name>
<Val>0.32592493610054</Val>
</DBL>
<DBL>
<Name></Name>
<Val>9.09525738263008E-2</Val>
</DBL>
<DBL>
<Name></Name>
<Val>0.12871884917835</Val>
</DBL>
<DBL>
<Name></Name>
<Val>0.12182014298584</Val>
</DBL>
<DBL>
<Name></Name>
<Val>3.95424858063358E-2</Val>
</DBL>
<DBL>
<Name></Name>
<Val>1.88493045188676E-2</Val>
</DBL>
<DBL>
<Name></Name>
<Val>1.00670333580241E-2</Val>
</DBL>
<DBL>
<Name></Name>
<Val>2.32787068674117E-2</Val>
</DBL>
<DBL>
<Name></Name>
<Val>4.68006637631584E-2</Val>
</DBL>
<DBL>
<Name></Name>
<Val>0.18460302641036</Val>
</DBL>
<DBL>
<Name></Name>
<Val>0.31978229314720</Val>
</DBL>
<DBL>
<Name></Name>
<Val>9.10388526828444E-2</Val>
</DBL>
<DBL>
<Name></Name>
<Val>0.13175943411818</Val>
</DBL>
<DBL>
<Name></Name>
<Val>0.12740878570225</Val>
</DBL>
<DBL>
<Name></Name>
<Val>4.22140442649550E-2</Val>
</DBL>
<DBL>
<Name></Name>
<Val>2.11114892037428E-2</Val>
</DBL>
<DBL>
<Name></Name>
<Val>1.20027038399013E-2</Val>
</DBL>
<DBL>
<Name></Name>
<Val>2.21940927878097E-2</Val>
</DBL>
<DBL>
<Name></Name>
<Val>4.49368744381742E-2</Val>
</DBL>
<DBL>
<Name></Name>
<Val>0.17891682444863</Val>
</DBL>
<DBL>
<Name></Name>
<Val>0.31371100236421</Val>
</DBL>
<DBL>
<Name></Name>
<Val>9.09970977830300E-2</Val>
</DBL>
<DBL>
<Name></Name>
<Val>0.13443345713111</Val>
</DBL>
<DBL>
<Name></Name>
<Val>0.13254177922452</Val>
</DBL>
<DBL>
<Name></Name>
<Val>4.47379832008474E-2</Val>
</DBL>
<DBL>
<Name></Name>
<Val>2.34080105925235E-2</Val>
</DBL>
<DBL>
<Name></Name>
<Val>1.41228780291558E-2</Val>
</DBL>
<DBL>
<Name></Name>
<Val>2.12311982481590E-2</Val>
</DBL>
<DBL>
<Name></Name>
<Val>4.32546160565484E-2</Val>
</DBL>
<DBL>
<Name></Name>
<Val>0.17363372484883</Val>
</DBL>
<DBL>
<Name></Name>
<Val>0.30775970747224</Val>
</DBL>
<DBL>
<Name></Name>
<Val>9.08508221960333E-2</Val>
</DBL>
<DBL>
<Name></Name>
<Val>0.13677532718164</Val>
</DBL>
<DBL>
<Name></Name>
<Val>0.13723765435487</Val>
</DBL>
<DBL>
<Name></Name>
<Val>4.71106517639769E-2</Val>
</DBL>
<DBL>
<Name></Name>
<Val>2.57240830402736E-2</Val>
</DBL>
<DBL>
<Name></Name>
<Val>1.64222148374307E-2</Val>
</DBL>
<DBL>
<Name></Name>
<Val>2.03704140168088E-2</Val>
</DBL>
<DBL>
<Name></Name>
<Val>4.17277993649831E-2</Val>
</DBL>
<DBL>
<Name></Name>
<Val>0.16871446091157</Val>
</DBL>
<DBL>
<Name></Name>
<Val>0.30196200777579</Val>
</DBL>
<DBL>
<Name></Name>
<Val>9.06192381590798E-2</Val>
</DBL>
<DBL>
<Name></Name>
<Val>0.13881641267982</Val>
</DBL>
<DBL>
<Name></Name>
<Val>0.14151756874057</Val>
</DBL>
<DBL>
<Name></Name>
<Val>4.93314087877354E-2</Val>
</DBL>
<DBL>
<Name></Name>
<Val>2.80467381452573E-2</Val>
</DBL>
<DBL>
<Name></Name>
<Val>1.88939514183920E-2</Val>
</DBL>
<DBL>
<Name></Name>
<Val>1.95959544269050E-2</Val>
</DBL>
<DBL>
<Name></Name>
<Val>4.03350472909822E-2</Val>
</DBL>
<DBL>
<Name></Name>
<Val>0.16412454923769</Val>
</DBL>
<DBL>
<Name></Name>
<Val>0.29634006751300</Val>
</DBL>
<DBL>
<Name></Name>
<Val>9.03180432492152E-2</Val>
</DBL>
<DBL>
<Name></Name>
<Val>0.14058519174235</Val>
</DBL>
<DBL>
<Name></Name>
<Val>0.14540421446433</Val>
</DBL>
<DBL>
<Name></Name>
<Val>5.14019538625408E-2</Val>
</DBL>
<DBL>
<Name></Name>
<Val>3.03647917362896E-2</Val>
</DBL>
<DBL>
<Name></Name>
<Val>2.15301864767047E-2</Val>
</DBL>
<DBL>
<Name></Name>
<Val>1.88950350067457E-2</Val>
</DBL>
<DBL>
<Name></Name>
<Val>3.90587353909246E-2</Val>
</DBL>
<DBL>
<Name></Name>
<Val>0.15983362665412</Val>
</DBL>
<DBL>
<Name></Name>
<Val>0.29090742023773</Val>
</DBL>
<DBL>
<Name></Name>
<Val>8.99600725991487E-2</Val>
</DBL>
<DBL>
<Name></Name>
<Val>0.14210745326175</Val>
</DBL>
<DBL>
<Name></Name>
<Val>0.14892099530516</Val>
</DBL>
<DBL>
<Name></Name>
<Val>5.33257619025679E-2</Val>
</DBL>
<DBL>
<Name></Name>
<Val>3.26687566576661E-2</Val>
</DBL>
<DBL>
<Name></Name>
<Val>2.43221429841795E-2</Val>
</DBL>
<DBL>
<Name></Name>
<Val>1.82572374758544E-2</Val>
</DBL>
<DBL>
<Name></Name>
<Val>3.78842393565624E-2</Val>
</DBL>
<DBL>
<Name></Name>
<Val>0.15581487076050</Val>
</DBL>
<DBL>
<Name></Name>
<Val>0.28567114029355</Val>
</DBL>
<DBL>
<Name></Name>
<Val>8.95558352026836E-2</Val>
</DBL>
<DBL>
<Name></Name>
<Val>0.14340651897349</Val>
</DBL>
<DBL>
<Name></Name>
<Val>0.15209141747120</Val>
</DBL>
<DBL>
<Name></Name>
<Val>5.51076140709176E-2</Val>
</DBL>
<DBL>
<Name></Name>
<Val>3.49507204657240E-2</Val>
</DBL>
<DBL>
<Name></Name>
<Val>2.72604059295232E-2</Val>
</DBL>
<DBL>
<Name></Name>
<Val>1.76740172971087E-2</Val>
</DBL>
<DBL>
<Name></Name>
<Val>3.67993434346434E-2</Val>
</DBL>
<DBL>
<Name></Name>
<Val>0.15204450204025</Val>
</DBL>
<DBL>
<Name></Name>
<Val>0.28063351876032</Val>
</DBL>
<DBL>
<Name></Name>
<Val>8.91139520419364E-2</Val>
</DBL>
<DBL>
<Name></Name>
<Val>0.14450346814835</Val>
</DBL>
<DBL>
<Name></Name>
<Val>0.15493864742564</Val>
</DBL>
<DBL>
<Name></Name>
<Val>5.67532148938082E-2</Val>
</DBL>
<DBL>
<Name></Name>
<Val>3.72042029818839E-2</Val>
</DBL>
<DBL>
<Name></Name>
<Val>3.03351329760721E-2</Val>
</DBL>
<DBL>
<Name></Name>
<Val>1.71383202905650E-2</Val>
</DBL>
<DBL>
<Name></Name>
<Val>3.57937741657694E-2</Val>
</DBL>
<DBL>
<Name></Name>
<Val>0.14850136038528</Val>
</DBL>
<DBL>
<Name></Name>
<Val>0.27579335268568</Val>
</DBL>
<DBL>
<Name></Name>
<Val>8.86415123040339E-2</Val>
</DBL>
<DBL>
<Name></Name>
<Val>0.14541735411756</Val>
</DBL>
<DBL>
<Name></Name>
<Val>0.15748519919742</Val>
</DBL>
<DBL>
<Name></Name>
<Val>5.82688842917875E-2</Val>
</DBL>
<DBL>
<Name></Name>
<Val>3.94240049886424E-2</Val>
</DBL>
<DBL>
<Name></Name>
<Val>3.35362375732576E-2</Val>
</DBL>
<DBL>
<Name></Name>
<Val>1.66442830798911E-2</Val>
</DBL>
<DBL>
<Name></Name>
<Val>3.48588319183977E-2</Val>
</DBL>
<DBL>
<Name></Name>
<Val>0.14516654696757</Val>
</DBL>
<DBL>
<Name></Name>
<Val>0.27114693329478</Val>
</DBL>
<DBL>
<Name></Name>
<Val>8.81443620079737E-2</Val>
</DBL>
<DBL>
<Name></Name>
<Val>0.14616540677146</Val>
</DBL>
<DBL>
<Name></Name>
<Val>0.15975272108346</Val>
</DBL>
<DBL>
<Name></Name>
<Val>5.96613133391444E-2</Val>
</DBL>
<DBL>
<Name></Name>
<Val>4.16060562812886E-2</Val>
</DBL>
<DBL>
<Name></Name>
<Val>3.68535452560333E-2</Val>
</DBL>
<DBL>
<Name></Name>
<Val>1.61869982426692E-2</Val>
</DBL>
<DBL>
<Name></Name>
<Val>3.39870988867295E-2</Val>
</DBL>
<DBL>
<Name></Name>
<Val>0.14202312216741</Val>
</DBL>
<DBL>
<Name></Name>
<Val>0.26668880038734</Val>
</DBL>
<DBL>
<Name></Name>
<Val>8.76273373116370E-2</Val>
</DBL>
<DBL>
<Name></Name>
<Val>0.14676321831250</Val>
</DBL>
<DBL>
<Name></Name>
<Val>0.16176185791381</Val>
</DBL>
<DBL>
<Name></Name>
<Val>6.09373733193673E-2</Val>
</DBL>
<DBL>
<Name></Name>
<Val>4.37472687934391E-2</Val>
</DBL>
<DBL>
<Name></Name>
<Val>4.02769246650936E-2</Val>
</DBL>
<DBL>
<Name></Name>
<Val>1.57623295795639E-2</Val>
</DBL>
<DBL>
<Name></Name>
<Val>3.31722069877105E-2</Val>
</DBL>
<DBL>
<Name></Name>
<Val>0.13905585088164</Val>
</DBL>
<DBL>
<Name></Name>
<Val>0.26241231547585</Val>
</DBL>
<DBL>
<Name></Name>
<Val>8.70944528164344E-2</Val>
</DBL>
<DBL>
<Name></Name>
<Val>0.14722491148622</Val>
</DBL>
<DBL>
<Name></Name>
<Val>0.16353217017298</Val>
</DBL>
<DBL>
<Name></Name>
<Val>6.21039687356803E-2</Val>
</DBL>
<DBL>
<Name></Name>
<Val>4.58453985494064E-2</Val>
</DBL>
<DBL>
<Name></Name>
<Val>4.37963953145270E-2</Val>
</DBL>
<DBL>
<Name></Name>
<Val>1.53667663285350E-2</Val>
</DBL>
<DBL>
<Name></Name>
<Val>3.24086527704629E-2</Val>
</DBL>
<DBL>
<Name></Name>
<Val>0.13625098750603</Val>
</DBL>
<DBL>
<Name></Name>
<Val>0.25831009466703</Val>
</DBL>
<DBL>
<Name></Name>
<Val>8.65490534289199E-2</Val>
</DBL>
<DBL>
<Name></Name>
<Val>0.14756329066513</Val>
</DBL>
<DBL>
<Name></Name>
<Val>0.16508209540026</Val>
</DBL>
<DBL>
<Name></Name>
<Val>6.31679261460941E-2</Val>
</DBL>
<DBL>
<Name></Name>
<Val>4.78989186911705E-2</Val>
</DBL>
<DBL>
<Name></Name>
<Val>4.74022143963795E-2</Val>
</DBL>
<DBL>
<Name></Name>
<Val>1.49973077286764E-2</Val>
</DBL>
<DBL>
<Name></Name>
<Val>3.16916492960695E-2</Val>
</DBL>
<DBL>
<Name></Name>
<Val>0.13359609395396</Val>
</DBL>
<DBL>
<Name></Name>
<Val>0.25437433322152</Val>
</DBL>
<DBL>
<Name></Name>
<Val>8.59939368098169E-2</Val>
</DBL>
<DBL>
<Name></Name>
<Val>0.14778997680092</Val>
</DBL>
<DBL>
<Name></Name>
<Val>0.16642894058490</Val>
</DBL>
<DBL>
<Name></Name>
<Val>6.41359118922653E-2</Val>
</DBL>
<DBL>
<Name></Name>
<Val>4.99069047069110E-2</Val>
</DBL>
<DBL>
<Name></Name>
<Val>5.10849450049650E-2</Val>
</DBL>
<DBL>
<Name></Name>
<Val>1.46513712985165E-2</Val>
</DBL>
<DBL>
<Name></Name>
<Val>3.10170071499806E-2</Val>
</DBL>
<DBL>
<Name></Name>
<Val>0.13107988510283</Val>
</DBL>
<DBL>
<Name></Name>
<Val>0.25059704663127</Val>
</DBL>
<DBL>
<Name></Name>
<Val>8.54314521421816E-2</Val>
</DBL>
<DBL>
<Name></Name>
<Val>0.14791552757362</Val>
</DBL>
<DBL>
<Name></Name>
<Val>0.16758889687678</Val>
</DBL>
<DBL>
<Name></Name>
<Val>6.50143729083526E-2</Val>
</DBL>
<DBL>
<Name></Name>
<Val>5.18689321790977E-2</Val>
</DBL>
<DBL>
<Name></Name>
<Val>5.48355081373649E-2</Val>
</DBL>
<DBL>
<Name></Name>
<Val>1.43267196912805E-2</Val>
</DBL>
<DBL>
<Name></Name>
<Val>3.03810384605165E-2</Val>
</DBL>
<DBL>
<Name></Name>
<Val>0.12869209699087</Val>
</DBL>
<DBL>
<Name></Name>
<Val>0.24697024751225</Val>
</DBL>
<DBL>
<Name></Name>
<Val>8.48635798653341E-2</Val>
</DBL>
<DBL>
<Name></Name>
<Val>0.14794954417847</Val>
</DBL>
<DBL>
<Name></Name>
<Val>0.16857706997926</Val>
</DBL>
<DBL>
<Name></Name>
<Val>6.58094957947769E-2</Val>
</DBL>
<DBL>
<Name></Name>
<Val>5.37849868077559E-2</Val>
</DBL>
<DBL>
<Name></Name>
<Val>5.86452207194774E-2</Val>
</DBL>
<DBL>
<Name></Name>
<Val>1.40214021386462E-2</Val>
</DBL>
<DBL>
<Name></Name>
<Val>2.97804791274154E-2</Val>
</DBL>
<DBL>
<Name></Name>
<Val>0.12642337389510</Val>
</DBL>
<DBL>
<Name></Name>
<Val>0.24348607328992</Val>
</DBL>
<DBL>
<Name></Name>
<Val>8.42919961254528E-2</Val>
</DBL>
<DBL>
<Name></Name>
<Val>0.14790076618276</Val>
</DBL>
<DBL>
<Name></Name>
<Val>0.16940752118856</Val>
</DBL>
<DBL>
<Name></Name>
<Val>6.65271802103708E-2</Val>
</DBL>
<DBL>
<Name></Name>
<Val>5.56553860926119E-2</Val>
</DBL>
<DBL>
<Name></Name>
<Val>6.25058217491580E-2</Val>
</DBL>
<DBL>
<Name></Name>
<Val>1.37337073792218E-2</Val>
</DBL>
<DBL>
<Name></Name>
<Val>2.92124255003309E-2</Val>
</DBL>
<DBL>
<Name></Name>
<Val>0.12426517110770</Val>
</DBL>
<DBL>
<Name></Name>
<Val>0.24013687628915</Val>
</DBL>
<DBL>
<Name></Name>
<Val>8.37181249609272E-2</Val>
</DBL>
<DBL>
<Name></Name>
<Val>0.14777715580856</Val>
</DBL>
<DBL>
<Name></Name>
<Val>0.17009331528598</Val>
</DBL>
<DBL>
<Name></Name>
<Val>6.71730233766376E-2</Val>
</DBL>
<DBL>
<Name></Name>
<Val>5.74807118296858E-2</Val>
</DBL>
<DBL>
<Name></Name>
<Val>6.64094884618062E-2</Val>
</DBL>
<DBL>
<Name></Name>
<Val>1.34621256512091E-2</Val>
</DBL>
<DBL>
<Name></Name>
<Val>2.86742825548827E-2</Val>
</DBL>
<DBL>
<Name></Name>
<Val>0.12220967080049</Val>
</DBL>
<DBL>
<Name></Name>
<Val>0.23691528522180</Val>
</DBL>
<DBL>
<Name></Name>
<Val>8.31431806451360E-2</Val>
</DBL>
<DBL>
<Name></Name>
<Val>0.14758597288655</Val>
</DBL>
<DBL>
<Name></Name>
<Val>0.17064657244962</Val>
</DBL>
<DBL>
<Name></Name>
<Val>6.77523131090818E-2</Val>
</DBL>
<DBL>
<Name></Name>
<Val>5.92617524557564E-2</Val>
</DBL>
<DBL>
<Name></Name>
<Val>7.03488442254721E-2</Val>
</DBL>
<DBL>
<Name></Name>
<Val>1.32053178577588E-2</Val>
</DBL>
<DBL>
<Name></Name>
<Val>2.81637212443925E-2</Val>
</DBL>
<DBL>
<Name></Name>
<Val>0.12024970883995</Val>
</DBL>
<DBL>
<Name></Name>
<Val>0.23381424502824</Val>
</DBL>
<DBL>
<Name></Name>
<Val>8.25682021280132E-2</Val>
</DBL>
<DBL>
<Name></Name>
<Val>0.14733384160236</Val>
</DBL>
<DBL>
<Name></Name>
<Val>0.17107852209196</Val>
</DBL>
<DBL>
<Name></Name>
<Val>6.82700273057253E-2</Val>
</DBL>
<DBL>
<Name></Name>
<Val>6.09994542280064E-2</Val>
</DBL>
<DBL>
<Name></Name>
<Val>7.43169596736072E-2</Val>
</DBL>
<DBL>
<Name></Name>
<Val>1.29620904240875E-2</Val>
</DBL>
<DBL>
<Name></Name>
<Val>2.76786431982610E-2</Val>
</DBL>
<DBL>
<Name></Name>
<Val>0.11837871080258</Val>
</DBL>
<DBL>
<Name></Name>
<Val>0.23082704044610</Val>
</DBL>
<DBL>
<Name></Name>
<Val>8.19940811302633E-2</Val>
</DBL>
<DBL>
<Name></Name>
<Val>0.14702681003131</Val>
</DBL>
<DBL>
<Name></Name>
<Val>0.17139955709683</Val>
</DBL>
<DBL>
<Name></Name>
<Val>6.87308382460352E-2</Val>
</DBL>
<DBL>
<Name></Name>
<Val>6.26948802328337E-2</Val>
</DBL>
<DBL>
<Name></Name>
<Val>7.83073483917001E-2</Val>
</DBL>
<DBL>
<Name></Name>
<Val>1.27313746847044E-2</Val>
</DBL>
<DBL>
<Name></Name>
<Val>2.72171513235741E-2</Val>
</DBL>
<DBL>
<Name></Name>
<Val>0.11659063575626</Val>
</DBL>
<DBL>
<Name></Name>
<Val>0.22794730744991</Val>
</DBL>
<DBL>
<Name></Name>
<Val>8.14215851330517E-2</Val>
</DBL>
<DBL>
<Name></Name>
<Val>0.14667040333848</Val>
</DBL>
<DBL>
<Name></Name>
<Val>0.17161928736207</Val>
</DBL>
<DBL>
<Name></Name>
<Val>6.91391203982635E-2</Val>
</DBL>
<DBL>
<Name></Name>
<Val>6.43491762595650E-2</Val>
</DBL>
<DBL>
<Name></Name>
<Val>8.23139582941258E-2</Val>
</DBL>
<DBL>
<Name></Name>
<Val>1.25122098878100E-2</Val>
</DBL>
<DBL>
<Name></Name>
<Val>2.67775251686584E-2</Val>
</DBL>
<DBL>
<Name></Name>
<Val>0.11487992662961</Val>
</DBL>
<DBL>
<Name></Name>
<Val>0.22516903575012</Val>
</DBL>
<DBL>
<Name></Name>
<Val>8.08513762569103E-2</Val>
</DBL>
<DBL>
<Name></Name>
<Val>0.14626967141110</Val>
</DBL>
<DBL>
<Name></Name>
<Val>0.17174659188266</Val>
</DBL>
<DBL>
<Name></Name>
<Val>6.94989607123146E-2</Val>
</DBL>
<DBL>
<Name></Name>
<Val>6.59635426384121E-2</Val>
</DBL>
<DBL>
<Name></Name>
<Val>8.63311596624205E-2</Val>
</DBL>
<DBL>
<Name></Name>
<Val>1.23037290980175E-2</Val>
</DBL>
<DBL>
<Name></Name>
<Val>2.63582001442885E-2</Val>
</DBL>
<DBL>
<Name></Name>
<Val>0.11324146619995</Val>
</DBL>
<DBL>
<Name></Name>
<Val>0.22248656479898</Val>
</DBL>
<DBL>
<Name></Name>
<Val>8.02840268244653E-2</Val>
</DBL>
<DBL>
<Name></Name>
<Val>0.14582923159192</Val>
</DBL>
<DBL>
<Name></Name>
<Val>0.17178966885745</Val>
</DBL>
<DBL>
<Name></Name>
<Val>6.98141705999308E-2</Val>
</DBL>
<DBL>
<Name></Name>
<Val>6.75392112177772E-2</Val>
</DBL>
<DBL>
<Name></Name>
<Val>9.03537306672170E-2</Val>
</DBL>
<DBL>
<Name></Name>
<Val>1.21051474302191E-2</Val>
</DBL>
<DBL>
<Name></Name>
<Val>2.59577498843672E-2</Val>
</DBL>
<DBL>
<Name></Name>
<Val>0.11167053789896</Val>
</DBL>
<DBL>
<Name></Name>
<Val>0.21989457517646</Val>
</DBL>
<DBL>
<Name></Name>
<Val>7.97200322425834E-2</Val>
</DBL>
<DBL>
<Name></Name>
<Val>0.14535330709478</Val>
</DBL>
<DBL>
<Name></Name>
<Val>0.17175608348816</Val>
</DBL>
<DBL>
<Name></Name>
<Val>7.00882989839413E-2</Val>
</DBL>
<DBL>
<Name></Name>
<Val>6.90774267370418E-2</Val>
</DBL>
<DBL>
<Name></Name>
<Val>9.43768410634921E-2</Val>
</DBL>
<DBL>
<Name></Name>
<Val>1.19157521661428E-2</Val>
</DBL>
<DBL>
<Name></Name>
<Val>2.55748711742662E-2</Val>
</DBL>
<DBL>
<Name></Name>
<Val>0.11016279077193</Val>
</DBL>
<DBL>
<Name></Name>
<Val>0.21738807678347</Val>
</DBL>
<DBL>
<Name></Name>
<Val>7.91598217126642E-2</Val>
</DBL>
<DBL>
<Name></Name>
<Val>0.14484576160734</Val>
</DBL>
<DBL>
<Name></Name>
<Val>0.17165281327773</Val>
</DBL>
<DBL>
<Name></Name>
<Val>7.03246459418120E-2</Val>
</DBL>
<DBL>
<Name></Name>
<Val>7.05794319324545E-2</Val>
</DBL>
<DBL>
<Name></Name>
<Val>9.83960346321770E-2</Val>
</DBL>
<DBL>
<Name></Name>
<Val>1.17348943981916E-2</Val>
</DBL>
<DBL>
<Name></Name>
<Val>2.52083709902745E-2</Val>
</DBL>
<DBL>
<Name></Name>
<Val>0.10871420803793</Val>
</DBL>
<DBL>
<Name></Name>
<Val>0.21496239492555</Val>
</DBL>
<DBL>
<Name></Name>
<Val>7.86037671766295E-2</Val>
</DBL>
<DBL>
<Name></Name>
<Val>0.14431013051958</Val>
</DBL>
<DBL>
<Name></Name>
<Val>0.17148629073708</Val>
</DBL>
<DBL>
<Name></Name>
<Val>7.05262765826459E-2</Val>
</DBL>
<DBL>
<Name></Name>
<Val>7.20464557924765E-2</Val>
</DBL>
<DBL>
<Name></Name>
<Val>0.10240721083965</Val>
</DBL>
<DBL>
<Name></Name>
<Val>1.15619819182019E-2</Val>
</DBL>
<DBL>
<Name></Name>
<Val>2.48571552845064E-2</Val>
</DBL>
<DBL>
<Name></Name>
<Val>0.10732107878805</Val>
</DBL>
<DBL>
<Name></Name>
<Val>0.21261315510327</Val>
</DBL>
<DBL>
<Name></Name>
<Val>7.80521908254811E-2</Val>
</DBL>
<DBL>
<Name></Name>
<Val>0.14374964915912</Val>
</DBL>
<DBL>
<Name></Name>
<Val>0.17126244348257</Val>
</DBL>
<DBL>
<Name></Name>
<Val>7.06960348868554E-2</Val>
</DBL>
<DBL>
<Name></Name>
<Val>7.34797044529399E-2</Val>
</DBL>
<DBL>
<Name></Name>
<Val>0.10640660609900</Val>
</DBL>
<DBL>
<Name></Name>
<Val>1.13964731261803E-2</Val>
</DBL>
<DBL>
<Name></Name>
<Val>2.45202192214356E-2</Val>
</DBL>
<DBL>
<Name></Name>
<Val>0.10597997243307</Val>
</DBL>
<DBL>
<Name></Name>
<Val>0.21033626712006</Val>
</DBL>
<DBL>
<Name></Name>
<Val>7.75053714329596E-2</Val>
</DBL>
<DBL>
<Name></Name>
<Val>0.14316727836521</Val>
</DBL>
<DBL>
<Name></Name>
<Val>0.17098673175996</Val>
</DBL>
<DBL>
<Name></Name>
<Val>7.08365573086269E-2</Val>
</DBL>
<DBL>
<Name></Name>
<Val>7.48803542904585E-2</Val>
</DBL>
<DBL>
<Name></Name>
<Val>0.11039077494205</Val>
</DBL>
<DBL>
<Name></Name>
<Val>1.12378717792859E-2</Val>
</DBL>
<DBL>
<Name></Name>
<Val>2.41966386290520E-2</Val>
</DBL>
<DBL>
<Name></Name>
<Val>0.10468771557129</Val>
</DBL>
<DBL>
<Name></Name>
<Val>0.20812790895957</Val>
</DBL>
<DBL>
<Name></Name>
<Val>7.69635497255073E-2</Val>
</DBL>
<DBL>
<Name></Name>
<Val>0.14256572769047</Val>
</DBL>
<DBL>
<Name></Name>
<Val>0.17066418346655</Val>
</DBL>
<DBL>
<Name></Name>
<Val>7.09502859968607E-2</Val>
</DBL>
<DBL>
<Name></Name>
<Val>7.62495468341835E-2</Val>
</DBL>
<DBL>
<Name></Name>
<Val>0.11435657134722</Val>
</DBL>
<DBL>
<Name></Name>
<Val>1.10857224369862E-2</Val>
</DBL>
<DBL>
<Name></Name>
<Val>2.38855624727048E-2</Val>
</DBL>
<DBL>
<Name></Name>
<Val>0.10344137099752</Val>
</DBL>
<DBL>
<Name></Name>
<Val>0.20598451076287</Val>
</DBL>
<DBL>
<Name></Name>
<Val>7.64269329587694E-2</Val>
</DBL>
<DBL>
<Name></Name>
<Val>0.14194747648306</Val>
</DBL>
<DBL>
<Name></Name>
<Val>0.17029942676850</Val>
</DBL>
<DBL>
<Name></Name>
<Val>7.10394815335968E-2</Val>
</DBL>
<DBL>
<Name></Name>
<Val>7.75883851710934E-2</Val>
</DBL>
<DBL>
<Name></Name>
<Val>0.11830113041491</Val>
</DBL>
<DBL>
<Name></Name>
<Val>1.09396064864856E-2</Val>
</DBL>
<DBL>
<Name></Name>
<Val>2.35862061955070E-2</Val>
</DBL>
<DBL>
<Name></Name>
<Val>0.10223821861380</Val>
</DBL>
<DBL>
<Name></Name>
<Val>0.20390273914216</Val>
</DBL>
<DBL>
<Name></Name>
<Val>7.58956988381356E-2</Val>
</DBL>
<DBL>
<Name></Name>
<Val>0.14131479307047</Val>
</DBL>
<DBL>
<Name></Name>
<Val>0.16989672042544</Val>
</DBL>
<DBL>
<Name></Name>
<Val>7.11062351225246E-2</Val>
</DBL>
<DBL>
<Name></Name>
<Val>7.88979315687210E-2</Val>
</DBL>
<DBL>
<Name></Name>
<Val>0.12222185053676</Val>
</DBL>
<DBL>
<Name></Name>
<Val>1.07991386548226E-2</Val>
</DBL>
<DBL>
<Name></Name>
<Val>2.32978457977037E-2</Val>
</DBL>
<DBL>
<Name></Name>
<Val>0.10107573803694</Val>
</DBL>
<DBL>
<Name></Name>
<Val>0.20187948199682</Val>
</DBL>
<DBL>
<Name></Name>
<Val>7.53699988946524E-2</Val>
</DBL>
<DBL>
<Name></Name>
<Val>0.14066975223903</Val>
</DBL>
<DBL>
<Name></Name>
<Val>0.16945998194404</Val>
</DBL>
<DBL>
<Name></Name>
<Val>7.11524801860392E-2</Val>
</DBL>
<DBL>
<Name></Name>
<Val>8.01792060819165E-2</Val>
</DBL>
<DBL>
<Name></Name>
<Val>0.12611637616803</Val>
</DBL>
<DBL>
<Name></Name>
<Val>1.06639639317279E-2</Val>
</DBL>
<DBL>
<Name></Name>
<Val>2.30198125501939E-2</Val>
</DBL>
<DBL>
<Name></Name>
<Val>9.99515927250314E-2</Val>
</DBL>
<DBL>
<Name></Name>
<Val>0.19991183394266</Val>
</DBL>
<DBL>
<Name></Name>
<Val>7.48499614066863E-2</Val>
</DBL>
<DBL>
<Name></Name>
<Val>0.14001425118024</Val>
</DBL>
<DBL>
<Name></Name>
<Val>0.16899281368571</Val>
</DBL>
<DBL>
<Name></Name>
<Val>7.11800033490678E-2</Val>
</DBL>
<DBL>
<Name></Name>
<Val>8.14331859473645E-2</Val>
</DBL>
<DBL>
<Name></Name>
<Val>0.12998258128132</Val>
</DBL>
<DBL>
<Name></Name>
<Val>1.05337548413953E-2</Val>
</DBL>
<DBL>
<Name></Name>
<Val>2.27514882556430E-2</Val>
</DBL>
<DBL>
<Name></Name>
<Val>9.88636154688165E-2</Val>
</DBL>
<DBL>
<Name></Name>
<Val>0.19799708242492</Val>
</DBL>
<DBL>
<Name></Name>
<Val>7.43356939409168E-2</Val>
</DBL>
<DBL>
<Name></Name>
<Val>0.13935002405455</Val>
</DBL>
<DBL>
<Name></Name>
<Val>0.16849852705480</Val>
</DBL>
<DBL>
<Name></Name>
<Val>7.11904548028233E-2</Val>
</DBL>
<DBL>
<Name></Name>
<Val>8.26608056016365E-2</Val>
</DBL>
<DBL>
<Name></Name>
<Val>0.13381855355451</Val>
</DBL>
<DBL>
<Name></Name>
<Val>1.04082090125333E-2</Val>
</DBL>
<DBL>
<Name></Name>
<Val>2.24923009852969E-2</Val>
</DBL>
<DBL>
<Name></Name>
<Val>9.78097951130909E-2</Val>
</DBL>
<DBL>
<Name></Name>
<Val>0.19613269455434</Val>
</DBL>
<DBL>
<Name></Name>
<Val>7.38272855727584E-2</Val>
</DBL>
<DBL>
<Name></Name>
<Val>0.13867865530626</Val>
</DBL>
<DBL>
<Name></Name>
<Val>0.16798016489122</Val>
</DBL>
<DBL>
<Name></Name>
<Val>7.11853580527924E-2</Val>
</DBL>
<DBL>
<Name></Name>
<Val>8.38629571860927E-2</Val>
</DBL>
<DBL>
<Name></Name>
<Val>0.13762257932561</Val>
</DBL>
<DBL>
<Name></Name>
<Val>1.02870470050228E-2</Val>
</DBL>
<DBL>
<Name></Name>
<Val>2.22417212314311E-2</Val>
</DBL>
<DBL>
<Name></Name>
<Val>9.67882643897731E-2</Val>
</DBL>
<DBL>
<Name></Name>
<Val>0.19431630468296</Val>
</DBL>
<DBL>
<Name></Name>
<Val>7.33248088354563E-2</Val>
</DBL>
<DBL>
<Name></Name>
<Val>0.13800159184798</Val>
</DBL>
<DBL>
<Name></Name>
<Val>0.16744052218822</Val>
</DBL>
<DBL>
<Name></Name>
<Val>7.11661190634437E-2</Val>
</DBL>
<DBL>
<Name></Name>
<Val>8.50404914254569E-2</Val>
</DBL>
<DBL>
<Name></Name>
<Val>0.14139312933026</Val>
</DBL>
<DBL>
<Name></Name>
<Val>1.01700103586965E-2</Val>
</DBL>
<DBL>
<Name></Name>
<Val>2.19992584249498E-2</Val>
</DBL>
<DBL>
<Name></Name>
<Val>9.57972887582095E-2</Val>
</DBL>
<DBL>
<Name></Name>
<Val>0.19254570271925</Val>
</DBL>
<DBL>
<Name></Name>
<Val>7.28283214383672E-2</Val>
</DBL>
<DBL>
<Name></Name>
<Val>0.13732015422006</Val>
</DBL>
<DBL>
<Name></Name>
<Val>0.16688216525081</Val>
</DBL>
<DBL>
<Name></Name>
<Val>7.11340348179997E-2</Val>
</DBL>
<DBL>
<Name></Name>
<Val>8.61942187868664E-2</Val>
</DBL>
<DBL>
<Name></Name>
<Val>0.14512884522479</Val>
</DBL>
<DBL>
<Name></Name>
<Val>1.00568598355324E-2</Val>
</DBL>
<DBL>
<Name></Name>
<Val>2.17644577754332E-2</Val>
</DBL>
<DBL>
<Name></Name>
<Val>9.48352561601554E-2</Val>
</DBL>
<DBL>
<Name></Name>
<Val>0.19081882317047</Val>
</DBL>
<DBL>
<Name></Name>
<Val>7.23378677878695E-2</Val>
</DBL>
<DBL>
<Name></Name>
<Val>0.13663554681912</Val>
</DBL>
<DBL>
<Name></Name>
<Val>0.16630744940521</Val>
</DBL>
<DBL>
<Name></Name>
<Val>7.10903013156730E-2</Val>
</DBL>
<DBL>
<Name></Name>
<Val>8.73249108430994E-2</Val>
</DBL>
<DBL>
<Name></Name>
<Val>0.14882852688744</Val>
</DBL>
<DBL>
<Name></Name>
<Val>9.94737383122376E-3</Val>
</DBL>
<DBL>
<Name></Name>
<Val>2.15368973972913E-2</Val>
</DBL>
<DBL>
<Name></Name>
<Val>9.39006676070505E-2</Val>
</DBL>
<DBL>
<Name></Name>
<Val>0.18913373489100</Val>
</DBL>
<DBL>
<Name></Name>
<Val>7.18534803386401E-2</Val>
</DBL>
<DBL>
<Name></Name>
<Val>0.13594886727980</Val>
</DBL>
<DBL>
<Name></Name>
<Val>0.16571853536337</Val>
</DBL>
<DBL>
<Name></Name>
<Val>7.10360210314325E-2</Val>
</DBL>
<DBL>
<Name></Name>
<Val>8.84333017779192E-2</Val>
</DBL>
<DBL>
<Name></Name>
<Val>0.15249112048227</Val>
</DBL>
<DBL>
<Name></Name>
<Val>9.84134693587199E-3</Val>
</DBL>
<DBL>
<Name></Name>
<Val>2.13161856909004E-2</Val>
</DBL>
<DBL>
<Name></Name>
<Val>9.29921285259801E-2</Val>
</DBL>
<DBL>
<Name></Name>
<Val>0.18748863151015</Val>
</DBL>
<DBL>
<Name></Name>
<Val>7.13751807983916E-2</Val>
</DBL>
<DBL>
<Name></Name>
<Val>0.13526111508524</Val>
</DBL>
<DBL>
<Name></Name>
<Val>0.16511740434087</Val>
</DBL>
<DBL>
<Name></Name>
<Val>7.09722098649561E-2</Val>
</DBL>
<DBL>
<Name></Name>
<Val>8.95200899834088E-2</Val>
</DBL>
<DBL>
<Name></Name>
<Val>0.15611570726423</Val>
</DBL>
<DBL>
<Name></Name>
<Val>9.73858862662932E-3</Val>
</DBL>
<DBL>
<Name></Name>
<Val>2.11019589519027E-2</Val>
</DBL>
<DBL>
<Name></Name>
<Val>9.21083407983190E-2</Val>
</DBL>
<DBL>
<Name></Name>
<Val>0.18588182250855</Val>
</DBL>
<DBL>
<Name></Name>
<Val>7.09029812053907E-2</Val>
</DBL>
<DBL>
<Name></Name>
<Val>0.13457319947411</Val>
</DBL>
<DBL>
<Name></Name>
<Val>0.16450587201997</Val>
</DBL>
<DBL>
<Name></Name>
<Val>7.08998036062056E-2</Val>
</DBL>
<DBL>
<Name></Name>
<Val>9.05859397091446E-2</Val>
</DBL>
<DBL>
<Name></Name>
<Val>0.15970149309978</Val>
</DBL>
<DBL>
<Name></Name>
<Val>9.63892207764092E-3</Val>
</DBL>
<DBL>
<Name></Name>
<Val>2.08938791854221E-2</Val>
</DBL>
<DBL>
<Name></Name>
<Val>9.12480954316810E-2</Val>
</DBL>
<DBL>
<Name></Name>
<Val>0.18431172491055</Val>
</DBL>
<DBL>
<Name></Name>
<Val>7.04368848949988E-2</Val>
</DBL>
<DBL>
<Name></Name>
<Val>0.13388594670535</Val>
</DBL>
<DBL>
<Name></Name>
<Val>0.16388560144401</Val>
</DBL>
<DBL>
<Name></Name>
<Val>7.08196639452246E-2</Val>
</DBL>
<DBL>
<Name></Name>
<Val>9.16314827313490E-2</Val>
</DBL>
<DBL>
<Name></Name>
<Val>0.16324779867378</Val>
</DBL>
<DBL>
<Name></Name>
<Val>9.54218307470704E-3</Val>
</DBL>
<DBL>
<Name></Name>
<Val>2.06916321049264E-2</Val>
</DBL>
<DBL>
<Name></Name>
<Val>9.04102658116031E-2</Val>
</DBL>
<DBL>
<Name></Name>
<Val>0.18277685555854</Val>
</DBL>
<DBL>
<Name></Name>
<Val>6.99768873689525E-2</Val>
</DBL>
<DBL>
<Name></Name>
<Val>0.13320010673566</Val>
</DBL>
<DBL>
<Name></Name>
<Val>0.16325811492314</Val>
</DBL>
<DBL>
<Name></Name>
<Val>7.07325840534648E-2</Val>
</DBL>
<DBL>
<Name></Name>
<Val>9.26573200170357E-2</Val>
</DBL>
<DBL>
<Name></Name>
<Val>0.16675405035198</Val>
</DBL>
<DBL>
<Name></Name>
<Val>9.44821902380068E-3</Val>
</DBL>
<DBL>
<Name></Name>
<Val>2.04949252979664E-2</Val>
</DBL>
<DBL>
<Name></Name>
<Val>8.95938014844995E-2</Val>
</DBL>
<DBL>
<Name></Name>
<Val>0.18127582393521</Val>
</DBL>
<DBL>
<Name></Name>
<Val>6.95229770790226E-2</Val>
</DBL>
<DBL>
<Name></Name>
<Val>0.13251635935985</Val>
</DBL>
<DBL>
<Name></Name>
<Val>0.16262480502600</Val>
</DBL>
<DBL>
<Name></Name>
<Val>7.06392937633195E-2</Val>
</DBL>
<DBL>
<Name></Name>
<Val>9.36640233638259E-2</Val>
</DBL>
<DBL>
<Name></Name>
<Val>0.17021977166650</Val>
</DBL>
<DBL>
<Name></Name>
<Val>9.35688804399936E-3</Val>
</DBL>
<DBL>
<Name></Name>
<Val>2.03034865431335E-2</Val>
</DBL>
<DBL>
<Name></Name>
<Val>8.87977224279397E-2</Val>
</DBL>
<DBL>
<Name></Name>
<Val>0.17980732549994</Val>
</DBL>
<DBL>
<Name></Name>
<Val>6.90751361349887E-2</Val>
</DBL>
<DBL>
<Name></Name>
<Val>0.13183531985908</Val>
</DBL>
<DBL>
<Name></Name>
<Val>0.16198694472667</Val>
</DBL>
<DBL>
<Name></Name>
<Val>7.05404643716796E-2</Val>
</DBL>
<DBL>
<Name></Name>
<Val>9.46521370007640E-2</Val>
</DBL>
<DBL>
<Name></Name>
<Val>0.17364457539181</Val>
</DBL>
<DBL>
<Name></Name>
<Val>9.26805813658137E-3</Val>
</DBL>
<DBL>
<Name></Name>
<Val>2.01170622643668E-2</Val>
</DBL>
<DBL>
<Name></Name>
<Val>8.80211137683136E-2</Val>
</DBL>
<DBL>
<Name></Name>
<Val>0.17837013550638</Val>
</DBL>
<DBL>
<Name></Name>
<Val>6.86333409454405E-2</Val>
</DBL>
<DBL>
<Name></Name>
<Val>0.13115754419820</Val>
</DBL>
<DBL>
<Name></Name>
<Val>0.16134569677091</Val>
</DBL>
<DBL>
<Name></Name>
<Val>7.04367130922986E-2</Val>
</DBL>
<DBL>
<Name></Name>
<Val>9.56221791392646E-2</Val>
</DBL>
<DBL>
<Name></Name>
<Val>0.17702815617824</Val>
</DBL>
<DBL>
<Name></Name>
<Val>9.18160642303756E-3</Val>
</DBL>
<DBL>
<Name></Name>
<Val>1.99354161102790E-2</Val>
</DBL>
<DBL>
<Name></Name>
<Val>8.72631209095234E-2</Val>
</DBL>
<DBL>
<Name></Name>
<Val>0.17696310326974</Val>
</DBL>
<DBL>
<Name></Name>
<Val>6.81975627987456E-2</Val>
</DBL>
<DBL>
<Name></Name>
<Val>0.13048353380933</Val>
</DBL>
<DBL>
<Name></Name>
<Val>0.16070212232158</Val>
</DBL>
<DBL>
<Name></Name>
<Val>7.03286071806196E-2</Val>
</DBL>
<DBL>
<Name></Name>
<Val>9.65746434664038E-2</Val>
</DBL>
<DBL>
<Name></Name>
<Val>0.18037028371075</Val>
</DBL>
<DBL>
<Name></Name>
<Val>9.09741844559820E-3</Val>
</DBL>
<DBL>
<Name></Name>
<Val>1.97583276474786E-2</Val>
</DBL>
<DBL>
<Name></Name>
<Val>8.65229450395427E-2</Val>
</DBL>
<DBL>
<Name></Name>
<Val>0.17558514685311</Val>
</DBL>
<DBL>
<Name></Name>
<Val>6.77677683905349E-2</Val>
</DBL>
<DBL>
<Name></Name>
<Val>0.12981373999592</Val>
</DBL>
<DBL>
<Name></Name>
<Val>0.16005718893786</Val>
</DBL>
<DBL>
<Name></Name>
<Val>7.02166677535255E-2</Val>
</DBL>
<DBL>
<Name></Name>
<Val>9.75100005752645E-2</Val>
</DBL>
<DBL>
<Name></Name>
<Val>0.18367079636117</Val>
</DBL>
<DBL>
<Name></Name>
<Val>9.01538752459551E-3</Val>
</DBL>
<DBL>
<Name></Name>
<Val>1.95855911580146E-2</Val>
</DBL>
<DBL>
<Name></Name>
<Val>8.57998389845528E-2</Val>
</DBL>
<DBL>
<Name></Name>
<Val>0.17423524814420</Val>
</DBL>
<DBL>
<Name></Name>
<Val>6.73439203032363E-2</Val>
</DBL>
<DBL>
<Name></Name>
<Val>0.12914856798798</Val>
</DBL>
<DBL>
<Name></Name>
<Val>0.15941177793975</Val>
</DBL>
<DBL>
<Name></Name>
<Val>7.01013733252472E-2</Val>
</DBL>
<DBL>
<Name></Name>
<Val>9.84286993290380E-2</Val>
</DBL>
<DBL>
<Name></Name>
<Val>0.18692959530339</Val>
</DBL>
<DBL>
<Name></Name>
<Val>8.93541416760129E-3</Val>
</DBL>
<DBL>
<Name></Name>
<Val>1.94170145320539E-2</Val>
</DBL>
<DBL>
<Name></Name>
<Val>8.50931033829583E-2</Val>
</DBL>
<DBL>
<Name></Name>
<Val>0.17291244829493</Val>
</DBL>
<DBL>
<Name></Name>
<Val>6.69259774424858E-2</Val>
</DBL>
<DBL>
<Name></Name>
<Val>0.12848838067699</Val>
</DBL>
<DBL>
<Name></Name>
<Val>0.15876669120461</Val>
</DBL>
<DBL>
<Name></Name>
<Val>6.99831630794486E-2</Val>
</DBL>
<DBL>
<Name></Name>
<Val>9.93311681571749E-2</Val>
</DBL>
<DBL>
<Name></Name>
<Val>0.19014663906175</Val>
</DBL>
<DBL>
<Name></Name>
<Val>8.85740552581173E-3</Val>
</DBL>
<DBL>
<Name></Name>
<Val>1.92524182477730E-2</Val>
</DBL>
<DBL>
<Name></Name>
<Val>8.44020831539172E-2</Val>
</DBL>
<DBL>
<Name></Name>
<Val>0.17161584349838</Val>
</DBL>
<DBL>
<Name></Name>
<Val>6.65138954346618E-2</Val>
</DBL>
<DBL>
<Name></Name>
<Val>0.12783350205622</Val>
</DBL>
<DBL>
<Name></Name>
<Val>0.15812265743945</Val>
</DBL>
<DBL>
<Name></Name>
<Val>6.98624398962901E-2</Val>
</DBL>
<DBL>
<Name></Name>
<Val>0.10021781628312</Val>
</DBL>
<DBL>
<Name></Name>
<Val>0.19332193846438</Val>
</DBL>
<DBL>
<Name></Name>
<Val>8.78127489361378E-3</Val>
</DBL>
<DBL>
<Name></Name>
<Val>1.90916344312046E-2</Val>
</DBL>
<DBL>
<Name></Name>
<Val>8.37261642371374E-2</Val>
</DBL>
<DBL>
<Name></Name>
<Val>0.17034458107860</Val>
</DBL>
<DBL>
<Name></Name>
<Val>6.61076269892818E-2</Val>
</DBL>
<DBL>
<Name></Name>
<Val>0.12718422039011</Val>
</DBL>
<DBL>
<Name></Name>
<Val>0.15748033796932</Val>
</DBL>
<DBL>
<Name></Name>
<Val>6.97395731521055E-2</Val>
</DBL>
<DBL>
<Name></Name>
<Val>0.10108903488418</Val>
</DBL>
<DBL>
<Name></Name>
<Val>0.19645555197446</Val>
</DBL>
<DBL>
<Name></Name>
<Val>8.70694124767039E-3</Val>
</DBL>
<DBL>
<Name></Name>
<Val>1.89345059894582E-2</Val>
</DBL>
<DBL>
<Name></Name>
<Val>8.30647705826119E-2</Val>
</DBL>
<DBL>
<Name></Name>
<Val>0.16909785587079</Val>
</DBL>
<DBL>
<Name></Name>
<Val>6.57071222295772E-2</Val>
</DBL>
<DBL>
<Name></Name>
<Val>0.12654079113440</Val>
</DBL>
<DBL>
<Name></Name>
<Val>0.15684033207880</Val>
</DBL>
<DBL>
<Name></Name>
<Val>6.96149013081817E-2</Val>
</DBL>
<DBL>
<Name></Name>
<Val>0.10194519818467</Val>
</DBL>
<DBL>
<Name></Name>
<Val>0.19954758137384</Val>
</DBL>
<DBL>
<Name></Name>
<Val>8.63432882221489E-3</Val>
</DBL>
<DBL>
<Name></Name>
<Val>1.87808858113256E-2</Val>
</DBL>
<DBL>
<Name></Name>
<Val>8.24173613707107E-2</Val>
</DBL>
<DBL>
<Name></Name>
<Val>0.16787490687069</Val>
</DBL>
<DBL>
<Name></Name>
<Val>6.53123289941881E-2</Val>
</DBL>
<DBL>
<Name></Name>
<Val>0.12590343962683</Val>
</DBL>
<DBL>
<Name></Name>
<Val>0.15620318194110</Val>
</DBL>
<DBL>
<Name></Name>
<Val>6.94887343040476E-2</Val>
</DBL>
<DBL>
<Name></Name>
<Val>0.10278666448435</Val>
</DBL>
<DBL>
<Name></Name>
<Val>0.20259816777454</Val>
</DBL>
<DBL>
<Name></Name>
<Val>8.56336671755653E-3</Val>
</DBL>
<DBL>
<Name></Name>
<Val>1.86306360298217E-2</Val>
</DBL>
<DBL>
<Name></Name>
<Val>8.17834284446367E-2</Val>
</DBL>
<DBL>
<Name></Name>
<Val>0.16667501413321</Val>
</DBL>
<DBL>
<Name></Name>
<Val>6.49231931126075E-2</Val>
</DBL>
<DBL>
<Name></Name>
<Val>0.12527236356654</Val>
</DBL>
<DBL>
<Name></Name>
<Val>0.15556937716633</Val>
</DBL>
<DBL>
<Name></Name>
<Val>6.93613557696335E-2</Val>
</DBL>
<DBL>
<Name></Name>
<Val>0.10361377712415</Val>
</DBL>
<DBL>
<Name></Name>
<Val>0.20560748793552</Val>
</DBL>
<DBL>
<Name></Name>
<Val>8.49398853907448E-3</Val>
</DBL>
<DBL>
<Name></Name>
<Val>1.84836273416832E-2</Val>
</DBL>
<DBL>
<Name></Name>
<Val>8.11624939387058E-2</Val>
</DBL>
<DBL>
<Name></Name>
<Val>0.16549749590208</Val>
</DBL>
<DBL>
<Name></Name>
<Val>6.45396586567225E-2</Val>
</DBL>
<DBL>
<Name></Name>
<Val>0.12464773529898</Val>
</DBL>
<DBL>
<Name></Name>
<Val>0.15493935899837</Val>
</DBL>
<DBL>
<Name></Name>
<Val>6.92330250696807E-2</Val>
</DBL>
<DBL>
<Name></Name>
<Val>0.10442686539183</Val>
</DBL>
<DBL>
<Name></Name>
<Val>0.20857575086288</Val>
</DBL>
<DBL>
<Name></Name>
<Val>8.42613206422282E-3</Val>
</DBL>
<DBL>
<Name></Name>
<Val>1.83397383792804E-2</Val>
</DBL>
<DBL>
<Name></Name>
<Val>8.05541080872331E-2</Val>
</DBL>
<DBL>
<Name></Name>
<Val>0.16434170595326</Val>
</DBL>
<DBL>
<Name></Name>
<Val>6.41616681705662E-2</Val>
</DBL>
<DBL>
<Name></Name>
<Val>0.12402970392158</Val>
</DBL>
<DBL>
<Name></Name>
<Val>0.15431352418727</Val>
</DBL>
<DBL>
<Name></Name>
<Val>6.91039791928451E-2</Val>
</DBL>
<DBL>
<Name></Name>
<Val>0.10522624537026</Val>
</DBL>
<DBL>
<Name></Name>
<Val>0.21150319467348</Val>
</DBL>
<DBL>
<Name></Name>
<Val>8.35973893528804E-3</Val>
</DBL>
<DBL>
<Name></Name>
<Val>1.81988551307801E-2</Val>
</DBL>
<DBL>
<Name></Name>
<Val>7.99578472000252E-2</Val>
</DBL>
<DBL>
<Name></Name>
<Val>0.16320703113631</Val>
</DBL>
<DBL>
<Name></Name>
<Val>6.37891628801767E-2</Val>
</DBL>
<DBL>
<Name></Name>
<Val>0.12341839722424</Val>
</DBL>
<DBL>
<Name></Name>
<Val>0.15369222856217</Val>
</DBL>
<DBL>
<Name></Name>
<Val>6.89744344970640E-2</Val>
</DBL>
<DBL>
<Name></Name>
<Val>0.10601222073106</Val>
</DBL>
<DBL>
<Name></Name>
<Val>0.21439008370288</Val>
</DBL>
<DBL>
<Name></Name>
<Val>8.29475437583663E-3</Val>
</DBL>
<DBL>
<Name></Name>
<Val>1.80608704047494E-2</Val>
</DBL>
<DBL>
<Name></Name>
<Val>7.93733117915848E-2</Val>
</DBL>
<DBL>
<Name></Name>
<Val>0.16209288909874</Val>
</DBL>
<DBL>
<Name></Name>
<Val>6.34220828852791E-2</Val>
</DBL>
<DBL>
<Name></Name>
<Val>0.12281392347775</Val>
</DBL>
<DBL>
<Name></Name>
<Val>0.15307579032773</Val>
</DBL>
<DBL>
<Name></Name>
<Val>6.88445883219272E-2</Val>
</DBL>
<DBL>
<Name></Name>
<Val>0.10678508347648</Val>
</DBL>
<DBL>
<Name></Name>
<Val>0.21723670583993</Val>
</DBL>
<DBL>
<Name></Name>
<Val>8.23112692896717E-3</Val>
</DBL>
<DBL>
<Name></Name>
<Val>1.79256833357046E-2</Val>
</DBL>
<DBL>
<Name></Name>
<Val>7.88001248521548E-2</Val>
</DBL>
<DBL>
<Name></Name>
<Val>0.16099872617980</Val>
</DBL>
<DBL>
<Name></Name>
<Val>6.30603673343418E-2</Val>
</DBL>
<DBL>
<Name></Name>
<Val>0.12221637308181</Val>
</DBL>
<DBL>
<Name></Name>
<Val>0.15246449310541</Val>
</DBL>
<DBL>
<Name></Name>
<Val>6.87146204780244E-2</Val>
</DBL>
<DBL>
<Name></Name>
<Val>0.10754511463241</Val>
</DBL>
<DBL>
<Name></Name>
<Val>0.22004337007138</Val>
</DBL>
<DBL>
<Name></Name>
<Val>8.16880821564007E-3</Val>
</DBL>
<DBL>
<Name></Name>
<Val>1.77931989273964E-2</Val>
</DBL>
<DBL>
<Name></Name>
<Val>7.82379302496605E-2</Val>
</DBL>
<DBL>
<Name></Name>
<Val>0.15992401546101</Val>
</DBL>
<DBL>
<Name></Name>
<Val>6.27039545844121E-2</Val>
</DBL>
<DBL>
<Name></Name>
<Val>0.12162582008380</Val>
</DBL>
<DBL>
<Name></Name>
<Val>0.15185858873918</Val>
</DBL>
<DBL>
<Name></Name>
<Val>6.85846946225138E-2</Val>
</DBL>
<DBL>
<Name></Name>
<Val>0.10829258489533</Val>
</DBL>
<DBL>
<Name></Name>
<Val>0.22281040422106</Val>
</DBL>
<DBL>
<Name></Name>
<Val>8.10775271150287E-3</Val>
</DBL>
<DBL>
<Name></Name>
<Val>1.76633276308863E-2</Val>
</DBL>
<DBL>
<Name></Name>
<Val>7.76863912524707E-2</Val>
</DBL>
<DBL>
<Name></Name>
<Val>0.15886825496139</Val>
</DBL>
<DBL>
<Name></Name>
<Val>6.23527823470086E-2</Val>
</DBL>
<DBL>
<Name></Name>
<Val>0.12104232357837</Val>
</DBL>
<DBL>
<Name></Name>
<Val>0.15125829988377</Val>
</DBL>
<DBL>
<Name></Name>
<Val>6.84549595294844E-2</Val>
</DBL>
<DBL>
<Name></Name>
<Val>0.10902775523582</Val>
</DBL>
<DBL>
<Name></Name>
<Val>0.22553815286930</Val>
</DBL>
<DBL>
<Name></Name>
<Val>8.04791754075876E-3</Val>
</DBL>
<DBL>
<Name></Name>
<Val>1.75359849547036E-2</Val>
</DBL>
<DBL>
<Name></Name>
<Val>7.71451891636825E-2</Val>
</DBL>
<DBL>
<Name></Name>
<Val>0.15783096596689</Val>
</DBL>
<DBL>
<Name></Name>
<Val>6.20067878212333E-2</Val>
</DBL>
<DBL>
<Name></Name>
<Val>0.12046592899698</Val>
</DBL>
<DBL>
<Name></Name>
<Val>0.15066382239220</Val>
</DBL>
<DBL>
<Name></Name>
<Val>6.83255502630558E-2</Val>
</DBL>
<DBL>
<Name></Name>
<Val>0.10975087746154</Val>
</DBL>
<DBL>
<Name></Name>
<Val>0.22822697543897</Val>
</DBL>
<DBL>
<Name></Name>
<Val>7.98926228574576E-3</Val>
</DBL>
<DBL>
<Name></Name>
<Val>1.74110911045920E-2</Val>
</DBL>
<DBL>
<Name></Name>
<Val>7.66140220583615E-2</Val>
</DBL>
<DBL>
<Name></Name>
<Val>0.15681169148344</Val>
</DBL>
<DBL>
<Name></Name>
<Val>6.16659078151600E-2</Val>
</DBL>
<DBL>
<Name></Name>
<Val>0.11989666929615</Val>
</DBL>
<DBL>
<Name></Name>
<Val>0.15007532751801</Val>
</DBL>
<DBL>
<Name></Name>
<Val>6.81965892605681E-2</Val>
</DBL>
<DBL>
<Name></Name>
<Val>0.11046219474206</Val>
</DBL>
<DBL>
<Name></Name>
<Val>0.23087724443591</Val>
</DBL>
<DBL>
<Name></Name>
<Val>7.93174881100122E-3</Val>
</DBL>
<DBL>
<Name></Name>
<Val>1.72885706505542E-2</Val>
</DBL>
<DBL>
<Name></Name>
<Val>7.60926036158352E-2</Val>
</DBL>
<DBL>
<Name></Name>
<Val>0.15580999480479</Val>
</DBL>
<DBL>
<Name></Name>
<Val>6.13300788564681E-2</Val>
</DBL>
<DBL>
<Name></Name>
<Val>0.11933456605216</Val>
</DBL>
<DBL>
<Name></Name>
<Val>0.14949296394648</Val>
</DBL>
<DBL>
<Name></Name>
<Val>6.80681873326752E-2</Val>
</DBL>
<DBL>
<Name></Name>
<Val>0.11116194209803</Val>
</DBL>
<DBL>
<Name></Name>
<Val>0.23348934383201</Val>
</DBL>
<DBL>
<Name></Name>
<Val>7.87534110068553E-3</Val>
</DBL>
<DBL>
<Name></Name>
<Val>1.71683522190828E-2</Val>
</DBL>
<DBL>
<Name></Name>
<Val>7.55806620397527E-2</Val>
</DBL>
<DBL>
<Name></Name>
<Val>0.15482545818594</Val>
</DBL>
<DBL>
<Name></Name>
<Val>6.09992372932021E-2</Val>
</DBL>
<DBL>
<Name></Name>
<Val>0.11877963046952</Val>
</DBL>
<DBL>
<Name></Name>
<Val>0.14891685966798</Val>
</DBL>
<DBL>
<Name></Name>
<Val>6.79404445866450E-2</Val>
</DBL>
<DBL>
<Name></Name>
<Val>0.11185034685708</Val>
</DBL>
<DBL>
<Name></Name>
<Val>0.23606366758011</Val>
</DBL>
<DBL>
<Name></Name>
<Val>7.82000510832895E-3</Val>
</DBL>
<DBL>
<Name></Name>
<Val>1.70503682086337E-2</Val>
</DBL>
<DBL>
<Name></Name>
<Val>7.50779390591849E-2</Val>
</DBL>
<DBL>
<Name></Name>
<Val>0.15385768161470</Val>
</DBL>
<DBL>
<Name></Name>
<Val>6.06733193854666E-2</Val>
</DBL>
<DBL>
<Name></Name>
<Val>0.11823186430989</Val>
</DBL>
<DBL>
<Name></Name>
<Val>0.14834712370548</Val>
</DBL>
<DBL>
<Name></Name>
<Val>6.78134512786970E-2</Val>
</DBL>
<DBL>
<Name></Name>
<Val>0.11252762907867</Val>
</DBL>
<DBL>
<Name></Name>
<Val>0.23860061825094</Val>
</DBL>
<DBL>
<Name></Name>
<Val>7.76570861794772E-3</Val>
</DBL>
<DBL>
<Name></Name>
<Val>1.69345545265518E-2</Val>
</DBL>
<DBL>
<Name></Name>
<Val>7.45841890045644E-2</Val>
</DBL>
<DBL>
<Name></Name>
<Val>0.15290628167354</Val>
</DBL>
<DBL>
<Name></Name>
<Val>6.03522613887940E-2</Val>
</DBL>
<DBL>
<Name></Name>
<Val>0.11769126074758</Val>
</DBL>
<DBL>
<Name></Name>
<Val>0.14778384770767</Val>
</DBL>
<DBL>
<Name></Name>
<Val>6.76872886007765E-2</Val>
</DBL>
<DBL>
<Name></Name>
<Val>0.11319400194998</Val>
</DBL>
<DBL>
<Name></Name>
<Val>0.24110060578260</Val>
</DBL>
<DBL>
<Name></Name>
<Val>7.71242111565139E-3</Val>
</DBL>
<DBL>
<Name></Name>
<Val>1.68208503457977E-2</Val>
</DBL>
<DBL>
<Name></Name>
<Val>7.40991779527391E-2</Val>
</DBL>
<DBL>
<Name></Name>
<Val>0.15197089048512</Val>
</DBL>
<DBL>
<Name></Name>
<Val>6.00359996298647E-2</Val>
</DBL>
<DBL>
<Name></Name>
<Val>0.11715780515742</Val>
</DBL>
<DBL>
<Name></Name>
<Val>0.14722710741780</Val>
</DBL>
<DBL>
<Name></Name>
<Val>6.75620294067535E-2</Val>
</DBL>
<DBL>
<Name></Name>
<Val>0.11384967215474</Val>
</DBL>
<DBL>
<Name></Name>
<Val>0.24356404633411</Val>
</DBL>
<DBL>
<Name></Name>
<Val>7.66011367093243E-3</Val>
</DBL>
<DBL>
<Name></Name>
<Val>1.67091978799547E-2</Val>
</DBL>
<DBL>
<Name></Name>
<Val>7.36226829358593E-2</Val>
</DBL>
<DBL>
<Name></Name>
<Val>0.15105115473519</Val>
</DBL>
<DBL>
<Name></Name>
<Val>5.97244705751988E-2</Val>
</DBL>
<DBL>
<Name></Name>
<Val>0.11663147584017</Val>
</DBL>
<DBL>
<Name></Name>
<Val>0.14667696402790</Val>
</DBL>
<DBL>
<Name></Name>
<Val>6.74377388826628E-2</Val>
</DBL>
<DBL>
<Name></Name>
<Val>0.11449484021705</Val>
</DBL>
<DBL>
<Name></Name>
<Val>0.24599136123509</Val>
</DBL>
<DBL>
<Name></Name>
<Val>7.60875882689265E-3</Val>
</DBL>
<DBL>
<Name></Name>
<Val>1.65995421751124E-2</Val>
</DBL>
<DBL>
<Name></Name>
<Val>7.31544912092224E-2</Val>
</DBL>
<DBL>
<Name></Name>
<Val>0.15014673476682</Val>
</DBL>
<DBL>
<Name></Name>
<Val>5.94176108933921E-2</Val>
</DBL>
<DBL>
<Name></Name>
<Val>0.11611224469022</Val>
</DBL>
<DBL>
<Name></Name>
<Val>0.14613346542724</Val>
</DBL>
<DBL>
<Name></Name>
<Val>6.73144751652515E-2</Val>
</DBL>
<DBL>
<Name></Name>
<Val>0.11512970082176</Val>
</DBL>
<DBL>
<Name></Name>
<Val>0.24838297602409</Val>
</DBL>
<DBL>
<Name></Name>
<Val>7.55833049871958E-3</Val>
</DBL>
<DBL>
<Name></Name>
<Val>1.64918309173343E-2</Val>
</DBL>
<DBL>
<Name></Name>
<Val>7.26943995735761E-2</Val>
</DBL>
<DBL>
<Name></Name>
<Val>0.14925730374083</Val>
</DBL>
<DBL>
<Name></Name>
<Val>5.91153575114182E-2</Val>
</DBL>
<DBL>
<Name></Name>
<Val>0.11560007781032</Val>
</DBL>
<DBL>
<Name></Name>
<Val>0.14559664735306</Val>
</DBL>
<DBL>
<Name></Name>
<Val>6.71922899127793E-2</Val>
</DBL>
<DBL>
<Name></Name>
<Val>0.11575444311319</Val>
</DBL>
<DBL>
<Name></Name>
<Val>0.25073931956878</Val>
</DBL>
<DBL>
<Name></Name>
<Val>7.50880387977921E-3</Val>
</DBL>
<DBL>
<Name></Name>
<Val>1.63860142545146E-2</Val>
</DBL>
<DBL>
<Name></Name>
<Val>7.22422137477266E-2</Val>
</DBL>
<DBL>
<Name></Name>
<Val>0.14838254685716</Val>
</DBL>
<DBL>
<Name></Name>
<Val>5.88176476654780E-2</Val>
</DBL>
<DBL>
<Name></Name>
<Val>0.11509493607710</Val>
</DBL>
<DBL>
<Name></Name>
<Val>0.14506653445115</Val>
</DBL>
<DBL>
<Name></Name>
<Val>6.70712288317166E-2</Val>
</DBL>
<DBL>
<Name></Name>
<Val>0.11636925097358</Val>
</DBL>
<DBL>
<Name></Name>
<Val>0.25306082326180</Val>
</DBL>
<DBL>
<Name></Name>
<Val>7.46015535474117E-3</Val>
</DBL>
<DBL>
<Name></Name>
<Val>1.62820446315250E-2</Val>
</DBL>
<DBL>
<Name></Name>
<Val>7.17977477876190E-2</Val>
</DBL>
<DBL>
<Name></Name>
<Val>0.14752216063276</Val>
</DBL>
<DBL>
<Name></Name>
<Val>5.85244189468405E-2</Val>
</DBL>
<DBL>
<Name></Name>
<Val>0.11459677566148</Val>
</DBL>
<DBL>
<Name></Name>
<Val>0.14454314125328</Val>
</DBL>
<DBL>
<Name></Name>
<Val>6.69513321627116E-2</Val>
</DBL>
<DBL>
<Name></Name>
<Val>0.11697430328288</Val>
</DBL>
<DBL>
<Name></Name>
<Val>0.25534792028616</Val>
</DBL>
<DBL>
<Name></Name>
<Val>7.41236241919760E-3</Val>
</DBL>
<DBL>
<Name></Name>
<Val>1.61798766376345E-2</Val>
</DBL>
<DBL>
<Name></Name>
<Val>7.13608235483486E-2</Val>
</DBL>
<DBL>
<Name></Name>
<Val>0.14667585223163</Val>
</DBL>
<DBL>
<Name></Name>
<Val>5.82356093430788E-2</Val>
</DBL>
<DBL>
<Name></Name>
<Val>0.11410554850728</Val>
</DBL>
<DBL>
<Name></Name>
<Val>0.14402647307773</Val>
</DBL>
<DBL>
<Name></Name>
<Val>6.68326351289389E-2</Val>
</DBL>
<DBL>
<Name></Name>
<Val>0.11756977416109</Val>
</DBL>
<DBL>
<Name></Name>
<Val>0.25760104494507</Val>
</DBL>
<DBL>
<Name></Name>
<Val>7.36540360527873E-3</Val>
</DBL>
<DBL>
<Name></Name>
<Val>1.60794668652650E-2</Val>
</DBL>
<DBL>
<Name></Name>
<Val>7.09312701858378E-2</Val>
</DBL>
<DBL>
<Name></Name>
<Val>0.14584333884310</Val>
</DBL>
<DBL>
<Name></Name>
<Val>5.79511572750784E-2</Val>
</DBL>
<DBL>
<Name></Name>
<Val>0.11362120277135</Val>
</DBL>
<DBL>
<Name></Name>
<Val>0.14351652685898</Val>
</DBL>
<DBL>
<Name></Name>
<Val>6.67151683497088E-2</Val>
</DBL>
<DBL>
<Name></Name>
<Val>0.11815583319438</Val>
</DBL>
<DBL>
<Name></Name>
<Val>0.25982063205102</Val>
</DBL>
<DBL>
<Name></Name>
<Val>7.31925841280682E-3</Val>
</DBL>
<DBL>
<Name></Name>
<Val>1.59807737792190E-2</Val>
</DBL>
<DBL>
<Name></Name>
<Val>7.05089236951595E-2</Val>
</DBL>
<DBL>
<Name></Name>
<Val>0.14502434710470</Val>
</DBL>
<DBL>
<Name></Name>
<Val>5.76710016301600E-2</Val>
</DBL>
<DBL>
<Name></Name>
<Val>0.11314368322823</Val>
</DBL>
<DBL>
<Name></Name>
<Val>0.14301329191196</Val>
</DBL>
<DBL>
<Name></Name>
<Val>6.65989582219949E-2</Val>
</DBL>
<DBL>
<Name></Name>
<Val>0.11873264564631</Val>
</DBL>
<DBL>
<Name></Name>
<Val>0.26200711636946</Val>
</DBL>
</Array>
<Array>
<Name>StateAdjacencyMatrix</Name>
<Dimsize>10</Dimsize>
<Dimsize>10</Dimsize>
<String>
<Name></Name>
<Val>@</Val>
</String>
<String>
<Name></Name>
<Val>A</Val>
</String>
<String>
<Name></Name>
<Val>@</Val>
</String>
<String>
<Name></Name>
<Val>@</Val>
</String>
<String>
<Name></Name>
<Val>@</Val>
</String>
<String>
<Name></Name>
<Val>@</Val>
</String>
<String>
<Name></Name>
<Val>@</Val>
</String>
<String>
<Name></Name>
<Val>@</Val>
</String>
<String>
<Name></Name>
<Val>@</Val>
</String>
<String>
<Name></Name>
<Val>@</Val>
</String>
<String>
<Name></Name>
<Val>C</Val>
</String>
<String>
<Name></Name>
<Val>@</Val>
</String>
<String>
<Name></Name>
<Val>A</Val>
</String>
<String>
<Name></Name>
<Val>@</Val>
</String>
<String>
<Name></Name>
<Val>@</Val>
</String>
<String>
<Name></Name>
<Val>@</Val>
</String>
<String>
<Name></Name>
<Val>@</Val>
</String>
<String>
<Name></Name>
<Val>@</Val>
</String>
<String>
<Name></Name>
<Val>@</Val>
</String>
<String>
<Name></Name>
<Val>@</Val>
</String>
<String>
<Name></Name>
<Val>@</Val>
</String>
<String>
<Name></Name>
<Val>D</Val>
</String>
<String>
<Name></Name>
<Val>@</Val>
</String>
<String>
<Name></Name>
<Val>B</Val>
</String>
<String>
<Name></Name>
<Val>@</Val>
</String>
<String>
<Name></Name>
<Val>@</Val>
</String>
<String>
<Name></Name>
<Val>@</Val>
</String>
<String>
<Name></Name>
<Val>@</Val>
</String>
<String>
<Name></Name>
<Val>@</Val>
</String>
<String>
<Name></Name>
<Val>@</Val>
</String>
<String>
<Name></Name>
<Val>@</Val>
</String>
<String>
<Name></Name>
<Val>@</Val>
</String>
<String>
<Name></Name>
<Val>G</Val>
</String>
<String>
<Name></Name>
<Val>@</Val>
</String>
<String>
<Name></Name>
<Val>F</Val>
</String>
<String>
<Name></Name>
<Val>@</Val>
</String>
<String>
<Name></Name>
<Val>@</Val>
</String>
<String>
<Name></Name>
<Val>@</Val>
</String>
<String>
<Name></Name>
<Val>@</Val>
</String>
<String>
<Name></Name>
<Val>@</Val>
</String>
<String>
<Name></Name>
<Val>@</Val>
</String>
<String>
<Name></Name>
<Val>@</Val>
</String>
<String>
<Name></Name>
<Val>@</Val>
</String>
<String>
<Name></Name>
<Val>H</Val>
</String>
<String>
<Name></Name>
<Val>@</Val>
</String>
<String>
<Name></Name>
<Val>A</Val>
</String>
<String>
<Name></Name>
<Val>@</Val>
</String>
<String>
<Name></Name>
<Val>@</Val>
</String>
<String>
<Name></Name>
<Val>@</Val>
</String>
<String>
<Name></Name>
<Val>@</Val>
</String>
<String>
<Name></Name>
<Val>@</Val>
</String>
<String>
<Name></Name>
<Val>@</Val>
</String>
<String>
<Name></Name>
<Val>@</Val>
</String>
<String>
<Name></Name>
<Val>@</Val>
</String>
<String>
<Name></Name>
<Val>B</Val>
</String>
<String>
<Name></Name>
<Val>@</Val>
</String>
<String>
<Name></Name>
<Val>H</Val>
</String>
<String>
<Name></Name>
<Val>@</Val>
</String>
<String>
<Name></Name>
<Val>@</Val>
</String>
<String>
<Name></Name>
<Val>@</Val>
</String>
<String>
<Name></Name>
<Val>@</Val>
</String>
<String>
<Name></Name>
<Val>@</Val>
</String>
<String>
<Name></Name>
<Val>@</Val>
</String>
<String>
<Name></Name>
<Val>@</Val>
</String>
<String>
<Name></Name>
<Val>@</Val>
</String>
<String>
<Name></Name>
<Val>C</Val>
</String>
<String>
<Name></Name>
<Val>@</Val>
</String>
<String>
<Name></Name>
<Val>F</Val>
</String>
<String>
<Name></Name>
<Val>@</Val>
</String>
<String>
<Name></Name>
<Val>@</Val>
</String>
<String>
<Name></Name>
<Val>@</Val>
</String>
<String>
<Name></Name>
<Val>@</Val>
</String>
<String>
<Name></Name>
<Val>@</Val>
</String>
<String>
<Name></Name>
<Val>@</Val>
</String>
<String>
<Name></Name>
<Val>@</Val>
</String>
<String>
<Name></Name>
<Val>@</Val>
</String>
<String>
<Name></Name>
<Val>B</Val>
</String>
<String>
<Name></Name>
<Val>@</Val>
</String>
<String>
<Name></Name>
<Val>G</Val>
</String>
<String>
<Name></Name>
<Val>@</Val>
</String>
<String>
<Name></Name>
<Val>@</Val>
</String>
<String>
<Name></Name>
<Val>@</Val>
</String>
<String>
<Name></Name>
<Val>@</Val>
</String>
<String>
<Name></Name>
<Val>@</Val>
</String>
<String>
<Name></Name>
<Val>@</Val>
</String>
<String>
<Name></Name>
<Val>@</Val>
</String>
<String>
<Name></Name>
<Val>@</Val>
</String>
<String>
<Name></Name>
<Val>E</Val>
</String>
<String>
<Name></Name>
<Val>@</Val>
</String>
<String>
<Name></Name>
<Val>D</Val>
</String>
<String>
<Name></Name>
<Val>@</Val>
</String>
<String>
<Name></Name>
<Val>@</Val>
</String>
<String>
<Name></Name>
<Val>@</Val>
</String>
<String>
<Name></Name>
<Val>@</Val>
</String>
<String>
<Name></Name>
<Val>@</Val>
</String>
<String>
<Name></Name>
<Val>@</Val>
</String>
<String>
<Name></Name>
<Val>@</Val>
</String>
<String>
<Name></Name>
<Val>@</Val>
</String>
<String>
<Name></Name>
<Val>E</Val>
</String>
<String>
<Name></Name>
<Val>@</Val>
</String>
</Array>
<Cluster>
<Name>IntegrationParams</Name>
<NumElts>4</NumElts>
<DBL>
<Name>time start</Name>
<Val>0.00000000000000</Val>
</DBL>
<DBL>
<Name>time end</Name>
<Val>999.00000000000000</Val>
</DBL>
<DBL>
<Name>h (step rate)</Name>
<Val>0.10000000000000</Val>
</DBL>
<Array>
<Name>X0</Name>
<Dimsize>10</Dimsize>
<I32>
<Name></Name>
<Val>1</Val>
</I32>
<I32>
<Name></Name>
<Val>0</Val>
</I32>
<I32>
<Name></Name>
<Val>0</Val>
</I32>
<I32>
<Name></Name>
<Val>0</Val>
</I32>
<I32>
<Name></Name>
<Val>0</Val>
</I32>
<I32>
<Name></Name>
<Val>0</Val>
</I32>
<I32>
<Name></Name>
<Val>0</Val>
</I32>
<I32>
<Name></Name>
<Val>0</Val>
</I32>
<I32>
<Name></Name>
<Val>0</Val>
</I32>
<I32>
<Name></Name>
<Val>0</Val>
</I32>
</Array>
</Cluster>
<Array>
<Name>StateNames</Name>
<Dimsize>10</Dimsize>
<String>
<Name>string</Name>
<Val>a</Val>
</String>
<String>
<Name>string</Name>
<Val>b</Val>
</String>
<String>
<Name>string</Name>
<Val>c</Val>
</String>
<String>
<Name>string</Name>
<Val>d</Val>
</String>
<String>
<Name>string</Name>
<Val>e</Val>
</String>
<String>
<Name>string</Name>
<Val>f</Val>
</String>
<String>
<Name>string</Name>
<Val>g</Val>
</String>
<String>
<Name>string</Name>
<Val>h</Val>
</String>
<String>
<Name>string</Name>
<Val>i</Val>
</String>
<String>
<Name>string</Name>
<Val>j</Val>
</String>
</Array>
</Cluster>
</LVData>