<?xml version='1.0' standalone='yes' ?>
<LVData xmlns="http://www.ni.com/LVData">
<Version>10.0.1</Version>
<Cluster>
<Name>ModelData</Name>
<NumElts>7</NumElts>
<Array>
<Name>Transitions</Name>
<Dimsize>2</Dimsize>
<Dimsize>2</Dimsize>
<String>
<Name>string</Name>
<Val>A</Val>
</String>
<String>
<Name>string</Name>
<Val>A</Val>
</String>
<String>
<Name>string</Name>
<Val>B</Val>
</String>
<String>
<Name>string</Name>
<Val>B</Val>
</String>
</Array>
<Array>
<Name>RealValues</Name>
<Dimsize>2</Dimsize>
<Dimsize>2</Dimsize>
<String>
<Name>string</Name>
<Val>A</Val>
</String>
<String>
<Name>string</Name>
<Val>0,005153</Val>
</String>
<String>
<Name>string</Name>
<Val>B</Val>
</String>
<String>
<Name>string</Name>
<Val>0,076406</Val>
</String>
</Array>
<Array>
<Name>Times</Name>
<Dimsize>100</Dimsize>
<DBL>
<Name></Name>
<Val>0.00000000000000</Val>
</DBL>
<DBL>
<Name></Name>
<Val>10.00000000000000</Val>
</DBL>
<DBL>
<Name></Name>
<Val>20.00000000000000</Val>
</DBL>
<DBL>
<Name></Name>
<Val>30.00000000000000</Val>
</DBL>
<DBL>
<Name></Name>
<Val>40.00000000000000</Val>
</DBL>
<DBL>
<Name></Name>
<Val>50.00000000000000</Val>
</DBL>
<DBL>
<Name></Name>
<Val>60.00000000000000</Val>
</DBL>
<DBL>
<Name></Name>
<Val>70.00000000000000</Val>
</DBL>
<DBL>
<Name></Name>
<Val>80.00000000000000</Val>
</DBL>
<DBL>
<Name></Name>
<Val>90.00000000000000</Val>
</DBL>
<DBL>
<Name></Name>
<Val>100.00000000000000</Val>
</DBL>
<DBL>
<Name></Name>
<Val>110.00000000000000</Val>
</DBL>
<DBL>
<Name></Name>
<Val>120.00000000000000</Val>
</DBL>
<DBL>
<Name></Name>
<Val>130.00000000000000</Val>
</DBL>
<DBL>
<Name></Name>
<Val>140.00000000000000</Val>
</DBL>
<DBL>
<Name></Name>
<Val>150.00000000000000</Val>
</DBL>
<DBL>
<Name></Name>
<Val>160.00000000000000</Val>
</DBL>
<DBL>
<Name></Name>
<Val>170.00000000000000</Val>
</DBL>
<DBL>
<Name></Name>
<Val>180.00000000000000</Val>
</DBL>
<DBL>
<Name></Name>
<Val>190.00000000000000</Val>
</DBL>
<DBL>
<Name></Name>
<Val>200.00000000000000</Val>
</DBL>
<DBL>
<Name></Name>
<Val>210.00000000000000</Val>
</DBL>
<DBL>
<Name></Name>
<Val>220.00000000000000</Val>
</DBL>
<DBL>
<Name></Name>
<Val>230.00000000000000</Val>
</DBL>
<DBL>
<Name></Name>
<Val>240.00000000000000</Val>
</DBL>
<DBL>
<Name></Name>
<Val>250.00000000000000</Val>
</DBL>
<DBL>
<Name></Name>
<Val>260.00000000000000</Val>
</DBL>
<DBL>
<Name></Name>
<Val>270.00000000000000</Val>
</DBL>
<DBL>
<Name></Name>
<Val>280.00000000000000</Val>
</DBL>
<DBL>
<Name></Name>
<Val>290.00000000000000</Val>
</DBL>
<DBL>
<Name></Name>
<Val>300.00000000000000</Val>
</DBL>
<DBL>
<Name></Name>
<Val>310.00000000000000</Val>
</DBL>
<DBL>
<Name></Name>
<Val>320.00000000000000</Val>
</DBL>
<DBL>
<Name></Name>
<Val>330.00000000000000</Val>
</DBL>
<DBL>
<Name></Name>
<Val>340.00000000000000</Val>
</DBL>
<DBL>
<Name></Name>
<Val>350.00000000000000</Val>
</DBL>
<DBL>
<Name></Name>
<Val>360.00000000000000</Val>
</DBL>
<DBL>
<Name></Name>
<Val>370.00000000000000</Val>
</DBL>
<DBL>
<Name></Name>
<Val>380.00000000000000</Val>
</DBL>
<DBL>
<Name></Name>
<Val>390.00000000000000</Val>
</DBL>
<DBL>
<Name></Name>
<Val>400.00000000000000</Val>
</DBL>
<DBL>
<Name></Name>
<Val>410.00000000000000</Val>
</DBL>
<DBL>
<Name></Name>
<Val>420.00000000000000</Val>
</DBL>
<DBL>
<Name></Name>
<Val>430.00000000000000</Val>
</DBL>
<DBL>
<Name></Name>
<Val>440.00000000000000</Val>
</DBL>
<DBL>
<Name></Name>
<Val>450.00000000000000</Val>
</DBL>
<DBL>
<Name></Name>
<Val>460.00000000000000</Val>
</DBL>
<DBL>
<Name></Name>
<Val>470.00000000000000</Val>
</DBL>
<DBL>
<Name></Name>
<Val>480.00000000000000</Val>
</DBL>
<DBL>
<Name></Name>
<Val>490.00000000000000</Val>
</DBL>
<DBL>
<Name></Name>
<Val>500.00000000000000</Val>
</DBL>
<DBL>
<Name></Name>
<Val>510.00000000000000</Val>
</DBL>
<DBL>
<Name></Name>
<Val>520.00000000000000</Val>
</DBL>
<DBL>
<Name></Name>
<Val>530.00000000000000</Val>
</DBL>
<DBL>
<Name></Name>
<Val>540.00000000000000</Val>
</DBL>
<DBL>
<Name></Name>
<Val>550.00000000000000</Val>
</DBL>
<DBL>
<Name></Name>
<Val>560.00000000000000</Val>
</DBL>
<DBL>
<Name></Name>
<Val>570.00000000000000</Val>
</DBL>
<DBL>
<Name></Name>
<Val>580.00000000000000</Val>
</DBL>
<DBL>
<Name></Name>
<Val>590.00000000000000</Val>
</DBL>
<DBL>
<Name></Name>
<Val>600.00000000000000</Val>
</DBL>
<DBL>
<Name></Name>
<Val>610.00000000000000</Val>
</DBL>
<DBL>
<Name></Name>
<Val>620.00000000000000</Val>
</DBL>
<DBL>
<Name></Name>
<Val>630.00000000000000</Val>
</DBL>
<DBL>
<Name></Name>
<Val>640.00000000000000</Val>
</DBL>
<DBL>
<Name></Name>
<Val>650.00000000000000</Val>
</DBL>
<DBL>
<Name></Name>
<Val>660.00000000000000</Val>
</DBL>
<DBL>
<Name></Name>
<Val>670.00000000000000</Val>
</DBL>
<DBL>
<Name></Name>
<Val>680.00000000000000</Val>
</DBL>
<DBL>
<Name></Name>
<Val>690.00000000000000</Val>
</DBL>
<DBL>
<Name></Name>
<Val>700.00000000000000</Val>
</DBL>
<DBL>
<Name></Name>
<Val>710.00000000000000</Val>
</DBL>
<DBL>
<Name></Name>
<Val>720.00000000000000</Val>
</DBL>
<DBL>
<Name></Name>
<Val>730.00000000000000</Val>
</DBL>
<DBL>
<Name></Name>
<Val>740.00000000000000</Val>
</DBL>
<DBL>
<Name></Name>
<Val>750.00000000000000</Val>
</DBL>
<DBL>
<Name></Name>
<Val>760.00000000000000</Val>
</DBL>
<DBL>
<Name></Name>
<Val>770.00000000000000</Val>
</DBL>
<DBL>
<Name></Name>
<Val>780.00000000000000</Val>
</DBL>
<DBL>
<Name></Name>
<Val>790.00000000000000</Val>
</DBL>
<DBL>
<Name></Name>
<Val>800.00000000000000</Val>
</DBL>
<DBL>
<Name></Name>
<Val>810.00000000000000</Val>
</DBL>
<DBL>
<Name></Name>
<Val>820.00000000000000</Val>
</DBL>
<DBL>
<Name></Name>
<Val>830.00000000000000</Val>
</DBL>
<DBL>
<Name></Name>
<Val>840.00000000000000</Val>
</DBL>
<DBL>
<Name></Name>
<Val>850.00000000000000</Val>
</DBL>
<DBL>
<Name></Name>
<Val>860.00000000000000</Val>
</DBL>
<DBL>
<Name></Name>
<Val>870.00000000000000</Val>
</DBL>
<DBL>
<Name></Name>
<Val>880.00000000000000</Val>
</DBL>
<DBL>
<Name></Name>
<Val>890.00000000000000</Val>
</DBL>
<DBL>
<Name></Name>
<Val>900.00000000000000</Val>
</DBL>
<DBL>
<Name></Name>
<Val>910.00000000000000</Val>
</DBL>
<DBL>
<Name></Name>
<Val>920.00000000000000</Val>
</DBL>
<DBL>
<Name></Name>
<Val>930.00000000000000</Val>
</DBL>
<DBL>
<Name></Name>
<Val>940.00000000000000</Val>
</DBL>
<DBL>
<Name></Name>
<Val>950.00000000000000</Val>
</DBL>
<DBL>
<Name></Name>
<Val>960.00000000000000</Val>
</DBL>
<DBL>
<Name></Name>
<Val>970.00000000000000</Val>
</DBL>
<DBL>
<Name></Name>
<Val>980.00000000000000</Val>
</DBL>
<DBL>
<Name></Name>
<Val>990.00000000000000</Val>
</DBL>
</Array>
<Array>
<Name>RealSolution</Name>
<Dimsize>100</Dimsize>
<Dimsize>10</Dimsize>
<DBL>
<Name></Name>
<Val>1.00000000000000</Val>
</DBL>
<DBL>
<Name></Name>
<Val>0.00000000000000</Val>
</DBL>
<DBL>
<Name></Name>
<Val>0.00000000000000</Val>
</DBL>
<DBL>
<Name></Name>
<Val>0.00000000000000</Val>
</DBL>
<DBL>
<Name></Name>
<Val>0.00000000000000</Val>
</DBL>
<DBL>
<Name></Name>
<Val>0.00000000000000</Val>
</DBL>
<DBL>
<Name></Name>
<Val>0.00000000000000</Val>
</DBL>
<DBL>
<Name></Name>
<Val>0.00000000000000</Val>
</DBL>
<DBL>
<Name></Name>
<Val>0.00000000000000</Val>
</DBL>
<DBL>
<Name></Name>
<Val>0.00000000000000</Val>
</DBL>
<DBL>
<Name></Name>
<Val>0.47350522986563</Val>
</DBL>
<DBL>
<Name></Name>
<Val>0.35348106896311</Val>
</DBL>
<DBL>
<Name></Name>
<Val>0.17028774437298</Val>
</DBL>
<DBL>
<Name></Name>
<Val>2.68820122692106E-3</Val>
</DBL>
<DBL>
<Name></Name>
<Val>3.24707311472172E-5</Val>
</DBL>
<DBL>
<Name></Name>
<Val>5.24270464473704E-6</Val>
</DBL>
<DBL>
<Name></Name>
<Val>3.82306996217653E-8</Val>
</DBL>
<DBL>
<Name></Name>
<Val>3.87982933168100E-9</Val>
</DBL>
<DBL>
<Name></Name>
<Val>2.32205414938719E-11</Val>
</DBL>
<DBL>
<Name></Name>
<Val>1.81443412139156E-12</Val>
</DBL>
<DBL>
<Name></Name>
<Val>0.23276643114884</Val>
</DBL>
<DBL>
<Name></Name>
<Val>0.33619577126849</Val>
</DBL>
<DBL>
<Name></Name>
<Val>0.41840582398828</Val>
</DBL>
<DBL>
<Name></Name>
<Val>1.22405942477700E-2</Val>
</DBL>
<DBL>
<Name></Name>
<Val>2.86148556189958E-4</Val>
</DBL>
<DBL>
<Name></Name>
<Val>1.03544880511009E-4</Val>
</DBL>
<DBL>
<Name></Name>
<Val>1.39744223093969E-6</Val>
</DBL>
<DBL>
<Name></Name>
<Val>2.84383592958051E-7</Val>
</DBL>
<DBL>
<Name></Name>
<Val>3.51875108392831E-9</Val>
</DBL>
<DBL>
<Name></Name>
<Val>5.65339442029981E-10</Val>
</DBL>
<DBL>
<Name></Name>
<Val>0.11855718839999</Val>
</DBL>
<DBL>
<Name></Name>
<Val>0.25166128107616</Val>
</DBL>
<DBL>
<Name></Name>
<Val>0.60437096231932</Val>
</DBL>
<DBL>
<Name></Name>
<Val>2.41122341248244E-2</Val>
</DBL>
<DBL>
<Name></Name>
<Val>8.05003467059667E-4</Val>
</DBL>
<DBL>
<Name></Name>
<Val>4.81568999547751E-4</Val>
</DBL>
<DBL>
<Name></Name>
<Val>9.01793035198548E-6</Val>
</DBL>
<DBL>
<Name></Name>
<Val>2.68118660638661E-6</Val>
</DBL>
<DBL>
<Name></Name>
<Val>5.04352577487504E-8</Val>
</DBL>
<DBL>
<Name></Name>
<Val>1.20608884553753E-8</Val>
</DBL>
<DBL>
<Name></Name>
<Val>6.26094393323704E-2</Val>
</DBL>
<DBL>
<Name></Name>
<Val>0.17875639061476</Val>
</DBL>
<DBL>
<Name></Name>
<Val>0.72135486882821</Val>
</DBL>
<DBL>
<Name></Name>
<Val>3.45202181202310E-2</Val>
</DBL>
<DBL>
<Name></Name>
<Val>1.45203930170922E-3</Val>
</DBL>
<DBL>
<Name></Name>
<Val>1.26593681863593E-3</Val>
</DBL>
<DBL>
<Name></Name>
<Val>2.94778443915770E-5</Val>
</DBL>
<DBL>
<Name></Name>
<Val>1.12541724483812E-5</Val>
</DBL>
<DBL>
<Name></Name>
<Val>2.85706185576841E-7</Val>
</DBL>
<DBL>
<Name></Name>
<Val>8.92610561880041E-8</Val>
</DBL>
<DBL>
<Name></Name>
<Val>3.44723627535391E-2</Val>
</DBL>
<DBL>
<Name></Name>
<Val>0.12944995035565</Val>
</DBL>
<DBL>
<Name></Name>
<Val>0.78919642020778</Val>
</DBL>
<DBL>
<Name></Name>
<Val>4.22262150521342E-2</Val>
</DBL>
<DBL>
<Name></Name>
<Val>2.08826178772214E-3</Val>
</DBL>
<DBL>
<Name></Name>
<Val>2.46717848981009E-3</Val>
</DBL>
<DBL>
<Name></Name>
<Val>6.74507066419433E-5</Val>
</DBL>
<DBL>
<Name></Name>
<Val>3.07936378154132E-5</Val>
</DBL>
<DBL>
<Name></Name>
<Val>9.90702076794462E-7</Val>
</DBL>
<DBL>
<Name></Name>
<Val>3.76306835397522E-7</Val>
</DBL>
<DBL>
<Name></Name>
<Val>2.00278094650017E-2</Val>
</DBL>
<DBL>
<Name></Name>
<Val>9.91572417204745E-2</Val>
</DBL>
<DBL>
<Name></Name>
<Val>0.82657456255623</Val>
</DBL>
<DBL>
<Name></Name>
<Val>4.73900781669676E-2</Val>
</DBL>
<DBL>
<Name></Name>
<Val>2.63862088719403E-3</Val>
</DBL>
<DBL>
<Name></Name>
<Val>4.01858032553328E-3</Val>
</DBL>
<DBL>
<Name></Name>
<Val>1.24483992771430E-4</Val>
</DBL>
<DBL>
<Name></Name>
<Val>6.49519521197588E-5</Val>
</DBL>
<DBL>
<Name></Name>
<Val>2.54734291490989E-6</Val>
</DBL>
<DBL>
<Name></Name>
<Val>1.12359079634386E-6</Val>
</DBL>
<DBL>
<Name></Name>
<Val>1.24959607293044E-2</Val>
</DBL>
<DBL>
<Name></Name>
<Val>8.14095854969996E-2</Val>
</DBL>
<DBL>
<Name></Name>
<Val>0.84623682505635</Val>
</DBL>
<DBL>
<Name></Name>
<Val>5.06237110431753E-2</Val>
</DBL>
<DBL>
<Name></Name>
<Val>3.08359473379273E-3</Val>
</DBL>
<DBL>
<Name></Name>
<Val>5.82734019368444E-3</Val>
</DBL>
<DBL>
<Name></Name>
<Val>1.99577376866195E-4</Val>
</DBL>
<DBL>
<Name></Name>
<Val>1.15368986763473E-4</Val>
</DBL>
<DBL>
<Name></Name>
<Val>5.37132546892259E-6</Val>
</DBL>
<DBL>
<Name></Name>
<Val>2.66505759569281E-6</Val>
</DBL>
<DBL>
<Name></Name>
<Val>8.52231071149165E-3</Val>
</DBL>
<DBL>
<Name></Name>
<Val>7.12671854571496E-2</Val>
</DBL>
<DBL>
<Name></Name>
<Val>0.85593970504025</Val>
</DBL>
<DBL>
<Name></Name>
<Val>5.25429850058765E-2</Val>
</DBL>
<DBL>
<Name></Name>
<Val>3.43378994632617E-3</Val>
</DBL>
<DBL>
<Name></Name>
<Val>7.80673253945189E-3</Val>
</DBL>
<DBL>
<Name></Name>
<Val>2.90280924871455E-4</Val>
</DBL>
<DBL>
<Name></Name>
<Val>1.81784253396874E-4</Val>
</DBL>
<DBL>
<Name></Name>
<Val>9.85310591685154E-6</Val>
</DBL>
<DBL>
<Name></Name>
<Val>5.37301526591901E-6</Val>
</DBL>
<DBL>
<Name></Name>
<Val>6.40684008612107E-3</Val>
</DBL>
<DBL>
<Name></Name>
<Val>6.55366462051652E-2</Val>
</DBL>
<DBL>
<Name></Name>
<Val>0.86015092453659</Val>
</DBL>
<DBL>
<Name></Name>
<Val>5.36241331232480E-2</Val>
</DBL>
<DBL>
<Name></Name>
<Val>3.71031206301272E-3</Val>
</DBL>
<DBL>
<Name></Name>
<Val>9.88895364023956E-3</Val>
</DBL>
<DBL>
<Name></Name>
<Val>3.93628508604416E-4</Val>
</DBL>
<DBL>
<Name></Name>
<Val>2.62627328973284E-4</Val>
</DBL>
<DBL>
<Name></Name>
<Val>1.63222061553401E-5</Val>
</DBL>
<DBL>
<Name></Name>
<Val>9.61230188807790E-6</Val>
</DBL>
<DBL>
<Name></Name>
<Val>5.27199841839889E-3</Val>
</DBL>
<DBL>
<Name></Name>
<Val>6.23015034552961E-2</Val>
</DBL>
<DBL>
<Name></Name>
<Val>0.86136918902876</Val>
</DBL>
<DBL>
<Name></Name>
<Val>5.41934963995531E-2</Val>
</DBL>
<DBL>
<Name></Name>
<Val>3.93425954220321E-3</Val>
</DBL>
<DBL>
<Name></Name>
<Val>1.20264192126970E-2</Val>
</DBL>
<DBL>
<Name></Name>
<Val>5.06727592664819E-4</Val>
</DBL>
<DBL>
<Name></Name>
<Val>3.55665907340105E-4</Val>
</DBL>
<DBL>
<Name></Name>
<Val>2.50336747506294E-5</Val>
</DBL>
<DBL>
<Name></Name>
<Val>1.57067683412553E-5</Val>
</DBL>
<DBL>
<Name></Name>
<Val>4.65856783866945E-3</Val>
</DBL>
<DBL>
<Name></Name>
<Val>6.04563219276127E-2</Val>
</DBL>
<DBL>
<Name></Name>
<Val>0.86096891617979</Val>
</DBL>
<DBL>
<Name></Name>
<Val>5.44596844987311E-2</Val>
</DBL>
<DBL>
<Name></Name>
<Val>4.12267471813802E-3</Val>
</DBL>
<DBL>
<Name></Name>
<Val>1.41881838379953E-2</Val>
</DBL>
<DBL>
<Name></Name>
<Val>6.27051661879285E-4</Val>
</DBL>
<DBL>
<Name></Name>
<Val>4.58508595838482E-4</Val>
</DBL>
<DBL>
<Name></Name>
<Val>3.61694696552030E-5</Val>
</DBL>
<DBL>
<Name></Name>
<Val>2.39212716936934E-5</Val>
</DBL>
<DBL>
<Name></Name>
<Val>4.32385556744040E-3</Val>
</DBL>
<DBL>
<Name></Name>
<Val>5.93780367430116E-2</Val>
</DBL>
<DBL>
<Name></Name>
<Val>0.85969892786439</Val>
</DBL>
<DBL>
<Name></Name>
<Val>5.45502275478738E-2</Val>
</DBL>
<DBL>
<Name></Name>
<Val>4.28788973753530E-3</Val>
</DBL>
<DBL>
<Name></Name>
<Val>1.63553038993599E-2</Val>
</DBL>
<DBL>
<Name></Name>
<Val>7.52536535638639E-4</Val>
</DBL>
<DBL>
<Name></Name>
<Val>5.68917851758046E-4</Val>
</DBL>
<DBL>
<Name></Name>
<Val>4.98476038495708E-5</Val>
</DBL>
<DBL>
<Name></Name>
<Val>3.44566491467277E-5</Val>
</DBL>
<DBL>
<Name></Name>
<Val>4.13869483781403E-3</Val>
</DBL>
<DBL>
<Name></Name>
<Val>5.87204053297463E-2</Val>
</DBL>
<DBL>
<Name></Name>
<Val>0.85796499683252</Val>
</DBL>
<DBL>
<Name></Name>
<Val>5.45407434264231E-2</Val>
</DBL>
<DBL>
<Name></Name>
<Val>4.43824342248006E-3</Val>
</DBL>
<DBL>
<Name></Name>
<Val>1.85167962360931E-2</Val>
</DBL>
<DBL>
<Name></Name>
<Val>8.81568811452843E-4</Val>
</DBL>
<DBL>
<Name></Name>
<Val>6.84963816810750E-4</Val>
</DBL>
<DBL>
<Name></Name>
<Val>6.61340183496173E-5</Val>
</DBL>
<DBL>
<Name></Name>
<Val>4.74532683140838E-5</Val>
</DBL>
<DBL>
<Name></Name>
<Val>4.03399824630527E-3</Val>
</DBL>
<DBL>
<Name></Name>
<Val>5.82927347829454E-2</Val>
</DBL>
<DBL>
<Name></Name>
<Val>0.85598634610284</Val>
</DBL>
<DBL>
<Name></Name>
<Val>5.44751031420522E-2</Val>
</DBL>
<DBL>
<Name></Name>
<Val>4.57912378779130E-3</Val>
</DBL>
<DBL>
<Name></Name>
<Val>2.06666443630451E-2</Val>
</DBL>
<DBL>
<Name></Name>
<Val>1.01292590826271E-3</Val>
</DBL>
<DBL>
<Name></Name>
<Val>8.05070294434645E-4</Val>
</DBL>
<DBL>
<Name></Name>
<Val>8.50542971423253E-5</Val>
</DBL>
<DBL>
<Name></Name>
<Val>6.29990751845645E-5</Val>
</DBL>
<DBL>
<Name></Name>
<Val>3.97268426910851E-3</Val>
</DBL>
<DBL>
<Name></Name>
<Val>5.79906068935146E-2</Val>
</DBL>
<DBL>
<Name></Name>
<Val>0.85388122502044</Val>
</DBL>
<DBL>
<Name></Name>
<Val>5.43783559940496E-2</Val>
</DBL>
<DBL>
<Name></Name>
<Val>4.71390373110503E-3</Val>
</DBL>
<DBL>
<Name></Name>
<Val>2.28017801113445E-2</Val>
</DBL>
<DBL>
<Name></Name>
<Val>1.14570208061723E-3</Val>
</DBL>
<DBL>
<Name></Name>
<Val>9.27998824966798E-4</Val>
</DBL>
<DBL>
<Name></Name>
<Val>1.06603882999921E-4</Val>
</DBL>
<DBL>
<Name></Name>
<Val>8.11391918544722E-5</Val>
</DBL>
<DBL>
<Name></Name>
<Val>3.93480146175032E-3</Val>
</DBL>
<DBL>
<Name></Name>
<Val>5.77570606764520E-2</Val>
</DBL>
<DBL>
<Name></Name>
<Val>0.85171336370705</Val>
</DBL>
<DBL>
<Name></Name>
<Val>5.42646346203534E-2</Val>
</DBL>
<DBL>
<Name></Name>
<Val>4.84464855406119E-3</Val>
</DBL>
<DBL>
<Name></Name>
<Val>2.49208079530077E-2</Val>
</DBL>
<DBL>
<Name></Name>
<Val>1.27923766002529E-3</Val>
</DBL>
<DBL>
<Name></Name>
<Val>1.05280371134881E-3</Val>
</DBL>
<DBL>
<Name></Name>
<Val>1.30756378476017E-4</Val>
</DBL>
<DBL>
<Name></Name>
<Val>1.01885277474619E-4</Val>
</DBL>
<DBL>
<Name></Name>
<Val>3.90959671302596E-3</Val>
</DBL>
<DBL>
<Name></Name>
<Val>5.75611002906872E-2</Val>
</DBL>
<DBL>
<Name></Name>
<Val>0.84951708974445</Val>
</DBL>
<DBL>
<Name></Name>
<Val>5.41418403576736E-2</Val>
</DBL>
<DBL>
<Name></Name>
<Val>4.97260442683070E-3</Val>
</DBL>
<DBL>
<Name></Name>
<Val>2.70232378430740E-2</Val>
</DBL>
<DBL>
<Name></Name>
<Val>1.41305860848198E-3</Val>
</DBL>
<DBL>
<Name></Name>
<Val>1.17877826487148E-3</Val>
</DBL>
<DBL>
<Name></Name>
<Val>1.57469992731936E-4</Val>
</DBL>
<DBL>
<Name></Name>
<Val>1.25223758177178E-4</Val>
</DBL>
<DBL>
<Name></Name>
<Val>3.89126746390682E-3</Val>
</DBL>
<DBL>
<Name></Name>
<Val>5.73858861672167E-2</Val>
</DBL>
<DBL>
<Name></Name>
<Val>0.84731088025822</Val>
</DBL>
<DBL>
<Name></Name>
<Val>5.40143597169293E-2</Val>
</DBL>
<DBL>
<Name></Name>
<Val>5.09851703986676E-3</Val>
</DBL>
<DBL>
<Name></Name>
<Val>2.91090431120129E-2</Val>
</DBL>
<DBL>
<Name></Name>
<Val>1.54682806170774E-3</Val>
</DBL>
<DBL>
<Name></Name>
<Val>1.30540317235375E-3</Val>
</DBL>
<DBL>
<Name></Name>
<Val>1.86692395645335E-4</Val>
</DBL>
<DBL>
<Name></Name>
<Val>1.51122612145858E-4</Val>
</DBL>
<DBL>
<Name></Name>
<Val>3.87667983220760E-3</Val>
</DBL>
<DBL>
<Name></Name>
<Val>5.72222787819210E-2</Val>
</DBL>
<DBL>
<Name></Name>
<Val>0.84510466760292</Val>
</DBL>
<DBL>
<Name></Name>
<Val>5.38846143495121E-2</Val>
</DBL>
<DBL>
<Name></Name>
<Val>5.22283167513525E-3</Val>
</DBL>
<DBL>
<Name></Name>
<Val>3.11784158857851E-2</Val>
</DBL>
<DBL>
<Name></Name>
<Val>1.68030901202166E-3</Val>
</DBL>
<DBL>
<Name></Name>
<Val>1.43230184435181E-3</Val>
</DBL>
<DBL>
<Name></Name>
<Val>2.18364292136427E-4</Val>
</DBL>
<DBL>
<Name></Name>
<Val>1.79536724006942E-4</Val>
</DBL>
<DBL>
<Name></Name>
<Val>3.86414015890156E-3</Val>
</DBL>
<DBL>
<Name></Name>
<Val>5.70653203982873E-2</Val>
</DBL>
<DBL>
<Name></Name>
<Val>0.84290377682333</Val>
</DBL>
<DBL>
<Name></Name>
<Val>5.37539349989527E-2</Val>
</DBL>
<DBL>
<Name></Name>
<Val>5.34581548933642E-3</Val>
</DBL>
<DBL>
<Name></Name>
<Val>3.32316376782477E-2</Val>
</DBL>
<DBL>
<Name></Name>
<Val>1.81333633693116E-3</Val>
</DBL>
<DBL>
<Name></Name>
<Val>1.55920412683197E-3</Val>
</DBL>
<DBL>
<Name></Name>
<Val>2.52422010310243E-4</Val>
</DBL>
<DBL>
<Name></Name>
<Val>2.10411978871103E-4</Val>
</DBL>
<DBL>
<Name></Name>
<Val>3.85273266352078E-3</Val>
</DBL>
<DBL>
<Name></Name>
<Val>5.69123219911678E-2</Val>
</DBL>
<DBL>
<Name></Name>
<Val>0.84071104806755</Val>
</DBL>
<DBL>
<Name></Name>
<Val>5.36230498980396E-2</Val>
</DBL>
<DBL>
<Name></Name>
<Val>5.46763083265421E-3</Val>
</DBL>
<DBL>
<Name></Name>
<Val>3.52690146612224E-2</Val>
</DBL>
<DBL>
<Name></Name>
<Val>1.94579622743910E-3</Val>
</DBL>
<DBL>
<Name></Name>
<Val>1.68591798864020E-3</Val>
</DBL>
<DBL>
<Name></Name>
<Val>2.88799350678374E-4</Val>
</DBL>
<DBL>
<Name></Name>
<Val>2.43688319086439E-4</Val>
</DBL>
<DBL>
<Name></Name>
<Val>3.84196194618222E-3</Val>
</DBL>
<DBL>
<Name></Name>
<Val>5.67618245090000E-2</Val>
</DBL>
<DBL>
<Name></Name>
<Val>0.83852798098946</Val>
</DBL>
<DBL>
<Name></Name>
<Val>5.34923558540598E-2</Val>
</DBL>
<DBL>
<Name></Name>
<Val>5.58837861912742E-3</Val>
</DBL>
<DBL>
<Name></Name>
<Val>3.72908478897559E-2</Val>
</DBL>
<DBL>
<Name></Name>
<Val>2.07761126460057E-3</Val>
</DBL>
<DBL>
<Name></Name>
<Val>1.81230805099900E-3</Val>
</DBL>
<DBL>
<Name></Name>
<Val>3.27428892486554E-4</Val>
</DBL>
<DBL>
<Name></Name>
<Val>2.79301984330144E-4</Val>
</DBL>
<DBL>
<Name></Name>
<Val>3.83155988297842E-3</Val>
</DBL>
<DBL>
<Name></Name>
<Val>5.66130354231044E-2</Val>
</DBL>
<DBL>
<Name></Name>
<Val>0.83635535204029</Val>
</DBL>
<DBL>
<Name></Name>
<Val>5.33620679329608E-2</Val>
</DBL>
<DBL>
<Name></Name>
<Val>5.70812375026029E-3</Val>
</DBL>
<DBL>
<Name></Name>
<Val>3.92974215959623E-2</Val>
</DBL>
<DBL>
<Name></Name>
<Val>2.20872970229426E-3</Val>
</DBL>
<DBL>
<Name></Name>
<Val>1.93827963708103E-3</Val>
</DBL>
<DBL>
<Name></Name>
<Val>3.68242906779400E-4</Val>
</DBL>
<DBL>
<Name></Name>
<Val>3.17187128292440E-4</Val>
</DBL>
<DBL>
<Name></Name>
<Val>3.82138126281495E-3</Val>
</DBL>
<DBL>
<Name></Name>
<Val>5.64655232912163E-2</Val>
</DBL>
<DBL>
<Name></Name>
<Val>0.83419354755937</Val>
</DBL>
<DBL>
<Name></Name>
<Val>5.32323017795635E-2</Val>
</DBL>
<DBL>
<Name></Name>
<Val>5.82690993889437E-3</Val>
</DBL>
<DBL>
<Name></Name>
<Val>4.12890002802680E-2</Val>
</DBL>
<DBL>
<Name></Name>
<Val>2.33911782852513E-3</Val>
</DBL>
<DBL>
<Name></Name>
<Val>2.06376710176349E-3</Val>
</DBL>
<DBL>
<Name></Name>
<Val>4.11173987564801E-4</Val>
</DBL>
<DBL>
<Name></Name>
<Val>3.57276970018655E-4</Val>
</DBL>
<DBL>
<Name></Name>
<Val>3.81134736237795E-3</Val>
</DBL>
<DBL>
<Name></Name>
<Val>5.63190522588650E-2</Val>
</DBL>
<DBL>
<Name></Name>
<Val>0.83204274356805</Val>
</DBL>
<DBL>
<Name></Name>
<Val>5.31031187513307E-2</Val>
</DBL>
<DBL>
<Name></Name>
<Val>5.94476833470874E-3</Val>
</DBL>
<DBL>
<Name></Name>
<Val>4.32658296960137E-2</Val>
</DBL>
<DBL>
<Name></Name>
<Val>2.46875455192063E-3</Val>
</DBL>
<DBL>
<Name></Name>
<Val>2.18872539056242E-3</Val>
</DBL>
<DBL>
<Name></Name>
<Val>4.56155482511359E-4</Val>
</DBL>
<DBL>
<Name></Name>
<Val>3.99504603660354E-4</Val>
</DBL>
<DBL>
<Name></Name>
<Val>3.80141543062712E-3</Val>
</DBL>
<DBL>
<Name></Name>
<Val>5.61734924114266E-2</Val>
</DBL>
<DBL>
<Name></Name>
<Val>0.82990300284194</Val>
</DBL>
<DBL>
<Name></Name>
<Val>5.29745506059133E-2</Val>
</DBL>
<DBL>
<Name></Name>
<Val>6.06172254769717E-3</Val>
</DBL>
<DBL>
<Name></Name>
<Val>4.52281392503861E-2</Val>
</DBL>
<DBL>
<Name></Name>
<Val>2.59762758190834E-3</Val>
</DBL>
<DBL>
<Name></Name>
<Val>2.31312398746234E-3</Val>
</DBL>
<DBL>
<Name></Name>
<Val>5.03121781980075E-4</Val>
</DBL>
<DBL>
<Name></Name>
<Val>4.43803560661447E-4</Val>
</DBL>
<DBL>
<Name></Name>
<Val>3.79156218204707E-3</Val>
</DBL>
<DBL>
<Name></Name>
<Val>5.60287712225322E-2</Val>
</DBL>
<DBL>
<Name></Name>
<Val>0.82777432732898</Val>
</DBL>
<DBL>
<Name></Name>
<Val>5.28466129811121E-2</Val>
</DBL>
<DBL>
<Name></Name>
<Val>6.17779158479994E-3</Val>
</DBL>
<DBL>
<Name></Name>
<Val>4.71761446506080E-2</Val>
</DBL>
<DBL>
<Name></Name>
<Val>2.72573074249512E-3</Val>
</DBL>
<DBL>
<Name></Name>
<Val>2.43694260465966E-3</Val>
</DBL>
<DBL>
<Name></Name>
<Val>5.52008508459598E-4</Val>
</DBL>
<DBL>
<Name></Name>
<Val>4.90108194306130E-4</Val>
</DBL>
<DBL>
<Name></Name>
<Val>3.78177486621599E-3</Val>
</DBL>
<DBL>
<Name></Name>
<Val>5.58848472625259E-2</Val>
</DBL>
<DBL>
<Name></Name>
<Val>0.82565668645540</Val>
</DBL>
<DBL>
<Name></Name>
<Val>5.27193127457806E-2</Val>
</DBL>
<DBL>
<Name></Name>
<Val>6.29299157772555E-3</Val>
</DBL>
<DBL>
<Name></Name>
<Val>4.91100503012124E-2</Val>
</DBL>
<DBL>
<Name></Name>
<Val>2.85306208823866E-3</Val>
</DBL>
<DBL>
<Name></Name>
<Val>2.56016812878516E-3</Val>
</DBL>
<DBL>
<Name></Name>
<Val>6.02752636298011E-4</Val>
</DBL>
<DBL>
<Name></Name>
<Val>5.38353937820007E-4</Val>
</DBL>
<DBL>
<Name></Name>
<Val>3.77204643568094E-3</Val>
</DBL>
<DBL>
<Name></Name>
<Val>5.57416959619641E-2</Val>
</DBL>
<DBL>
<Name></Name>
<Val>0.82355003240886</Val>
</DBL>
<DBL>
<Name></Name>
<Val>5.25926520048712E-2</Val>
</DBL>
<DBL>
<Name></Name>
<Val>6.40733680881812E-3</Val>
</DBL>
<DBL>
<Name></Name>
<Val>5.10300512921772E-2</Val>
</DBL>
<DBL>
<Name></Name>
<Val>2.97962258566986E-3</Val>
</DBL>
<DBL>
<Name></Name>
<Val>2.68279246604268E-3</Val>
</DBL>
<DBL>
<Name></Name>
<Val>6.55292562862559E-4</Val>
</DBL>
<DBL>
<Name></Name>
<Val>5.88477473059618E-4</Val>
</DBL>
<DBL>
<Name></Name>
<Val>3.76237293109516E-3</Val>
</DBL>
<DBL>
<Name></Name>
<Val>5.55993019028140E-2</Val>
</DBL>
<DBL>
<Name></Name>
<Val>0.82145430838715</Val>
</DBL>
<DBL>
<Name></Name>
<Val>5.24666302803502E-2</Val>
</DBL>
<DBL>
<Name></Name>
<Val>6.52084032725409E-3</Val>
</DBL>
<DBL>
<Name></Name>
<Val>5.29363349704623E-2</Val>
</DBL>
<DBL>
<Name></Name>
<Val>3.10541519209872E-3</Val>
</DBL>
<DBL>
<Name></Name>
<Val>2.80481102643067E-3</Val>
</DBL>
<DBL>
<Name></Name>
<Val>7.09568146006157E-4</Val>
</DBL>
<DBL>
<Name></Name>
<Val>6.40416836344000E-4</Val>
</DBL>
<DBL>
<Name></Name>
<Val>3.75275206607790E-3</Val>
</DBL>
<DBL>
<Name></Name>
<Val>5.54576546440998E-2</Val>
</DBL>
<DBL>
<Name></Name>
<Val>0.81936945304692</Val>
</DBL>
<DBL>
<Name></Name>
<Val>5.23412456985184E-2</Val>
</DBL>
<DBL>
<Name></Name>
<Val>6.63351432438037E-3</Val>
</DBL>
<DBL>
<Name></Name>
<Val>5.48290821482061E-2</Val>
</DBL>
<DBL>
<Name></Name>
<Val>3.23044421304735E-3</Val>
</DBL>
<DBL>
<Name></Name>
<Val>2.92622166013011E-3</Val>
</DBL>
<DBL>
<Name></Name>
<Val>7.65520718284557E-4</Val>
</DBL>
<DBL>
<Name></Name>
<Val>6.94111480335171E-4</Val>
</DBL>
<DBL>
<Name></Name>
<Val>3.74318246128523E-3</Val>
</DBL>
<DBL>
<Name></Name>
<Val>5.53167464612293E-2</Val>
</DBL>
<DBL>
<Name></Name>
<Val>0.81729540289981</Val>
</DBL>
<DBL>
<Name></Name>
<Val>5.22164956364301E-2</Val>
</DBL>
<DBL>
<Name></Name>
<Val>6.74537036608623E-3</Val>
</DBL>
<DBL>
<Name></Name>
<Val>5.67084680172518E-2</Val>
</DBL>
<DBL>
<Name></Name>
<Val>3.35471485469426E-3</Val>
</DBL>
<DBL>
<Name></Name>
<Val>3.04702391261942E-3</Val>
</DBL>
<DBL>
<Name></Name>
<Val>8.23093085236790E-4</Val>
</DBL>
<DBL>
<Name></Name>
<Val>7.49502305357092E-4</Val>
</DBL>
<DBL>
<Name></Name>
<Val>3.73366322981859E-3</Val>
</DBL>
<DBL>
<Name></Name>
<Val>5.51765711214575E-2</Val>
</DBL>
<DBL>
<Name></Name>
<Val>0.81523209360003</Val>
</DBL>
<DBL>
<Name></Name>
<Val>5.20923770739257E-2</Val>
</DBL>
<DBL>
<Name></Name>
<Val>6.85641953933749E-3</Val>
</DBL>
<DBL>
<Name></Name>
<Val>5.85746628365772E-2</Val>
</DBL>
<DBL>
<Name></Name>
<Val>3.47823291261687E-3</Val>
</DBL>
<DBL>
<Name></Name>
<Val>3.16721850380797E-3</Val>
</DBL>
<DBL>
<Name></Name>
<Val>8.82229512838279E-4</Val>
</DBL>
<DBL>
<Name></Name>
<Val>8.06531669594784E-4</Val>
</DBL>
<DBL>
<Name></Name>
<Val>3.72419375278262E-3</Val>
</DBL>
<DBL>
<Name></Name>
<Val>5.50371232203721E-2</Val>
</DBL>
<DBL>
<Name></Name>
<Val>0.81317946063349</Val>
</DBL>
<DBL>
<Name></Name>
<Val>5.19688867854390E-2</Val>
</DBL>
<DBL>
<Name></Name>
<Val>6.96667254649773E-3</Val>
</DBL>
<DBL>
<Name></Name>
<Val>6.04278324489604E-2</Val>
</DBL>
<DBL>
<Name></Name>
<Val>3.60100455569001E-3</Val>
</DBL>
<DBL>
<Name></Name>
<Val>3.28680696426865E-3</Val>
</DBL>
<DBL>
<Name></Name>
<Val>9.42875707689919E-4</Val>
</DBL>
<DBL>
<Name></Name>
<Val>8.65143384808439E-4</Val>
</DBL>
<DBL>
<Name></Name>
<Val>3.71477355776147E-3</Val>
</DBL>
<DBL>
<Name></Name>
<Val>5.48983978221639E-2</Val>
</DBL>
<DBL>
<Name></Name>
<Val>0.81113743968405</Val>
</DBL>
<DBL>
<Name></Name>
<Val>5.18460214445644E-2</Val>
</DBL>
<DBL>
<Name></Name>
<Val>7.07613976743630E-3</Val>
</DBL>
<DBL>
<Name></Name>
<Val>6.22681386715856E-2</Val>
</DBL>
<DBL>
<Name></Name>
<Val>3.72303617635781E-3</Val>
</DBL>
<DBL>
<Name></Name>
<Val>3.40579138144793E-3</Val>
</DBL>
<DBL>
<Name></Name>
<Val>1.00497879242363E-3</Val>
</DBL>
<DBL>
<Name></Name>
<Val>9.25282702211440E-4</Val>
</DBL>
<DBL>
<Name></Name>
<Val>3.70540225300361E-3</Val>
</DBL>
<DBL>
<Name></Name>
<Val>5.47603902644106E-2</Val>
</DBL>
<DBL>
<Name></Name>
<Val>0.80910596682556</Val>
</DBL>
<DBL>
<Name></Name>
<Val>5.17237776810943E-2</Val>
</DBL>
<DBL>
<Name></Name>
<Val>7.18483130146407E-3</Val>
</DBL>
<DBL>
<Name></Name>
<Val>6.40957395947288E-2</Val>
</DBL>
<DBL>
<Name></Name>
<Val>3.84433428716726E-3</Val>
</DBL>
<DBL>
<Name></Name>
<Val>3.52417422276097E-3</Val>
</DBL>
<DBL>
<Name></Name>
<Val>1.06848727804778E-3</Val>
</DBL>
<DBL>
<Name></Name>
<Val>9.86896291761463E-4</Val>
</DBL>
<DBL>
<Name></Name>
<Val>3.69607949176338E-3</Val>
</DBL>
<DBL>
<Name></Name>
<Val>5.46230960519645E-2</Val>
</DBL>
<DBL>
<Name></Name>
<Val>0.80708497862029</Val>
</DBL>
<DBL>
<Name></Name>
<Val>5.16021521121329E-2</Val>
</DBL>
<DBL>
<Name></Name>
<Val>7.29275699644387E-3</Val>
</DBL>
<DBL>
<Name></Name>
<Val>6.59107898139419E-2</Val>
</DBL>
<DBL>
<Name></Name>
<Val>3.96490544952447E-3</Val>
</DBL>
<DBL>
<Name></Name>
<Val>3.64195821237937E-3</Val>
</DBL>
<DBL>
<Name></Name>
<Val>1.13335103442725E-3</Val>
</DBL>
<DBL>
<Name></Name>
<Val>1.04993221713021E-3</Val>
</DBL>
<DBL>
<Name></Name>
<Val>3.68680495296873E-3</Val>
</DBL>
<DBL>
<Name></Name>
<Val>5.44865107991125E-2</Val>
</DBL>
<DBL>
<Name></Name>
<Val>0.80507441216689</Val>
</DBL>
<DBL>
<Name></Name>
<Val>5.14811413590514E-2</Val>
</DBL>
<DBL>
<Name></Name>
<Val>7.39992646962274E-3</Val>
</DBL>
<DBL>
<Name></Name>
<Val>6.77134406143366E-2</Val>
</DBL>
<DBL>
<Name></Name>
<Val>4.08475622488073E-3</Val>
</DBL>
<DBL>
<Name></Name>
<Val>3.75914624548388E-3</Val>
</DBL>
<DBL>
<Name></Name>
<Val>1.19952125972387E-3</Val>
</DBL>
<DBL>
<Name></Name>
<Val>1.11433990792761E-3</Val>
</DBL>
<DBL>
<Name></Name>
<Val>3.67757833072874E-3</Val>
</DBL>
<DBL>
<Name></Name>
<Val>5.43506301978946E-2</Val>
</DBL>
<DBL>
<Name></Name>
<Val>0.80307420512142</Val>
</DBL>
<DBL>
<Name></Name>
<Val>5.13607420566963E-2</Val>
</DBL>
<DBL>
<Name></Name>
<Val>7.50634912304068E-3</Val>
</DBL>
<DBL>
<Name></Name>
<Val>6.95038401204192E-2</Val>
</DBL>
<DBL>
<Name></Name>
<Val>4.20389314152156E-3</Val>
</DBL>
<DBL>
<Name></Name>
<Val>3.87574132864147E-3</Val>
</DBL>
<DBL>
<Name></Name>
<Val>1.26695044936624E-3</Val>
</DBL>
<DBL>
<Name></Name>
<Val>1.18007013027365E-3</Val>
</DBL>
<DBL>
<Name></Name>
<Val>3.66839932862807E-3</Val>
</DBL>
<DBL>
<Name></Name>
<Val>5.42154500006064E-2</Val>
</DBL>
<DBL>
<Name></Name>
<Val>0.80108429570397</Val>
</DBL>
<DBL>
<Name></Name>
<Val>5.12409508583474E-2</Val>
</DBL>
<DBL>
<Name></Name>
<Val>7.61203415533422E-3</Val>
</DBL>
<DBL>
<Name></Name>
<Val>7.12821334211128E-2</Val>
</DBL>
<DBL>
<Name></Name>
<Val>4.32232267220194E-3</Val>
</DBL>
<DBL>
<Name></Name>
<Val>3.99174653838913E-3</Val>
</DBL>
<DBL>
<Name></Name>
<Val>1.33559236493845E-3</Val>
</DBL>
<DBL>
<Name></Name>
<Val>1.24707495647391E-3</Val>
</DBL>
<DBL>
<Name></Name>
<Val>3.65926765661427E-3</Val>
</DBL>
<DBL>
<Name></Name>
<Val>5.40809660099970E-2</Val>
</DBL>
<DBL>
<Name></Name>
<Val>0.79910462269772</Val>
</DBL>
<DBL>
<Name></Name>
<Val>5.11217644383400E-2</Val>
</DBL>
<DBL>
<Name></Name>
<Val>7.71699057110847E-3</Val>
</DBL>
<DBL>
<Name></Name>
<Val>7.30484626768365E-2</Val>
</DBL>
<DBL>
<Name></Name>
<Val>4.44005121931421E-3</Val>
</DBL>
<DBL>
<Name></Name>
<Val>4.10716499250101E-3</Val>
</DBL>
<DBL>
<Name></Name>
<Val>1.40540200325314E-3</Val>
</DBL>
<DBL>
<Name></Name>
<Val>1.31530773431917E-3</Val>
</DBL>
<DBL>
<Name></Name>
<Val>3.65018302929003E-3</Val>
</DBL>
<DBL>
<Name></Name>
<Val>5.39471740736470E-2</Val>
</DBL>
<DBL>
<Name></Name>
<Val>0.79713512544399</Val>
</DBL>
<DBL>
<Name></Name>
<Val>5.10031794933963E-2</Val>
</DBL>
<DBL>
<Name></Name>
<Val>7.82122718864483E-3</Val>
</DBL>
<DBL>
<Name></Name>
<Val>7.48029672135070E-2</Val>
</DBL>
<DBL>
<Name></Name>
<Val>4.55708510528180E-3</Val>
</DBL>
<DBL>
<Name></Name>
<Val>4.22199983008766E-3</Val>
</DBL>
<DBL>
<Name></Name>
<Val>1.47633556578715E-3</Val>
</DBL>
<DBL>
<Name></Name>
<Val>1.38472305636584E-3</Val>
</DBL>
<DBL>
<Name></Name>
<Val>3.64114516496689E-3</Val>
</DBL>
<DBL>
<Name></Name>
<Val>5.38140700806221E-2</Val>
</DBL>
<DBL>
<Name></Name>
<Val>0.79517574383536</Val>
</DBL>
<DBL>
<Name></Name>
<Val>5.08851927432429E-2</Val>
</DBL>
<DBL>
<Name></Name>
<Val>7.92475264645187E-3</Val>
</DBL>
<DBL>
<Name></Name>
<Val>7.65457836069083E-2</Val>
</DBL>
<DBL>
<Name></Name>
<Val>4.67343056657260E-3</Val>
</DBL>
<DBL>
<Name></Name>
<Val>4.33625419784361E-3</Val>
</DBL>
<DBL>
<Name></Name>
<Val>1.54835042859840E-3</Val>
</DBL>
<DBL>
<Name></Name>
<Val>1.45527672943912E-3</Val>
</DBL>
<DBL>
<Name></Name>
<Val>3.63215378513225E-3</Val>
</DBL>
<DBL>
<Name></Name>
<Val>5.36816499593687E-2</Val>
</DBL>
<DBL>
<Name></Name>
<Val>0.79322641830770</Val>
</DBL>
<DBL>
<Name></Name>
<Val>5.07678009308317E-2</Val>
</DBL>
<DBL>
<Name></Name>
<Val>8.02757540899816E-3</Val>
</DBL>
<DBL>
<Name></Name>
<Val>7.82770457598606E-2</Val>
</DBL>
<DBL>
<Name></Name>
<Val>4.78909375021447E-3</Val>
</DBL>
<DBL>
<Name></Name>
<Val>4.44993124057358E-3</Val>
</DBL>
<DBL>
<Name></Name>
<Val>1.62140511280039E-3</Val>
</DBL>
<DBL>
<Name></Name>
<Val>1.52692574452194E-3</Val>
</DBL>
<DBL>
<Name></Name>
<Val>3.62320861414070E-3</Val>
</DBL>
<DBL>
<Name></Name>
<Val>5.35499096762905E-2</Val>
</DBL>
<DBL>
<Name></Name>
<Val>0.79128708983196</Val>
</DBL>
<DBL>
<Name></Name>
<Val>5.06510008223393E-2</Val>
</DBL>
<DBL>
<Name></Name>
<Val>8.12970377185575E-3</Val>
</DBL>
<DBL>
<Name></Name>
<Val>7.99968849739048E-2</Val>
</DBL>
<DBL>
<Name></Name>
<Val>4.90408071203534E-3</Val>
</DBL>
<DBL>
<Name></Name>
<Val>4.56303409469518E-3</Val>
</DBL>
<DBL>
<Name></Name>
<Val>1.69545925564222E-3</Val>
</DBL>
<DBL>
<Name></Name>
<Val>1.59962824713690E-3</Val>
</DBL>
<DBL>
<Name></Name>
<Val>3.61430937902752E-3</Val>
</DBL>
<DBL>
<Name></Name>
<Val>5.34188452347026E-2</Val>
</DBL>
<DBL>
<Name></Name>
<Val>0.78935769990569</Val>
</DBL>
<DBL>
<Name></Name>
<Val>5.05347892070432E-2</Val>
</DBL>
<DBL>
<Name></Name>
<Val>8.23114586640966E-3</Val>
</DBL>
<DBL>
<Name></Name>
<Val>8.17054300167143E-2</Val>
</DBL>
<DBL>
<Name></Name>
<Val>5.01839741608707E-3</Val>
</DBL>
<DBL>
<Name></Name>
<Val>4.67556588381141E-3</Val>
</DBL>
<DBL>
<Name></Name>
<Val>1.77047358222160E-3</Val>
</DBL>
<DBL>
<Name></Name>
<Val>1.67334350829053E-3</Val>
</DBL>
<DBL>
<Name></Name>
<Val>3.60545580938898E-3</Val>
</DBL>
<DBL>
<Name></Name>
<Val>5.32884526739965E-2</Val>
</DBL>
<DBL>
<Name></Name>
<Val>0.78743819054469</Val>
</DBL>
<DBL>
<Name></Name>
<Val>5.04191628971301E-2</Val>
</DBL>
<DBL>
<Name></Name>
<Val>8.33190966423983E-3</Val>
</DBL>
<DBL>
<Name></Name>
<Val>8.34028071860942E-2</Val>
</DBL>
<DBL>
<Name></Name>
<Val>5.13204973487723E-3</Val>
</DBL>
<DBL>
<Name></Name>
<Val>4.78752971572191E-3</Val>
</DBL>
<DBL>
<Name></Name>
<Val>1.84640987784508E-3</Val>
</DBL>
<DBL>
<Name></Name>
<Val>1.74803189602247E-3</Val>
</DBL>
<DBL>
<Name></Name>
<Val>3.59664763729911E-3</Val>
</DBL>
<DBL>
<Name></Name>
<Val>5.31587280689275E-2</Val>
</DBL>
<DBL>
<Name></Name>
<Val>0.78552850427468</Val>
</DBL>
<DBL>
<Name></Name>
<Val>5.03041187274665E-2</Val>
</DBL>
<DBL>
<Name></Name>
<Val>8.43200298124912E-3</Val>
</DBL>
<DBL>
<Name></Name>
<Val>8.50891403711782E-2</Val>
</DBL>
<DBL>
<Name></Name>
<Val>5.24504345014741E-3</Val>
</DBL>
<DBL>
<Name></Name>
<Val>4.89892868043347E-3</Val>
</DBL>
<DBL>
<Name></Name>
<Val>1.92323096103967E-3</Val>
</DBL>
<DBL>
<Name></Name>
<Val>1.82365484758372E-3</Val>
</DBL>
<DBL>
<Name></Name>
<Val>3.58788459724698E-3</Val>
</DBL>
<DBL>
<Name></Name>
<Val>5.30296675289730E-2</Val>
</DBL>
<DBL>
<Name></Name>
<Val>0.78362858412323</Val>
</DBL>
<DBL>
<Name></Name>
<Val>5.01896535553495E-2</Val>
</DBL>
<DBL>
<Name></Name>
<Val>8.53143348158846E-3</Val>
</DBL>
<DBL>
<Name></Name>
<Val>8.67645511112580E-2</Val>
</DBL>
<DBL>
<Name></Name>
<Val>5.35738425401669E-3</Val>
</DBL>
<DBL>
<Name></Name>
<Val>5.00976584886417E-3</Val>
</DBL>
<DBL>
<Name></Name>
<Val>2.00090065721418E-3</Val>
</DBL>
<DBL>
<Name></Name>
<Val>1.90017484225575E-3</Val>
</DBL>
<DBL>
<Name></Name>
<Val>3.57916642608531E-3</Val>
</DBL>
<DBL>
<Name></Name>
<Val>5.29012671977368E-2</Val>
</DBL>
<DBL>
<Name></Name>
<Val>0.78173837361178</Val>
</DBL>
<DBL>
<Name></Name>
<Val>5.00757642602486E-2</Val>
</DBL>
<DBL>
<Name></Name>
<Val>8.63020868141509E-3</Val>
</DBL>
<DBL>
<Name></Name>
<Val>8.84291586525636E-2</Val>
</DBL>
<DBL>
<Name></Name>
<Val>5.46907775036457E-3</Val>
</DBL>
<DBL>
<Name></Name>
<Val>5.12004427202840E-3</Val>
</DBL>
<DBL>
<Name></Name>
<Val>2.07938377296371E-3</Val>
</DBL>
<DBL>
<Name></Name>
<Val>1.97755537481341E-3</Val>
</DBL>
<DBL>
<Name></Name>
<Val>3.57049286298572E-3</Val>
</DBL>
<DBL>
<Name></Name>
<Val>5.27735232523840E-2</Val>
</DBL>
<DBL>
<Name></Name>
<Val>0.77985781674780</Val>
</DBL>
<DBL>
<Name></Name>
<Val>4.99624477435431E-2</Val>
</DBL>
<DBL>
<Name></Name>
<Val>8.72833595250923E-3</Val>
</DBL>
<DBL>
<Name></Name>
<Val>9.00830800032192E-2</Val>
</DBL>
<DBL>
<Name></Name>
<Val>5.58012945636582E-3</Val>
</DBL>
<DBL>
<Name></Name>
<Val>5.22976698055463E-3</Val>
</DBL>
<DBL>
<Name></Name>
<Val>2.15864607100828E-3</Val>
</DBL>
<DBL>
<Name></Name>
<Val>2.05576092962859E-3</Val>
</DBL>
<DBL>
<Name></Name>
<Val>3.56186364939802E-3</Val>
</DBL>
<DBL>
<Name></Name>
<Val>5.26464319030968E-2</Val>
</DBL>
<DBL>
<Name></Name>
<Val>0.77798685801722</Val>
</DBL>
<DBL>
<Name></Name>
<Val>4.98497009282602E-2</Val>
</DBL>
<DBL>
<Name></Name>
<Val>8.82582252576758E-3</Val>
</DBL>
<DBL>
<Name></Name>
<Val>9.17264299865501E-2</Val>
</DBL>
<DBL>
<Name></Name>
<Val>5.69054480411728E-3</Val>
</DBL>
<DBL>
<Name></Name>
<Val>5.33893698443314E-3</Val>
</DBL>
<DBL>
<Name></Name>
<Val>2.23865424575432E-3</Val>
</DBL>
<DBL>
<Name></Name>
<Val>2.13475695540793E-3</Val>
</DBL>
<DBL>
<Name></Name>
<Val>3.55327852901200E-3</Val>
</DBL>
<DBL>
<Name></Name>
<Val>5.25199893925485E-2</Val>
</DBL>
<DBL>
<Name></Name>
<Val>0.77612544237692</Val>
</DBL>
<DBL>
<Name></Name>
<Val>4.97375207588144E-2</Val>
</DBL>
<DBL>
<Name></Name>
<Val>8.92267549458672E-3</Val>
</DBL>
<DBL>
<Name></Name>
<Val>9.33593212928631E-2</Val>
</DBL>
<DBL>
<Name></Name>
<Val>5.80032914231477E-3</Val>
</DBL>
<DBL>
<Name></Name>
<Val>5.44755727292199E-3</Val>
</DBL>
<DBL>
<Name></Name>
<Val>2.31937589946678E-3</Val>
</DBL>
<DBL>
<Name></Name>
<Val>2.21450984055480E-3</Val>
</DBL>
<DBL>
<Name></Name>
<Val>3.54473724772101E-3</Val>
</DBL>
<DBL>
<Name></Name>
<Val>5.23941919953920E-2</Val>
</DBL>
<DBL>
<Name></Name>
<Val>0.77427351524749</Val>
</DBL>
<DBL>
<Name></Name>
<Val>4.96259042007500E-2</Val>
</DBL>
<DBL>
<Name></Name>
<Val>9.01890181814623E-3</Val>
</DBL>
<DBL>
<Name></Name>
<Val>9.49818645298028E-2</Val>
</DBL>
<DBL>
<Name></Name>
<Val>5.90948773795150E-3</Val>
</DBL>
<DBL>
<Name></Name>
<Val>5.55563081456135E-3</Val>
</DBL>
<DBL>
<Name></Name>
<Val>2.40077951903871E-3</Val>
</DBL>
<DBL>
<Name></Name>
<Val>2.29498688914452E-3</Val>
</DBL>
<DBL>
<Name></Name>
<Val>3.53623955358679E-3</Val>
</DBL>
<DBL>
<Name></Name>
<Val>5.22690360177614E-2</Val>
</DBL>
<DBL>
<Name></Name>
<Val>0.77243102250608</Val>
</DBL>
<DBL>
<Name></Name>
<Val>4.95148482404871E-2</Val>
</DBL>
<DBL>
<Name></Name>
<Val>9.11450832459914E-3</Val>
</DBL>
<DBL>
<Name></Name>
<Val>9.65941682713597E-2</Val>
</DBL>
<DBL>
<Name></Name>
<Val>6.01802577801852E-3</Val>
</DBL>
<DBL>
<Name></Name>
<Val>5.66316055726188E-3</Val>
</DBL>
<DBL>
<Name></Name>
<Val>2.48283445334501E-3</Val>
</DBL>
<DBL>
<Name></Name>
<Val>2.37615629750026E-3</Val>
</DBL>
<DBL>
<Name></Name>
<Val>3.52778519680538E-3</Val>
</DBL>
<DBL>
<Name></Name>
<Val>5.21445177967850E-2</Val>
</DBL>
<DBL>
<Name></Name>
<Val>0.77059791047941</Val>
</DBL>
<DBL>
<Name></Name>
<Val>4.94043498850724E-2</Val>
</DBL>
<DBL>
<Name></Name>
<Val>9.20950171417509E-3</Val>
</DBL>
<DBL>
<Name></Name>
<Val>9.81963391055934E-2</Val>
</DBL>
<DBL>
<Name></Name>
<Val>6.12594837119377E-3</Val>
</DBL>
<DBL>
<Name></Name>
<Val>5.77014942844273E-3</Val>
</DBL>
<DBL>
<Name></Name>
<Val>2.56551089116663E-3</Val>
</DBL>
<DBL>
<Name></Name>
<Val>2.45798713135674E-3</Val>
</DBL>
<DBL>
<Name></Name>
<Val>3.51937392967399E-3</Val>
</DBL>
<DBL>
<Name></Name>
<Val>5.20206337001102E-2</Val>
</DBL>
<DBL>
<Name></Name>
<Val>0.76877412593698</Val>
</DBL>
<DBL>
<Name></Name>
<Val>4.92944061619339E-2</Val>
</DBL>
<DBL>
<Name></Name>
<Val>9.30388856220109E-3</Val>
</DBL>
<DBL>
<Name></Name>
<Val>9.97884816811239E-2</Val>
</DBL>
<DBL>
<Name></Name>
<Val>6.23326054951098E-3</Val>
</DBL>
<DBL>
<Name></Name>
<Val>5.87660033520279E-3</Val>
</DBL>
<DBL>
<Name></Name>
<Val>2.64877983967165E-3</Val>
</DBL>
<DBL>
<Name></Name>
<Val>2.54044930359836E-3</Val>
</DBL>
<DBL>
<Name></Name>
<Val>3.51100550655862E-3</Val>
</DBL>
<DBL>
<Name></Name>
<Val>5.18973801254390E-2</Val>
</DBL>
<DBL>
<Name></Name>
<Val>0.76695961608437</Val>
</DBL>
<DBL>
<Name></Name>
<Val>4.91850141186397E-2</Val>
</DBL>
<DBL>
<Name></Name>
<Val>9.39767532204326E-3</Val>
</DBL>
<DBL>
<Name></Name>
<Val>0.10137069875244</Val>
</DBL>
<DBL>
<Name></Name>
<Val>6.33996727000224E-3</Val>
</DBL>
<DBL>
<Name></Name>
<Val>5.98251616451344E-3</Val>
</DBL>
<DBL>
<Name></Name>
<Val>2.73261310343973E-3</Val>
</DBL>
<DBL>
<Name></Name>
<Val>2.62351355255834E-3</Val>
</DBL>
<DBL>
<Name></Name>
<Val>3.50267968386243E-3</Val>
</DBL>
<DBL>
<Name></Name>
<Val>5.17747535000739E-2</Val>
</DBL>
<DBL>
<Name></Name>
<Val>0.76515432855678</Val>
</DBL>
<DBL>
<Name></Name>
<Val>4.90761708226620E-2</Val>
</DBL>
<DBL>
<Name></Name>
<Val>9.49086832797293E-3</Val>
</DBL>
<DBL>
<Name></Name>
<Val>0.10294309122403</Val>
</DBL>
<DBL>
<Name></Name>
<Val>6.44607341631073E-3</Val>
</DBL>
<DBL>
<Name></Name>
<Val>6.08789978342484E-3</Val>
</DBL>
<DBL>
<Name></Name>
<Val>2.81698326401662E-3</Val>
</DBL>
<DBL>
<Name></Name>
<Val>2.70715142086540E-3</Val>
</DBL>
<DBL>
<Name></Name>
<Val>3.49439621999493E-3</Val>
</DBL>
<DBL>
<Name></Name>
<Val>5.16527502804735E-2</Val>
</DBL>
<DBL>
<Name></Name>
<Val>0.76335821141258</Val>
</DBL>
<DBL>
<Name></Name>
<Val>4.89678733611450E-2</Val>
</DBL>
<DBL>
<Name></Name>
<Val>9.58347379795968E-3</Val>
</DBL>
<DBL>
<Name></Name>
<Val>0.10450575819349</Val>
</DBL>
<DBL>
<Name></Name>
<Val>6.55158380027109E-3</Val>
</DBL>
<DBL>
<Name></Name>
<Val>6.19275403928022E-3</Val>
</DBL>
<DBL>
<Name></Name>
<Val>2.90186365998559E-3</Val>
</DBL>
<DBL>
<Name></Name>
<Val>2.79133523482470E-3</Val>
</DBL>
<DBL>
<Name></Name>
<Val>3.48615487534174E-3</Val>
</DBL>
<DBL>
<Name></Name>
<Val>5.15313669518189E-2</Val>
</DBL>
<DBL>
<Name></Name>
<Val>0.76157121312711</Val>
</DBL>
<DBL>
<Name></Name>
<Val>4.88601188406772E-2</Val>
</DBL>
<DBL>
<Name></Name>
<Val>9.67549783639368E-3</Val>
</DBL>
<DBL>
<Name></Name>
<Val>0.10605879699341</Val>
</DBL>
<DBL>
<Name></Name>
<Val>6.65650316345608E-3</Val>
</DBL>
<DBL>
<Name></Name>
<Val>6.29708175993426E-3</Val>
</DBL>
<DBL>
<Name></Name>
<Val>2.98722836754288E-3</Val>
</DBL>
<DBL>
<Name></Name>
<Val>2.87603808431984E-3</Val>
</DBL>
<DBL>
<Name></Name>
<Val>3.47795541223513E-3</Val>
</DBL>
<DBL>
<Name></Name>
<Val>5.14106000275880E-2</Val>
</DBL>
<DBL>
<Name></Name>
<Val>0.75979328258658</Val>
</DBL>
<DBL>
<Name></Name>
<Val>4.87529043870687E-2</Val>
</DBL>
<DBL>
<Name></Name>
<Val>9.76694643673954E-3</Val>
</DBL>
<DBL>
<Name></Name>
<Val>0.10760230323235</Val>
</DBL>
<DBL>
<Name></Name>
<Val>6.76083617868889E-3</Val>
</DBL>
<DBL>
<Name></Name>
<Val>6.40088575397306E-3</Val>
</DBL>
<DBL>
<Name></Name>
<Val>3.07305218156469E-3</Val>
</DBL>
<DBL>
<Name></Name>
<Val>2.96123380322320E-3</Val>
</DBL>
<DBL>
<Name></Name>
<Val>3.46979759492511E-3</Val>
</DBL>
<DBL>
<Name></Name>
<Val>5.12904460491410E-2</Val>
</DBL>
<DBL>
<Name></Name>
<Val>0.75802436908207</Val>
</DBL>
<DBL>
<Name></Name>
<Val>4.86462271451314E-2</Val>
</DBL>
<DBL>
<Name></Name>
<Val>9.85782548412371E-3</Val>
</DBL>
<DBL>
<Name></Name>
<Val>0.10913637083470</Val>
</DBL>
<DBL>
<Name></Name>
<Val>6.86458745152103E-3</Val>
</DBL>
<DBL>
<Name></Name>
<Val>6.50416881093384E-3</Val>
</DBL>
<DBL>
<Name></Name>
<Val>3.15931059715321E-3</Val>
</DBL>
<DBL>
<Name></Name>
<Val>3.04689695030158E-3</Val>
</DBL>
<DBL>
<Name></Name>
<Val>3.46168118955125E-3</Val>
</DBL>
<DBL>
<Name></Name>
<Val>5.11709015853131E-2</Val>
</DBL>
<DBL>
<Name></Name>
<Val>0.75626442230373</Val>
</DBL>
<DBL>
<Name></Name>
<Val>4.85400842784653E-2</Val>
</DBL>
<DBL>
<Name></Name>
<Val>9.94814075785708E-3</Val>
</DBL>
<DBL>
<Name></Name>
<Val>0.11066109207964</Val>
</DBL>
<DBL>
<Name></Name>
<Val>6.96776152167572E-3</Val>
</DBL>
<DBL>
<Name></Name>
<Val>6.60693370152316E-3</Val>
</DBL>
<DBL>
<Name></Name>
<Val>3.24597979164986E-3</Val>
</DBL>
<DBL>
<Name></Name>
<Val>3.13300279060525E-3</Val>
</DBL>
<DBL>
<Name></Name>
<Val>3.45360596411503E-3</Val>
</DBL>
<DBL>
<Name></Name>
<Val>5.10519632320171E-2</Val>
</DBL>
<DBL>
<Name></Name>
<Val>0.75451339233501</Val>
</DBL>
<DBL>
<Name></Name>
<Val>4.84344729692465E-2</Val>
</DBL>
<DBL>
<Name></Name>
<Val>1.00378979338948E-2</Val>
</DBL>
<DBL>
<Name></Name>
<Val>0.11217655763900</Val>
</DBL>
<DBL>
<Name></Name>
<Val>7.07036286445729E-3</Val>
</DBL>
<DBL>
<Name></Name>
<Val>6.70918317783273E-3</Val>
</DBL>
<DBL>
<Name></Name>
<Val>3.33303660710381E-3</Val>
</DBL>
<DBL>
<Name></Name>
<Val>3.21952727732780E-3</Val>
</DBL>
<DBL>
<Name></Name>
<Val>3.44557168845283E-3</Val>
</DBL>
<DBL>
<Name></Name>
<Val>5.09336276118544E-2</Val>
</DBL>
<DBL>
<Name></Name>
<Val>0.75277122964713</Val>
</DBL>
<DBL>
<Name></Name>
<Val>4.83293904180217E-2</Val>
</DBL>
<DBL>
<Name></Name>
<Val>1.01271025872349E-2</Val>
</DBL>
<DBL>
<Name></Name>
<Val>0.11368285661432</Val>
</DBL>
<DBL>
<Name></Name>
<Val>7.17239589212710E-3</Val>
</DBL>
<DBL>
<Name></Name>
<Val>6.81091997355262E-3</Val>
</DBL>
<DBL>
<Name></Name>
<Val>3.42045853318444E-3</Val>
</DBL>
<DBL>
<Name></Name>
<Val>3.30644703412536E-3</Val>
</DBL>
<DBL>
<Name></Name>
<Val>3.43757813420951E-3</Val>
</DBL>
<DBL>
<Name></Name>
<Val>5.08158913737340E-2</Val>
</DBL>
<DBL>
<Name></Name>
<Val>0.75103788509356</Val>
</DBL>
<DBL>
<Name></Name>
<Val>4.82248338435047E-2</Val>
</DBL>
<DBL>
<Name></Name>
<Val>1.02157601942572E-2</Val>
</DBL>
<DBL>
<Name></Name>
<Val>0.11518007657291</Val>
</DBL>
<DBL>
<Name></Name>
<Val>7.27386495524646E-3</Val>
</DBL>
<DBL>
<Name></Name>
<Val>6.91214680418100E-3</Val>
</DBL>
<DBL>
<Name></Name>
<Val>3.50822369052644E-3</Val>
</DBL>
<DBL>
<Name></Name>
<Val>3.39373933788332E-3</Val>
</DBL>
<DBL>
<Name></Name>
<Val>3.42962507481253E-3</Val>
</DBL>
<DBL>
<Name></Name>
<Val>5.06987511925004E-2</Val>
</DBL>
<DBL>
<Name></Name>
<Val>0.74931330990465</Val>
</DBL>
<DBL>
<Name></Name>
<Val>4.81208004823775E-2</Val>
</DBL>
<DBL>
<Name></Name>
<Val>1.03038761350039E-2</Val>
</DBL>
<DBL>
<Name></Name>
<Val>0.11666830358303</Val>
</DBL>
<DBL>
<Name></Name>
<Val>7.37477434398728E-3</Val>
</DBL>
<DBL>
<Name></Name>
<Val>7.01286636723069E-3</Val>
</DBL>
<DBL>
<Name></Name>
<Val>3.59631081449675E-3</Val>
</DBL>
<DBL>
<Name></Name>
<Val>3.48138210191952E-3</Val>
</DBL>
<DBL>
<Name></Name>
<Val>3.42171228544665E-3</Val>
</DBL>
<DBL>
<Name></Name>
<Val>5.05822037685683E-2</Val>
</DBL>
<DBL>
<Name></Name>
<Val>0.74759745568244</Val>
</DBL>
<DBL>
<Name></Name>
<Val>4.80172875890952E-2</Val>
</DBL>
<DBL>
<Name></Name>
<Val>1.03914556954041E-2</Val>
</DBL>
<DBL>
<Name></Name>
<Val>0.11814762224822</Val>
</DBL>
<DBL>
<Name></Name>
<Val>7.47512828941118E-3</Val>
</DBL>
<DBL>
<Name></Name>
<Val>7.11308134243213E-3</Val>
</DBL>
<DBL>
<Name></Name>
<Val>3.68469923937264E-3</Val>
</DBL>
<DBL>
<Name></Name>
<Val>3.56935385961272E-3</Val>
</DBL>
<DBL>
<Name></Name>
<Val>3.41383954302920E-3</Val>
</DBL>
<DBL>
<Name></Name>
<Val>5.04662458275664E-2</Val>
</DBL>
<DBL>
<Name></Name>
<Val>0.74589027439550</Val>
</DBL>
<DBL>
<Name></Name>
<Val>4.79142924356943E-2</Val>
</DBL>
<DBL>
<Name></Name>
<Val>1.04785040694430E-2</Val>
</DBL>
<DBL>
<Name></Name>
<Val>0.11961811574075</Val>
</DBL>
<DBL>
<Name></Name>
<Val>7.57493096471766E-3</Val>
</DBL>
<DBL>
<Name></Name>
<Val>7.21279439193276E-3</Val>
</DBL>
<DBL>
<Name></Name>
<Val>3.77336888292051E-3</Val>
</DBL>
<DBL>
<Name></Name>
<Val>3.65763374844577E-3</Val>
</DBL>
<DBL>
<Name></Name>
<Val>3.40600662618574E-3</Val>
</DBL>
<DBL>
<Name></Name>
<Val>5.03508741199876E-2</Val>
</DBL>
<DBL>
<Name></Name>
<Val>0.74419171837390</Val>
</DBL>
<DBL>
<Name></Name>
<Val>4.78118123116048E-2</Val>
</DBL>
<DBL>
<Name></Name>
<Val>1.05650263612769E-2</Val>
</DBL>
<DBL>
<Name></Name>
<Val>0.12107986583428</Val>
</DBL>
<DBL>
<Name></Name>
<Val>7.67418648646214E-3</Val>
</DBL>
<DBL>
<Name></Name>
<Val>7.31200816049283E-3</Val>
</DBL>
<DBL>
<Name></Name>
<Val>3.86230023136544E-3</Val>
</DBL>
<DBL>
<Name></Name>
<Val>3.74620149445287E-3</Val>
</DBL>
<DBL>
<Name></Name>
<Val>3.39821331522647E-3</Val>
</DBL>
<DBL>
<Name></Name>
<Val>5.02360854208476E-2</Val>
</DBL>
<DBL>
<Name></Name>
<Val>0.74250174030430</Val>
</DBL>
<DBL>
<Name></Name>
<Val>4.77098445234652E-2</Val>
</DBL>
<DBL>
<Name></Name>
<Val>1.06510275872961E-2</Val>
</DBL>
<DBL>
<Name></Name>
<Val>0.12253295293565</Val>
</DBL>
<DBL>
<Name></Name>
<Val>7.77289891574457E-3</Val>
</DBL>
<DBL>
<Name></Name>
<Val>7.41072527567768E-3</Val>
</DBL>
<DBL>
<Name></Name>
<Val>3.95147432474143E-3</Val>
</DBL>
<DBL>
<Name></Name>
<Val>3.83503739706093E-3</Val>
</DBL>
<DBL>
<Name></Name>
<Val>3.39045939212291E-3</Val>
</DBL>
<DBL>
<Name></Name>
<Val>5.01218765293500E-2</Val>
</DBL>
<DBL>
<Name></Name>
<Val>0.74082029322513</Val>
</DBL>
<DBL>
<Name></Name>
<Val>4.76083863949419E-2</Val>
</DBL>
<DBL>
<Name></Name>
<Val>1.07365126781374E-2</Val>
</DBL>
<DBL>
<Name></Name>
<Val>0.12397745611598</Val>
</DBL>
<DBL>
<Name></Name>
<Val>7.87107225936922E-3</Val>
</DBL>
<DBL>
<Name></Name>
<Val>7.50894834804642E-3</Val>
</DBL>
<DBL>
<Name></Name>
<Val>4.04087274261290E-3</Val>
</DBL>
<DBL>
<Name></Name>
<Val>3.92412231431481E-3</Val>
</DBL>
<DBL>
<Name></Name>
<Val>3.38274464048520E-3</Val>
</DBL>
<DBL>
<Name></Name>
<Val>5.00082442685586E-2</Val>
</DBL>
<DBL>
<Name></Name>
<Val>0.73914733052189</Val>
</DBL>
<DBL>
<Name></Name>
<Val>4.75074352665512E-2</Val>
</DBL>
<DBL>
<Name></Name>
<Val>1.08214864806453E-2</Val>
</DBL>
<DBL>
<Name></Name>
<Val>0.12541345314093</Val>
</DBL>
<DBL>
<Name></Name>
<Val>7.96871047097652E-3</Val>
</DBL>
<DBL>
<Name></Name>
<Val>7.60667997133722E-3</Val>
</DBL>
<DBL>
<Name></Name>
<Val>4.13047759015793E-3</Val>
</DBL>
<DBL>
<Name></Name>
<Val>4.01343764847700E-3</Val>
</DBL>
<DBL>
<Name></Name>
<Val>3.37506884553989E-3</Val>
</DBL>
<DBL>
<Name></Name>
<Val>4.98951854850770E-2</Val>
</DBL>
<DBL>
<Name></Name>
<Val>0.73748280592253</Val>
</DBL>
<DBL>
<Name></Name>
<Val>4.74069884954841E-2</Val>
</DBL>
<DBL>
<Name></Name>
<Val>1.09059537597865E-2</Val>
</DBL>
<DBL>
<Name></Name>
<Val>0.12684102050020</Val>
</DBL>
<DBL>
<Name></Name>
<Val>8.06581745214748E-3</Val>
</DBL>
<DBL>
<Name></Name>
<Val>7.70392272264911E-3</Val>
</DBL>
<DBL>
<Name></Name>
<Val>4.22027148460424E-3</Val>
</DBL>
<DBL>
<Name></Name>
<Val>4.10296533199218E-3</Val>
</DBL>
<DBL>
<Name></Name>
<Val>3.36743179410807E-3</Val>
</DBL>
<DBL>
<Name></Name>
<Val>4.97826970487341E-2</Val>
</DBL>
<DBL>
<Name></Name>
<Val>0.73582667349292</Val>
</DBL>
<DBL>
<Name></Name>
<Val>4.73070434554360E-2</Val>
</DBL>
<DBL>
<Name></Name>
<Val>1.09899192005154E-2</Val>
</DBL>
<DBL>
<Name></Name>
<Val>0.12826023343637</Val>
</DBL>
<DBL>
<Name></Name>
<Val>8.16239705348151E-3</Val>
</DBL>
<DBL>
<Name></Name>
<Val>7.80067916262044E-3</Val>
</DBL>
<DBL>
<Name></Name>
<Val>4.31023754200889E-3</Val>
</DBL>
<DBL>
<Name></Name>
<Val>4.19268781380734E-3</Val>
</DBL>
<DBL>
<Name></Name>
<Val>3.35983327458414E-3</Val>
</DBL>
<DBL>
<Name></Name>
<Val>4.96707758522770E-2</Val>
</DBL>
<DBL>
<Name></Name>
<Val>0.73417888763244</Val>
</DBL>
<DBL>
<Name></Name>
<Val>4.72075975364371E-2</Val>
</DBL>
<DBL>
<Name></Name>
<Val>1.10733874095949E-2</Val>
</DBL>
<DBL>
<Name></Name>
<Val>0.12967116597301</Val>
</DBL>
<DBL>
<Name></Name>
<Val>8.25845307564813E-3</Val>
</DBL>
<DBL>
<Name></Name>
<Val>7.89695183560411E-3</Val>
</DBL>
<DBL>
<Name></Name>
<Val>4.40035936437304E-3</Val>
</DBL>
<DBL>
<Name></Name>
<Val>4.28258804603875E-3</Val>
</DBL>
<DBL>
<Name></Name>
<Val>3.35227307691485E-3</Val>
</DBL>
<DBL>
<Name></Name>
<Val>4.95594188110696E-2</Val>
</DBL>
<DBL>
<Name></Name>
<Val>0.73253940306963</Val>
</DBL>
<DBL>
<Name></Name>
<Val>4.71086481446881E-2</Val>
</DBL>
<DBL>
<Name></Name>
<Val>1.11563629173710E-2</Val>
</DBL>
<DBL>
<Name></Name>
<Val>0.13107389094202</Val>
</DBL>
<DBL>
<Name></Name>
<Val>8.35398927041337E-3</Val>
</DBL>
<DBL>
<Name></Name>
<Val>7.99274326983949E-3</Val>
</DBL>
<DBL>
<Name></Name>
<Val>4.49062102708343E-3</Val>
</DBL>
<DBL>
<Name></Name>
<Val>4.37264947097671E-3</Val>
</DBL>
<DBL>
<Name></Name>
<Val>3.34475099257891E-3</Val>
</DBL>
<DBL>
<Name></Name>
<Val>4.94486228627981E-2</Val>
</DBL>
<DBL>
<Name></Name>
<Val>0.73090817485796</Val>
</DBL>
<DBL>
<Name></Name>
<Val>4.70101927023972E-2</Val>
</DBL>
<DBL>
<Name></Name>
<Val>1.12388501795050E-2</Val>
</DBL>
<DBL>
<Name></Name>
<Val>0.13246848001041</Val>
</DBL>
<DBL>
<Name></Name>
<Val>8.44900934164143E-3</Val>
</DBL>
<DBL>
<Name></Name>
<Val>8.08805597762132E-3</Val>
</DBL>
<DBL>
<Name></Name>
<Val>4.58100706667209E-3</Val>
</DBL>
<DBL>
<Name></Name>
<Val>4.46285600841978E-3</Val>
</DBL>
<DBL>
<Name></Name>
<Val>3.33726681456690E-3</Val>
</DBL>
<DBL>
<Name></Name>
<Val>4.93383849671815E-2</Val>
</DBL>
<DBL>
<Name></Name>
<Val>0.72928515837168</Val>
</DBL>
<DBL>
<Name></Name>
<Val>4.69122286476209E-2</Val>
</DBL>
<DBL>
<Name></Name>
<Val>1.13208535786612E-2</Val>
</DBL>
<DBL>
<Name></Name>
<Val>0.13385500370634</Val>
</DBL>
<DBL>
<Name></Name>
<Val>8.54351694627221E-3</Val>
</DBL>
<DBL>
<Name></Name>
<Val>8.18289245546537E-3</Val>
</DBL>
<DBL>
<Name></Name>
<Val>4.67150246888649E-3</Val>
</DBL>
<DBL>
<Name></Name>
<Val>4.55319204333012E-3</Val>
</DBL>
<DBL>
<Name></Name>
<Val>3.32982033736173E-3</Val>
</DBL>
<DBL>
<Name></Name>
<Val>4.92287021056895E-2</Val>
</DBL>
<DBL>
<Name></Name>
<Val>0.72767030930171</Val>
</DBL>
<DBL>
<Name></Name>
<Val>4.68147534341072E-2</Val>
</DBL>
<DBL>
<Name></Name>
<Val>1.14023774261549E-2</Val>
</DBL>
<DBL>
<Name></Name>
<Val>0.13523353144457</Val>
</DBL>
<DBL>
<Name></Name>
<Val>8.63751569527530E-3</Val>
</DBL>
<DBL>
<Name></Name>
<Val>8.27725518427124E-3</Val>
</DBL>
<DBL>
<Name></Name>
<Val>4.76209265706217E-3</Val>
</DBL>
<DBL>
<Name></Name>
<Val>4.64364241380169E-3</Val>
</DBL>
<DBL>
<Name></Name>
<Val>3.32241135691936E-3</Val>
</DBL>
<DBL>
<Name></Name>
<Val>4.91195712812649E-2</Val>
</DBL>
<DBL>
<Name></Name>
<Val>0.72606358365167</Val>
</DBL>
<DBL>
<Name></Name>
<Val>4.67177645311416E-2</Val>
</DBL>
<DBL>
<Name></Name>
<Val>1.14834259635582E-2</Val>
</DBL>
<DBL>
<Name></Name>
<Val>0.13660413155126</Val>
</DBL>
<DBL>
<Name></Name>
<Val>8.73100915458106E-3</Val>
</DBL>
<DBL>
<Name></Name>
<Val>8.37114662948215E-3</Val>
</DBL>
<DBL>
<Name></Name>
<Val>4.85276348079017E-3</Val>
</DBL>
<DBL>
<Name></Name>
<Val>4.73419239933360E-3</Val>
</DBL>
<DBL>
<Name></Name>
<Val>3.31503967065006E-3</Val>
</DBL>
<DBL>
<Name></Name>
<Val>4.90109895180522E-2</Val>
</DBL>
<DBL>
<Name></Name>
<Val>0.72446493773401</Val>
</DBL>
<DBL>
<Name></Name>
<Val>4.66212594233963E-2</Val>
</DBL>
<DBL>
<Name></Name>
<Val>1.15640033642670E-2</Val>
</DBL>
<DBL>
<Name></Name>
<Val>0.13796687128812</Val>
</DBL>
<DBL>
<Name></Name>
<Val>8.82400084598933E-3</Val>
</DBL>
<DBL>
<Name></Name>
<Val>8.46456924124186E-3</Val>
</DBL>
<DBL>
<Name></Name>
<Val>4.94350120487190E-3</Val>
</DBL>
<DBL>
<Name></Name>
<Val>4.82482770940082E-3</Val>
</DBL>
<DBL>
<Name></Name>
<Val>3.30770507739991E-3</Val>
</DBL>
<DBL>
<Name></Name>
<Val>4.89029538611321E-2</Val>
</DBL>
<DBL>
<Name></Name>
<Val>0.72287432816612</Val>
</DBL>
<DBL>
<Name></Name>
<Val>4.65252356107809E-2</Val>
</DBL>
<DBL>
<Name></Name>
<Val>1.16441137350296E-2</Val>
</DBL>
<DBL>
<Name></Name>
<Val>0.13932181687607</Val>
</DBL>
<DBL>
<Name></Name>
<Val>8.91649424805633E-3</Val>
</DBL>
<DBL>
<Name></Name>
<Val>8.55752545454884E-3</Val>
</DBL>
<DBL>
<Name></Name>
<Val>5.03429249855414E-3</Val>
</DBL>
<DBL>
<Name></Name>
<Val>4.91553447231469E-3</Val>
</DBL>
<DBL>
<Name></Name>
<Val>3.30040737743276E-3</Val>
</DBL>
<DBL>
<Name></Name>
<Val>4.87954613762603E-2</Val>
</DBL>
<DBL>
<Name></Name>
<Val>0.72129171186660</Val>
</DBL>
<DBL>
<Name></Name>
<Val>4.64296906082969E-2</Val>
</DBL>
<DBL>
<Name></Name>
<Val>1.17237611174368E-2</Val>
</DBL>
<DBL>
<Name></Name>
<Val>0.14066903351821</Val>
</DBL>
<DBL>
<Name></Name>
<Val>9.00849279696035E-3</Val>
</DBL>
<DBL>
<Name></Name>
<Val>8.65001768940757E-3</Val>
</DBL>
<DBL>
<Name></Name>
<Val>5.12512442503714E-3</Val>
</DBL>
<DBL>
<Name></Name>
<Val>5.00629922436596E-3</Val>
</DBL>
<DBL>
<Name></Name>
<Val>3.29314637241259E-3</Val>
</DBL>
<DBL>
<Name></Name>
<Val>4.86885091496125E-2</Val>
</DBL>
<DBL>
<Name></Name>
<Val>0.71971704605158</Val>
</DBL>
<DBL>
<Name></Name>
<Val>4.63346219458941E-2</Val>
</DBL>
<DBL>
<Name></Name>
<Val>1.18029494893764E-2</Val>
</DBL>
<DBL>
<Name></Name>
<Val>0.14200858542231</Val>
</DBL>
<DBL>
<Name></Name>
<Val>9.09999988734661E-3</Val>
</DBL>
<DBL>
<Name></Name>
<Val>8.74204835097735E-3</Val>
</DBL>
<DBL>
<Name></Name>
<Val>5.21598443124888E-3</Val>
</DBL>
<DBL>
<Name></Name>
<Val>5.09710889924333E-3</Val>
</DBL>
<DBL>
<Name></Name>
<Val>3.28592186538610E-3</Val>
</DBL>
<DBL>
<Name></Name>
<Val>4.85820942875346E-2</Val>
</DBL>
<DBL>
<Name></Name>
<Val>0.71815028823114</Val>
</DBL>
<DBL>
<Name></Name>
<Val>4.62400271683292E-2</Val>
</DBL>
<DBL>
<Name></Name>
<Val>1.18816827664511E-2</Val>
</DBL>
<DBL>
<Name></Name>
<Val>0.14334053582269</Val>
</DBL>
<DBL>
<Name></Name>
<Val>9.19101887315200E-3</Val>
</DBL>
<DBL>
<Name></Name>
<Val>8.83361982971831E-3</Val>
</DBL>
<DBL>
<Name></Name>
<Val>5.30686033787871E-3</Val>
</DBL>
<DBL>
<Name></Name>
<Val>5.18795081772024E-3</Val>
</DBL>
<DBL>
<Name></Name>
<Val>3.27873366076578E-3</Val>
</DBL>
<DBL>
<Name></Name>
<Val>4.84762139162970E-2</Val>
</DBL>
<DBL>
<Name></Name>
<Val>0.71659139620574</Val>
</DBL>
<DBL>
<Name></Name>
<Val>4.61459038350273E-2</Val>
</DBL>
<DBL>
<Name></Name>
<Val>1.19599648033622E-2</Val>
</DBL>
<DBL>
<Name></Name>
<Val>0.14466494700160</Val>
</DBL>
<DBL>
<Name></Name>
<Val>9.28155306841008E-3</Val>
</DBL>
<DBL>
<Name></Name>
<Val>8.92473450153497E-3</Val>
</DBL>
<DBL>
<Name></Name>
<Val>5.39774032966402E-3</Val>
</DBL>
<DBL>
<Name></Name>
<Val>5.27881267760347E-3</Val>
</DBL>
<DBL>
<Name></Name>
<Val>3.27158156431323E-3</Val>
</DBL>
<DBL>
<Name></Name>
<Val>4.83708651818541E-2</Val>
</DBL>
<DBL>
<Name></Name>
<Val>0.71504032806278</Val>
</DBL>
<DBL>
<Name></Name>
<Val>4.60522495199456E-2</Val>
</DBL>
<DBL>
<Name></Name>
<Val>1.20377993952585E-2</Val>
</DBL>
<DBL>
<Name></Name>
<Val>0.14598188031003</Val>
</DBL>
<DBL>
<Name></Name>
<Val>9.37160574803688E-3</Val>
</DBL>
<DBL>
<Name></Name>
<Val>9.01539472791729E-3</Val>
</DBL>
<DBL>
<Name></Name>
<Val>5.48861294592327E-3</Val>
</DBL>
<DBL>
<Name></Name>
<Val>5.36968254393675E-3</Val>
</DBL>
<DBL>
<Name></Name>
<Val>3.26446538312288E-3</Val>
</DBL>
<DBL>
<Name></Name>
<Val>4.82660452496099E-2</Val>
</DBL>
<DBL>
<Name></Name>
<Val>0.71349704217321</Val>
</DBL>
<DBL>
<Name></Name>
<Val>4.59590618114393E-2</Val>
</DBL>
<DBL>
<Name></Name>
<Val>1.21151902790533E-2</Val>
</DBL>
<DBL>
<Name></Name>
<Val>0.14729139618811</Val>
</DBL>
<DBL>
<Name></Name>
<Val>9.46118014859793E-3</Val>
</DBL>
<DBL>
<Name></Name>
<Val>9.10560285607926E-3</Val>
</DBL>
<DBL>
<Name></Name>
<Val>5.57946707132941E-3</Val>
</DBL>
<DBL>
<Name></Name>
<Val>5.46054883945287E-3</Val>
</DBL>
<DBL>
<Name></Name>
<Val>3.25738492560597E-3</Val>
</DBL>
<DBL>
<Name></Name>
<Val>4.81617513041857E-2</Val>
</DBL>
<DBL>
<Name></Name>
<Val>0.71196149718816</Val>
</DBL>
<DBL>
<Name></Name>
<Val>4.58663383121297E-2</Val>
</DBL>
<DBL>
<Name></Name>
<Val>1.21921411347077E-2</Val>
</DBL>
<DBL>
<Name></Name>
<Val>0.14859355418488</Val>
</DBL>
<DBL>
<Name></Name>
<Val>9.55027946905707E-3</Val>
</DBL>
<DBL>
<Name></Name>
<Val>9.19536121909510E-3</Val>
</DBL>
<DBL>
<Name></Name>
<Val>5.67029192691741E-3</Val>
</DBL>
<DBL>
<Name></Name>
<Val>5.55140033526827E-3</Val>
</DBL>
<DBL>
<Name></Name>
<Val>3.25034000147490E-3</Val>
</DBL>
<DBL>
<Name></Name>
<Val>4.80579805491948E-2</Val>
</DBL>
<DBL>
<Name></Name>
<Val>0.71043365203574</Val>
</DBL>
<DBL>
<Name></Name>
<Val>4.57740766387744E-2</Val>
</DBL>
<DBL>
<Name></Name>
<Val>1.22686555864835E-2</Val>
</DBL>
<DBL>
<Name></Name>
<Val>0.14988841297767</Val>
</DBL>
<DBL>
<Name></Name>
<Val>9.63890687150740E-3</Val>
</DBL>
<DBL>
<Name></Name>
<Val>9.28467213603316E-3</Val>
</DBL>
<DBL>
<Name></Name>
<Val>5.76107706132019E-3</Val>
</DBL>
<DBL>
<Name></Name>
<Val>5.64222614181371E-3</Val>
</DBL>
<DBL>
<Name></Name>
<Val>3.24333042172784E-3</Val>
</DBL>
<DBL>
<Name></Name>
<Val>4.79547302070203E-2</Val>
</DBL>
<DBL>
<Name></Name>
<Val>0.70891346591779</Val>
</DBL>
<DBL>
<Name></Name>
<Val>4.56822744221403E-2</Val>
</DBL>
<DBL>
<Name></Name>
<Val>1.23447372041650E-2</Val>
</DBL>
<DBL>
<Name></Name>
<Val>0.15117603039096</Val>
</DBL>
<DBL>
<Name></Name>
<Val>9.72706548188488E-3</Val>
</DBL>
<DBL>
<Name></Name>
<Val>9.37353791208751E-3</Val>
</DBL>
<DBL>
<Name></Name>
<Val>5.85181234222698E-3</Val>
</DBL>
<DBL>
<Name></Name>
<Val>5.73301569999523E-3</Val>
</DBL>
<DBL>
<Name></Name>
<Val>3.23635599863369E-3</Val>
</DBL>
<DBL>
<Name></Name>
<Val>4.78519975185974E-2</Val>
</DBL>
<DBL>
<Name></Name>
<Val>0.70740089830678</Val>
</DBL>
<DBL>
<Name></Name>
<Val>4.55909293068774E-2</Val>
</DBL>
<DBL>
<Name></Name>
<Val>1.24203895042508E-2</Val>
</DBL>
<DBL>
<Name></Name>
<Val>0.15245646341485</Val>
</DBL>
<DBL>
<Name></Name>
<Val>9.81475839066503E-3</Val>
</DBL>
<DBL>
<Name></Name>
<Val>9.46196083870732E-3</Val>
</DBL>
<DBL>
<Name></Name>
<Val>5.94248794805862E-3</Val>
</DBL>
<DBL>
<Name></Name>
<Val>5.82375877257952E-3</Val>
</DBL>
<DBL>
<Name></Name>
<Val>3.22941654571731E-3</Val>
</DBL>
<DBL>
<Name></Name>
<Val>4.77497797432000E-2</Val>
</DBL>
<DBL>
<Name></Name>
<Val>0.70589590894271</Val>
</DBL>
<DBL>
<Name></Name>
<Val>4.55000389513960E-2</Val>
</DBL>
<DBL>
<Name></Name>
<Val>1.24956159511164E-2</Val>
</DBL>
<DBL>
<Name></Name>
<Val>0.15372976822294</Val>
</DBL>
<DBL>
<Name></Name>
<Val>9.90198865354307E-3</Val>
</DBL>
<DBL>
<Name></Name>
<Val>9.54994319372410E-3</Val>
</DBL>
<DBL>
<Name></Name>
<Val>6.03309435985430E-3</Val>
</DBL>
<DBL>
<Name></Name>
<Val>5.91444543579799E-3</Val>
</DBL>
<DBL>
<Name></Name>
<Val>3.22251187774501E-3</Val>
</DBL>
<DBL>
<Name></Name>
<Val>4.76480741582319E-2</Val>
</DBL>
<DBL>
<Name></Name>
<Val>0.70439845783009</Val>
</DBL>
<DBL>
<Name></Name>
<Val>4.54096010277451E-2</Val>
</DBL>
<DBL>
<Name></Name>
<Val>1.25704199581487E-2</Val>
</DBL>
<DBL>
<Name></Name>
<Val>0.15499600018994</Val>
</DBL>
<DBL>
<Name></Name>
<Val>9.98875929209793E-3</Val>
</DBL>
<DBL>
<Name></Name>
<Val>9.63748724147674E-3</Val>
</DBL>
<DBL>
<Name></Name>
<Val>6.12362235336432E-3</Val>
</DBL>
<DBL>
<Name></Name>
<Val>6.00506607116413E-3</Val>
</DBL>
<DBL>
<Name></Name>
<Val>3.21564181071040E-3</Val>
</DBL>
<DBL>
<Name></Name>
<Val>4.75468780590210E-2</Val>
</DBL>
<DBL>
<Name></Name>
<Val>0.70290850523499</Val>
</DBL>
<DBL>
<Name></Name>
<Val>4.53196132214929E-2</Val>
</DBL>
<DBL>
<Name></Name>
<Val>1.26448048888525E-2</Val>
</DBL>
<DBL>
<Name></Name>
<Val>0.15625521390872</Val>
</DBL>
<DBL>
<Name></Name>
<Val>1.00750732944407E-2</Val>
</DBL>
<DBL>
<Name></Name>
<Val>9.72459523293458E-3</Val>
</DBL>
<DBL>
<Name></Name>
<Val>6.21406299134379E-3</Val>
</DBL>
<DBL>
<Name></Name>
<Val>6.09561135749867E-3</Val>
</DBL>
<DBL>
<Name></Name>
<Val>3.20880616182040E-3</Val>
</DBL>
<DBL>
<Name></Name>
<Val>4.74461887586188E-2</Val>
</DBL>
<DBL>
<Name></Name>
<Val>0.70142601168213</Val>
</DBL>
<DBL>
<Name></Name>
<Val>4.52300732316091E-2</Val>
</DBL>
<DBL>
<Name></Name>
<Val>1.27187740579298E-2</Val>
</DBL>
<DBL>
<Name></Name>
<Val>0.15750746320703</Val>
</DBL>
<DBL>
<Name></Name>
<Val>1.01609336158475E-2</Val>
</DBL>
<DBL>
<Name></Name>
<Val>9.81126940581831E-3</Val>
</DBL>
<DBL>
<Name></Name>
<Val>6.30440761604209E-3</Val>
</DBL>
<DBL>
<Name></Name>
<Val>6.18607226315728E-3</Val>
</DBL>
<DBL>
<Name></Name>
<Val>3.20200474948164E-3</Val>
</DBL>
<DBL>
<Name></Name>
<Val>4.73460035876020E-2</Val>
</DBL>
<DBL>
<Name></Name>
<Val>0.69995093795206</Val>
</DBL>
<DBL>
<Name></Name>
<Val>4.51409787703498E-2</Val>
</DBL>
<DBL>
<Name></Name>
<Val>1.27923307323334E-2</Val>
</DBL>
<DBL>
<Name></Name>
<Val>0.15875280116374</Val>
</DBL>
<DBL>
<Name></Name>
<Val>1.02463431793779E-2</Val>
</DBL>
<DBL>
<Name></Name>
<Val>9.89751198471903E-3</Val>
</DBL>
<DBL>
<Name></Name>
<Val>6.39464784188317E-3</Val>
</DBL>
<DBL>
<Name></Name>
<Val>6.27644003845582E-3</Val>
</DBL>
</Array>
<Array>
<Name>StateAdjacencyMatrix</Name>
<Dimsize>10</Dimsize>
<Dimsize>10</Dimsize>
<String>
<Name></Name>
<Val>@</Val>
</String>
<String>
<Name></Name>
<Val>B</Val>
</String>
<String>
<Name></Name>
<Val>@</Val>
</String>
<String>
<Name></Name>
<Val>@</Val>
</String>
<String>
<Name></Name>
<Val>@</Val>
</String>
<String>
<Name></Name>
<Val>@</Val>
</String>
<String>
<Name></Name>
<Val>@</Val>
</String>
<String>
<Name></Name>
<Val>@</Val>
</String>
<String>
<Name></Name>
<Val>@</Val>
</String>
<String>
<Name></Name>
<Val>@</Val>
</String>
<String>
<Name></Name>
<Val>A</Val>
</String>
<String>
<Name></Name>
<Val>@</Val>
</String>
<String>
<Name></Name>
<Val>B</Val>
</String>
<String>
<Name></Name>
<Val>@</Val>
</String>
<String>
<Name></Name>
<Val>@</Val>
</String>
<String>
<Name></Name>
<Val>@</Val>
</String>
<String>
<Name></Name>
<Val>@</Val>
</String>
<String>
<Name></Name>
<Val>@</Val>
</String>
<String>
<Name></Name>
<Val>@</Val>
</String>
<String>
<Name></Name>
<Val>@</Val>
</String>
<String>
<Name></Name>
<Val>@</Val>
</String>
<String>
<Name></Name>
<Val>A</Val>
</String>
<String>
<Name></Name>
<Val>@</Val>
</String>
<String>
<Name></Name>
<Val>A</Val>
</String>
<String>
<Name></Name>
<Val>@</Val>
</String>
<String>
<Name></Name>
<Val>@</Val>
</String>
<String>
<Name></Name>
<Val>@</Val>
</String>
<String>
<Name></Name>
<Val>@</Val>
</String>
<String>
<Name></Name>
<Val>@</Val>
</String>
<String>
<Name></Name>
<Val>@</Val>
</String>
<String>
<Name></Name>
<Val>@</Val>
</String>
<String>
<Name></Name>
<Val>@</Val>
</String>
<String>
<Name></Name>
<Val>B</Val>
</String>
<String>
<Name></Name>
<Val>@</Val>
</String>
<String>
<Name></Name>
<Val>A</Val>
</String>
<String>
<Name></Name>
<Val>@</Val>
</String>
<String>
<Name></Name>
<Val>@</Val>
</String>
<String>
<Name></Name>
<Val>@</Val>
</String>
<String>
<Name></Name>
<Val>@</Val>
</String>
<String>
<Name></Name>
<Val>@</Val>
</String>
<String>
<Name></Name>
<Val>@</Val>
</String>
<String>
<Name></Name>
<Val>@</Val>
</String>
<String>
<Name></Name>
<Val>@</Val>
</String>
<String>
<Name></Name>
<Val>A</Val>
</String>
<String>
<Name></Name>
<Val>@</Val>
</String>
<String>
<Name></Name>
<Val>B</Val>
</String>
<String>
<Name></Name>
<Val>@</Val>
</String>
<String>
<Name></Name>
<Val>@</Val>
</String>
<String>
<Name></Name>
<Val>@</Val>
</String>
<String>
<Name></Name>
<Val>@</Val>
</String>
<String>
<Name></Name>
<Val>@</Val>
</String>
<String>
<Name></Name>
<Val>@</Val>
</String>
<String>
<Name></Name>
<Val>@</Val>
</String>
<String>
<Name></Name>
<Val>@</Val>
</String>
<String>
<Name></Name>
<Val>A</Val>
</String>
<String>
<Name></Name>
<Val>@</Val>
</String>
<String>
<Name></Name>
<Val>A</Val>
</String>
<String>
<Name></Name>
<Val>@</Val>
</String>
<String>
<Name></Name>
<Val>@</Val>
</String>
<String>
<Name></Name>
<Val>@</Val>
</String>
<String>
<Name></Name>
<Val>@</Val>
</String>
<String>
<Name></Name>
<Val>@</Val>
</String>
<String>
<Name></Name>
<Val>@</Val>
</String>
<String>
<Name></Name>
<Val>@</Val>
</String>
<String>
<Name></Name>
<Val>@</Val>
</String>
<String>
<Name></Name>
<Val>B</Val>
</String>
<String>
<Name></Name>
<Val>@</Val>
</String>
<String>
<Name></Name>
<Val>B</Val>
</String>
<String>
<Name></Name>
<Val>@</Val>
</String>
<String>
<Name></Name>
<Val>@</Val>
</String>
<String>
<Name></Name>
<Val>@</Val>
</String>
<String>
<Name></Name>
<Val>@</Val>
</String>
<String>
<Name></Name>
<Val>@</Val>
</String>
<String>
<Name></Name>
<Val>@</Val>
</String>
<String>
<Name></Name>
<Val>@</Val>
</String>
<String>
<Name></Name>
<Val>@</Val>
</String>
<String>
<Name></Name>
<Val>B</Val>
</String>
<String>
<Name></Name>
<Val>@</Val>
</String>
<String>
<Name></Name>
<Val>A</Val>
</String>
<String>
<Name></Name>
<Val>@</Val>
</String>
<String>
<Name></Name>
<Val>@</Val>
</String>
<String>
<Name></Name>
<Val>@</Val>
</String>
<String>
<Name></Name>
<Val>@</Val>
</String>
<String>
<Name></Name>
<Val>@</Val>
</String>
<String>
<Name></Name>
<Val>@</Val>
</String>
<String>
<Name></Name>
<Val>@</Val>
</String>
<String>
<Name></Name>
<Val>@</Val>
</String>
<String>
<Name></Name>
<Val>A</Val>
</String>
<String>
<Name></Name>
<Val>@</Val>
</String>
<String>
<Name></Name>
<Val>B</Val>
</String>
<String>
<Name></Name>
<Val>@</Val>
</String>
<String>
<Name></Name>
<Val>@</Val>
</String>
<String>
<Name></Name>
<Val>@</Val>
</String>
<String>
<Name></Name>
<Val>@</Val>
</String>
<String>
<Name></Name>
<Val>@</Val>
</String>
<String>
<Name></Name>
<Val>@</Val>
</String>
<String>
<Name></Name>
<Val>@</Val>
</String>
<String>
<Name></Name>
<Val>@</Val>
</String>
<String>
<Name></Name>
<Val>B</Val>
</String>
<String>
<Name></Name>
<Val>@</Val>
</String>
</Array>
<Cluster>
<Name>IntegrationParams</Name>
<NumElts>4</NumElts>
<DBL>
<Name>time start</Name>
<Val>0.00000000000000</Val>
</DBL>
<DBL>
<Name>time end</Name>
<Val>999.00000000000000</Val>
</DBL>
<DBL>
<Name>h (step rate)</Name>
<Val>0.10000000000000</Val>
</DBL>
<Array>
<Name>X0</Name>
<Dimsize>10</Dimsize>
<I32>
<Name></Name>
<Val>1</Val>
</I32>
<I32>
<Name></Name>
<Val>0</Val>
</I32>
<I32>
<Name></Name>
<Val>0</Val>
</I32>
<I32>
<Name></Name>
<Val>0</Val>
</I32>
<I32>
<Name></Name>
<Val>0</Val>
</I32>
<I32>
<Name></Name>
<Val>0</Val>
</I32>
<I32>
<Name></Name>
<Val>0</Val>
</I32>
<I32>
<Name></Name>
<Val>0</Val>
</I32>
<I32>
<Name></Name>
<Val>0</Val>
</I32>
<I32>
<Name></Name>
<Val>0</Val>
</I32>
</Array>
</Cluster>
<Array>
<Name>StateNames</Name>
<Dimsize>10</Dimsize>
<String>
<Name>string</Name>
<Val>a</Val>
</String>
<String>
<Name>string</Name>
<Val>b</Val>
</String>
<String>
<Name>string</Name>
<Val>c</Val>
</String>
<String>
<Name>string</Name>
<Val>d</Val>
</String>
<String>
<Name>string</Name>
<Val>e</Val>
</String>
<String>
<Name>string</Name>
<Val>f</Val>
</String>
<String>
<Name>string</Name>
<Val>g</Val>
</String>
<String>
<Name>string</Name>
<Val>h</Val>
</String>
<String>
<Name>string</Name>
<Val>i</Val>
</String>
<String>
<Name>string</Name>
<Val>j</Val>
</String>
</Array>
</Cluster>
</LVData>