<?xml version='1.0' standalone='yes' ?>
<LVData xmlns="http://www.ni.com/LVData">
<Version>10.0.1</Version>
<Cluster>
<Name>ModelData</Name>
<NumElts>7</NumElts>
<Array>
<Name>Transitions</Name>
<Dimsize>6</Dimsize>
<Dimsize>2</Dimsize>
<String>
<Name>string</Name>
<Val>A</Val>
</String>
<String>
<Name>string</Name>
<Val>A</Val>
</String>
<String>
<Name>string</Name>
<Val>B</Val>
</String>
<String>
<Name>string</Name>
<Val>B</Val>
</String>
<String>
<Name>string</Name>
<Val>C</Val>
</String>
<String>
<Name>string</Name>
<Val>C</Val>
</String>
<String>
<Name>string</Name>
<Val>D</Val>
</String>
<String>
<Name>string</Name>
<Val>D</Val>
</String>
<String>
<Name>string</Name>
<Val>E</Val>
</String>
<String>
<Name>string</Name>
<Val>E</Val>
</String>
<String>
<Name>string</Name>
<Val>F</Val>
</String>
<String>
<Name>string</Name>
<Val>F</Val>
</String>
</Array>
<Array>
<Name>RealValues</Name>
<Dimsize>6</Dimsize>
<Dimsize>2</Dimsize>
<String>
<Name>string</Name>
<Val>A</Val>
</String>
<String>
<Name>string</Name>
<Val>0,015855</Val>
</String>
<String>
<Name>string</Name>
<Val>B</Val>
</String>
<String>
<Name>string</Name>
<Val>0,009456</Val>
</String>
<String>
<Name>string</Name>
<Val>C</Val>
</String>
<String>
<Name>string</Name>
<Val>0,005058</Val>
</String>
<String>
<Name>string</Name>
<Val>D</Val>
</String>
<String>
<Name>string</Name>
<Val>0,017571</Val>
</String>
<String>
<Name>string</Name>
<Val>E</Val>
</String>
<String>
<Name>string</Name>
<Val>0,003310</Val>
</String>
<String>
<Name>string</Name>
<Val>F</Val>
</String>
<String>
<Name>string</Name>
<Val>0,008768</Val>
</String>
</Array>
<Array>
<Name>Times</Name>
<Dimsize>100</Dimsize>
<DBL>
<Name></Name>
<Val>0.00000000000000</Val>
</DBL>
<DBL>
<Name></Name>
<Val>10.00000000000000</Val>
</DBL>
<DBL>
<Name></Name>
<Val>20.00000000000000</Val>
</DBL>
<DBL>
<Name></Name>
<Val>30.00000000000000</Val>
</DBL>
<DBL>
<Name></Name>
<Val>40.00000000000000</Val>
</DBL>
<DBL>
<Name></Name>
<Val>50.00000000000000</Val>
</DBL>
<DBL>
<Name></Name>
<Val>60.00000000000000</Val>
</DBL>
<DBL>
<Name></Name>
<Val>70.00000000000000</Val>
</DBL>
<DBL>
<Name></Name>
<Val>80.00000000000000</Val>
</DBL>
<DBL>
<Name></Name>
<Val>90.00000000000000</Val>
</DBL>
<DBL>
<Name></Name>
<Val>100.00000000000000</Val>
</DBL>
<DBL>
<Name></Name>
<Val>110.00000000000000</Val>
</DBL>
<DBL>
<Name></Name>
<Val>120.00000000000000</Val>
</DBL>
<DBL>
<Name></Name>
<Val>130.00000000000000</Val>
</DBL>
<DBL>
<Name></Name>
<Val>140.00000000000000</Val>
</DBL>
<DBL>
<Name></Name>
<Val>150.00000000000000</Val>
</DBL>
<DBL>
<Name></Name>
<Val>160.00000000000000</Val>
</DBL>
<DBL>
<Name></Name>
<Val>170.00000000000000</Val>
</DBL>
<DBL>
<Name></Name>
<Val>180.00000000000000</Val>
</DBL>
<DBL>
<Name></Name>
<Val>190.00000000000000</Val>
</DBL>
<DBL>
<Name></Name>
<Val>200.00000000000000</Val>
</DBL>
<DBL>
<Name></Name>
<Val>210.00000000000000</Val>
</DBL>
<DBL>
<Name></Name>
<Val>220.00000000000000</Val>
</DBL>
<DBL>
<Name></Name>
<Val>230.00000000000000</Val>
</DBL>
<DBL>
<Name></Name>
<Val>240.00000000000000</Val>
</DBL>
<DBL>
<Name></Name>
<Val>250.00000000000000</Val>
</DBL>
<DBL>
<Name></Name>
<Val>260.00000000000000</Val>
</DBL>
<DBL>
<Name></Name>
<Val>270.00000000000000</Val>
</DBL>
<DBL>
<Name></Name>
<Val>280.00000000000000</Val>
</DBL>
<DBL>
<Name></Name>
<Val>290.00000000000000</Val>
</DBL>
<DBL>
<Name></Name>
<Val>300.00000000000000</Val>
</DBL>
<DBL>
<Name></Name>
<Val>310.00000000000000</Val>
</DBL>
<DBL>
<Name></Name>
<Val>320.00000000000000</Val>
</DBL>
<DBL>
<Name></Name>
<Val>330.00000000000000</Val>
</DBL>
<DBL>
<Name></Name>
<Val>340.00000000000000</Val>
</DBL>
<DBL>
<Name></Name>
<Val>350.00000000000000</Val>
</DBL>
<DBL>
<Name></Name>
<Val>360.00000000000000</Val>
</DBL>
<DBL>
<Name></Name>
<Val>370.00000000000000</Val>
</DBL>
<DBL>
<Name></Name>
<Val>380.00000000000000</Val>
</DBL>
<DBL>
<Name></Name>
<Val>390.00000000000000</Val>
</DBL>
<DBL>
<Name></Name>
<Val>400.00000000000000</Val>
</DBL>
<DBL>
<Name></Name>
<Val>410.00000000000000</Val>
</DBL>
<DBL>
<Name></Name>
<Val>420.00000000000000</Val>
</DBL>
<DBL>
<Name></Name>
<Val>430.00000000000000</Val>
</DBL>
<DBL>
<Name></Name>
<Val>440.00000000000000</Val>
</DBL>
<DBL>
<Name></Name>
<Val>450.00000000000000</Val>
</DBL>
<DBL>
<Name></Name>
<Val>460.00000000000000</Val>
</DBL>
<DBL>
<Name></Name>
<Val>470.00000000000000</Val>
</DBL>
<DBL>
<Name></Name>
<Val>480.00000000000000</Val>
</DBL>
<DBL>
<Name></Name>
<Val>490.00000000000000</Val>
</DBL>
<DBL>
<Name></Name>
<Val>500.00000000000000</Val>
</DBL>
<DBL>
<Name></Name>
<Val>510.00000000000000</Val>
</DBL>
<DBL>
<Name></Name>
<Val>520.00000000000000</Val>
</DBL>
<DBL>
<Name></Name>
<Val>530.00000000000000</Val>
</DBL>
<DBL>
<Name></Name>
<Val>540.00000000000000</Val>
</DBL>
<DBL>
<Name></Name>
<Val>550.00000000000000</Val>
</DBL>
<DBL>
<Name></Name>
<Val>560.00000000000000</Val>
</DBL>
<DBL>
<Name></Name>
<Val>570.00000000000000</Val>
</DBL>
<DBL>
<Name></Name>
<Val>580.00000000000000</Val>
</DBL>
<DBL>
<Name></Name>
<Val>590.00000000000000</Val>
</DBL>
<DBL>
<Name></Name>
<Val>600.00000000000000</Val>
</DBL>
<DBL>
<Name></Name>
<Val>610.00000000000000</Val>
</DBL>
<DBL>
<Name></Name>
<Val>620.00000000000000</Val>
</DBL>
<DBL>
<Name></Name>
<Val>630.00000000000000</Val>
</DBL>
<DBL>
<Name></Name>
<Val>640.00000000000000</Val>
</DBL>
<DBL>
<Name></Name>
<Val>650.00000000000000</Val>
</DBL>
<DBL>
<Name></Name>
<Val>660.00000000000000</Val>
</DBL>
<DBL>
<Name></Name>
<Val>670.00000000000000</Val>
</DBL>
<DBL>
<Name></Name>
<Val>680.00000000000000</Val>
</DBL>
<DBL>
<Name></Name>
<Val>690.00000000000000</Val>
</DBL>
<DBL>
<Name></Name>
<Val>700.00000000000000</Val>
</DBL>
<DBL>
<Name></Name>
<Val>710.00000000000000</Val>
</DBL>
<DBL>
<Name></Name>
<Val>720.00000000000000</Val>
</DBL>
<DBL>
<Name></Name>
<Val>730.00000000000000</Val>
</DBL>
<DBL>
<Name></Name>
<Val>740.00000000000000</Val>
</DBL>
<DBL>
<Name></Name>
<Val>750.00000000000000</Val>
</DBL>
<DBL>
<Name></Name>
<Val>760.00000000000000</Val>
</DBL>
<DBL>
<Name></Name>
<Val>770.00000000000000</Val>
</DBL>
<DBL>
<Name></Name>
<Val>780.00000000000000</Val>
</DBL>
<DBL>
<Name></Name>
<Val>790.00000000000000</Val>
</DBL>
<DBL>
<Name></Name>
<Val>800.00000000000000</Val>
</DBL>
<DBL>
<Name></Name>
<Val>810.00000000000000</Val>
</DBL>
<DBL>
<Name></Name>
<Val>820.00000000000000</Val>
</DBL>
<DBL>
<Name></Name>
<Val>830.00000000000000</Val>
</DBL>
<DBL>
<Name></Name>
<Val>840.00000000000000</Val>
</DBL>
<DBL>
<Name></Name>
<Val>850.00000000000000</Val>
</DBL>
<DBL>
<Name></Name>
<Val>860.00000000000000</Val>
</DBL>
<DBL>
<Name></Name>
<Val>870.00000000000000</Val>
</DBL>
<DBL>
<Name></Name>
<Val>880.00000000000000</Val>
</DBL>
<DBL>
<Name></Name>
<Val>890.00000000000000</Val>
</DBL>
<DBL>
<Name></Name>
<Val>900.00000000000000</Val>
</DBL>
<DBL>
<Name></Name>
<Val>910.00000000000000</Val>
</DBL>
<DBL>
<Name></Name>
<Val>920.00000000000000</Val>
</DBL>
<DBL>
<Name></Name>
<Val>930.00000000000000</Val>
</DBL>
<DBL>
<Name></Name>
<Val>940.00000000000000</Val>
</DBL>
<DBL>
<Name></Name>
<Val>950.00000000000000</Val>
</DBL>
<DBL>
<Name></Name>
<Val>960.00000000000000</Val>
</DBL>
<DBL>
<Name></Name>
<Val>970.00000000000000</Val>
</DBL>
<DBL>
<Name></Name>
<Val>980.00000000000000</Val>
</DBL>
<DBL>
<Name></Name>
<Val>990.00000000000000</Val>
</DBL>
</Array>
<Array>
<Name>RealSolution</Name>
<Dimsize>100</Dimsize>
<Dimsize>10</Dimsize>
<DBL>
<Name></Name>
<Val>1.00000000000000</Val>
</DBL>
<DBL>
<Name></Name>
<Val>0.00000000000000</Val>
</DBL>
<DBL>
<Name></Name>
<Val>0.00000000000000</Val>
</DBL>
<DBL>
<Name></Name>
<Val>0.00000000000000</Val>
</DBL>
<DBL>
<Name></Name>
<Val>0.00000000000000</Val>
</DBL>
<DBL>
<Name></Name>
<Val>0.00000000000000</Val>
</DBL>
<DBL>
<Name></Name>
<Val>0.00000000000000</Val>
</DBL>
<DBL>
<Name></Name>
<Val>0.00000000000000</Val>
</DBL>
<DBL>
<Name></Name>
<Val>0.00000000000000</Val>
</DBL>
<DBL>
<Name></Name>
<Val>0.00000000000000</Val>
</DBL>
<DBL>
<Name></Name>
<Val>0.84979725575109</Val>
</DBL>
<DBL>
<Name></Name>
<Val>0.13758673415888</Val>
</DBL>
<DBL>
<Name></Name>
<Val>1.19144189926271E-2</Val>
</DBL>
<DBL>
<Name></Name>
<Val>6.85325295827493E-4</Val>
</DBL>
<DBL>
<Name></Name>
<Val>1.61599311272918E-5</Val>
</DBL>
<DBL>
<Name></Name>
<Val>1.04393517559217E-7</Val>
</DBL>
<DBL>
<Name></Name>
<Val>1.46689378943683E-9</Val>
</DBL>
<DBL>
<Name></Name>
<Val>9.92345272981107E-12</Val>
</DBL>
<DBL>
<Name></Name>
<Val>1.10717585480110E-13</Val>
</DBL>
<DBL>
<Name></Name>
<Val>5.82093042028243E-16</Val>
</DBL>
<DBL>
<Name></Name>
<Val>0.73930589222057</Val>
</DBL>
<DBL>
<Name></Name>
<Val>0.21849137687742</Val>
</DBL>
<DBL>
<Name></Name>
<Val>3.76332402758729E-2</Val>
</DBL>
<DBL>
<Name></Name>
<Val>4.35301633572690E-3</Val>
</DBL>
<DBL>
<Name></Name>
<Val>2.13535220451272E-4</Val>
</DBL>
<DBL>
<Name></Name>
<Val>2.85474863778317E-6</Val>
</DBL>
<DBL>
<Name></Name>
<Val>8.31415839913200E-8</Val>
</DBL>
<DBL>
<Name></Name>
<Val>1.15238448634090E-9</Val>
</DBL>
<DBL>
<Name></Name>
<Val>2.70422664093312E-11</Val>
</DBL>
<DBL>
<Name></Name>
<Val>3.01462179940978E-13</Val>
</DBL>
<DBL>
<Name></Name>
<Val>0.65560484026836</Val>
</DBL>
<DBL>
<Name></Name>
<Val>0.26436107901268</Val>
</DBL>
<DBL>
<Name></Name>
<Val>6.74883888602129E-2</Val>
</DBL>
<DBL>
<Name></Name>
<Val>1.16467468426428E-2</Val>
</DBL>
<DBL>
<Name></Name>
<Val>8.80138535922133E-4</Val>
</DBL>
<DBL>
<Name></Name>
<Val>1.79895736076770E-5</Val>
</DBL>
<DBL>
<Name></Name>
<Val>7.99632581608365E-7</Val>
</DBL>
<DBL>
<Name></Name>
<Val>1.66623270345555E-8</Val>
</DBL>
<DBL>
<Name></Name>
<Val>6.01310370269511E-10</Val>
</DBL>
<DBL>
<Name></Name>
<Val>1.03546177518456E-11</Val>
</DBL>
<DBL>
<Name></Name>
<Val>0.59034556103425</Val>
</DBL>
<DBL>
<Name></Name>
<Val>0.28858303418240</Val>
</DBL>
<DBL>
<Name></Name>
<Val>9.67208208456665E-2</Val>
</DBL>
<DBL>
<Name></Name>
<Val>2.20171070119768E-2</Val>
</DBL>
<DBL>
<Name></Name>
<Val>2.26692861877880E-3</Val>
</DBL>
<DBL>
<Name></Name>
<Val>6.26786993022880E-5</Val>
</DBL>
<DBL>
<Name></Name>
<Val>3.76028991279532E-6</Val>
</DBL>
<DBL>
<Name></Name>
<Val>1.04096200071954E-7</Val>
</DBL>
<DBL>
<Name></Name>
<Val>5.10176256634018E-9</Val>
</DBL>
<DBL>
<Name></Name>
<Val>1.19752949845304E-10</Val>
</DBL>
<DBL>
<Name></Name>
<Val>0.53806781009347</Val>
</DBL>
<DBL>
<Name></Name>
<Val>0.29946821577475</Val>
</DBL>
<DBL>
<Name></Name>
<Val>0.12321797661939</Val>
</DBL>
<DBL>
<Name></Name>
<Val>3.45475241807914E-2</Val>
</DBL>
<DBL>
<Name></Name>
<Val>4.52768369559804E-3</Val>
</DBL>
<DBL>
<Name></Name>
<Val>1.58360179871759E-4</Val>
</DBL>
<DBL>
<Name></Name>
<Val>1.19907211325844E-5</Val>
</DBL>
<DBL>
<Name></Name>
<Val>4.12313737114051E-7</Val>
</DBL>
<DBL>
<Name></Name>
<Val>2.56540857765248E-8</Val>
</DBL>
<DBL>
<Name></Name>
<Val>7.67171380100847E-10</Val>
</DBL>
<DBL>
<Name></Name>
<Val>0.49515079632546</Val>
</DBL>
<DBL>
<Name></Name>
<Val>0.30219451008569</Val>
</DBL>
<DBL>
<Name></Name>
<Val>0.14625055787353</Val>
</DBL>
<DBL>
<Name></Name>
<Val>4.83290031334553E-2</Val>
</DBL>
<DBL>
<Name></Name>
<Val>7.71666918808820E-3</Val>
</DBL>
<DBL>
<Name></Name>
<Val>3.27174816214803E-4</Val>
</DBL>
<DBL>
<Name></Name>
<Val>2.99656103763804E-5</Val>
</DBL>
<DBL>
<Name></Name>
<Val>1.22670952889860E-6</Val>
</DBL>
<DBL>
<Name></Name>
<Val>9.28668059844663E-8</Val>
</DBL>
<DBL>
<Name></Name>
<Val>3.39084138295590E-9</Val>
</DBL>
<DBL>
<Name></Name>
<Val>0.45915592328508</Val>
</DBL>
<DBL>
<Name></Name>
<Val>0.29999741739139</Val>
</DBL>
<DBL>
<Name></Name>
<Val>0.16577729413717</Val>
</DBL>
<DBL>
<Name></Name>
<Val>6.26052227617216E-2</Val>
</DBL>
<DBL>
<Name></Name>
<Val>1.18082960581350E-2</Val>
</DBL>
<DBL>
<Name></Name>
<Val>5.89187264091032E-4</Val>
</DBL>
<DBL>
<Name></Name>
<Val>6.33794884605976E-5</Val>
</DBL>
<DBL>
<Name></Name>
<Val>2.99967891241797E-6</Val>
</DBL>
<DBL>
<Name></Name>
<Val>2.68317880917292E-7</Val>
</DBL>
<DBL>
<Name></Name>
<Val>1.16171476775395E-8</Val>
</DBL>
<DBL>
<Name></Name>
<Val>0.42841209933704</Val>
</DBL>
<DBL>
<Name></Name>
<Val>0.29490279767981</Val>
</DBL>
<DBL>
<Name></Name>
<Val>0.18206991303189</Val>
</DBL>
<DBL>
<Name></Name>
<Val>7.68069605526441E-2</Val>
</DBL>
<DBL>
<Name></Name>
<Val>1.67217573687290E-2</Val>
</DBL>
<DBL>
<Name></Name>
<Val>9.60654675528969E-4</Val>
</DBL>
<DBL>
<Name></Name>
<Val>1.18765879988491E-4</Val>
</DBL>
<DBL>
<Name></Name>
<Val>6.36048171171582E-6</Val>
</DBL>
<DBL>
<Name></Name>
<Val>6.57930442008778E-7</Val>
</DBL>
<DBL>
<Name></Name>
<Val>3.30622200255688E-8</Val>
</DBL>
<DBL>
<Name></Name>
<Val>0.40175214634713</Val>
</DBL>
<DBL>
<Name></Name>
<Val>0.28817982721669</Val>
</DBL>
<DBL>
<Name></Name>
<Val>0.19551671075814</Val>
</DBL>
<DBL>
<Name></Name>
<Val>9.05380530709127E-2</Val>
</DBL>
<DBL>
<Name></Name>
<Val>2.23433662848355E-2</Val>
</DBL>
<DBL>
<Name></Name>
<Val>1.45322201602324E-3</Val>
</DBL>
<DBL>
<Name></Name>
<Val>2.03063595376244E-4</Val>
</DBL>
<DBL>
<Name></Name>
<Val>1.21047011398135E-5</Val>
</DBL>
<DBL>
<Name></Name>
<Val>1.42428800073021E-6</Val>
</DBL>
<DBL>
<Name></Name>
<Val>8.17217511321644E-8</Val>
</DBL>
<DBL>
<Name></Name>
<Val>0.37834389447247</Val>
</DBL>
<DBL>
<Name></Name>
<Val>0.28062231552561</Val>
</DBL>
<DBL>
<Name></Name>
<Val>0.20652432722234</Val>
</DBL>
<DBL>
<Name></Name>
<Val>0.10354416380260</Val>
</DBL>
<DBL>
<Name></Name>
<Val>2.85441487511524E-2</Val>
</DBL>
<DBL>
<Name></Name>
<Val>2.07380537314631E-3</Val>
</DBL>
<DBL>
<Name></Name>
<Val>3.23200537268027E-4</Val>
</DBL>
<DBL>
<Name></Name>
<Val>2.11671822461734E-5</Val>
</DBL>
<DBL>
<Name></Name>
<Val>2.79629754467698E-6</Val>
</DBL>
<DBL>
<Name></Name>
<Val>1.80835621088169E-7</Val>
</DBL>
<DBL>
<Name></Name>
<Val>0.35758099488907</Val>
</DBL>
<DBL>
<Name></Name>
<Val>0.27272426700372</Val>
</DBL>
<DBL>
<Name></Name>
<Val>0.21547245973848</Val>
</DBL>
<DBL>
<Name></Name>
<Val>0.11567911579806</Val>
</DBL>
<DBL>
<Name></Name>
<Val>3.51924765401785E-2</Val>
</DBL>
<DBL>
<Name></Name>
<Val>2.82492396030425E-3</Val>
</DBL>
<DBL>
<Name></Name>
<Val>4.85736946641896E-4</Val>
</DBL>
<DBL>
<Name></Name>
<Val>3.45839018958050E-5</Val>
</DBL>
<DBL>
<Name></Name>
<Val>5.07516977308606E-6</Val>
</DBL>
<DBL>
<Name></Name>
<Val>3.66051886521809E-7</Val>
</DBL>
<DBL>
<Name></Name>
<Val>0.33901165666348</Val>
</DBL>
<DBL>
<Name></Name>
<Val>0.26478997987820</Val>
</DBL>
<DBL>
<Name></Name>
<Val>0.22269630320716</Val>
</DBL>
<DBL>
<Name></Name>
<Val>0.12687498722315</Val>
</DBL>
<DBL>
<Name></Name>
<Val>4.21624275705160E-2</Val>
</DBL>
<DBL>
<Name></Name>
<Val>3.70528473118268E-3</Val>
</DBL>
<DBL>
<Name></Name>
<Val>6.96587463383058E-4</Val>
</DBL>
<DBL>
<Name></Name>
<Val>5.34483094521143E-5</Val>
</DBL>
<DBL>
<Name></Name>
<Val>8.63626972849494E-6</Val>
</DBL>
<DBL>
<Name></Name>
<Val>6.88683755916168E-7</Val>
</DBL>
<DBL>
<Name></Name>
<Val>0.32229164579442</Val>
</DBL>
<DBL>
<Name></Name>
<Val>0.25700342751594</Val>
</DBL>
<DBL>
<Name></Name>
<Val>0.22848287578721</Val>
</DBL>
<DBL>
<Name></Name>
<Val>0.13711792384860</Val>
</DBL>
<DBL>
<Name></Name>
<Val>4.93388125884775E-2</Val>
</DBL>
<DBL>
<Name></Name>
<Val>4.71047604959850E-3</Val>
</DBL>
<DBL>
<Name></Name>
<Val>9.60825759215972E-4</Val>
</DBL>
<DBL>
<Name></Name>
<Val>7.88669134344486E-5</Val>
</DBL>
<DBL>
<Name></Name>
<Val>1.39268925414723E-5</Val>
</DBL>
<DBL>
<Name></Name>
<Val>1.21885055985831E-6</Val>
</DBL>
<DBL>
<Name></Name>
<Val>0.30715292912032</Val>
</DBL>
<DBL>
<Name></Name>
<Val>0.24947218669620</Val>
</DBL>
<DBL>
<Name></Name>
<Val>0.23307378176818</Val>
</DBL>
<DBL>
<Name></Name>
<Val>0.14642966695296</Val>
</DBL>
<DBL>
<Name></Name>
<Val>5.66197689181094E-2</Val>
</DBL>
<DBL>
<Name></Name>
<Val>5.83367418437161E-3</Val>
</DBL>
<DBL>
<Name></Name>
<Val>1.28256590085441E-3</Val>
</DBL>
<DBL>
<Name></Name>
<Val>1.11917754669459E-4</Val>
</DBL>
<DBL>
<Name></Name>
<Val>2.14603912833419E-5</Val>
</DBL>
<DBL>
<Name></Name>
<Val>2.04831304742507E-6</Val>
</DBL>
<DBL>
<Name></Name>
<Val>0.29338249214314</Val>
</DBL>
<DBL>
<Name></Name>
<Val>0.24225537368477</Val>
</DBL>
<DBL>
<Name></Name>
<Val>0.23667051748687</Val>
</DBL>
<DBL>
<Name></Name>
<Val>0.15485401440019</Val>
</DBL>
<DBL>
<Name></Name>
<Val>6.39176745498092E-2</Val>
</DBL>
<DBL>
<Name></Name>
<Val>7.06630380774182E-3</Val>
</DBL>
<DBL>
<Name></Name>
<Val>1.66490954486676E-3</Val>
</DBL>
<DBL>
<Name></Name>
<Val>1.53614215632099E-4</Val>
</DBL>
<DBL>
<Name></Name>
<Val>3.18073198267903E-5</Val>
</DBL>
<DBL>
<Name></Name>
<Val>3.29284715205290E-6</Val>
</DBL>
<DBL>
<Name></Name>
<Val>0.28080783337238</Val>
</DBL>
<DBL>
<Name></Name>
<Val>0.23538148078996</Val>
</DBL>
<DBL>
<Name></Name>
<Val>0.23944037305745</Val>
</DBL>
<DBL>
<Name></Name>
<Val>0.16244722562891</Val>
</DBL>
<DBL>
<Name></Name>
<Val>7.11589661418551E-2</Val>
</DBL>
<DBL>
<Name></Name>
<Val>8.39862092131947E-3</Val>
</DBL>
<DBL>
<Name></Name>
<Val>2.10994613084858E-3</Val>
</DBL>
<DBL>
<Name></Name>
<Val>2.04875547187787E-4</Val>
</DBL>
<DBL>
<Name></Name>
<Val>4.55843683663974E-5</Val>
</DBL>
<DBL>
<Name></Name>
<Val>5.09404172767409E-6</Val>
</DBL>
<DBL>
<Name></Name>
<Val>0.26928688312773</Val>
</DBL>
<DBL>
<Name></Name>
<Val>0.22885980240318</Val>
</DBL>
<DBL>
<Name></Name>
<Val>0.24152202764452</Val>
</DBL>
<DBL>
<Name></Name>
<Val>0.16927143138676</Val>
</DBL>
<DBL>
<Name></Name>
<Val>7.82832899797533E-2</Val>
</DBL>
<DBL>
<Name></Name>
<Val>9.82020522056614E-3</Val>
</DBL>
<DBL>
<Name></Name>
<Val>2.61879327130594E-3</Val>
</DBL>
<DBL>
<Name></Name>
<Val>2.66504629075821E-4</Val>
</DBL>
<DBL>
<Name></Name>
<Val>6.34418881205519E-5</Val>
</DBL>
<DBL>
<Name></Name>
<Val>7.62044898805945E-6</Val>
</DBL>
<DBL>
<Name></Name>
<Val>0.25870088549478</Val>
</DBL>
<DBL>
<Name></Name>
<Val>0.22268777201677</Val>
</DBL>
<DBL>
<Name></Name>
<Val>0.24303048058277</Val>
</DBL>
<DBL>
<Name></Name>
<Val>0.17539025545324</Val>
</DBL>
<DBL>
<Name></Name>
<Val>8.52422883284726E-2</Val>
</DBL>
<DBL>
<Name></Name>
<Val>1.13203607916091E-2</Val>
</DBL>
<DBL>
<Name></Name>
<Val>3.19166568439908E-3</Val>
</DBL>
<DBL>
<Name></Name>
<Val>3.39172838491193E-4</Val>
</DBL>
<DBL>
<Name></Name>
<Val>8.60507521229210E-5</Val>
</DBL>
<DBL>
<Name></Name>
<Val>1.10680573382975E-5</Val>
</DBL>
<DBL>
<Name></Name>
<Val>0.24894928752754</Val>
</DBL>
<DBL>
<Name></Name>
<Val>0.21685567884071</Val>
</DBL>
<DBL>
<Name></Name>
<Val>0.24406123184849</Val>
</DBL>
<DBL>
<Name></Name>
<Val>0.18086602113775</Val>
</DBL>
<DBL>
<Name></Name>
<Val>9.19982261391146E-2</Val>
</DBL>
<DBL>
<Name></Name>
<Val>1.28884310461773E-2</Val>
</DBL>
<DBL>
<Name></Name>
<Val>3.82796269588899E-3</Val>
</DBL>
<DBL>
<Name></Name>
<Val>4.23411466073043E-4</Val>
</DBL>
<DBL>
<Name></Name>
<Val>1.14089205982209E-4</Val>
</DBL>
<DBL>
<Name></Name>
<Val>1.56600922698522E-5</Val>
</DBL>
<DBL>
<Name></Name>
<Val>0.23994600501314</Val>
</DBL>
<DBL>
<Name></Name>
<Val>0.21134969797648</Val>
</DBL>
<DBL>
<Name></Name>
<Val>0.24469375036673</Val>
</DBL>
<DBL>
<Name></Name>
<Val>0.18575806653751</Val>
</DBL>
<DBL>
<Name></Name>
<Val>9.85225911959453E-2</Val>
</DBL>
<DBL>
<Name></Name>
<Val>1.45140374504734E-2</Val>
</DBL>
<DBL>
<Name></Name>
<Val>4.52636617476158E-3</Val>
</DBL>
<DBL>
<Name></Name>
<Val>5.19608857726908E-4</Val>
</DBL>
<DBL>
<Name></Name>
<Val>1.48230246706921E-4</Val>
</DBL>
<DBL>
<Name></Name>
<Val>2.16461805333300E-5</Val>
</DBL>
<DBL>
<Name></Name>
<Val>0.23161664487610</Val>
</DBL>
<DBL>
<Name></Name>
<Val>0.20615383115288</Val>
</DBL>
<DBL>
<Name></Name>
<Val>0.24499431775613</Val>
</DBL>
<DBL>
<Name></Name>
<Val>0.19012181785454</Val>
</DBL>
<DBL>
<Name></Name>
<Val>0.10479474955931</Val>
</DBL>
<DBL>
<Name></Name>
<Val>1.61872530444125E-2</Val>
</DBL>
<DBL>
<Name></Name>
<Val>5.28494254033872E-3</Val>
</DBL>
<DBL>
<Name></Name>
<Val>6.28012336041937E-4</Val>
</DBL>
<DBL>
<Name></Name>
<Val>1.89129944854335E-4</Val>
</DBL>
<DBL>
<Name></Name>
<Val>2.93009353927215E-5</Val>
</DBL>
<DBL>
<Name></Name>
<Val>0.22389640189307</Val>
</DBL>
<DBL>
<Name></Name>
<Val>0.20125114153886</Val>
</DBL>
<DBL>
<Name></Name>
<Val>0.24501834669262</Val>
</DBL>
<DBL>
<Name></Name>
<Val>0.19400836828851</Val>
</DBL>
<DBL>
<Name></Name>
<Val>0.11080070273031</Val>
</DBL>
<DBL>
<Name></Name>
<Val>1.78987218149290E-2</Val>
</DBL>
<DBL>
<Name></Name>
<Val>6.10124406861341E-3</Val>
</DBL>
<DBL>
<Name></Name>
<Val>7.48733930140263E-4</Val>
</DBL>
<DBL>
<Name></Name>
<Val>2.37417006389194E-4</Val>
</DBL>
<DBL>
<Name></Name>
<Val>3.89220365678627E-5</Val>
</DBL>
<DBL>
<Name></Name>
<Val>0.21672843790730</Val>
</DBL>
<DBL>
<Name></Name>
<Val>0.19662453016203</Val>
</DBL>
<DBL>
<Name></Name>
<Val>0.24481226752402</Val>
</DBL>
<DBL>
<Name></Name>
<Val>0.19746438423468</Val>
</DBL>
<DBL>
<Name></Name>
<Val>0.11653196919129</Val>
</DBL>
<DBL>
<Name></Name>
<Val>1.96397342626507E-2</Val>
</DBL>
<DBL>
<Name></Name>
<Val>6.97240608122189E-3</Val>
</DBL>
<DBL>
<Name></Name>
<Val>8.81758985940129E-4</Val>
</DBL>
<DBL>
<Name></Name>
<Val>2.93683762768005E-4</Val>
</DBL>
<DBL>
<Name></Name>
<Val>5.08278880955993E-5</Val>
</DBL>
<DBL>
<Name></Name>
<Val>0.21006261176176</Val>
</DBL>
<DBL>
<Name></Name>
<Val>0.19225721438657</Val>
</DBL>
<DBL>
<Name></Name>
<Val>0.24441506462031</Val>
</DBL>
<DBL>
<Name></Name>
<Val>0.20053221514005</Val>
</DBL>
<DBL>
<Name></Name>
<Val>0.12198459756343</Val>
</DBL>
<DBL>
<Name></Name>
<Val>2.14022683744387E-2</Val>
</DBL>
<DBL>
<Name></Name>
<Val>7.89523771264658E-3</Val>
</DBL>
<DBL>
<Name></Name>
<Val>1.02695681436703E-3</Val>
</DBL>
<DBL>
<Name></Name>
<Val>3.58478684794139E-4</Val>
</DBL>
<DBL>
<Name></Name>
<Val>6.53549416411844E-5</Val>
</DBL>
<DBL>
<Name></Name>
<Val>0.20385446831794</Val>
</DBL>
<DBL>
<Name></Name>
<Val>0.18813301286375</Val>
</DBL>
<DBL>
<Name></Name>
<Val>0.24385953036325</Val>
</DBL>
<DBL>
<Name></Name>
<Val>0.20325012277153</Val>
</DBL>
<DBL>
<Name></Name>
<Val>0.12715830905886</Val>
</DBL>
<DBL>
<Name></Name>
<Val>2.31790039349908E-2</Val>
</DBL>
<DBL>
<Name></Name>
<Val>8.86630483432162E-3</Val>
</DBL>
<DBL>
<Name></Name>
<Val>1.18409264335574E-3</Val>
</DBL>
<DBL>
<Name></Name>
<Val>4.32300439276298E-4</Val>
</DBL>
<DBL>
<Name></Name>
<Val>8.28547727312450E-5</Val>
</DBL>
<DBL>
<Name></Name>
<Val>0.19806442202191</Val>
</DBL>
<DBL>
<Name></Name>
<Val>0.18423650512472</Val>
</DBL>
<DBL>
<Name></Name>
<Val>0.24317329198930</Val>
</DBL>
<DBL>
<Name></Name>
<Val>0.20565257360180</Val>
</DBL>
<DBL>
<Name></Name>
<Val>0.13205576133891</Val>
</DBL>
<DBL>
<Name></Name>
<Val>2.49633168312659E-2</Val>
</DBL>
<DBL>
<Name></Name>
<Val>9.88200439450491E-3</Val>
</DBL>
<DBL>
<Name></Name>
<Val>1.35284025626871E-3</Val>
</DBL>
<DBL>
<Name></Name>
<Val>5.15593447400816E-4</Val>
</DBL>
<DBL>
<Name></Name>
<Val>1.03690993922945E-4</Val>
</DBL>
<DBL>
<Name></Name>
<Val>0.19265708893824</Val>
</DBL>
<DBL>
<Name></Name>
<Val>0.18055311043691</Val>
</DBL>
<DBL>
<Name></Name>
<Val>0.24237965556759</Val>
</DBL>
<DBL>
<Name></Name>
<Val>0.20777055755829</Val>
</DBL>
<DBL>
<Name></Name>
<Val>0.13668192299138</Val>
</DBL>
<DBL>
<Name></Name>
<Val>2.67492588102327E-2</Val>
</DBL>
<DBL>
<Name></Name>
<Val>1.09386299407055E-2</Val>
</DBL>
<DBL>
<Name></Name>
<Val>1.53279481480524E-3</Val>
</DBL>
<DBL>
<Name></Name>
<Val>6.08744858879056E-4</Val>
</DBL>
<DBL>
<Name></Name>
<Val>1.28236082972618E-4</Val>
</DBL>
<DBL>
<Name></Name>
<Val>0.18760073387898</Val>
</DBL>
<DBL>
<Name></Name>
<Val>0.17706911518159</Val>
</DBL>
<DBL>
<Name></Name>
<Val>0.24149830238069</Val>
</DBL>
<DBL>
<Name></Name>
<Val>0.20963190985112</Val>
</DBL>
<DBL>
<Name></Name>
<Val>0.14104354667018</Val>
</DBL>
<DBL>
<Name></Name>
<Val>2.85315270863362E-2</Val>
</DBL>
<DBL>
<Name></Name>
<Val>1.20324284577455E-2</Val>
</DBL>
<DBL>
<Name></Name>
<Val>1.72348547231721E-3</Val>
</DBL>
<DBL>
<Name></Name>
<Val>7.12082824632029E-4</Val>
</DBL>
<DBL>
<Name></Name>
<Val>1.56868196421417E-4</Val>
</DBL>
<DBL>
<Name></Name>
<Val>0.18286680809639</Val>
</DBL>
<DBL>
<Name></Name>
<Val>0.17377166794673</Val>
</DBL>
<DBL>
<Name></Name>
<Val>0.24054586572858</Val>
</DBL>
<DBL>
<Name></Name>
<Val>0.21126162175104</Val>
</DBL>
<DBL>
<Name></Name>
<Val>0.14514872885264</Val>
</DBL>
<DBL>
<Name></Name>
<Val>3.03054272757176E-2</Val>
</DBL>
<DBL>
<Name></Name>
<Val>1.31596489074409E-2</Val>
</DBL>
<DBL>
<Name></Name>
<Val>1.92438748007955E-3</Val>
</DBL>
<DBL>
<Name></Name>
<Val>8.25875931022897E-4</Val>
</DBL>
<DBL>
<Name></Name>
<Val>1.89968030355916E-4</Val>
</DBL>
<DBL>
<Name></Name>
<Val>0.17842955923402</Val>
</DBL>
<DBL>
<Name></Name>
<Val>0.17064875491723</Val>
</DBL>
<DBL>
<Name></Name>
<Val>0.23953641043333</Val>
</DBL>
<DBL>
<Name></Name>
<Val>0.21268213231226</Val>
</DBL>
<DBL>
<Name></Name>
<Val>0.14900654472204</Val>
</DBL>
<DBL>
<Name></Name>
<Val>3.20668323587789E-2</Val>
</DBL>
<DBL>
<Name></Name>
<Val>1.43165830201571E-2</Val>
</DBL>
<DBL>
<Name></Name>
<Val>2.13493357281570E-3</Val>
</DBL>
<DBL>
<Name></Name>
<Val>9.50333648388340E-4</Val>
</DBL>
<DBL>
<Name></Name>
<Val>2.27915780984632E-4</Val>
</DBL>
<DBL>
<Name></Name>
<Val>0.17426569966828</Val>
</DBL>
<DBL>
<Name></Name>
<Val>0.16768916378732</Val>
</DBL>
<DBL>
<Name></Name>
<Val>0.23848183280411</Val>
</DBL>
<DBL>
<Name></Name>
<Val>0.21391359705656</Val>
</DBL>
<DBL>
<Name></Name>
<Val>0.15262674758481</Val>
</DBL>
<DBL>
<Name></Name>
<Val>3.38121397311184E-2</Val>
</DBL>
<DBL>
<Name></Name>
<Val>1.54995989850660E-2</Val>
</DBL>
<DBL>
<Name></Name>
<Val>2.35452449031379E-3</Val>
</DBL>
<DBL>
<Name></Name>
<Val>1.08560764389005E-3</Val>
</DBL>
<DBL>
<Name></Name>
<Val>2.71088248535130E-4</Val>
</DBL>
<DBL>
<Name></Name>
<Val>0.17035412257856</Val>
</DBL>
<DBL>
<Name></Name>
<Val>0.16488244154396</Val>
</DBL>
<DBL>
<Name></Name>
<Val>0.23739219528003</Val>
</DBL>
<DBL>
<Name></Name>
<Val>0.21497413221188</Val>
</DBL>
<DBL>
<Name></Name>
<Val>0.15601952329220</Val>
</DBL>
<DBL>
<Name></Name>
<Val>3.55382278806731E-2</Val>
</DBL>
<DBL>
<Name></Name>
<Val>1.67051687319973E-2</Val>
</DBL>
<DBL>
<Name></Name>
<Val>2.58253854982226E-3</Val>
</DBL>
<DBL>
<Name></Name>
<Val>1.23179381172795E-3</Val>
</DBL>
<DBL>
<Name></Name>
<Val>3.19856119151161E-4</Val>
</DBL>
<DBL>
<Name></Name>
<Val>0.16667565743105</Val>
</DBL>
<DBL>
<Name></Name>
<Val>0.16221884956831</Val>
</DBL>
<DBL>
<Name></Name>
<Val>0.23627600718818</Val>
</DBL>
<DBL>
<Name></Name>
<Val>0.21588003469653</Val>
</DBL>
<DBL>
<Name></Name>
<Val>0.15919529123642</Val>
</DBL>
<DBL>
<Name></Name>
<Val>3.72424138100188E-2</Val>
</DBL>
<DBL>
<Name></Name>
<Val>1.79298895071907E-2</Val>
</DBL>
<DBL>
<Name></Name>
<Val>2.81834023013926E-3</Val>
</DBL>
<DBL>
<Name></Name>
<Val>1.38893488097339E-3</Val>
</DBL>
<DBL>
<Name></Name>
<Val>3.74581451191515E-4</Val>
</DBL>
<DBL>
<Name></Name>
<Val>0.16321285830458</Val>
</DBL>
<DBL>
<Name></Name>
<Val>0.15968931824596</Val>
</DBL>
<DBL>
<Name></Name>
<Val>0.23514046086749</Val>
</DBL>
<DBL>
<Name></Name>
<Val>0.21664597898210</Val>
</DBL>
<DBL>
<Name></Name>
<Val>0.16216454455925</Val>
</DBL>
<DBL>
<Name></Name>
<Val>3.89224119913244E-2</Val>
</DBL>
<DBL>
<Name></Name>
<Val>1.91705004289190E-2</Val>
</DBL>
<DBL>
<Name></Name>
<Val>3.06128776423581E-3</Val>
</DBL>
<DBL>
<Name></Name>
<Val>1.55702347138090E-3</Val>
</DBL>
<DBL>
<Name></Name>
<Val>4.35615384759649E-4</Val>
</DBL>
<DBL>
<Name></Name>
<Val>0.15994981979948</Val>
</DBL>
<DBL>
<Name></Name>
<Val>0.15728540244659</Val>
</DBL>
<DBL>
<Name></Name>
<Val>0.23399163068109</Val>
</DBL>
<DBL>
<Name></Name>
<Val>0.21728519247776</Val>
</DBL>
<DBL>
<Name></Name>
<Val>0.16493772320680</Val>
</DBL>
<DBL>
<Name></Name>
<Val>4.05762953826958E-2</Val>
</DBL>
<DBL>
<Name></Name>
<Val>2.04238946753180E-2</Val>
</DBL>
<DBL>
<Name></Name>
<Val>3.31073976430392E-3</Val>
</DBL>
<DBL>
<Name></Name>
<Val>1.73600547944311E-3</Val>
</DBL>
<DBL>
<Name></Name>
<Val>5.03296086518344E-4</Val>
</DBL>
<DBL>
<Name></Name>
<Val>0.15687201627359</Val>
</DBL>
<DBL>
<Name></Name>
<Val>0.15499923868726</Val>
</DBL>
<DBL>
<Name></Name>
<Val>0.23283464106676</Val>
</DBL>
<DBL>
<Name></Name>
<Val>0.21780961130886</Val>
</DBL>
<DBL>
<Name></Name>
<Val>0.16752511436739</Val>
</DBL>
<DBL>
<Name></Name>
<Val>4.22024588354618E-2</Val>
</DBL>
<DBL>
<Name></Name>
<Val>2.16871279122596E-2</Val>
</DBL>
<DBL>
<Name></Name>
<Val>3.56606092270439E-3</Val>
</DBL>
<DBL>
<Name></Name>
<Val>1.92578368980610E-3</Val>
</DBL>
<DBL>
<Name></Name>
<Val>5.77946935908529E-4</Val>
</DBL>
<DBL>
<Name></Name>
<Val>0.15396616092564</Val>
</DBL>
<DBL>
<Name></Name>
<Val>0.15282350443571</Val>
</DBL>
<DBL>
<Name></Name>
<Val>0.23167380867833</Val>
</DBL>
<DBL>
<Name></Name>
<Val>0.21823001841742</Val>
</DBL>
<DBL>
<Name></Name>
<Val>0.16993677563358</Val>
</DBL>
<DBL>
<Name></Name>
<Val>4.37995850709707E-2</Val>
</DBL>
<DBL>
<Name></Name>
<Val>2.29574235185220E-2</Val>
</DBL>
<DBL>
<Name></Name>
<Val>3.82662684572418E-3</Val>
</DBL>
<DBL>
<Name></Name>
<Val>2.12622152029504E-3</Val>
</DBL>
<DBL>
<Name></Name>
<Val>6.59874953798441E-4</Val>
</DBL>
<DBL>
<Name></Name>
<Val>0.15122008185555</Val>
</DBL>
<DBL>
<Name></Name>
<Val>0.15075137977758</Val>
</DBL>
<DBL>
<Name></Name>
<Val>0.23051276278825</Val>
</DBL>
<DBL>
<Name></Name>
<Val>0.21855616585998</Val>
</DBL>
<DBL>
<Name></Name>
<Val>0.17218247693566</Val>
</DBL>
<DBL>
<Name></Name>
<Val>4.53666132930567E-2</Val>
</DBL>
<DBL>
<Name></Name>
<Val>2.42321751123680E-2</Val>
</DBL>
<DBL>
<Name></Name>
<Val>4.09182808552977E-3</Val>
</DBL>
<DBL>
<Name></Name>
<Val>2.33714682171461E-3</Val>
</DBL>
<DBL>
<Name></Name>
<Val>7.49369470311994E-4</Val>
</DBL>
<DBL>
<Name></Name>
<Val>0.14862261271476</Val>
</DBL>
<DBL>
<Name></Name>
<Val>0.14877651152191</Val>
</DBL>
<DBL>
<Name></Name>
<Val>0.22935454740807</Val>
</DBL>
<DBL>
<Name></Name>
<Val>0.21879688306598</Val>
</DBL>
<DBL>
<Name></Name>
<Val>0.17427165790716</Val>
</DBL>
<DBL>
<Name></Name>
<Val>4.69027104204386E-2</Val>
</DBL>
<DBL>
<Name></Name>
<Val>2.55089468304143E-2</Val>
</DBL>
<DBL>
<Name></Name>
<Val>4.36107344026494E-3</Val>
</DBL>
<DBL>
<Name></Name>
<Val>2.55835566592575E-3</Val>
</DBL>
<DBL>
<Name></Name>
<Val>8.46701025076765E-4</Val>
</DBL>
<DBL>
<Name></Name>
<Val>0.14616349594798</Val>
</DBL>
<DBL>
<Name></Name>
<Val>0.14689297972592</Val>
</DBL>
<DBL>
<Name></Name>
<Val>0.22820170800243</Val>
</DBL>
<DBL>
<Name></Name>
<Val>0.21896017267706</Val>
</DBL>
<DBL>
<Name></Name>
<Val>0.17621339787186</Val>
</DBL>
<DBL>
<Name></Name>
<Val>4.84072448653364E-2</Val>
</DBL>
<DBL>
<Name></Name>
<Val>2.67854717580896E-2</Val>
</DBL>
<DBL>
<Name></Name>
<Val>4.63379259378313E-3</Val>
</DBL>
<DBL>
<Name></Name>
<Val>2.78961606721746E-3</Val>
</DBL>
<DBL>
<Name></Name>
<Val>9.52120490332204E-4</Val>
</DBL>
<DBL>
<Name></Name>
<Val>0.14383329694257</Val>
</DBL>
<DBL>
<Name></Name>
<Val>0.14509526656239</Val>
</DBL>
<DBL>
<Name></Name>
<Val>0.22705636519681</Val>
</DBL>
<DBL>
<Name></Name>
<Val>0.21905329543294</Val>
</DBL>
<DBL>
<Name></Name>
<Val>0.17801639609452</Val>
</DBL>
<DBL>
<Name></Name>
<Val>4.98797627451221E-2</Val>
</DBL>
<DBL>
<Name></Name>
<Val>2.80596488621586E-2</Val>
</DBL>
<DBL>
<Name></Name>
<Val>4.90943816577605E-3</Val>
</DBL>
<DBL>
<Name></Name>
<Val>3.03067159253675E-3</Val>
</DBL>
<DBL>
<Name></Name>
<Val>1.06585840517949E-3</Val>
</DBL>
<DBL>
<Name></Name>
<Val>0.14162332765965</Val>
</DBL>
<DBL>
<Name></Name>
<Val>0.14337822742032</Val>
</DBL>
<DBL>
<Name></Name>
<Val>0.22592027748816</Val>
</DBL>
<DBL>
<Name></Name>
<Val>0.21908284541516</Val>
</DBL>
<DBL>
<Name></Name>
<Val>0.17968896032378</Val>
</DBL>
<DBL>
<Name></Name>
<Val>5.13199663885337E-2</Val>
</DBL>
<DBL>
<Name></Name>
<Val>2.93295387304197E-2</Val>
</DBL>
<DBL>
<Name></Name>
<Val>5.18748724068248E-3</Val>
</DBL>
<DBL>
<Name></Name>
<Val>3.28124482563336E-3</Val>
</DBL>
<DBL>
<Name></Name>
<Val>1.18812450766449E-3</Val>
</DBL>
<DBL>
<Name></Name>
<Val>0.13952557853352</Val>
</DBL>
<DBL>
<Name></Name>
<Val>0.14173706411195</Val>
</DBL>
<DBL>
<Name></Name>
<Val>0.22479489464442</Val>
</DBL>
<DBL>
<Name></Name>
<Val>0.21905481681253</Val>
</DBL>
<DBL>
<Name></Name>
<Val>0.18123900198292</Val>
</DBL>
<DBL>
<Name></Name>
<Val>5.27276949834041E-2</Val>
</DBL>
<DBL>
<Name></Name>
<Val>3.05933583821254E-2</Val>
</DBL>
<DBL>
<Name></Name>
<Val>5.46744244023407E-3</Val>
</DBL>
<DBL>
<Name></Name>
<Val>3.54104065859247E-3</Val>
</DBL>
<DBL>
<Name></Name>
<Val>1.31910745029263E-3</Val>
</DBL>
<DBL>
<Name></Name>
<Val>0.13753265760261</Val>
</DBL>
<DBL>
<Name></Name>
<Val>0.14016730005229</Val>
</DBL>
<DBL>
<Name></Name>
<Val>0.22368140321089</Val>
</DBL>
<DBL>
<Name></Name>
<Val>0.21897466323539</Val>
</DBL>
<DBL>
<Name></Name>
<Val>0.18267403664181</Val>
</DBL>
<DBL>
<Name></Name>
<Val>5.41029072062465E-2</Val>
</DBL>
<DBL>
<Name></Name>
<Val>3.18494753750554E-2</Val>
</DBL>
<DBL>
<Name></Name>
<Val>5.74883260021959E-3</Val>
</DBL>
<DBL>
<Name></Name>
<Val>3.80974939158511E-3</Val>
</DBL>
<DBL>
<Name></Name>
<Val>1.45897468391037E-3</Val>
</DBL>
<DBL>
<Name></Name>
<Val>0.13563773598271</Val>
</DBL>
<DBL>
<Name></Name>
<Val>0.13866475727661</Val>
</DBL>
<DBL>
<Name></Name>
<Val>0.22258076531819</Val>
</DBL>
<DBL>
<Name></Name>
<Val>0.21884735048121</Val>
</DBL>
<DBL>
<Name></Name>
<Val>0.18400118863666</Val>
</DBL>
<DBL>
<Name></Name>
<Val>5.54456656732330E-2</Val>
</DBL>
<DBL>
<Name></Name>
<Val>3.30964014014573E-2</Val>
</DBL>
<DBL>
<Name></Name>
<Val>6.03121310733875E-3</Val>
</DBL>
<DBL>
<Name></Name>
<Val>4.08704962800670E-3</Val>
</DBL>
<DBL>
<Name></Name>
<Val>1.60787249458519E-3</Val>
</DBL>
<DBL>
<Name></Name>
<Val>0.13383449891746</Val>
</DBL>
<DBL>
<Name></Name>
<Val>0.13722553516473</Val>
</DBL>
<DBL>
<Name></Name>
<Val>0.22149375180012</Val>
</DBL>
<DBL>
<Name></Name>
<Val>0.21867740354293</Val>
</DBL>
<DBL>
<Name></Name>
<Val>0.18522719890142</Val>
</DBL>
<DBL>
<Name></Name>
<Val>5.67561230554443E-2</Val>
</DBL>
<DBL>
<Name></Name>
<Val>3.43327855351123E-2</Val>
</DBL>
<DBL>
<Name></Name>
<Val>6.31416594711044E-3</Val>
</DBL>
<DBL>
<Name></Name>
<Val>4.37261095756284E-3</Val>
</DBL>
<DBL>
<Name></Name>
<Val>1.76592617811594E-3</Val>
</DBL>
<DBL>
<Name></Name>
<Val>0.13211710174557</Val>
</DBL>
<DBL>
<Name></Name>
<Val>0.13584599074658</Val>
</DBL>
<DBL>
<Name></Name>
<Val>0.22042097047360</Val>
</DBL>
<DBL>
<Name></Name>
<Val>0.21846894855171</Val>
</DBL>
<DBL>
<Name></Name>
<Val>0.18635843523945</Val>
</DBL>
<DBL>
<Name></Name>
<Val>5.80345097074357E-2</Val>
</DBL>
<DBL>
<Name></Name>
<Val>3.55574072653626E-2</Val>
</DBL>
<DBL>
<Name></Name>
<Val>6.59729950887934E-3</Val>
</DBL>
<DBL>
<Name></Name>
<Val>4.66609642437456E-3</Val>
</DBL>
<DBL>
<Name></Name>
<Val>1.93324033705035E-3</Val>
</DBL>
<DBL>
<Name></Name>
<Val>0.13048013021309</Val>
</DBL>
<DBL>
<Name></Name>
<Val>0.13452272047055</Val>
</DBL>
<DBL>
<Name></Name>
<Val>0.21936289030204</Val>
</DBL>
<DBL>
<Name></Name>
<Val>0.21822575025896</Val>
</DBL>
<DBL>
<Name></Name>
<Val>0.18740090440277</Val>
</DBL>
<DBL>
<Name></Name>
<Val>5.92811226662023E-2</Val>
</DBL>
<DBL>
<Name></Name>
<Val>3.67691694308037E-2</Val>
</DBL>
<DBL>
<Name></Name>
<Val>6.88024818916083E-3</Val>
</DBL>
<DBL>
<Name></Name>
<Val>4.96716478089489E-3</Val>
</DBL>
<DBL>
<Name></Name>
<Val>2.10989928552874E-3</Val>
</DBL>
<DBL>
<Name></Name>
<Val>0.12891856463461</Val>
</DBL>
<DBL>
<Name></Name>
<Val>0.13325254332370</Val>
</DBL>
<DBL>
<Name></Name>
<Val>0.21831986205290</Val>
</DBL>
<DBL>
<Name></Name>
<Val>0.21795124558560</Val>
</DBL>
<DBL>
<Name></Name>
<Val>0.18836026546196</Val>
</DBL>
<DBL>
<Name></Name>
<Val>6.04963158867606E-2</Val>
</DBL>
<DBL>
<Name></Name>
<Val>3.79670911452034E-2</Val>
</DBL>
<DBL>
<Name></Name>
<Val>7.16267182996780E-3</Val>
</DBL>
<DBL>
<Name></Name>
<Val>5.27547253143886E-3</Val>
</DBL>
<DBL>
<Name></Name>
<Val>2.29596754786774E-3</Val>
</DBL>
<DBL>
<Name></Name>
<Val>0.12742774747149</Val>
</DBL>
<DBL>
<Name></Name>
<Val>0.13203248520042</Val>
</DBL>
<DBL>
<Name></Name>
<Val>0.21729213596777</Val>
</DBL>
<DBL>
<Name></Name>
<Val>0.21764857369938</Val>
</DBL>
<DBL>
<Name></Name>
<Val>0.18924184404642</Val>
</DBL>
<DBL>
<Name></Name>
<Val>6.16804915902681E-2</Val>
</DBL>
<DBL>
<Name></Name>
<Val>3.91503007907919E-2</Val>
</DBL>
<DBL>
<Name></Name>
<Val>7.44425502443822E-3</Val>
</DBL>
<DBL>
<Name></Name>
<Val>5.59067577151371E-3</Val>
</DBL>
<DBL>
<Name></Name>
<Val>2.49149043750721E-3</Val>
</DBL>
<DBL>
<Name></Name>
<Val>0.12600335395081</Val>
</DBL>
<DBL>
<Name></Name>
<Val>0.13085976442403</Val>
</DBL>
<DBL>
<Name></Name>
<Val>0.21627987688465</Val>
</DBL>
<DBL>
<Name></Name>
<Val>0.21732060302297</Val>
</DBL>
<DBL>
<Name></Name>
<Val>0.19005064711523</Val>
</DBL>
<DBL>
<Name></Name>
<Val>6.28340926104497E-2</Val>
</DBL>
<DBL>
<Name></Name>
<Val>4.03180291390823E-2</Val>
</DBL>
<DBL>
<Name></Name>
<Val>7.72470631806396E-3</Val>
</DBL>
<DBL>
<Name></Name>
<Val>5.91243183097382E-3</Val>
</DBL>
<DBL>
<Name></Name>
<Val>2.69649470373450E-3</Val>
</DBL>
<DBL>
<Name></Name>
<Val>0.12464136539554</Val>
</DBL>
<DBL>
<Name></Name>
<Val>0.12973177833265</Val>
</DBL>
<DBL>
<Name></Name>
<Val>0.21528317718610</Val>
</DBL>
<DBL>
<Name></Name>
<Val>0.21696995552451</Val>
</DBL>
<DBL>
<Name></Name>
<Val>0.19079137798585</Val>
</DBL>
<DBL>
<Name></Name>
<Val>6.39575956338191E-2</Val>
</DBL>
<DBL>
<Name></Name>
<Val>4.14696026465623E-2</Val>
</DBL>
<DBL>
<Name></Name>
<Val>8.00375733013049E-3</Val>
</DBL>
<DBL>
<Name></Name>
<Val>6.24040073039181E-3</Val>
</DBL>
<DBL>
<Name></Name>
<Val>2.91098923444527E-3</Val>
</DBL>
<DBL>
<Name></Name>
<Val>0.12333804497754</Val>
</DBL>
<DBL>
<Name></Name>
<Val>0.12864609084787</Val>
</DBL>
<DBL>
<Name></Name>
<Val>0.21430206789076</Val>
</DBL>
<DBL>
<Name></Name>
<Val>0.21659902859822</Val>
</DBL>
<DBL>
<Name></Name>
<Val>0.19146845140365</Val>
</DBL>
<DBL>
<Name></Name>
<Val>6.50515052385607E-2</Val>
</DBL>
<DBL>
<Name></Name>
<Val>4.26044369617038E-2</Val>
</DBL>
<DBL>
<Name></Name>
<Val>8.28116181661783E-3</Val>
</DBL>
<DBL>
<Name></Name>
<Val>6.57424646100182E-3</Val>
</DBL>
<DBL>
<Name></Name>
<Val>3.13496580407477E-3</Val>
</DBL>
<DBL>
<Name></Name>
<Val>0.12208991564007</Val>
</DBL>
<DBL>
<Name></Name>
<Val>0.12760042095079</Val>
</DBL>
<DBL>
<Name></Name>
<Val>0.21333652815858</Val>
</DBL>
<DBL>
<Name></Name>
<Val>0.21621001480436</Val>
</DBL>
<DBL>
<Name></Name>
<Val>0.19208600848113</Val>
</DBL>
<DBL>
<Name></Name>
<Val>6.61163486458545E-2</Val>
</DBL>
<DBL>
<Name></Name>
<Val>4.37220306705176E-2</Val>
</DBL>
<DBL>
<Name></Name>
<Val>8.55669469278078E-3</Val>
</DBL>
<DBL>
<Name></Name>
<Val>6.91363809919582E-3</Val>
</DBL>
<DBL>
<Name></Name>
<Val>3.36839985671987E-3</Val>
</DBL>
<DBL>
<Name></Name>
<Val>0.12089373996666</Val>
</DBL>
<DBL>
<Name></Name>
<Val>0.12659263199638</Val>
</DBL>
<DBL>
<Name></Name>
<Val>0.21238649343964</Val>
</DBL>
<DBL>
<Name></Name>
<Val>0.21580491970445</Val>
</DBL>
<DBL>
<Name></Name>
<Val>0.19264793137378</Val>
</DBL>
<DBL>
<Name></Name>
<Val>6.71526711057874E-2</Val>
</DBL>
<DBL>
<Name></Name>
<Val>4.48219593001463E-2</Val>
</DBL>
<DBL>
<Name></Name>
<Val>8.83015103090998E-3</Val>
</DBL>
<DBL>
<Name></Name>
<Val>7.25825076689656E-3</Val>
</DBL>
<DBL>
<Name></Name>
<Val>3.61125131535252E-3</Val>
</DBL>
<DBL>
<Name></Name>
<Val>0.11974650179979</Val>
</DBL>
<DBL>
<Name></Name>
<Val>0.12562072180218</Val>
</DBL>
<DBL>
<Name></Name>
<Val>0.21145186246254</Val>
</DBL>
<DBL>
<Name></Name>
<Val>0.21538557799887</Val>
</DBL>
<DBL>
<Name></Name>
<Val>0.19315785759085</Val>
</DBL>
<DBL>
<Name></Name>
<Val>6.81610318477673E-2</Val>
</DBL>
<DBL>
<Name></Name>
<Val>4.59038695935231E-2</Val>
</DBL>
<DBL>
<Name></Name>
<Val>9.10134504635699E-3</Val>
</DBL>
<DBL>
<Name></Name>
<Val>7.60776644924040E-3</Val>
</DBL>
<DBL>
<Name></Name>
<Val>3.86346540888923E-3</Val>
</DBL>
<DBL>
<Name></Name>
<Val>0.11864538943526</Val>
</DBL>
<DBL>
<Name></Name>
<Val>0.12468281345279</Val>
</DBL>
<DBL>
<Name></Name>
<Val>0.21053250322944</Val>
</DBL>
<DBL>
<Name></Name>
<Val>0.21495366814872</Val>
</DBL>
<DBL>
<Name></Name>
<Val>0.19361919386508</Val>
</DBL>
<DBL>
<Name></Name>
<Val>6.91420005325196E-2</Val>
</DBL>
<DBL>
<Name></Name>
<Val>4.69674740627778E-2</Val>
</DBL>
<DBL>
<Name></Name>
<Val>9.37010908276692E-3</Val>
</DBL>
<DBL>
<Name></Name>
<Val>7.96187468092467E-3</Val>
</DBL>
<DBL>
<Name></Name>
<Val>4.12497350971652E-3</Val>
</DBL>
<DBL>
<Name></Name>
<Val>0.11758778023849</Val>
</DBL>
<DBL>
<Name></Name>
<Val>0.12377714676602</Val>
</DBL>
<DBL>
<Name></Name>
<Val>0.20962825816005</Val>
</DBL>
<DBL>
<Name></Name>
<Val>0.21451072564210</Val>
</DBL>
<DBL>
<Name></Name>
<Val>0.19403512952637</Val>
</DBL>
<DBL>
<Name></Name>
<Val>7.00961541493057E-2</Val>
</DBL>
<DBL>
<Name></Name>
<Val>4.80125458246760E-2</Val>
</DBL>
<DBL>
<Name></Name>
<Val>9.63629260558086E-3</Val>
</DBL>
<DBL>
<Name></Name>
<Val>8.32027311234580E-3</Val>
</DBL>
<DBL>
<Name></Name>
<Val>4.39569397507353E-3</Val>
</DBL>
<DBL>
<Name></Name>
<Val>0.11657122654574</Val>
</DBL>
<DBL>
<Name></Name>
<Val>0.12290207037086</Val>
</DBL>
<DBL>
<Name></Name>
<Val>0.20873894850621</Val>
</DBL>
<DBL>
<Name></Name>
<Val>0.21405815504595</Val>
</DBL>
<DBL>
<Name></Name>
<Val>0.19440864934147</Val>
</DBL>
<DBL>
<Name></Name>
<Val>7.10240743079794E-2</Val>
</DBL>
<DBL>
<Name></Name>
<Val>4.90389137178019E-2</Val>
</DBL>
<DBL>
<Name></Name>
<Val>9.89976121122344E-3</Val>
</DBL>
<DBL>
<Name></Name>
<Val>8.68266796630901E-3</Val>
</DBL>
<DBL>
<Name></Name>
<Val>4.67553298645310E-3</Val>
</DBL>
<DBL>
<Name></Name>
<Val>0.11559344272880</Val>
</DBL>
<DBL>
<Name></Name>
<Val>0.12205603435175</Val>
</DBL>
<DBL>
<Name></Name>
<Val>0.20786437814092</Val>
</DBL>
<DBL>
<Name></Name>
<Val>0.21359724096801</Val>
</DBL>
<DBL>
<Name></Name>
<Val>0.19474254579578</Val>
</DBL>
<DBL>
<Name></Name>
<Val>7.19263448809087E-2</Val>
</DBL>
<DBL>
<Name></Name>
<Val>5.00464576983218E-2</Val>
</DBL>
<DBL>
<Name></Name>
<Val>1.01603956579591E-2</Val>
</DBL>
<DBL>
<Name></Name>
<Val>9.04877439565732E-3</Val>
</DBL>
<DBL>
<Name></Name>
<Val>4.96438538189897E-3</Val>
</DBL>
<DBL>
<Name></Name>
<Val>0.11465229331467</Val>
</DBL>
<DBL>
<Name></Name>
<Val>0.12123758341645</Val>
</DBL>
<DBL>
<Name></Name>
<Val>0.20700433681030</Val>
</DBL>
<DBL>
<Name></Name>
<Val>0.21312915803915</Val>
</DBL>
<DBL>
<Name></Name>
<Val>0.19503943080428</Val>
</DBL>
<DBL>
<Name></Name>
<Val>7.28035499546888E-2</Val>
</DBL>
<DBL>
<Name></Name>
<Val>5.10351045088877E-2</Val>
</DBL>
<DBL>
<Name></Name>
<Val>1.04180909231594E-2</Val>
</DBL>
<DBL>
<Name></Name>
<Val>9.41831675166900E-3</Val>
</DBL>
<DBL>
<Name></Name>
<Val>5.26213547674638E-3</Val>
</DBL>
<DBL>
<Name></Name>
<Val>0.11374578206334</Val>
</DBL>
<DBL>
<Name></Name>
<Val>0.12044535054909</Val>
</DBL>
<DBL>
<Name></Name>
<Val>0.20615860292456</Val>
</DBL>
<DBL>
<Name></Name>
<Val>0.21265498001369</Val>
</DBL>
<DBL>
<Name></Name>
<Val>0.19530174684773</Val>
</DBL>
<DBL>
<Name></Name>
<Val>7.36562720559678E-2</Val>
</DBL>
<DBL>
<Name></Name>
<Val>5.20048236134645E-2</Val>
</DBL>
<DBL>
<Name></Name>
<Val>1.06727552906581E-2</Val>
</DBL>
<DBL>
<Name></Name>
<Val>9.79102877253173E-3</Val>
</DBL>
<DBL>
<Name></Name>
<Val>5.56865786897478E-3</Val>
</DBL>
<DBL>
<Name></Name>
<Val>0.11287204191712</Val>
</DBL>
<DBL>
<Name></Name>
<Val>0.11967805111212</Val>
</DBL>
<DBL>
<Name></Name>
<Val>0.20532694595261</Val>
</DBL>
<DBL>
<Name></Name>
<Val>0.21217568807427</Val>
</DBL>
<DBL>
<Name></Name>
<Val>0.19553177753721</Val>
</DBL>
<DBL>
<Name></Name>
<Val>7.44850906196632E-2</Val>
</DBL>
<DBL>
<Name></Name>
<Val>5.29556233895154E-2</Val>
</DBL>
<DBL>
<Name></Name>
<Val>1.09243094709533E-2</Val>
</DBL>
<DBL>
<Name></Name>
<Val>1.01666537006318E-2</Val>
</DBL>
<DBL>
<Name></Name>
<Val>5.88381822591598E-3</Val>
</DBL>
<DBL>
<Name></Name>
<Val>0.11202932574381</Val>
</DBL>
<DBL>
<Name></Name>
<Val>0.11893447736428</Val>
</DBL>
<DBL>
<Name></Name>
<Val>0.20450912847595</Val>
</DBL>
<DBL>
<Name></Name>
<Val>0.21169217841845</Val>
</DBL>
<DBL>
<Name></Name>
<Val>0.19573165761550</Val>
</DBL>
<DBL>
<Name></Name>
<Val>7.52905806713855E-2</Val>
</DBL>
<DBL>
<Name></Name>
<Val>5.38875475679866E-2</Val>
</DBL>
<DBL>
<Name></Name>
<Val>1.11726857562411E-2</Val>
</DBL>
<DBL>
<Name></Name>
<Val>1.05449443368149E-2</Val>
</DBL>
<DBL>
<Name></Name>
<Val>6.20747404958677E-3</Val>
</DBL>
<DBL>
<Name></Name>
<Val>0.11121599780388</Val>
</DBL>
<DBL>
<Name></Name>
<Val>0.11821349336396</Val>
</DBL>
<DBL>
<Name></Name>
<Val>0.20370490794942</Val>
</DBL>
<DBL>
<Name></Name>
<Val>0.21120526919542</Val>
</DBL>
<DBL>
<Name></Name>
<Val>0.19590338240826</Val>
</DBL>
<DBL>
<Name></Name>
<Val>7.60733116990453E-2</Val>
</DBL>
<DBL>
<Name></Name>
<Val>5.48006719108331E-2</Val>
</DBL>
<DBL>
<Name></Name>
<Val>1.14178272116037E-2</Val>
</DBL>
<DBL>
<Name></Name>
<Val>1.09256630391887E-2</Val>
</DBL>
<DBL>
<Name></Name>
<Val>6.53947541839595E-3</Val>
</DBL>
<DBL>
<Name></Name>
<Val>0.11043052587888</Val>
</DBL>
<DBL>
<Name></Name>
<Val>0.11751403022982</Val>
</DBL>
<DBL>
<Name></Name>
<Val>0.20291403820939</Val>
</DBL>
<DBL>
<Name></Name>
<Val>0.21071570685422</Val>
</DBL>
<DBL>
<Name></Name>
<Val>0.19604881674088</Val>
</DBL>
<DBL>
<Name></Name>
<Val>7.68338466914454E-2</Val>
</DBL>
<DBL>
<Name></Name>
<Val>5.56951011153775E-2</Val>
</DBL>
<DBL>
<Name></Name>
<Val>1.16596869031232E-2</Val>
</DBL>
<DBL>
<Name></Name>
<Val>1.13085816734620E-2</Val>
</DBL>
<DBL>
<Name></Name>
<Val>6.87966570341098E-3</Val>
</DBL>
<DBL>
<Name></Name>
<Val>0.10967147400447</Val>
</DBL>
<DBL>
<Name></Name>
<Val>0.11683508173244</Val>
</DBL>
<DBL>
<Name></Name>
<Val>0.20213627076460</Val>
</DBL>
<DBL>
<Name></Name>
<Val>0.21022417195806</Val>
</DBL>
<DBL>
<Name></Name>
<Val>0.19616970333949</Val>
</DBL>
<DBL>
<Name></Name>
<Val>7.75727413241687E-2</Val>
</DBL>
<DBL>
<Name></Name>
<Val>5.65709659345410E-2</Val>
</DBL>
<DBL>
<Name></Name>
<Val>1.18982271632281E-2</Val>
</DBL>
<DBL>
<Name></Name>
<Val>1.16934815212469E-2</Val>
</DBL>
<DBL>
<Name></Name>
<Val>7.22788225776271E-3</Val>
</DBL>
<DBL>
<Name></Name>
<Val>0.10893749575700</Val>
</DBL>
<DBL>
<Name></Name>
<Val>0.11617570019321</Val>
</DBL>
<DBL>
<Name></Name>
<Val>0.20137135589942</Val>
</DBL>
<DBL>
<Name></Name>
<Val>0.20973128451369</Val>
</DBL>
<DBL>
<Name></Name>
<Val>0.19626767073594</Val>
</DBL>
<DBL>
<Name></Name>
<Val>7.82905432753125E-2</Val>
</DBL>
<DBL>
<Name></Name>
<Val>5.74284205019007E-2</Val>
</DBL>
<DBL>
<Name></Name>
<Val>1.21334188932009E-2</Val>
</DBL>
<DBL>
<Name></Name>
<Val>1.20801531522082E-2</Val>
</DBL>
<DBL>
<Name></Name>
<Val>7.58395707811896E-3</Val>
</DBL>
<DBL>
<Name></Name>
<Val>0.10822732804731</Val>
</DBL>
<DBL>
<Name></Name>
<Val>0.11553499266797</Val>
</DBL>
<DBL>
<Name></Name>
<Val>0.20061904361540</Val>
</DBL>
<DBL>
<Name></Name>
<Val>0.20923760885979</Val>
</DBL>
<DBL>
<Name></Name>
<Val>0.19634424069801</Val>
</DBL>
<DBL>
<Name></Name>
<Val>7.89877916556027E-2</Val>
</DBL>
<DBL>
<Name></Name>
<Val>5.82676398505721E-2</Val>
</DBL>
<DBL>
<Name></Name>
<Val>1.23652409024594E-2</Val>
</DBL>
<DBL>
<Name></Name>
<Val>1.24683962654184E-2</Val>
</DBL>
<DBL>
<Name></Name>
<Val>7.94771743747248E-3</Val>
</DBL>
<DBL>
<Name></Name>
<Val>0.10753978537984</Val>
</DBL>
<DBL>
<Name></Name>
<Val>0.11491211739496</Val>
</DBL>
<DBL>
<Name></Name>
<Val>0.19987908443326</Val>
</DBL>
<DBL>
<Name></Name>
<Val>0.20874365815380</Val>
</DBL>
<DBL>
<Name></Name>
<Val>0.19640083520636</Val>
</DBL>
<DBL>
<Name></Name>
<Val>7.96650165391913E-2</Val>
</DBL>
<DBL>
<Name></Name>
<Val>5.90888176150705E-2</Val>
</DBL>
<DBL>
<Name></Name>
<Val>1.25936792839717E-2</Val>
</DBL>
<DBL>
<Name></Name>
<Val>1.28580195047841E-2</Val>
</DBL>
<DBL>
<Name></Name>
<Val>8.31898648876761E-3</Val>
</DBL>
<DBL>
<Name></Name>
<Val>0.10687375453917</Val>
</DBL>
<DBL>
<Name></Name>
<Val>0.11430628048798</Val>
</DBL>
<DBL>
<Name></Name>
<Val>0.19915123007431</Val>
</DBL>
<DBL>
<Name></Name>
<Val>0.20824989849273</Val>
</DBL>
<DBL>
<Name></Name>
<Val>0.19643878300024</Val>
</DBL>
<DBL>
<Name></Name>
<Val>8.03227385830010E-2</Val>
</DBL>
<DBL>
<Name></Name>
<Val>5.98921639055365E-2</Val>
</DBL>
<DBL>
<Name></Name>
<Val>1.28187268249652E-2</Val>
</DBL>
<DBL>
<Name></Name>
<Val>1.32488402529345E-2</Val>
</DBL>
<DBL>
<Name></Name>
<Val>8.69758383913540E-3</Val>
</DBL>
<DBL>
<Name></Name>
<Val>0.10622818966926</Val>
</DBL>
<DBL>
<Name></Name>
<Val>0.11371673285729</Val>
</DBL>
<DBL>
<Name></Name>
<Val>0.19843523403773</Val>
</DBL>
<DBL>
<Name></Name>
<Val>0.20775675269985</Val>
</DBL>
<DBL>
<Name></Name>
<Val>0.19645932571381</Val>
</DBL>
<DBL>
<Name></Name>
<Val>8.09614687238737E-2</Val>
</DBL>
<DBL>
<Name></Name>
<Val>6.06779033440121E-2</Val>
</DBL>
<DBL>
<Name></Name>
<Val>1.30403824519294E-2</Val>
</DBL>
<DBL>
<Name></Name>
<Val>1.36406844075278E-2</Val>
</DBL>
<DBL>
<Name></Name>
<Val>9.08332609472273E-3</Val>
</DBL>
<DBL>
<Name></Name>
<Val>0.10560210771412</Val>
</DBL>
<DBL>
<Name></Name>
<Val>0.11314276734175</Val>
</DBL>
<DBL>
<Name></Name>
<Val>0.19773085208779</Val>
</DBL>
<DBL>
<Name></Name>
<Val>0.20726460380621</Val>
</DBL>
<DBL>
<Name></Name>
<Val>0.19646362362473</Val>
</DBL>
<DBL>
<Name></Name>
<Val>8.15817079440068E-2</Val>
</DBL>
<DBL>
<Name></Name>
<Val>6.14462732527988E-2</Val>
</DBL>
<DBL>
<Name></Name>
<Val>1.32586507087928E-2</Val>
</DBL>
<DBL>
<Name></Name>
<Val>1.40333861435173E-2</Val>
</DBL>
<DBL>
<Name></Name>
<Val>9.47602737628705E-3</Val>
</DBL>
<DBL>
<Name></Name>
<Val>0.10499458419107</Val>
</DBL>
<DBL>
<Name></Name>
<Val>0.11258371603727</Val>
</DBL>
<DBL>
<Name></Name>
<Val>0.19703784266325</Val>
</DBL>
<DBL>
<Name></Name>
<Val>0.20677379825316</Val>
</DBL>
<DBL>
<Name></Name>
<Val>0.19645276103620</Val>
</DBL>
<DBL>
<Name></Name>
<Val>8.21839470962553E-2</Val>
</DBL>
<DBL>
<Name></Name>
<Val>6.21975219853141E-2</Val>
</DBL>
<DBL>
<Name></Name>
<Val>1.34735412670667E-2</Val>
</DBL>
<DBL>
<Name></Name>
<Val>1.44267876645351E-2</Val>
</DBL>
<DBL>
<Name></Name>
<Val>9.87549980589003E-3</Val>
</DBL>
<DBL>
<Name></Name>
<Val>0.10440474927066</Val>
</DBL>
<DBL>
<Name></Name>
<Val>0.11203894780761</Val>
</DBL>
<DBL>
<Name></Name>
<Val>0.19635596721932</Val>
</DBL>
<DBL>
<Name></Name>
<Val>0.20628464883930</Val>
</DBL>
<DBL>
<Name></Name>
<Val>0.19642775131297</Val>
</DBL>
<DBL>
<Name></Name>
<Val>8.27686667818427E-2</Val>
</DBL>
<DBL>
<Name></Name>
<Val>6.29319073902626E-2</Val>
</DBL>
<DBL>
<Name></Name>
<Val>1.36850684666846E-2</Val>
</DBL>
<DBL>
<Name></Name>
<Val>1.48207389462030E-2</Val>
</DBL>
<DBL>
<Name></Name>
<Val>1.02815539651608E-2</Val>
</DBL>
<DBL>
<Name></Name>
<Val>0.10383178413918</Val>
</DBL>
<DBL>
<Name></Name>
<Val>0.11150786596442</Val>
</DBL>
<DBL>
<Name></Name>
<Val>0.19568499051141</Val>
</DBL>
<DBL>
<Name></Name>
<Val>0.20579743743354</Val>
</DBL>
<DBL>
<Name></Name>
<Val>0.19638954159143</Val>
</DBL>
<DBL>
<Name></Name>
<Val>8.33363372738760E-2</Val>
</DBL>
<DBL>
<Name></Name>
<Val>6.36496954003639E-2</Val>
</DBL>
<DBL>
<Name></Name>
<Val>1.38932508862279E-2</Val>
</DBL>
<DBL>
<Name></Name>
<Val>1.52150974738481E-2</Val>
</DBL>
<DBL>
<Name></Name>
<Val>1.06939993257151E-2</Val>
</DBL>
<DBL>
<Name></Name>
<Val>0.10327491762205</Val>
</DBL>
<DBL>
<Name></Name>
<Val>0.11098990610471</Val>
</DBL>
<DBL>
<Name></Name>
<Val>0.19502468082832</Val>
</DBL>
<DBL>
<Name></Name>
<Val>0.20531241747358</Val>
</DBL>
<DBL>
<Name></Name>
<Val>0.19633901718279</Val>
</DBL>
<DBL>
<Name></Name>
<Val>8.38874184808257E-2</Val>
</DBL>
<DBL>
<Name></Name>
<Val>6.43511587373024E-2</Val>
</DBL>
<DBL>
<Name></Name>
<Val>1.40981109412075E-2</Val>
</DBL>
<DBL>
<Name></Name>
<Val>1.56097279768068E-2</Val>
</DBL>
<DBL>
<Name></Name>
<Val>1.11126446524148E-2</Val>
</DBL>
<DBL>
<Name></Name>
<Val>0.10273342304800</Val>
</DBL>
<DBL>
<Name></Name>
<Val>0.11048453409456</Val>
</DBL>
<DBL>
<Name></Name>
<Val>0.19437481018180</Val>
</DBL>
<DBL>
<Name></Name>
<Val>0.20482981626749</Val>
</DBL>
<DBL>
<Name></Name>
<Val>0.19627700568785</Val>
</DBL>
<DBL>
<Name></Name>
<Val>8.44223599447942E-2</Val>
</DBL>
<DBL>
<Name></Name>
<Val>6.50365757249942E-2</Val>
</DBL>
<DBL>
<Name></Name>
<Val>1.42996745090648E-2</Val>
</DBL>
<DBL>
<Name></Name>
<Val>1.60045021612240E-2</Val>
</DBL>
<DBL>
<Name></Name>
<Val>1.15372983802293E-2</Val>
</DBL>
<DBL>
<Name></Name>
<Val>0.10220661533576</Val>
</DBL>
<DBL>
<Name></Name>
<Val>0.10999124418871</Val>
</DBL>
<DBL>
<Name></Name>
<Val>0.19373515445823</Val>
</DBL>
<DBL>
<Name></Name>
<Val>0.20434983711461</Val>
</DBL>
<DBL>
<Name></Name>
<Val>0.19620428084090</Val>
</DBL>
<DBL>
<Name></Name>
<Val>8.49416008699983E-2</Val>
</DBL>
<DBL>
<Name></Name>
<Val>6.57062292036918E-2</Val>
</DBL>
<DBL>
<Name></Name>
<Val>1.44979705795645E-2</Val>
</DBL>
<DBL>
<Name></Name>
<Val>1.63992984430091E-2</Val>
</DBL>
<DBL>
<Name></Name>
<Val>1.19677689655276E-2</Val>
</DBL>
<DBL>
<Name></Name>
<Val>0.10169384828648</Val>
</DBL>
<DBL>
<Name></Name>
<Val>0.10950955727655</Val>
</DBL>
<DBL>
<Name></Name>
<Val>0.19310549353763</Val>
</DBL>
<DBL>
<Name></Name>
<Val>0.20387266126028</Val>
</DBL>
<DBL>
<Name></Name>
<Val>0.19612156609946</Val>
</DBL>
<DBL>
<Name></Name>
<Val>8.54455701774102E-2</Val>
</DBL>
<DBL>
<Name></Name>
<Val>6.63604055378659E-2</Val>
</DBL>
<DBL>
<Name></Name>
<Val>1.46930309292664E-2</Val>
</DBL>
<DBL>
<Name></Name>
<Val>1.67940016823795E-2</Val>
</DBL>
<DBL>
<Name></Name>
<Val>1.24038652126755E-2</Val>
</DBL>
<DBL>
<Name></Name>
<Val>0.10119451206623</Val>
</DBL>
<DBL>
<Name></Name>
<Val>0.10903901924566</Val>
</DBL>
<DBL>
<Name></Name>
<Val>0.19248561138423</Val>
</DBL>
<DBL>
<Name></Name>
<Val>0.20339844969797</Val>
</DBL>
<DBL>
<Name></Name>
<Val>0.19602953799586</Val>
</DBL>
<DBL>
<Name></Name>
<Val>8.59346865819765E-2</Val>
</DBL>
<DBL>
<Name></Name>
<Val>6.69993937112088E-2</Val>
</DBL>
<DBL>
<Name></Name>
<Val>1.48848898187939E-2</Val>
</DBL>
<DBL>
<Name></Name>
<Val>1.71885029212225E-2</Val>
</DBL>
<DBL>
<Name></Name>
<Val>1.28453965768550E-2</Val>
</DBL>
<DBL>
<Name></Name>
<Val>0.10070803086475</Val>
</DBL>
<DBL>
<Name></Name>
<Val>0.10857919945454</Val>
</DBL>
<DBL>
<Name></Name>
<Val>0.19187529611259</Val>
</DBL>
<DBL>
<Name></Name>
<Val>0.20292734483085</Val>
</DBL>
<DBL>
<Name></Name>
<Val>0.19592882926553</Val>
</DBL>
<DBL>
<Name></Name>
<Val>8.64093586892401E-2</Val>
</DBL>
<DBL>
<Name></Name>
<Val>6.76234845025010E-2</Val>
</DBL>
<DBL>
<Name></Name>
<Val>1.50735837116434E-2</Val>
</DBL>
<DBL>
<Name></Name>
<Val>1.75826991243201E-2</Val>
</DBL>
<DBL>
<Name></Name>
<Val>1.32921734440440E-2</Val>
</DBL>
<DBL>
<Name></Name>
<Val>0.10023386071699</Val>
</DBL>
<DBL>
<Name></Name>
<Val>0.10812968930710</Val>
</DBL>
<DBL>
<Name></Name>
<Val>0.19127434003252</Val>
</DBL>
<DBL>
<Name></Name>
<Val>0.20245947200410</Val>
</DBL>
<DBL>
<Name></Name>
<Val>0.19582003176651</Val>
</DBL>
<DBL>
<Name></Name>
<Val>8.68699851085608E-2</Val>
</DBL>
<DBL>
<Name></Name>
<Val>6.82329697364665E-2</Val>
</DBL>
<DBL>
<Name></Name>
<Val>1.52591510133210E-2</Val>
</DBL>
<DBL>
<Name></Name>
<Val>1.79764929253144E-2</Val>
</DBL>
<DBL>
<Name></Name>
<Val>1.37440073891182E-2</Val>
</DBL>
<DBL>
<Name></Name>
<Val>9.97714874757213E-2</Val>
</DBL>
<DBL>
<Name></Name>
<Val>0.10769010092165</Val>
</DBL>
<DBL>
<Name></Name>
<Val>0.19068253967563</Val>
</DBL>
<DBL>
<Name></Name>
<Val>0.20199494091819</Val>
</DBL>
<DBL>
<Name></Name>
<Val>0.19570369920343</Val>
</DBL>
<DBL>
<Name></Name>
<Val>8.73169545804536E-2</Val>
</DBL>
<DBL>
<Name></Name>
<Val>6.88281416041031E-2</Val>
</DBL>
<DBL>
<Name></Name>
<Val>1.54416318296322E-2</Val>
</DBL>
<DBL>
<Name></Name>
<Val>1.83697923781448E-2</Val>
</DBL>
<DBL>
<Name></Name>
<Val>1.42007114130385E-2</Val>
</DBL>
<DBL>
<Name></Name>
<Val>9.93204249239746E-2</Val>
</DBL>
<DBL>
<Name></Name>
<Val>0.10726006588791</Val>
</DBL>
<DBL>
<Name></Name>
<Val>0.19009969580617</Val>
</DBL>
<DBL>
<Name></Name>
<Val>0.20153384693243</Val>
</DBL>
<DBL>
<Name></Name>
<Val>0.19558034966870</Val>
</DBL>
<DBL>
<Name></Name>
<Val>8.77506461158514E-2</Val>
</DBL>
<DBL>
<Name></Name>
<Val>6.94092920473271E-2</Val>
</DBL>
<DBL>
<Name></Name>
<Val>1.56210677429934E-2</Val>
</DBL>
<DBL>
<Name></Name>
<Val>1.87625107145554E-2</Val>
</DBL>
<DBL>
<Name></Name>
<Val>1.46621001600953E-2</Val>
</DBL>
<DBL>
<Name></Name>
<Val>9.88802130171537E-2</Val>
</DBL>
<DBL>
<Name></Name>
<Val>0.10683923410592</Val>
</DBL>
<DBL>
<Name></Name>
<Val>0.18952561341818</Val>
</DBL>
<DBL>
<Name></Name>
<Val>0.20107627226738</Val>
</DBL>
<DBL>
<Name></Name>
<Val>0.19545046801290</Val>
</DBL>
<DBL>
<Name></Name>
<Val>8.81714291453534E-2</Val>
</DBL>
<DBL>
<Name></Name>
<Val>6.99767122031091E-2</Val>
</DBL>
<DBL>
<Name></Name>
<Val>1.57975016056809E-2</Val>
</DBL>
<DBL>
<Name></Name>
<Val>1.91545661081515E-2</Val>
</DBL>
<DBL>
<Name></Name>
<Val>1.51279901161727E-2</Val>
</DBL>
<DBL>
<Name></Name>
<Val>9.84504162454128E-2</Val>
</DBL>
<DBL>
<Name></Name>
<Val>0.10642727270118</Val>
</DBL>
<DBL>
<Name></Name>
<Val>0.18896010172097</Val>
</DBL>
<DBL>
<Name></Name>
<Val>0.20062228711414</Val>
</DBL>
<DBL>
<Name></Name>
<Val>0.19531450805561</Val>
</DBL>
<DBL>
<Name></Name>
<Val>8.85796636767485E-2</Val>
</DBL>
<DBL>
<Name></Name>
<Val>7.05306919025863E-2</Val>
</DBL>
<DBL>
<Name></Name>
<Val>1.59709773489790E-2</Val>
</DBL>
<DBL>
<Name></Name>
<Val>1.95458814453824E-2</Val>
</DBL>
<DBL>
<Name></Name>
<Val>1.55981997889852E-2</Val>
</DBL>
<DBL>
<Name></Name>
<Val>9.80306221075774E-2</Val>
</DBL>
<DBL>
<Name></Name>
<Val>0.10602386501074</Val>
</DBL>
<DBL>
<Name></Name>
<Val>0.18840297411458</Val>
</DBL>
<DBL>
<Name></Name>
<Val>0.20017195065756</Val>
</DBL>
<DBL>
<Name></Name>
<Val>0.19517289464710</Val>
</DBL>
<DBL>
<Name></Name>
<Val>8.89757004593030E-2</Val>
</DBL>
<DBL>
<Name></Name>
<Val>7.10715192209465E-2</Val>
</DBL>
<DBL>
<Name></Name>
<Val>1.61415398072372E-2</Val>
</DBL>
<DBL>
<Name></Name>
<Val>1.99363841037322E-2</Val>
</DBL>
<DBL>
<Name></Name>
<Val>1.60725498712281E-2</Val>
</DBL>
<DBL>
<Name></Name>
<Val>9.76204396885916E-2</Val>
</DBL>
<DBL>
<Name></Name>
<Val>0.10562870963537</Val>
</DBL>
<DBL>
<Name></Name>
<Val>0.18785404815658</Val>
</DBL>
<DBL>
<Name></Name>
<Val>0.19972531202012</Val>
</DBL>
<DBL>
<Name></Name>
<Val>0.19502602559093</Val>
</DBL>
<DBL>
<Name></Name>
<Val>8.93598811534780E-2</Val>
</DBL>
<DBL>
<Name></Name>
<Val>7.15994800741558E-2</Val>
</DBL>
<DBL>
<Name></Name>
<Val>1.63092345558919E-2</Val>
</DBL>
<DBL>
<Name></Name>
<Val>2.03260057373237E-2</Val>
</DBL>
<DBL>
<Name></Name>
<Val>1.65508633875597E-2</Val>
</DBL>
<DBL>
<Name></Name>
<Val>9.72194983330683E-2</Val>
</DBL>
<DBL>
<Name></Name>
<Val>0.10524151955330</Val>
</DBL>
<DBL>
<Name></Name>
<Val>0.18731314552161</Val>
</DBL>
<DBL>
<Name></Name>
<Val>0.19928241113266</Val>
</DBL>
<DBL>
<Name></Name>
<Val>0.19487427343663</Val>
</DBL>
<DBL>
<Name></Name>
<Val>8.97325385049051E-2</Val>
</DBL>
<DBL>
<Name></Name>
<Val>7.21148578588777E-2</Val>
</DBL>
<DBL>
<Name></Name>
<Val>1.64741077625564E-2</Val>
</DBL>
<DBL>
<Name></Name>
<Val>2.07146820700645E-2</Val>
</DBL>
<DBL>
<Name></Name>
<Val>1.70329658263159E-2</Val>
</DBL>
<DBL>
<Name></Name>
<Val>9.68274464080824E-2</Val>
</DBL>
<DBL>
<Name></Name>
<Val>0.10486202129123</Val>
</DBL>
<DBL>
<Name></Name>
<Val>0.18678009195468</Val>
</DBL>
<DBL>
<Name></Name>
<Val>0.19884327953742</Val>
</DBL>
<DBL>
<Name></Name>
<Val>0.19471798715126</Val>
</DBL>
<DBL>
<Name></Name>
<Val>9.00939965215843E-2</Val>
</DBL>
<DBL>
<Name></Name>
<Val>7.26179331321754E-2</Val>
</DBL>
<DBL>
<Name></Name>
<Val>1.66362060503280E-2</Val>
</DBL>
<DBL>
<Name></Name>
<Val>2.11023526964070E-2</Val>
</DBL>
<DBL>
<Name></Name>
<Val>1.75186852568309E-2</Val>
</DBL>
<DBL>
<Name></Name>
<Val>9.64439501488615E-2</Val>
</DBL>
<DBL>
<Name></Name>
<Val>0.10448995414871</Val>
</DBL>
<DBL>
<Name></Name>
<Val>0.18625471721920</Val>
</DBL>
<DBL>
<Name></Name>
<Val>0.19840794112870</Val>
</DBL>
<DBL>
<Name></Name>
<Val>0.19455749367784</Val>
</DBL>
<DBL>
<Name></Name>
<Val>9.04445706533957E-2</Val>
</DBL>
<DBL>
<Name></Name>
<Val>7.31089833278346E-2</Val>
</DBL>
<DBL>
<Name></Name>
<Val>1.67955763725067E-2</Val>
</DBL>
<DBL>
<Name></Name>
<Val>2.14889608897383E-2</Val>
</DBL>
<DBL>
<Name></Name>
<Val>1.80078524332125E-2</Val>
</DBL>
<DBL>
<Name></Name>
<Val>9.60686925814991E-2</Val>
</DBL>
<DBL>
<Name></Name>
<Val>0.10412506947239</Val>
</DBL>
<DBL>
<Name></Name>
<Val>0.18573685504063</Val>
</DBL>
<DBL>
<Name></Name>
<Val>0.19797641283585</Val>
</DBL>
<DBL>
<Name></Name>
<Val>0.19439309938841</Val>
</DBL>
<DBL>
<Name></Name>
<Val>9.07845679731270E-2</Val>
</DBL>
<DBL>
<Name></Name>
<Val>7.35882825063638E-2</Val>
</DBL>
<DBL>
<Name></Name>
<Val>1.69522658979628E-2</Val>
</DBL>
<DBL>
<Name></Name>
<Val>2.18744534183711E-2</Val>
</DBL>
<DBL>
<Name></Name>
<Val>1.85003008853911E-2</Val>
</DBL>
<DBL>
<Name></Name>
<Val>9.57013725172579E-2</Val>
</DBL>
<DBL>
<Name></Name>
<Val>0.10376712997649</Val>
</DBL>
<DBL>
<Name></Name>
<Val>0.18522634304643</Val>
</DBL>
<DBL>
<Name></Name>
<Val>0.19754870525306</Val>
</DBL>
<DBL>
<Name></Name>
<Val>0.19422509143877</Val>
</DBL>
<DBL>
<Name></Name>
<Val>9.11142873583164E-2</Val>
</DBL>
<DBL>
<Name></Name>
<Val>7.40561011359363E-2</Val>
</DBL>
<DBL>
<Name></Name>
<Val>1.71063219064341E-2</Val>
</DBL>
<DBL>
<Name></Name>
<Val>2.22587803690662E-2</Val>
</DBL>
<DBL>
<Name></Name>
<Val>1.89958669982363E-2</Val>
</DBL>
<DBL>
<Name></Name>
<Val>9.53417036134250E-2</Val>
</DBL>
<DBL>
<Name></Name>
<Val>0.10341590910654</Val>
</DBL>
<DBL>
<Name></Name>
<Val>0.18472302270309</Val>
</DBL>
<DBL>
<Name></Name>
<Val>0.19712482321983</Val>
</DBL>
<DBL>
<Name></Name>
<Val>0.19405373903151</Val>
</DBL>
<DBL>
<Name></Name>
<Val>9.14340196732997E-2</Val>
</DBL>
<DBL>
<Name></Name>
<Val>7.45127059017391E-2</Val>
</DBL>
<DBL>
<Name></Name>
<Val>1.72577916930741E-2</Val>
</DBL>
<DBL>
<Name></Name>
<Val>2.26418949779851E-2</Val>
</DBL>
<DBL>
<Name></Name>
<Val>1.94943900794981E-2</Val>
</DBL>
<DBL>
<Name></Name>
<Val>9.49894134960561E-2</Val>
</DBL>
<DBL>
<Name></Name>
<Val>0.10307119044346</Val>
</DBL>
<DBL>
<Name></Name>
<Val>0.18422673925056</Val>
</DBL>
<DBL>
<Name></Name>
<Val>0.19670476635609</Val>
</DBL>
<DBL>
<Name></Name>
<Val>0.19387929459368</Val>
</DBL>
<DBL>
<Name></Name>
<Val>9.17440479509260E-2</Val>
</DBL>
<DBL>
<Name></Name>
<Val>7.49583595413731E-2</Val>
</DBL>
<DBL>
<Name></Name>
<Val>1.74067224816108E-2</Val>
</DBL>
<DBL>
<Name></Name>
<Val>2.30237534689436E-2</Val>
</DBL>
<DBL>
<Name></Name>
<Val>1.99957124173063E-2</Val>
</DBL>
<DBL>
<Name></Name>
<Val>9.46442429402854E-2</Val>
</DBL>
<DBL>
<Name></Name>
<Val>0.10273276714508</Val>
</DBL>
<DBL>
<Name></Name>
<Val>0.18373734163488</Val>
</DBL>
<DBL>
<Name></Name>
<Val>0.19628852955518</Val>
</DBL>
<DBL>
<Name></Name>
<Val>0.19370199487472</Val>
</DBL>
<DBL>
<Name></Name>
<Val>9.20446475734770E-2</Val>
</DBL>
<DBL>
<Name></Name>
<Val>7.53933207041222E-2</Val>
</DBL>
<DBL>
<Name></Name>
<Val>1.75531613455149E-2</Val>
</DBL>
<DBL>
<Name></Name>
<Val>2.34043148988115E-2</Val>
</DBL>
<DBL>
<Name></Name>
<Val>2.04996793279272E-2</Val>
</DBL>
<DBL>
<Name></Name>
<Val>9.43059451041931E-2</Val>
</DBL>
<DBL>
<Name></Name>
<Val>0.10240044142279</Val>
</DBL>
<DBL>
<Name></Name>
<Val>0.18325468243920</Val>
</DBL>
<DBL>
<Name></Name>
<Val>0.19587610343815</Val>
</DBL>
<DBL>
<Name></Name>
<Val>0.19352206197028</Val>
</DBL>
<DBL>
<Name></Name>
<Val>9.23360864523866E-2</Val>
</DBL>
<DBL>
<Name></Name>
<Val>7.58178438320687E-2</Val>
</DBL>
<DBL>
<Name></Name>
<Val>1.76971551366120E-2</Val>
</DBL>
<DBL>
<Name></Name>
<Val>2.37835410098891E-2</Val>
</DBL>
<DBL>
<Name></Name>
<Val>2.10061391944445E-2</Val>
</DBL>
<DBL>
<Name></Name>
<Val>9.39742848125142E-2</Val>
</DBL>
<DBL>
<Name></Name>
<Val>0.10207402405083</Val>
</DBL>
<DBL>
<Name></Name>
<Val>0.18277861781367</Val>
</DBL>
<DBL>
<Name></Name>
<Val>0.19546747477194</Val>
</DBL>
<DBL>
<Name></Name>
<Val>0.19333970427677</Val>
</DBL>
<DBL>
<Name></Name>
<Val>9.26186252064099E-2</Val>
</DBL>
<DBL>
<Name></Name>
<Val>7.62321790611815E-2</Val>
</DBL>
<DBL>
<Name></Name>
<Val>1.78387504206060E-2</Val>
</DBL>
<DBL>
<Name></Name>
<Val>2.41613960890706E-2</Val>
</DBL>
<DBL>
<Name></Name>
<Val>2.15149434970045E-2</Val>
</DBL>
</Array>
<Array>
<Name>StateAdjacencyMatrix</Name>
<Dimsize>10</Dimsize>
<Dimsize>10</Dimsize>
<String>
<Name></Name>
<Val>@</Val>
</String>
<String>
<Name></Name>
<Val>D</Val>
</String>
<String>
<Name></Name>
<Val>@</Val>
</String>
<String>
<Name></Name>
<Val>@</Val>
</String>
<String>
<Name></Name>
<Val>@</Val>
</String>
<String>
<Name></Name>
<Val>@</Val>
</String>
<String>
<Name></Name>
<Val>@</Val>
</String>
<String>
<Name></Name>
<Val>@</Val>
</String>
<String>
<Name></Name>
<Val>@</Val>
</String>
<String>
<Name></Name>
<Val>@</Val>
</String>
<String>
<Name></Name>
<Val>A</Val>
</String>
<String>
<Name></Name>
<Val>@</Val>
</String>
<String>
<Name></Name>
<Val>D</Val>
</String>
<String>
<Name></Name>
<Val>@</Val>
</String>
<String>
<Name></Name>
<Val>@</Val>
</String>
<String>
<Name></Name>
<Val>@</Val>
</String>
<String>
<Name></Name>
<Val>@</Val>
</String>
<String>
<Name></Name>
<Val>@</Val>
</String>
<String>
<Name></Name>
<Val>@</Val>
</String>
<String>
<Name></Name>
<Val>@</Val>
</String>
<String>
<Name></Name>
<Val>@</Val>
</String>
<String>
<Name></Name>
<Val>B</Val>
</String>
<String>
<Name></Name>
<Val>@</Val>
</String>
<String>
<Name></Name>
<Val>D</Val>
</String>
<String>
<Name></Name>
<Val>@</Val>
</String>
<String>
<Name></Name>
<Val>@</Val>
</String>
<String>
<Name></Name>
<Val>@</Val>
</String>
<String>
<Name></Name>
<Val>@</Val>
</String>
<String>
<Name></Name>
<Val>@</Val>
</String>
<String>
<Name></Name>
<Val>@</Val>
</String>
<String>
<Name></Name>
<Val>@</Val>
</String>
<String>
<Name></Name>
<Val>@</Val>
</String>
<String>
<Name></Name>
<Val>A</Val>
</String>
<String>
<Name></Name>
<Val>@</Val>
</String>
<String>
<Name></Name>
<Val>B</Val>
</String>
<String>
<Name></Name>
<Val>@</Val>
</String>
<String>
<Name></Name>
<Val>@</Val>
</String>
<String>
<Name></Name>
<Val>@</Val>
</String>
<String>
<Name></Name>
<Val>@</Val>
</String>
<String>
<Name></Name>
<Val>@</Val>
</String>
<String>
<Name></Name>
<Val>@</Val>
</String>
<String>
<Name></Name>
<Val>@</Val>
</String>
<String>
<Name></Name>
<Val>@</Val>
</String>
<String>
<Name></Name>
<Val>F</Val>
</String>
<String>
<Name></Name>
<Val>@</Val>
</String>
<String>
<Name></Name>
<Val>E</Val>
</String>
<String>
<Name></Name>
<Val>@</Val>
</String>
<String>
<Name></Name>
<Val>@</Val>
</String>
<String>
<Name></Name>
<Val>@</Val>
</String>
<String>
<Name></Name>
<Val>@</Val>
</String>
<String>
<Name></Name>
<Val>@</Val>
</String>
<String>
<Name></Name>
<Val>@</Val>
</String>
<String>
<Name></Name>
<Val>@</Val>
</String>
<String>
<Name></Name>
<Val>@</Val>
</String>
<String>
<Name></Name>
<Val>C</Val>
</String>
<String>
<Name></Name>
<Val>@</Val>
</String>
<String>
<Name></Name>
<Val>F</Val>
</String>
<String>
<Name></Name>
<Val>@</Val>
</String>
<String>
<Name></Name>
<Val>@</Val>
</String>
<String>
<Name></Name>
<Val>@</Val>
</String>
<String>
<Name></Name>
<Val>@</Val>
</String>
<String>
<Name></Name>
<Val>@</Val>
</String>
<String>
<Name></Name>
<Val>@</Val>
</String>
<String>
<Name></Name>
<Val>@</Val>
</String>
<String>
<Name></Name>
<Val>@</Val>
</String>
<String>
<Name></Name>
<Val>F</Val>
</String>
<String>
<Name></Name>
<Val>@</Val>
</String>
<String>
<Name></Name>
<Val>C</Val>
</String>
<String>
<Name></Name>
<Val>@</Val>
</String>
<String>
<Name></Name>
<Val>@</Val>
</String>
<String>
<Name></Name>
<Val>@</Val>
</String>
<String>
<Name></Name>
<Val>@</Val>
</String>
<String>
<Name></Name>
<Val>@</Val>
</String>
<String>
<Name></Name>
<Val>@</Val>
</String>
<String>
<Name></Name>
<Val>@</Val>
</String>
<String>
<Name></Name>
<Val>@</Val>
</String>
<String>
<Name></Name>
<Val>A</Val>
</String>
<String>
<Name></Name>
<Val>@</Val>
</String>
<String>
<Name></Name>
<Val>B</Val>
</String>
<String>
<Name></Name>
<Val>@</Val>
</String>
<String>
<Name></Name>
<Val>@</Val>
</String>
<String>
<Name></Name>
<Val>@</Val>
</String>
<String>
<Name></Name>
<Val>@</Val>
</String>
<String>
<Name></Name>
<Val>@</Val>
</String>
<String>
<Name></Name>
<Val>@</Val>
</String>
<String>
<Name></Name>
<Val>@</Val>
</String>
<String>
<Name></Name>
<Val>@</Val>
</String>
<String>
<Name></Name>
<Val>E</Val>
</String>
<String>
<Name></Name>
<Val>@</Val>
</String>
<String>
<Name></Name>
<Val>C</Val>
</String>
<String>
<Name></Name>
<Val>@</Val>
</String>
<String>
<Name></Name>
<Val>@</Val>
</String>
<String>
<Name></Name>
<Val>@</Val>
</String>
<String>
<Name></Name>
<Val>@</Val>
</String>
<String>
<Name></Name>
<Val>@</Val>
</String>
<String>
<Name></Name>
<Val>@</Val>
</String>
<String>
<Name></Name>
<Val>@</Val>
</String>
<String>
<Name></Name>
<Val>@</Val>
</String>
<String>
<Name></Name>
<Val>E</Val>
</String>
<String>
<Name></Name>
<Val>@</Val>
</String>
</Array>
<Cluster>
<Name>IntegrationParams</Name>
<NumElts>4</NumElts>
<DBL>
<Name>time start</Name>
<Val>0.00000000000000</Val>
</DBL>
<DBL>
<Name>time end</Name>
<Val>999.00000000000000</Val>
</DBL>
<DBL>
<Name>h (step rate)</Name>
<Val>0.10000000000000</Val>
</DBL>
<Array>
<Name>X0</Name>
<Dimsize>10</Dimsize>
<I32>
<Name></Name>
<Val>1</Val>
</I32>
<I32>
<Name></Name>
<Val>0</Val>
</I32>
<I32>
<Name></Name>
<Val>0</Val>
</I32>
<I32>
<Name></Name>
<Val>0</Val>
</I32>
<I32>
<Name></Name>
<Val>0</Val>
</I32>
<I32>
<Name></Name>
<Val>0</Val>
</I32>
<I32>
<Name></Name>
<Val>0</Val>
</I32>
<I32>
<Name></Name>
<Val>0</Val>
</I32>
<I32>
<Name></Name>
<Val>0</Val>
</I32>
<I32>
<Name></Name>
<Val>0</Val>
</I32>
</Array>
</Cluster>
<Array>
<Name>StateNames</Name>
<Dimsize>10</Dimsize>
<String>
<Name>string</Name>
<Val>a</Val>
</String>
<String>
<Name>string</Name>
<Val>b</Val>
</String>
<String>
<Name>string</Name>
<Val>c</Val>
</String>
<String>
<Name>string</Name>
<Val>d</Val>
</String>
<String>
<Name>string</Name>
<Val>e</Val>
</String>
<String>
<Name>string</Name>
<Val>f</Val>
</String>
<String>
<Name>string</Name>
<Val>g</Val>
</String>
<String>
<Name>string</Name>
<Val>h</Val>
</String>
<String>
<Name>string</Name>
<Val>i</Val>
</String>
<String>
<Name>string</Name>
<Val>j</Val>
</String>
</Array>
</Cluster>
</LVData>