<?xml version='1.0' standalone='yes' ?>
<LVData xmlns="http://www.ni.com/LVData">
<Version>10.0.1</Version>
<Cluster>
<Name>ModelData</Name>
<NumElts>7</NumElts>
<Array>
<Name>Transitions</Name>
<Dimsize>9</Dimsize>
<Dimsize>2</Dimsize>
<String>
<Name>string</Name>
<Val>A</Val>
</String>
<String>
<Name>string</Name>
<Val>A</Val>
</String>
<String>
<Name>string</Name>
<Val>B</Val>
</String>
<String>
<Name>string</Name>
<Val>B</Val>
</String>
<String>
<Name>string</Name>
<Val>C</Val>
</String>
<String>
<Name>string</Name>
<Val>C</Val>
</String>
<String>
<Name>string</Name>
<Val>D</Val>
</String>
<String>
<Name>string</Name>
<Val>D</Val>
</String>
<String>
<Name>string</Name>
<Val>E</Val>
</String>
<String>
<Name>string</Name>
<Val>E</Val>
</String>
<String>
<Name>string</Name>
<Val>F</Val>
</String>
<String>
<Name>string</Name>
<Val>F</Val>
</String>
<String>
<Name>string</Name>
<Val>G</Val>
</String>
<String>
<Name>string</Name>
<Val>G</Val>
</String>
<String>
<Name>string</Name>
<Val>H</Val>
</String>
<String>
<Name>string</Name>
<Val>H</Val>
</String>
<String>
<Name>string</Name>
<Val>I</Val>
</String>
<String>
<Name>string</Name>
<Val>I</Val>
</String>
</Array>
<Array>
<Name>RealValues</Name>
<Dimsize>9</Dimsize>
<Dimsize>2</Dimsize>
<String>
<Name>string</Name>
<Val>A</Val>
</String>
<String>
<Name>string</Name>
<Val>0,069606</Val>
</String>
<String>
<Name>string</Name>
<Val>B</Val>
</String>
<String>
<Name>string</Name>
<Val>0,008936</Val>
</String>
<String>
<Name>string</Name>
<Val>C</Val>
</String>
<String>
<Name>string</Name>
<Val>0,091395</Val>
</String>
<String>
<Name>string</Name>
<Val>D</Val>
</String>
<String>
<Name>string</Name>
<Val>0,085363</Val>
</String>
<String>
<Name>string</Name>
<Val>E</Val>
</String>
<String>
<Name>string</Name>
<Val>0,095159</Val>
</String>
<String>
<Name>string</Name>
<Val>F</Val>
</String>
<String>
<Name>string</Name>
<Val>0,024924</Val>
</String>
<String>
<Name>string</Name>
<Val>G</Val>
</String>
<String>
<Name>string</Name>
<Val>0,082082</Val>
</String>
<String>
<Name>string</Name>
<Val>H</Val>
</String>
<String>
<Name>string</Name>
<Val>0,005566</Val>
</String>
<String>
<Name>string</Name>
<Val>I</Val>
</String>
<String>
<Name>string</Name>
<Val>0,145712</Val>
</String>
</Array>
<Array>
<Name>Times</Name>
<Dimsize>100</Dimsize>
<DBL>
<Name></Name>
<Val>0.00000000000000</Val>
</DBL>
<DBL>
<Name></Name>
<Val>10.00000000000000</Val>
</DBL>
<DBL>
<Name></Name>
<Val>20.00000000000000</Val>
</DBL>
<DBL>
<Name></Name>
<Val>30.00000000000000</Val>
</DBL>
<DBL>
<Name></Name>
<Val>40.00000000000000</Val>
</DBL>
<DBL>
<Name></Name>
<Val>50.00000000000000</Val>
</DBL>
<DBL>
<Name></Name>
<Val>60.00000000000000</Val>
</DBL>
<DBL>
<Name></Name>
<Val>70.00000000000000</Val>
</DBL>
<DBL>
<Name></Name>
<Val>80.00000000000000</Val>
</DBL>
<DBL>
<Name></Name>
<Val>90.00000000000000</Val>
</DBL>
<DBL>
<Name></Name>
<Val>100.00000000000000</Val>
</DBL>
<DBL>
<Name></Name>
<Val>110.00000000000000</Val>
</DBL>
<DBL>
<Name></Name>
<Val>120.00000000000000</Val>
</DBL>
<DBL>
<Name></Name>
<Val>130.00000000000000</Val>
</DBL>
<DBL>
<Name></Name>
<Val>140.00000000000000</Val>
</DBL>
<DBL>
<Name></Name>
<Val>150.00000000000000</Val>
</DBL>
<DBL>
<Name></Name>
<Val>160.00000000000000</Val>
</DBL>
<DBL>
<Name></Name>
<Val>170.00000000000000</Val>
</DBL>
<DBL>
<Name></Name>
<Val>180.00000000000000</Val>
</DBL>
<DBL>
<Name></Name>
<Val>190.00000000000000</Val>
</DBL>
<DBL>
<Name></Name>
<Val>200.00000000000000</Val>
</DBL>
<DBL>
<Name></Name>
<Val>210.00000000000000</Val>
</DBL>
<DBL>
<Name></Name>
<Val>220.00000000000000</Val>
</DBL>
<DBL>
<Name></Name>
<Val>230.00000000000000</Val>
</DBL>
<DBL>
<Name></Name>
<Val>240.00000000000000</Val>
</DBL>
<DBL>
<Name></Name>
<Val>250.00000000000000</Val>
</DBL>
<DBL>
<Name></Name>
<Val>260.00000000000000</Val>
</DBL>
<DBL>
<Name></Name>
<Val>270.00000000000000</Val>
</DBL>
<DBL>
<Name></Name>
<Val>280.00000000000000</Val>
</DBL>
<DBL>
<Name></Name>
<Val>290.00000000000000</Val>
</DBL>
<DBL>
<Name></Name>
<Val>300.00000000000000</Val>
</DBL>
<DBL>
<Name></Name>
<Val>310.00000000000000</Val>
</DBL>
<DBL>
<Name></Name>
<Val>320.00000000000000</Val>
</DBL>
<DBL>
<Name></Name>
<Val>330.00000000000000</Val>
</DBL>
<DBL>
<Name></Name>
<Val>340.00000000000000</Val>
</DBL>
<DBL>
<Name></Name>
<Val>350.00000000000000</Val>
</DBL>
<DBL>
<Name></Name>
<Val>360.00000000000000</Val>
</DBL>
<DBL>
<Name></Name>
<Val>370.00000000000000</Val>
</DBL>
<DBL>
<Name></Name>
<Val>380.00000000000000</Val>
</DBL>
<DBL>
<Name></Name>
<Val>390.00000000000000</Val>
</DBL>
<DBL>
<Name></Name>
<Val>400.00000000000000</Val>
</DBL>
<DBL>
<Name></Name>
<Val>410.00000000000000</Val>
</DBL>
<DBL>
<Name></Name>
<Val>420.00000000000000</Val>
</DBL>
<DBL>
<Name></Name>
<Val>430.00000000000000</Val>
</DBL>
<DBL>
<Name></Name>
<Val>440.00000000000000</Val>
</DBL>
<DBL>
<Name></Name>
<Val>450.00000000000000</Val>
</DBL>
<DBL>
<Name></Name>
<Val>460.00000000000000</Val>
</DBL>
<DBL>
<Name></Name>
<Val>470.00000000000000</Val>
</DBL>
<DBL>
<Name></Name>
<Val>480.00000000000000</Val>
</DBL>
<DBL>
<Name></Name>
<Val>490.00000000000000</Val>
</DBL>
<DBL>
<Name></Name>
<Val>500.00000000000000</Val>
</DBL>
<DBL>
<Name></Name>
<Val>510.00000000000000</Val>
</DBL>
<DBL>
<Name></Name>
<Val>520.00000000000000</Val>
</DBL>
<DBL>
<Name></Name>
<Val>530.00000000000000</Val>
</DBL>
<DBL>
<Name></Name>
<Val>540.00000000000000</Val>
</DBL>
<DBL>
<Name></Name>
<Val>550.00000000000000</Val>
</DBL>
<DBL>
<Name></Name>
<Val>560.00000000000000</Val>
</DBL>
<DBL>
<Name></Name>
<Val>570.00000000000000</Val>
</DBL>
<DBL>
<Name></Name>
<Val>580.00000000000000</Val>
</DBL>
<DBL>
<Name></Name>
<Val>590.00000000000000</Val>
</DBL>
<DBL>
<Name></Name>
<Val>600.00000000000000</Val>
</DBL>
<DBL>
<Name></Name>
<Val>610.00000000000000</Val>
</DBL>
<DBL>
<Name></Name>
<Val>620.00000000000000</Val>
</DBL>
<DBL>
<Name></Name>
<Val>630.00000000000000</Val>
</DBL>
<DBL>
<Name></Name>
<Val>640.00000000000000</Val>
</DBL>
<DBL>
<Name></Name>
<Val>650.00000000000000</Val>
</DBL>
<DBL>
<Name></Name>
<Val>660.00000000000000</Val>
</DBL>
<DBL>
<Name></Name>
<Val>670.00000000000000</Val>
</DBL>
<DBL>
<Name></Name>
<Val>680.00000000000000</Val>
</DBL>
<DBL>
<Name></Name>
<Val>690.00000000000000</Val>
</DBL>
<DBL>
<Name></Name>
<Val>700.00000000000000</Val>
</DBL>
<DBL>
<Name></Name>
<Val>710.00000000000000</Val>
</DBL>
<DBL>
<Name></Name>
<Val>720.00000000000000</Val>
</DBL>
<DBL>
<Name></Name>
<Val>730.00000000000000</Val>
</DBL>
<DBL>
<Name></Name>
<Val>740.00000000000000</Val>
</DBL>
<DBL>
<Name></Name>
<Val>750.00000000000000</Val>
</DBL>
<DBL>
<Name></Name>
<Val>760.00000000000000</Val>
</DBL>
<DBL>
<Name></Name>
<Val>770.00000000000000</Val>
</DBL>
<DBL>
<Name></Name>
<Val>780.00000000000000</Val>
</DBL>
<DBL>
<Name></Name>
<Val>790.00000000000000</Val>
</DBL>
<DBL>
<Name></Name>
<Val>800.00000000000000</Val>
</DBL>
<DBL>
<Name></Name>
<Val>810.00000000000000</Val>
</DBL>
<DBL>
<Name></Name>
<Val>820.00000000000000</Val>
</DBL>
<DBL>
<Name></Name>
<Val>830.00000000000000</Val>
</DBL>
<DBL>
<Name></Name>
<Val>840.00000000000000</Val>
</DBL>
<DBL>
<Name></Name>
<Val>850.00000000000000</Val>
</DBL>
<DBL>
<Name></Name>
<Val>860.00000000000000</Val>
</DBL>
<DBL>
<Name></Name>
<Val>870.00000000000000</Val>
</DBL>
<DBL>
<Name></Name>
<Val>880.00000000000000</Val>
</DBL>
<DBL>
<Name></Name>
<Val>890.00000000000000</Val>
</DBL>
<DBL>
<Name></Name>
<Val>900.00000000000000</Val>
</DBL>
<DBL>
<Name></Name>
<Val>910.00000000000000</Val>
</DBL>
<DBL>
<Name></Name>
<Val>920.00000000000000</Val>
</DBL>
<DBL>
<Name></Name>
<Val>930.00000000000000</Val>
</DBL>
<DBL>
<Name></Name>
<Val>940.00000000000000</Val>
</DBL>
<DBL>
<Name></Name>
<Val>950.00000000000000</Val>
</DBL>
<DBL>
<Name></Name>
<Val>960.00000000000000</Val>
</DBL>
<DBL>
<Name></Name>
<Val>970.00000000000000</Val>
</DBL>
<DBL>
<Name></Name>
<Val>980.00000000000000</Val>
</DBL>
<DBL>
<Name></Name>
<Val>990.00000000000000</Val>
</DBL>
</Array>
<Array>
<Name>RealSolution</Name>
<Dimsize>100</Dimsize>
<Dimsize>10</Dimsize>
<DBL>
<Name></Name>
<Val>1.00000000000000</Val>
</DBL>
<DBL>
<Name></Name>
<Val>0.00000000000000</Val>
</DBL>
<DBL>
<Name></Name>
<Val>0.00000000000000</Val>
</DBL>
<DBL>
<Name></Name>
<Val>0.00000000000000</Val>
</DBL>
<DBL>
<Name></Name>
<Val>0.00000000000000</Val>
</DBL>
<DBL>
<Name></Name>
<Val>0.00000000000000</Val>
</DBL>
<DBL>
<Name></Name>
<Val>0.00000000000000</Val>
</DBL>
<DBL>
<Name></Name>
<Val>0.00000000000000</Val>
</DBL>
<DBL>
<Name></Name>
<Val>0.00000000000000</Val>
</DBL>
<DBL>
<Name></Name>
<Val>0.00000000000000</Val>
</DBL>
<DBL>
<Name></Name>
<Val>0.91723384687347</Val>
</DBL>
<DBL>
<Name></Name>
<Val>5.42359336027879E-2</Val>
</DBL>
<DBL>
<Name></Name>
<Val>2.67337792637313E-2</Val>
</DBL>
<DBL>
<Name></Name>
<Val>1.48893567455046E-3</Val>
</DBL>
<DBL>
<Name></Name>
<Val>2.57722977837508E-4</Val>
</DBL>
<DBL>
<Name></Name>
<Val>4.31319148917615E-5</Val>
</DBL>
<DBL>
<Name></Name>
<Val>6.59491781223500E-6</Val>
</DBL>
<DBL>
<Name></Name>
<Val>5.01101037686656E-8</Val>
</DBL>
<DBL>
<Name></Name>
<Val>4.27725043287375E-9</Val>
</DBL>
<DBL>
<Name></Name>
<Val>3.87561329747471E-10</Val>
</DBL>
<DBL>
<Name></Name>
<Val>0.84430380140368</Val>
</DBL>
<DBL>
<Name></Name>
<Val>7.11716394247972E-2</Val>
</DBL>
<DBL>
<Name></Name>
<Val>7.55501942813065E-2</Val>
</DBL>
<DBL>
<Name></Name>
<Val>6.30110486387616E-3</Val>
</DBL>
<DBL>
<Name></Name>
<Val>1.90303953636487E-3</Val>
</DBL>
<DBL>
<Name></Name>
<Val>5.88592972110375E-4</Val>
</DBL>
<DBL>
<Name></Name>
<Val>1.78306726723081E-4</Val>
</DBL>
<DBL>
<Name></Name>
<Val>2.80047851722762E-6</Val>
</DBL>
<DBL>
<Name></Name>
<Val>4.37243717695541E-7</Val>
</DBL>
<DBL>
<Name></Name>
<Val>8.30689117811685E-8</Val>
</DBL>
<DBL>
<Name></Name>
<Val>0.77841058156528</Val>
</DBL>
<DBL>
<Name></Name>
<Val>7.52411119225742E-2</Val>
</DBL>
<DBL>
<Name></Name>
<Val>0.12585492142386</Val>
</DBL>
<DBL>
<Name></Name>
<Val>1.24849527979874E-2</Val>
</DBL>
<DBL>
<Name></Name>
<Val>4.95326714529099E-3</Val>
</DBL>
<DBL>
<Name></Name>
<Val>2.11589393272404E-3</Val>
</DBL>
<DBL>
<Name></Name>
<Val>9.11767309066814E-4</Val>
</DBL>
<DBL>
<Name></Name>
<Val>2.16335966866437E-5</Val>
</DBL>
<DBL>
<Name></Name>
<Val>4.56922397095341E-6</Val>
</DBL>
<DBL>
<Name></Name>
<Val>1.30108255639713E-6</Val>
</DBL>
<DBL>
<Name></Name>
<Val>0.71827723392907</Val>
</DBL>
<DBL>
<Name></Name>
<Val>7.48844299619651E-2</Val>
</DBL>
<DBL>
<Name></Name>
<Val>0.17195298808863</Val>
</DBL>
<DBL>
<Name></Name>
<Val>1.87999503514197E-2</Val>
</DBL>
<DBL>
<Name></Name>
<Val>8.82972164507860E-3</Val>
</DBL>
<DBL>
<Name></Name>
<Val>4.65872140773675E-3</Val>
</DBL>
<DBL>
<Name></Name>
<Val>2.49079618767549E-3</Val>
</DBL>
<DBL>
<Name></Name>
<Val>7.86328901926849E-5</Val>
</DBL>
<DBL>
<Name></Name>
<Val>2.00716011295084E-5</Val>
</DBL>
<DBL>
<Name></Name>
<Val>7.45393709929139E-6</Val>
</DBL>
<DBL>
<Name></Name>
<Val>0.66318027522059</Val>
</DBL>
<DBL>
<Name></Name>
<Val>7.30348222928164E-2</Val>
</DBL>
<DBL>
<Name></Name>
<Val>0.21265625909717</Val>
</DBL>
<DBL>
<Name></Name>
<Val>2.47591247629946E-2</Val>
</DBL>
<DBL>
<Name></Name>
<Val>1.30893095767285E-2</Val>
</DBL>
<DBL>
<Name></Name>
<Val>8.04298374562185E-3</Val>
</DBL>
<DBL>
<Name></Name>
<Val>4.96083308963645E-3</Val>
</DBL>
<DBL>
<Name></Name>
<Val>1.94367362123962E-4</Val>
</DBL>
<DBL>
<Name></Name>
<Val>5.66360679685665E-5</Val>
</DBL>
<DBL>
<Name></Name>
<Val>2.53887843553084E-5</Val>
</DBL>
<DBL>
<Name></Name>
<Val>0.61261295986345</Val>
</DBL>
<DBL>
<Name></Name>
<Val>7.07197264651697E-2</Val>
</DBL>
<DBL>
<Name></Name>
<Val>0.24813059595688</Val>
</DBL>
<DBL>
<Name></Name>
<Val>3.02126007168087E-2</Val>
</DBL>
<DBL>
<Name></Name>
<Val>1.74766383548232E-2</Val>
</DBL>
<DBL>
<Name></Name>
<Val>1.20601679083630E-2</Val>
</DBL>
<DBL>
<Name></Name>
<Val>8.21840827386285E-3</Val>
</DBL>
<DBL>
<Name></Name>
<Val>3.82492874705446E-4</Val>
</DBL>
<DBL>
<Name></Name>
<Val>1.23016707234042E-4</Val>
</DBL>
<DBL>
<Name></Name>
<Val>6.33928787037571E-5</Val>
</DBL>
<DBL>
<Name></Name>
<Val>0.56616637628220</Val>
</DBL>
<DBL>
<Name></Name>
<Val>6.83034569268903E-2</Val>
</DBL>
<DBL>
<Name></Name>
<Val>0.27890266687634</Val>
</DBL>
<DBL>
<Name></Name>
<Val>3.51421397538258E-2</Val>
</DBL>
<DBL>
<Name></Name>
<Val>2.18527486085473E-2</Val>
</DBL>
<DBL>
<Name></Name>
<Val>1.65233566638879E-2</Val>
</DBL>
<DBL>
<Name></Name>
<Val>1.21049712132512E-2</Val>
</DBL>
<DBL>
<Name></Name>
<Val>6.49462086348609E-4</Val>
</DBL>
<DBL>
<Name></Name>
<Val>2.25551754077909E-4</Val>
</DBL>
<DBL>
<Name></Name>
<Val>1.29269834632944E-4</Val>
</DBL>
<DBL>
<Name></Name>
<Val>0.52348605085897</Val>
</DBL>
<DBL>
<Name></Name>
<Val>6.59177193571704E-2</Val>
</DBL>
<DBL>
<Name></Name>
<Val>0.30554985433095</Val>
</DBL>
<DBL>
<Name></Name>
<Val>3.95763153747664E-2</Val>
</DBL>
<DBL>
<Name></Name>
<Val>2.61403391603030E-2</Val>
</DBL>
<DBL>
<Name></Name>
<Val>2.12782053456751E-2</Val>
</DBL>
<DBL>
<Name></Name>
<Val>1.64583448066739E-2</Val>
</DBL>
<DBL>
<Name></Name>
<Val>9.96157309108008E-4</Val>
</DBL>
<DBL>
<Name></Name>
<Val>3.67909813237153E-4</Val>
</DBL>
<DBL>
<Name></Name>
<Val>2.29103643140151E-4</Val>
</DBL>
<DBL>
<Name></Name>
<Val>0.48425493904597</Val>
</DBL>
<DBL>
<Name></Name>
<Val>6.36114216692847E-2</Val>
</DBL>
<DBL>
<Name></Name>
<Val>0.32860907853705</Val>
</DBL>
<DBL>
<Name></Name>
<Val>4.35575749824752E-2</Val>
</DBL>
<DBL>
<Name></Name>
<Val>3.02942637558687E-2</Val>
</DBL>
<DBL>
<Name></Name>
<Val>2.62010645048152E-2</Val>
</DBL>
<DBL>
<Name></Name>
<Val>2.11337761722725E-2</Val>
</DBL>
<DBL>
<Name></Name>
<Val>1.41966773864943E-3</Val>
</DBL>
<DBL>
<Name></Name>
<Val>5.51411980950763E-4</Val>
</DBL>
<DBL>
<Name></Name>
<Val>3.66801612670636E-4</Val>
</DBL>
<DBL>
<Name></Name>
<Val>0.44818578118802</Val>
</DBL>
<DBL>
<Name></Name>
<Val>6.14031450175167E-2</Val>
</DBL>
<DBL>
<Name></Name>
<Val>0.34855538067447</Val>
</DBL>
<DBL>
<Name></Name>
<Val>4.71300507551198E-2</Val>
</DBL>
<DBL>
<Name></Name>
<Val>3.42871378013054E-2</Val>
</DBL>
<DBL>
<Name></Name>
<Val>3.11943654007164E-2</Val>
</DBL>
<DBL>
<Name></Name>
<Val>2.60097829367302E-2</Val>
</DBL>
<DBL>
<Name></Name>
<Val>1.91467759812129E-3</Val>
</DBL>
<DBL>
<Name></Name>
<Val>7.75524479350273E-4</Val>
</DBL>
<DBL>
<Name></Name>
<Val>5.44154148652114E-4</Val>
</DBL>
<DBL>
<Name></Name>
<Val>0.41501689435236</Val>
</DBL>
<DBL>
<Name></Name>
<Val>5.92997368201850E-2</Val>
</DBL>
<DBL>
<Name></Name>
<Val>0.36580203670665</Val>
</DBL>
<DBL>
<Name></Name>
<Val>5.03353706204730E-2</Val>
</DBL>
<DBL>
<Name></Name>
<Val>3.81023450286924E-2</Val>
</DBL>
<DBL>
<Name></Name>
<Val>3.61820180247483E-2</Val>
</DBL>
<DBL>
<Name></Name>
<Val>3.09876687146329E-2</Val>
</DBL>
<DBL>
<Name></Name>
<Val>2.47444157635787E-3</Val>
</DBL>
<DBL>
<Name></Name>
<Val>1.03834247499648E-3</Val>
</DBL>
<DBL>
<Name></Name>
<Val>7.61145680899405E-4</Val>
</DBL>
<DBL>
<Name></Name>
<Val>0.38450931823833</Val>
</DBL>
<DBL>
<Name></Name>
<Val>5.73030540591763E-2</Val>
</DBL>
<DBL>
<Name></Name>
<Val>0.38070664509108</Val>
</DBL>
<DBL>
<Name></Name>
<Val>5.32114628222557E-2</Val>
</DBL>
<DBL>
<Name></Name>
<Val>4.17304242490698E-2</Val>
</DBL>
<DBL>
<Name></Name>
<Val>4.11054329269534E-2</Val>
</DBL>
<DBL>
<Name></Name>
<Val>3.59888643536354E-2</Val>
</DBL>
<DBL>
<Name></Name>
<Val>3.09144997408652E-3</Val>
</DBL>
<DBL>
<Name></Name>
<Val>1.33700450045426E-3</Val>
</DBL>
<DBL>
<Name></Name>
<Val>1.01634378495463E-3</Val>
</DBL>
<DBL>
<Name></Name>
<Val>0.35644457199330</Val>
</DBL>
<DBL>
<Name></Name>
<Val>5.54125266440566E-2</Val>
</DBL>
<DBL>
<Name></Name>
<Val>0.39357825574099</Val>
</DBL>
<DBL>
<Name></Name>
<Val>5.57924379538235E-2</Val>
</DBL>
<DBL>
<Name></Name>
<Val>4.51669925373948E-2</Val>
</DBL>
<DBL>
<Name></Name>
<Val>4.59202117446858E-2</Val>
</DBL>
<DBL>
<Name></Name>
<Val>4.09518174225382E-2</Val>
</DBL>
<DBL>
<Name></Name>
<Val>3.75788242245062E-3</Val>
</DBL>
<DBL>
<Name></Name>
<Val>1.66802682931054E-3</Val>
</DBL>
<DBL>
<Name></Name>
<Val>1.30727671144755E-3</Val>
</DBL>
<DBL>
<Name></Name>
<Val>0.33062274706142</Val>
</DBL>
<DBL>
<Name></Name>
<Val>5.36262216745684E-2</Val>
</DBL>
<DBL>
<Name></Name>
<Val>0.40468406199652</Val>
</DBL>
<DBL>
<Name></Name>
<Val>5.81088304679043E-2</Val>
</DBL>
<DBL>
<Name></Name>
<Val>4.84114031960662E-2</Val>
</DBL>
<DBL>
<Name></Name>
<Val>5.05934235821221E-2</Val>
</DBL>
<DBL>
<Name></Name>
<Val>4.58290657212737E-2</Val>
</DBL>
<DBL>
<Name></Name>
<Val>4.46591976268890E-3</Val>
</DBL>
<DBL>
<Name></Name>
<Val>2.02756476798278E-3</Val>
</DBL>
<DBL>
<Name></Name>
<Val>1.63076176946220E-3</Val>
</DBL>
<DBL>
<Name></Name>
<Val>0.30686082648997</Val>
</DBL>
<DBL>
<Name></Name>
<Val>5.19413513397031E-2</Val>
</DBL>
<DBL>
<Name></Name>
<Val>0.41425529073841</Val>
</DBL>
<DBL>
<Name></Name>
<Val>6.01879370057905E-2</Val>
</DBL>
<DBL>
<Name></Name>
<Val>5.14657929727262E-2</Val>
</DBL>
<DBL>
<Name></Name>
<Val>5.51013702876413E-2</Val>
</DBL>
<DBL>
<Name></Name>
<Val>5.05846855155216E-2</Val>
</DBL>
<DBL>
<Name></Name>
<Val>5.20795876658247E-3</Val>
</DBL>
<DBL>
<Name></Name>
<Val>2.41161240405245E-3</Val>
</DBL>
<DBL>
<Name></Name>
<Val>1.98317447960296E-3</Val>
</DBL>
<DBL>
<Name></Name>
<Val>0.28499118055677</Val>
</DBL>
<DBL>
<Name></Name>
<Val>5.03545597691421E-2</Val>
</DBL>
<DBL>
<Name></Name>
<Val>0.42249227360046</Val>
</DBL>
<DBL>
<Name></Name>
<Val>6.20541591493023E-2</Val>
</DBL>
<DBL>
<Name></Name>
<Val>5.43343643009749E-2</Val>
</DBL>
<DBL>
<Name></Name>
<Val>5.94277549493483E-2</Val>
</DBL>
<DBL>
<Name></Name>
<Val>5.51921363213823E-2</Val>
</DBL>
<DBL>
<Name></Name>
<Val>5.97675812150121E-3</Val>
</DBL>
<DBL>
<Name></Name>
<Val>2.81615227916101E-3</Val>
</DBL>
<DBL>
<Name></Name>
<Val>2.36066095195821E-3</Val>
</DBL>
<DBL>
<Name></Name>
<Val>0.26486021082808</Val>
</DBL>
<DBL>
<Name></Name>
<Val>4.88621109275806E-2</Val>
</DBL>
<DBL>
<Name></Name>
<Val>0.42956878067471</Val>
</DBL>
<DBL>
<Name></Name>
<Val>6.37293208169067E-2</Val>
</DBL>
<DBL>
<Name></Name>
<Val>5.70228275967363E-2</Val>
</DBL>
<DBL>
<Name></Name>
<Val>6.35621823000706E-2</Val>
</DBL>
<DBL>
<Name></Name>
<Val>5.96324667997893E-2</Val>
</DBL>
<DBL>
<Name></Name>
<Val>6.76553436631141E-3</Val>
</DBL>
<DBL>
<Name></Name>
<Val>3.23726500293505E-3</Val>
</DBL>
<DBL>
<Name></Name>
<Val>2.75930068687965E-3</Val>
</DBL>
<DBL>
<Name></Name>
<Val>0.24632712379721</Val>
</DBL>
<DBL>
<Name></Name>
<Val>4.74600242073351E-2</Val>
</DBL>
<DBL>
<Name></Name>
<Val>0.43563571669660</Val>
</DBL>
<DBL>
<Name></Name>
<Val>6.52329530256362E-2</Val>
</DBL>
<DBL>
<Name></Name>
<Val>5.95379621615326E-2</Val>
</DBL>
<DBL>
<Name></Name>
<Val>6.74989323944921E-2</Val>
</DBL>
<DBL>
<Name></Name>
<Val>6.38928318017154E-2</Val>
</DBL>
<DBL>
<Name></Name>
<Val>7.56802068871923E-3</Val>
</DBL>
<DBL>
<Name></Name>
<Val>3.67120715385991E-3</Val>
</DBL>
<DBL>
<Name></Name>
<Val>3.17522807290526E-3</Val>
</DBL>
<DBL>
<Name></Name>
<Val>0.22926281949893</Val>
</DBL>
<DBL>
<Name></Name>
<Val>4.61441772665708E-2</Val>
</DBL>
<DBL>
<Name></Name>
<Val>0.44082427408333</Val>
</DBL>
<DBL>
<Name></Name>
<Val>6.65825464721061E-2</Val>
</DBL>
<DBL>
<Name></Name>
<Val>6.18872693382174E-2</Val>
</DBL>
<DBL>
<Name></Name>
<Val>7.12359593510561E-2</Val>
</DBL>
<DBL>
<Name></Name>
<Val>6.79652713696341E-2</Val>
</DBL>
<DBL>
<Name></Name>
<Val>8.37849794227105E-3</Val>
</DBL>
<DBL>
<Name></Name>
<Val>4.11446428744890E-3</Val>
</DBL>
<DBL>
<Name></Name>
<Val>3.60472039043201E-3</Val>
</DBL>
<DBL>
<Name></Name>
<Val>0.21354888291582</Val>
</DBL>
<DBL>
<Name></Name>
<Val>4.49103855947027E-2</Val>
</DBL>
<DBL>
<Name></Name>
<Val>0.44524862546677</Val>
</DBL>
<DBL>
<Name></Name>
<Val>6.77937747630281E-2</Val>
</DBL>
<DBL>
<Name></Name>
<Val>6.40786991691506E-2</Val>
</DBL>
<DBL>
<Name></Name>
<Val>7.47740754524261E-2</Val>
</DBL>
<DBL>
<Name></Name>
<Val>7.18457080180374E-2</Val>
</DBL>
<DBL>
<Name></Name>
<Val>9.19180491718794E-3</Val>
</DBL>
<DBL>
<Name></Name>
<Val>4.56378457537379E-3</Val>
</DBL>
<DBL>
<Name></Name>
<Val>4.04425912749654E-3</Val>
</DBL>
<DBL>
<Name></Name>
<Val>0.19907666764882</Val>
</DBL>
<DBL>
<Name></Name>
<Val>4.37544642936238E-2</Val>
</DBL>
<DBL>
<Name></Name>
<Val>0.44900822621580</Val>
</DBL>
<DBL>
<Name></Name>
<Val>6.88806916107010E-2</Val>
</DBL>
<DBL>
<Name></Name>
<Val>6.61204362359574E-2</Val>
</DBL>
<DBL>
<Name></Name>
<Val>7.81162878506013E-2</Val>
</DBL>
<DBL>
<Name></Name>
<Val>7.55331250280927E-2</Val>
</DBL>
<DBL>
<Name></Name>
<Val>1.00033332745642E-2</Val>
</DBL>
<DBL>
<Name></Name>
<Val>5.01619752574505E-3</Val>
</DBL>
<DBL>
<Name></Name>
<Val>4.49057031609169E-3</Val>
</DBL>
<DBL>
<Name></Name>
<Val>0.18574646260882</Val>
</DBL>
<DBL>
<Name></Name>
<Val>4.26722757820074E-2</Val>
</DBL>
<DBL>
<Name></Name>
<Val>0.45218978651396</Val>
</DBL>
<DBL>
<Name></Name>
<Val>6.98559051619691E-2</Val>
</DBL>
<DBL>
<Name></Name>
<Val>6.80207333198953E-2</Val>
</DBL>
<DBL>
<Name></Name>
<Val>8.12672608346634E-2</Val>
</DBL>
<DBL>
<Name></Name>
<Val>7.90288944919301E-2</Val>
</DBL>
<DBL>
<Name></Name>
<Val>1.08090113533570E-2</Val>
</DBL>
<DBL>
<Name></Name>
<Val>5.46902135512812E-3</Val>
</DBL>
<DBL>
<Name></Name>
<Val>4.94064857826350E-3</Val>
</DBL>
<DBL>
<Name></Name>
<Val>0.17346673354940</Val>
</DBL>
<DBL>
<Name></Name>
<Val>4.16597661911727E-2</Val>
</DBL>
<DBL>
<Name></Name>
<Val>0.45486896316699</Val>
</DBL>
<DBL>
<Name></Name>
<Val>7.07307323012572E-2</Val>
</DBL>
<DBL>
<Name></Name>
<Val>6.97877837044685E-2</Val>
</DBL>
<DBL>
<Name></Name>
<Val>8.42328813273235E-2</Val>
</DBL>
<DBL>
<Name></Name>
<Val>8.23362290688000E-2</Val>
</DBL>
<DBL>
<Name></Name>
<Val>1.16052801386276E-2</Val>
</DBL>
<DBL>
<Name></Name>
<Val>5.91986186533859E-3</Val>
</DBL>
<DBL>
<Name></Name>
<Val>5.39176868662227E-3</Val>
</DBL>
<DBL>
<Name></Name>
<Val>0.16215343217033</Val>
</DBL>
<DBL>
<Name></Name>
<Val>4.07129926326253E-2</Val>
</DBL>
<DBL>
<Name></Name>
<Val>0.45711181337920</Val>
</DBL>
<DBL>
<Name></Name>
<Val>7.15153354160238E-2</Val>
</DBL>
<DBL>
<Name></Name>
<Val>7.14296246460372E-2</Val>
</DBL>
<DBL>
<Name></Name>
<Val>8.70199091647462E-2</Val>
</DBL>
<DBL>
<Name></Name>
<Val>8.54597358402361E-2</Val>
</DBL>
<DBL>
<Name></Name>
<Val>1.23890639563858E-2</Val>
</DBL>
<DBL>
<Name></Name>
<Val>6.36660509417875E-3</Val>
</DBL>
<DBL>
<Name></Name>
<Val>5.84148770023205E-3</Val>
</DBL>
<DBL>
<Name></Name>
<Val>0.15172936631073</Val>
</DBL>
<DBL>
<Name></Name>
<Val>3.98281430969744E-2</Val>
</DBL>
<DBL>
<Name></Name>
<Val>0.45897604607407</Val>
</DBL>
<DBL>
<Name></Name>
<Val>7.22188437866543E-2</Val>
</DBL>
<DBL>
<Name></Name>
<Val>7.29540659078245E-2</Val>
</DBL>
<DBL>
<Name></Name>
<Val>8.96356969285268E-2</Val>
</DBL>
<DBL>
<Name></Name>
<Val>8.84050543523867E-2</Val>
</DBL>
<DBL>
<Name></Name>
<Val>1.31577378857831E-2</Val>
</DBL>
<DBL>
<Name></Name>
<Val>6.80740553512521E-3</Val>
</DBL>
<DBL>
<Name></Name>
<Val>6.28764012192263E-3</Val>
</DBL>
<DBL>
<Name></Name>
<Val>0.14212362544106</Val>
</DBL>
<DBL>
<Name></Name>
<Val>3.90015504195586E-2</Val>
</DBL>
<DBL>
<Name></Name>
<Val>0.46051210074887</Val>
</DBL>
<DBL>
<Name></Name>
<Val>7.28494614752228E-2</Val>
</DBL>
<DBL>
<Name></Name>
<Val>7.43686383685940E-2</Val>
</DBL>
<DBL>
<Name></Name>
<Val>9.20879667571687E-2</Val>
</DBL>
<DBL>
<Name></Name>
<Val>9.11785640129907E-2</Val>
</DBL>
<DBL>
<Name></Name>
<Val>1.39090934204802E-2</Val>
</DBL>
<DBL>
<Name></Name>
<Val>7.24067133674391E-3</Val>
</DBL>
<DBL>
<Name></Name>
<Val>6.72832801931537E-3</Val>
</DBL>
<DBL>
<Name></Name>
<Val>0.13327105626947</Val>
</DBL>
<DBL>
<Name></Name>
<Val>3.82297014881277E-2</Val>
</DBL>
<DBL>
<Name></Name>
<Val>0.46176407917427</Val>
</DBL>
<DBL>
<Name></Name>
<Val>7.34145633387003E-2</Val>
</DBL>
<DBL>
<Name></Name>
<Val>7.56805586317745E-2</Val>
</DBL>
<DBL>
<Name></Name>
<Val>9.43846337634129E-2</Val>
</DBL>
<DBL>
<Name></Name>
<Val>9.37871485665422E-2</Val>
</DBL>
<DBL>
<Name></Name>
<Val>1.46413035441445E-2</Val>
</DBL>
<DBL>
<Name></Name>
<Val>7.66504758199003E-3</Val>
</DBL>
<DBL>
<Name></Name>
<Val>7.16190764157643E-3</Val>
</DBL>
<DBL>
<Name></Name>
<Val>0.12511178381264</Val>
</DBL>
<DBL>
<Name></Name>
<Val>3.75092426559004E-2</Val>
</DBL>
<DBL>
<Name></Name>
<Val>0.46277055132722</Val>
</DBL>
<DBL>
<Name></Name>
<Val>7.39207805782761E-2</Val>
</DBL>
<DBL>
<Name></Name>
<Val>7.68967063120060E-2</Val>
</DBL>
<DBL>
<Name></Name>
<Val>9.65336675026753E-2</Val>
</DBL>
<DBL>
<Name></Name>
<Val>9.62380074907051E-2</Val>
</DBL>
<DBL>
<Name></Name>
<Val>1.53528880922521E-2</Val>
</DBL>
<DBL>
<Name></Name>
<Val>8.07939849714030E-3</Val>
</DBL>
<DBL>
<Name></Name>
<Val>7.58697373118563E-3</Val>
</DBL>
<DBL>
<Name></Name>
<Val>0.11759077375350</Val>
</DBL>
<DBL>
<Name></Name>
<Val>3.68369821491201E-2</Val>
</DBL>
<DBL>
<Name></Name>
<Val>0.46356525365562</Val>
</DBL>
<DBL>
<Name></Name>
<Val>7.43740770528443E-2</Val>
</DBL>
<DBL>
<Name></Name>
<Val>7.80236112935347E-2</Val>
</DBL>
<DBL>
<Name></Name>
<Val>9.85429844421542E-2</Val>
</DBL>
<DBL>
<Name></Name>
<Val>9.85385059136893E-2</Val>
</DBL>
<DBL>
<Name></Name>
<Val>1.60426800394923E-2</Val>
</DBL>
<DBL>
<Name></Name>
<Val>8.48278923888650E-3</Val>
</DBL>
<DBL>
<Name></Name>
<Val>8.00234246116101E-3</Val>
</DBL>
<DBL>
<Name></Name>
<Val>0.11065743232648</Val>
</DBL>
<DBL>
<Name></Name>
<Val>3.62098901146917E-2</Val>
</DBL>
<DBL>
<Name></Name>
<Val>0.46417769501111</Val>
</DBL>
<DBL>
<Name></Name>
<Val>7.47798174270490E-2</Val>
</DBL>
<DBL>
<Name></Name>
<Val>7.90674487622882E-2</Val>
</DBL>
<DBL>
<Name></Name>
<Val>0.10042036562406</Val>
</DBL>
<DBL>
<Name></Name>
<Val>0.10069605610783</Val>
</DBL>
<DBL>
<Name></Name>
<Val>1.67097931677357E-2</Val>
</DBL>
<DBL>
<Name></Name>
<Val>8.87446774703717E-3</Val>
</DBL>
<DBL>
<Name></Name>
<Val>8.40703371172245E-3</Val>
</DBL>
<DBL>
<Name></Name>
<Val>0.10426524034267</Val>
</DBL>
<DBL>
<Name></Name>
<Val>3.56250968350941E-2</Val>
</DBL>
<DBL>
<Name></Name>
<Val>0.46463368326501</Val>
</DBL>
<DBL>
<Name></Name>
<Val>7.51428280887032E-2</Val>
</DBL>
<DBL>
<Name></Name>
<Val>8.00340402301912E-2</Val>
</DBL>
<DBL>
<Name></Name>
<Val>0.10217339474473</Val>
</DBL>
<DBL>
<Name></Name>
<Val>0.10271802482047</Val>
</DBL>
<DBL>
<Name></Name>
<Val>1.73535914244828E-2</Val>
</DBL>
<DBL>
<Name></Name>
<Val>9.25384702188898E-3</Val>
</DBL>
<DBL>
<Name></Name>
<Val>8.80025322676437E-3</Val>
</DBL>
<DBL>
<Name></Name>
<Val>9.83714182975330E-2</Val>
</DBL>
<DBL>
<Name></Name>
<Val>3.50798895401140E-2</Val>
</DBL>
<DBL>
<Name></Name>
<Val>0.46495578366944</Val>
</DBL>
<DBL>
<Name></Name>
<Val>7.54674516536083E-2</Val>
</DBL>
<DBL>
<Name></Name>
<Val>8.09288591122310E-2</Val>
</DBL>
<DBL>
<Name></Name>
<Val>0.10380941272124</Val>
</DBL>
<DBL>
<Name></Name>
<Val>0.10461166170200</Val>
</DBL>
<DBL>
<Name></Name>
<Val>1.79736601684509E-2</Val>
</DBL>
<DBL>
<Name></Name>
<Val>9.62048808353462E-3</Val>
</DBL>
<DBL>
<Name></Name>
<Val>9.18137505185167E-3</Val>
</DBL>
<DBL>
<Name></Name>
<Val>9.29366197984858E-2</Val>
</DBL>
<DBL>
<Name></Name>
<Val>3.45717081644333E-2</Val>
</DBL>
<DBL>
<Name></Name>
<Val>0.46516371838071</Val>
</DBL>
<DBL>
<Name></Name>
<Val>7.57575957750056E-2</Val>
</DBL>
<DBL>
<Name></Name>
<Val>8.17570396970795E-2</Val>
</DBL>
<DBL>
<Name></Name>
<Val>0.10533548551924</Val>
</DBL>
<DBL>
<Name></Name>
<Val>0.10638404491831</Val>
</DBL>
<DBL>
<Name></Name>
<Val>1.85697794113200E-2</Val>
</DBL>
<DBL>
<Name></Name>
<Val>9.97408379015600E-3</Val>
</DBL>
<DBL>
<Name></Name>
<Val>9.54992454525795E-3</Val>
</DBL>
<DBL>
<Name></Name>
<Val>8.79246508128324E-2</Val>
</DBL>
<DBL>
<Name></Name>
<Val>3.40981403337679E-2</Val>
</DBL>
<DBL>
<Name></Name>
<Val>0.46527471517485</Val>
</DBL>
<DBL>
<Name></Name>
<Val>7.60167768877101E-2</Val>
</DBL>
<DBL>
<Name></Name>
<Val>8.25233885815481E-2</Val>
</DBL>
<DBL>
<Name></Name>
<Val>0.10675838259570</Val>
</DBL>
<DBL>
<Name></Name>
<Val>0.10804204071984</Val>
</DBL>
<DBL>
<Name></Name>
<Val>1.91418990976489E-2</Val>
</DBL>
<DBL>
<Name></Name>
<Val>1.03144436296038E-2</Val>
</DBL>
<DBL>
<Name></Name>
<Val>9.90556216649183E-3</Val>
</DBL>
<DBL>
<Name></Name>
<Val>8.33022124721378E-2</Val>
</DBL>
<DBL>
<Name></Name>
<Val>3.36569158076422E-2</Val>
</DBL>
<DBL>
<Name></Name>
<Val>0.46530381221376</Val>
</DBL>
<DBL>
<Name></Name>
<Val>7.62481594414286E-2</Val>
</DBL>
<DBL>
<Name></Name>
<Val>8.32323978267513E-2</Val>
</DBL>
<DBL>
<Name></Name>
<Val>0.10808456378871</Val>
</DBL>
<DBL>
<Name></Name>
<Val>0.10959227430675</Val>
</DBL>
<DBL>
<Name></Name>
<Val>1.96901164144734E-2</Val>
</DBL>
<DBL>
<Name></Name>
<Val>1.06414795499227E-2</Val>
</DBL>
<DBL>
<Name></Name>
<Val>1.02480681784248E-2</Val>
</DBL>
<DBL>
<Name></Name>
<Val>7.90386653801169E-2</Val>
</DBL>
<DBL>
<Name></Name>
<Val>3.32459005619724E-2</Val>
</DBL>
<DBL>
<Name></Name>
<Val>0.46526412472997</Val>
</DBL>
<DBL>
<Name></Name>
<Val>7.64545911121473E-2</Val>
</DBL>
<DBL>
<Name></Name>
<Val>8.38882592469660E-2</Val>
</DBL>
<DBL>
<Name></Name>
<Val>0.10932017288188</Val>
</DBL>
<DBL>
<Name></Name>
<Val>0.11104110979900</Val>
</DBL>
<DBL>
<Name></Name>
<Val>2.02146550847978E-2</Val>
</DBL>
<DBL>
<Name></Name>
<Val>1.09551928571924E-2</Val>
</DBL>
<DBL>
<Name></Name>
<Val>1.05773283459517E-2</Val>
</DBL>
<DBL>
<Name></Name>
<Val>7.51058135607953E-2</Val>
</DBL>
<DBL>
<Name></Name>
<Val>3.28630906577396E-2</Val>
</DBL>
<DBL>
<Name></Name>
<Val>0.46516707865945</Val>
</DBL>
<DBL>
<Name></Name>
<Val>7.66386344233754E-2</Val>
</DBL>
<DBL>
<Name></Name>
<Val>8.44948793669167E-2</Val>
</DBL>
<DBL>
<Name></Name>
<Val>0.11047103639609</Val>
</DBL>
<DBL>
<Name></Name>
<Val>0.11239463750927</Val>
</DBL>
<DBL>
<Name></Name>
<Val>2.07158465723506E-2</Val>
</DBL>
<DBL>
<Name></Name>
<Val>1.12556621808745E-2</Val>
</DBL>
<DBL>
<Name></Name>
<Val>1.08933206731436E-2</Val>
</DBL>
<DBL>
<Name></Name>
<Val>7.14777063541880E-2</Val>
</DBL>
<DBL>
<Name></Name>
<Val>3.25066060117728E-2</Val>
</DBL>
<DBL>
<Name></Name>
<Val>0.46502261554046</Val>
</DBL>
<DBL>
<Name></Name>
<Val>7.68025951592348E-2</Val>
</DBL>
<DBL>
<Name></Name>
<Val>8.50558946846156E-2</Val>
</DBL>
<DBL>
<Name></Name>
<Val>0.11154266643030</Val>
</DBL>
<DBL>
<Name></Name>
<Val>0.11365866703738</Val>
</DBL>
<DBL>
<Name></Name>
<Val>2.11941131064091E-2</Val>
</DBL>
<DBL>
<Name></Name>
<Val>1.15430324859473E-2</Val>
</DBL>
<DBL>
<Name></Name>
<Val>1.11961031896925E-2</Val>
</DBL>
<DBL>
<Name></Name>
<Val>6.81304567203245E-2</Val>
</DBL>
<DBL>
<Name></Name>
<Val>3.21746841608812E-2</Val>
</DBL>
<DBL>
<Name></Name>
<Val>0.46483937239291</Val>
</DBL>
<DBL>
<Name></Name>
<Val>7.69485479078717E-2</Val>
</DBL>
<DBL>
<Name></Name>
<Val>8.55746869591262E-2</Val>
</DBL>
<DBL>
<Name></Name>
<Val>0.11254026659377</Val>
</DBL>
<DBL>
<Name></Name>
<Val>0.11483872497159</Val>
</DBL>
<DBL>
<Name></Name>
<Val>2.16499524234061E-2</Val>
</DBL>
<DBL>
<Name></Name>
<Val>1.18175050959853E-2</Val>
</DBL>
<DBL>
<Name></Name>
<Val>1.14858027741343E-2</Val>
</DBL>
<DBL>
<Name></Name>
<Val>6.50420745509872E-2</Val>
</DBL>
<DBL>
<Name></Name>
<Val>3.18656740903216E-2</Val>
</DBL>
<DBL>
<Name></Name>
<Val>0.46462483977825</Val>
</DBL>
<DBL>
<Name></Name>
<Val>7.70783590355676E-2</Val>
</DBL>
<DBL>
<Name></Name>
<Val>8.60543983091120E-2</Val>
</DBL>
<DBL>
<Name></Name>
<Val>0.11346874025431</Val>
</DBL>
<DBL>
<Name></Name>
<Val>0.11594005620141</Val>
</DBL>
<DBL>
<Name></Name>
<Val>2.20839241149778E-2</Val>
</DBL>
<DBL>
<Name></Name>
<Val>1.20793286807839E-2</Val>
</DBL>
<DBL>
<Name></Name>
<Val>1.17626049842774E-2</Val>
</DBL>
<DBL>
<Name></Name>
<Val>6.21923137136490E-2</Val>
</DBL>
<DBL>
<Name></Name>
<Val>3.15780301810696E-2</Val>
</DBL>
<DBL>
<Name></Name>
<Val>0.46438550080288</Val>
</DBL>
<DBL>
<Name></Name>
<Val>7.71937073584999E-2</Val>
</DBL>
<DBL>
<Name></Name>
<Val>8.64979459616321E-2</Val>
</DBL>
<DBL>
<Name></Name>
<Val>0.11433270047643</Val>
</DBL>
<DBL>
<Name></Name>
<Val>0.11696762802859</Val>
</DBL>
<DBL>
<Name></Name>
<Val>2.24966374689285E-2</Val>
</DBL>
<DBL>
<Name></Name>
<Val>1.23287911551629E-2</Val>
</DBL>
<DBL>
<Name></Name>
<Val>1.20267448531592E-2</Val>
</DBL>
<DBL>
<Name></Name>
<Val>5.95625316652371E-2</Val>
</DBL>
<DBL>
<Name></Name>
<Val>3.13103063169288E-2</Val>
</DBL>
<DBL>
<Name></Name>
<Val>0.46412695345381</Val>
</DBL>
<DBL>
<Name></Name>
<Val>7.72961027497225E-2</Val>
</DBL>
<DBL>
<Name></Name>
<Val>8.69080365336738E-2</Val>
</DBL>
<DBL>
<Name></Name>
<Val>0.11513648114634</Val>
</DBL>
<DBL>
<Name></Name>
<Val>0.11792613641289</Val>
</DBL>
<DBL>
<Name></Name>
<Val>2.28887406893414E-2</Val>
</DBL>
<DBL>
<Name></Name>
<Val>1.25662124314011E-2</Val>
</DBL>
<DBL>
<Name></Name>
<Val>1.22784986006453E-2</Val>
</DBL>
<DBL>
<Name></Name>
<Val>5.71355605757831E-2</Val>
</DBL>
<DBL>
<Name></Name>
<Val>3.10611501816228E-2</Val>
</DBL>
<DBL>
<Name></Name>
<Val>0.46385401833635</Val>
</DBL>
<DBL>
<Name></Name>
<Val>7.73869028930627E-2</Val>
</DBL>
<DBL>
<Name></Name>
<Val>8.72871797633034E-2</Val>
</DBL>
<DBL>
<Name></Name>
<Val>0.11588414888129</Val>
</DBL>
<DBL>
<Name></Name>
<Val>0.11882001381321</Val>
</DBL>
<DBL>
<Name></Name>
<Val>2.32609113840048E-2</Val>
</DBL>
<DBL>
<Name></Name>
<Val>1.27919379657330E-2</Val>
</DBL>
<DBL>
<Name></Name>
<Val>1.25181762056299E-2</Val>
</DBL>
<DBL>
<Name></Name>
<Val>5.48955889948528E-2</Val>
</DBL>
<DBL>
<Name></Name>
<Val>3.08292977672138E-2</Val>
</DBL>
<DBL>
<Name></Name>
<Val>0.46357083360968</Val>
</DBL>
<DBL>
<Name></Name>
<Val>7.74673283728039E-2</Val>
</DBL>
<DBL>
<Name></Name>
<Val>8.76377016346545E-2</Val>
</DBL>
<DBL>
<Name></Name>
<Val>0.11657951540330</Val>
</DBL>
<DBL>
<Name></Name>
<Val>0.11965343818670</Val>
</DBL>
<DBL>
<Name></Name>
<Val>2.36138482108613E-2</Val>
</DBL>
<DBL>
<Name></Name>
<Val>1.30063330389437E-2</Val>
</DBL>
<DBL>
<Name></Name>
<Val>1.27461147809920E-2</Val>
</DBL>
<DBL>
<Name></Name>
<Val>5.28280531778632E-2</Val>
</DBL>
<DBL>
<Name></Name>
<Val>3.06135681081216E-2</Val>
</DBL>
<DBL>
<Name></Name>
<Val>0.46328093868171</Val>
</DBL>
<DBL>
<Name></Name>
<Val>7.75384762678537E-2</Val>
</DBL>
<DBL>
<Name></Name>
<Val>8.79617568625547E-2</Val>
</DBL>
<DBL>
<Name></Name>
<Val>0.11722615012481</Val>
</DBL>
<DBL>
<Name></Name>
<Val>0.12043034279285</Val>
</DBL>
<DBL>
<Name></Name>
<Val>2.39482635798388E-2</Val>
</DBL>
<DBL>
<Name></Name>
<Val>1.32097777119358E-2</Val>
</DBL>
<DBL>
<Name></Name>
<Val>1.29626726924671E-2</Val>
</DBL>
<DBL>
<Name></Name>
<Val>5.09195372658731E-2</Val>
</DBL>
<DBL>
<Name></Name>
<Val>3.04128582493544E-2</Val>
</DBL>
<DBL>
<Name></Name>
<Val>0.46298734802271</Val>
</DBL>
<DBL>
<Name></Name>
<Val>7.76013324012357E-2</Val>
</DBL>
<DBL>
<Name></Name>
<Val>8.82613407195085E-2</Val>
</DBL>
<DBL>
<Name></Name>
<Val>0.11782739274880</Val>
</DBL>
<DBL>
<Name></Name>
<Val>0.12115442651887</Val>
</DBL>
<DBL>
<Name></Name>
<Val>2.42648773118349E-2</Val>
</DBL>
<DBL>
<Name></Name>
<Val>1.34026623988660E-2</Val>
</DBL>
<DBL>
<Name></Name>
<Val>1.31682243629533E-2</Val>
</DBL>
<DBL>
<Name></Name>
<Val>4.91576815819289E-2</Val>
</DBL>
<DBL>
<Name></Name>
<Val>3.02261384530719E-2</Val>
</DBL>
<DBL>
<Name></Name>
<Val>0.46269261628347</Val>
</DBL>
<DBL>
<Name></Name>
<Val>7.76567823799163E-2</Val>
</DBL>
<DBL>
<Name></Name>
<Val>8.85383002008641E-2</Val>
</DBL>
<DBL>
<Name></Name>
<Val>0.11838636573079</Val>
</DBL>
<DBL>
<Name></Name>
<Val>0.12182916449951</Val>
</DBL>
<DBL>
<Name></Name>
<Val>2.45644111624914E-2</Val>
</DBL>
<DBL>
<Name></Name>
<Val>1.35853840028160E-2</Val>
</DBL>
<DBL>
<Name></Name>
<Val>1.33631557051408E-2</Val>
</DBL>
<DBL>
<Name></Name>
<Val>4.75310983702662E-2</Val>
</DBL>
<DBL>
<Name></Name>
<Val>3.00524476440570E-2</Val>
</DBL>
<DBL>
<Name></Name>
<Val>0.46239889575396</Val>
</DBL>
<DBL>
<Name></Name>
<Val>7.77056215459143E-2</Val>
</DBL>
<DBL>
<Name></Name>
<Val>8.87943445340426E-2</Val>
</DBL>
<DBL>
<Name></Name>
<Val>0.11890598648642</Val>
</DBL>
<DBL>
<Name></Name>
<Val>0.12245781885165</Val>
</DBL>
<DBL>
<Name></Name>
<Val>2.48475841244985E-2</Val>
</DBL>
<DBL>
<Name></Name>
<Val>1.37583425617524E-2</Val>
</DBL>
<DBL>
<Name></Name>
<Val>1.35478601274367E-2</Val>
</DBL>
<DBL>
<Name></Name>
<Val>4.60292943622072E-2</Val>
</DBL>
<DBL>
<Name></Name>
<Val>2.98908890919087E-2</Val>
</DBL>
<DBL>
<Name></Name>
<Val>0.46210798706875</Val>
</DBL>
<DBL>
<Name></Name>
<Val>7.77485639471434E-2</Val>
</DBL>
<DBL>
<Name></Name>
<Val>8.90310550452732E-2</Val>
</DBL>
<DBL>
<Name></Name>
<Val>0.11938897925799</Val>
</DBL>
<DBL>
<Name></Name>
<Val>0.12304344938204</Val>
</DBL>
<DBL>
<Name></Name>
<Val>2.51151084283455E-2</Val>
</DBL>
<DBL>
<Name></Name>
<Val>1.39219383555910E-2</Val>
</DBL>
<DBL>
<Name></Name>
<Val>1.37227350607503E-2</Val>
</DBL>
<DBL>
<Name></Name>
<Val>4.46425996050048E-2</Val>
</DBL>
<DBL>
<Name></Name>
<Val>2.97406263256467E-2</Val>
</DBL>
<DBL>
<Name></Name>
<Val>0.46182138395348</Val>
</DBL>
<DBL>
<Name></Name>
<Val>7.77862504253024E-2</Val>
</DBL>
<DBL>
<Name></Name>
<Val>8.92498944028599E-2</Val>
</DBL>
<DBL>
<Name></Name>
<Val>0.11983788657693</Val>
</DBL>
<DBL>
<Name></Name>
<Val>0.12358892415823</Val>
</DBL>
<DBL>
<Name></Name>
<Val>2.53676861675361E-2</Val>
</DBL>
<DBL>
<Name></Name>
<Val>1.40765694283890E-2</Val>
</DBL>
<DBL>
<Name></Name>
<Val>1.38881789566125E-2</Val>
</DBL>
<DBL>
<Name></Name>
<Val>4.33621020376572E-2</Val>
</DBL>
<DBL>
<Name></Name>
<Val>2.96008792748058E-2</Val>
</DBL>
<DBL>
<Name></Name>
<Val>0.46154031270913</Val>
</DBL>
<DBL>
<Name></Name>
<Val>7.78192559082046E-2</Val>
</DBL>
<DBL>
<Name></Name>
<Val>8.94522152599926E-2</Val>
</DBL>
<DBL>
<Name></Name>
<Val>0.12025508027839</Val>
</DBL>
<DBL>
<Name></Name>
<Val>0.12409692985844</Val>
</DBL>
<DBL>
<Name></Name>
<Val>2.56060064802423E-2</Val>
</DBL>
<DBL>
<Name></Name>
<Val>1.42226294829411E-2</Val>
</DBL>
<DBL>
<Name></Name>
<Val>1.40445887102065E-2</Val>
</DBL>
<DBL>
<Name></Name>
<Val>4.21795873412806E-2</Val>
</DBL>
<DBL>
<Name></Name>
<Val>2.94709206299151E-2</Val>
</DBL>
<DBL>
<Name></Name>
<Val>0.46126576704646</Val>
</DBL>
<DBL>
<Name></Name>
<Val>7.78480959850775E-2</Val>
</DBL>
<DBL>
<Name></Name>
<Val>8.96392683228315E-2</Val>
</DBL>
<DBL>
<Name></Name>
<Val>0.12064277203934</Val>
</DBL>
<DBL>
<Name></Name>
<Val>0.12456998183664</Val>
</DBL>
<DBL>
<Name></Name>
<Val>2.58307432250947E-2</Val>
</DBL>
<DBL>
<Name></Name>
<Val>1.43605061082912E-2</Val>
</DBL>
<DBL>
<Name></Name>
<Val>1.41923574650721E-2</Val>
</DBL>
<DBL>
<Name></Name>
<Val>4.10874836313845E-2</Val>
</DBL>
<DBL>
<Name></Name>
<Val>2.93500724144062E-2</Val>
</DBL>
<DBL>
<Name></Name>
<Val>0.46099853880939</Val>
</DBL>
<DBL>
<Name></Name>
<Val>7.78732328354419E-2</Val>
</DBL>
<DBL>
<Name></Name>
<Val>8.98122098713155E-2</Val>
</DBL>
<DBL>
<Name></Name>
<Val>0.12100302342382</Val>
</DBL>
<DBL>
<Name></Name>
<Val>0.12501043385672</Val>
</DBL>
<DBL>
<Name></Name>
<Val>2.60425530942600E-2</Val>
</DBL>
<DBL>
<Name></Name>
<Val>1.44905793038267E-2</Val>
</DBL>
<DBL>
<Name></Name>
<Val>1.43318727594361E-2</Val>
</DBL>
<DBL>
<Name></Name>
<Val>4.00788105956873E-2</Val>
</DBL>
<DBL>
<Name></Name>
<Val>2.92377027594250E-2</Val>
</DBL>
<DBL>
<Name></Name>
<Val>0.46073924506156</Val>
</DBL>
<DBL>
<Name></Name>
<Val>7.78950805751006E-2</Val>
</DBL>
<DBL>
<Name></Name>
<Val>8.99721087610714E-2</Val>
</DBL>
<DBL>
<Name></Name>
<Val>0.12133775542834</Val>
</DBL>
<DBL>
<Name></Name>
<Val>0.12542048746278</Val>
</DBL>
<DBL>
<Name></Name>
<Val>2.62420741121108E-2</Val>
</DBL>
<DBL>
<Name></Name>
<Val>1.46132202666696E-2</Val>
</DBL>
<DBL>
<Name></Name>
<Val>1.44635149772589E-2</Val>
</DBL>
<DBL>
<Name></Name>
<Val>3.91471327142597E-2</Val>
</DBL>
<DBL>
<Name></Name>
<Val>2.91332228726672E-2</Val>
</DBL>
<DBL>
<Name></Name>
<Val>0.46048835195479</Val>
</DBL>
<DBL>
<Name></Name>
<Val>7.79140100764185E-2</Val>
</DBL>
<DBL>
<Name></Name>
<Val>9.01199529351232E-2</Val>
</DBL>
<DBL>
<Name></Name>
<Val>0.12164875752811</Val>
</DBL>
<DBL>
<Name></Name>
<Val>0.12580220096390</Val>
</DBL>
<DBL>
<Name></Name>
<Val>2.64299244726225E-2</Val>
</DBL>
<DBL>
<Name></Name>
<Val>1.47287904119798E-2</Val>
</DBL>
<DBL>
<Name></Name>
<Val>1.45876560701242E-2</Val>
</DBL>
<DBL>
<Name></Name>
<Val>3.82865162290808E-2</Val>
</DBL>
<DBL>
<Name></Name>
<Val>2.90360841921777E-2</Val>
</DBL>
<DBL>
<Name></Name>
<Val>0.46024619574860</Val>
</DBL>
<DBL>
<Name></Name>
<Val>7.79303533143896E-2</Val>
</DBL>
<DBL>
<Name></Name>
<Val>9.02566554739441E-2</Val>
</DBL>
<DBL>
<Name></Name>
<Val>0.12193769623036</Val>
</DBL>
<DBL>
<Name></Name>
<Val>0.12615749802076</Val>
</DBL>
<DBL>
<Name></Name>
<Val>2.66067016731435E-2</Val>
</DBL>
<DBL>
<Name></Name>
<Val>1.48376405985363E-2</Val>
</DBL>
<DBL>
<Name></Name>
<Val>1.47046585190112E-2</Val>
</DBL>
<DBL>
<Name></Name>
<Val>3.74914895577816E-2</Val>
</DBL>
<DBL>
<Name></Name>
<Val>2.89457757160162E-2</Val>
</DBL>
<DBL>
<Name></Name>
<Val>0.46001300130713</Val>
</DBL>
<DBL>
<Name></Name>
<Val>7.79444072848869E-2</Val>
</DBL>
<DBL>
<Name></Name>
<Val>9.03830602118922E-2</Val>
</DBL>
<DBL>
<Name></Name>
<Val>0.12220612314555</Val>
</DBL>
<DBL>
<Name></Name>
<Val>0.12648817582810</Val>
</DBL>
<DBL>
<Name></Name>
<Val>2.67729819063608E-2</Val>
</DBL>
<DBL>
<Name></Name>
<Val>1.49401105345375E-2</Val>
</DBL>
<DBL>
<Name></Name>
<Val>1.48148745077500E-2</Val>
</DBL>
<DBL>
<Name></Name>
<Val>3.67570068716798E-2</Val>
</DBL>
<DBL>
<Name></Name>
<Val>2.88618214987577E-2</Val>
</DBL>
<DBL>
<Name></Name>
<Val>0.45978889836217</Val>
</DBL>
<DBL>
<Name></Name>
<Val>7.79564375369075E-2</Val>
</DBL>
<DBL>
<Name></Name>
<Val>9.04999469472924E-2</Val>
</DBL>
<DBL>
<Name></Name>
<Val>0.12245548259043</Val>
</DBL>
<DBL>
<Name></Name>
<Val>0.12679591289307</Val>
</DBL>
<DBL>
<Name></Name>
<Val>2.69293196761526E-2</Val>
</DBL>
<DBL>
<Name></Name>
<Val>1.50365283409747E-2</Val>
</DBL>
<DBL>
<Name></Name>
<Val>1.49186452825638E-2</Val>
</DBL>
<DBL>
<Name></Name>
<Val>3.60784145813806E-2</Val>
</DBL>
<DBL>
<Name></Name>
<Val>2.87837783059477E-2</Val>
</DBL>
<DBL>
<Name></Name>
<Val>0.45957393579774</Val>
</DBL>
<DBL>
<Name></Name>
<Val>7.79666813565123E-2</Val>
</DBL>
<DBL>
<Name></Name>
<Val>9.06080362724733E-2</Val>
</DBL>
<DBL>
<Name></Name>
<Val>0.12268711873914</Val>
</DBL>
<DBL>
<Name></Name>
<Val>0.12708227641355</Val>
</DBL>
<DBL>
<Name></Name>
<Val>2.70762476065663E-2</Val>
</DBL>
<DBL>
<Name></Name>
<Val>1.51272102521631E-2</Val>
</DBL>
<DBL>
<Name></Name>
<Val>1.50163006745312E-2</Val>
</DBL>
<DBL>
<Name></Name>
<Val>3.54514204944205E-2</Val>
</DBL>
<DBL>
<Name></Name>
<Val>2.87112334178464E-2</Val>
</DBL>
<DBL>
<Name></Name>
<Val>0.45936809418228</Val>
</DBL>
<DBL>
<Name></Name>
<Val>7.79753506364568E-2</Val>
</DBL>
<DBL>
<Name></Name>
<Val>9.07079940489661E-2</Val>
</DBL>
<DBL>
<Name></Name>
<Val>0.12290228234054</Val>
</DBL>
<DBL>
<Name></Name>
<Val>0.12734872926392</Val>
</DBL>
<DBL>
<Name></Name>
<Val>2.72142764164214E-2</Val>
</DBL>
<DBL>
<Name></Name>
<Val>1.52124604350848E-2</Val>
</DBL>
<DBL>
<Name></Name>
<Val>1.51081587640725E-2</Val>
</DBL>
<DBL>
<Name></Name>
<Val>3.48720654288463E-2</Val>
</DBL>
<DBL>
<Name></Name>
<Val>2.86438025740599E-2</Val>
</DBL>
<DBL>
<Name></Name>
<Val>0.45917129674928</Val>
</DBL>
<DBL>
<Name></Name>
<Val>7.79826344621834E-2</Val>
</DBL>
<DBL>
<Name></Name>
<Val>9.08004355519023E-2</Val>
</DBL>
<DBL>
<Name></Name>
<Val>0.12310213702049</Val>
</DBL>
<DBL>
<Name></Name>
<Val>0.12759663659848</Val>
</DBL>
<DBL>
<Name></Name>
<Val>2.73438950350136E-2</Val>
</DBL>
<DBL>
<Name></Name>
<Val>1.52925709110966E-2</Val>
</DBL>
<DBL>
<Name></Name>
<Val>1.51945256686527E-2</Val>
</DBL>
<DBL>
<Name></Name>
<Val>3.43366970843935E-2</Val>
</DBL>
<DBL>
<Name></Name>
<Val>2.85811280509477E-2</Val>
</DBL>
<DBL>
<Name></Name>
<Val>0.45898341900390</Val>
</DBL>
<DBL>
<Name></Name>
<Val>7.79887014418454E-2</Val>
</DBL>
<DBL>
<Name></Name>
<Val>9.08859293064149E-2</Val>
</DBL>
<DBL>
<Name></Name>
<Val>0.12328776518886</Val>
</DBL>
<DBL>
<Name></Name>
<Val>0.12782727208440</Val>
</DBL>
<DBL>
<Name></Name>
<Val>2.74655708371058E-2</Val>
</DBL>
<DBL>
<Name></Name>
<Val>1.53678215653008E-2</Val>
</DBL>
<DBL>
<Name></Name>
<Val>1.52756954368333E-2</Val>
</DBL>
<DBL>
<Name></Name>
<Val>3.38419459892123E-2</Val>
</DBL>
<DBL>
<Name></Name>
<Val>2.85228768640213E-2</Val>
</DBL>
<DBL>
<Name></Name>
<Val>0.45880429711348</Val>
</DBL>
<DBL>
<Name></Name>
<Val>7.79937018053382E-2</Val>
</DBL>
<DBL>
<Name></Name>
<Val>9.09650006376035E-2</Val>
</DBL>
<DBL>
<Name></Name>
<Val>0.12346017357096</Val>
</DBL>
<DBL>
<Name></Name>
<Val>0.12804182377748</Val>
</DBL>
<DBL>
<Name></Name>
<Val>2.75797499778576E-2</Val>
</DBL>
<DBL>
<Name></Name>
<Val>1.54384802304714E-2</Val>
</DBL>
<DBL>
<Name></Name>
<Val>1.53519500335734E-2</Val>
</DBL>
<DBL>
<Name></Name>
<Val>3.33847033550077E-2</Val>
</DBL>
<DBL>
<Name></Name>
<Val>2.84687390878751E-2</Val>
</DBL>
<DBL>
<Name></Name>
<Val>0.45863373522196</Val>
</DBL>
<DBL>
<Name></Name>
<Val>7.79977692948778E-2</Val>
</DBL>
<DBL>
<Name></Name>
<Val>9.10381349543790E-2</Val>
</DBL>
<DBL>
<Name></Name>
<Val>0.12362029838312</Val>
</DBL>
<DBL>
<Name></Name>
<Val>0.12824139965501</Val>
</DBL>
<DBL>
<Name></Name>
<Val>2.76868578105781E-2</Val>
</DBL>
<DBL>
<Name></Name>
<Val>1.55048028338794E-2</Val>
</DBL>
<DBL>
<Name></Name>
<Val>1.54235594033102E-2</Val>
</DBL>
<DBL>
<Name></Name>
<Val>3.29621006871258E-2</Val>
</DBL>
<DBL>
<Name></Name>
<Val>2.84184262865390E-2</Val>
</DBL>
<DBL>
<Name></Name>
<Val>0.45847151181248</Val>
</DBL>
<DBL>
<Name></Name>
<Val>7.80010228674763E-2</Val>
</DBL>
<DBL>
<Name></Name>
<Val>9.11057807862779E-2</Val>
</DBL>
<DBL>
<Name></Name>
<Val>0.12376901017191</Val>
</DBL>
<DBL>
<Name></Name>
<Val>0.12842703282047</Val>
</DBL>
<DBL>
<Name></Name>
<Val>2.77872993722055E-2</Val>
</DBL>
<DBL>
<Name></Name>
<Val>1.55670335966814E-2</Val>
</DBL>
<DBL>
<Name></Name>
<Val>1.54907815988262E-2</Val>
</DBL>
<DBL>
<Name></Name>
<Val>3.25714910086567E-2</Val>
</DBL>
<DBL>
<Name></Name>
<Val>2.83716700474815E-2</Val>
</DBL>
<DBL>
<Name></Name>
<Val>0.45831738522869</Val>
</DBL>
<DBL>
<Name></Name>
<Val>7.80035682276887E-2</Val>
</DBL>
<DBL>
<Name></Name>
<Val>9.11683525911400E-2</Val>
</DBL>
<DBL>
<Name></Name>
<Val>0.12390711833598</Val>
</DBL>
<DBL>
<Name></Name>
<Val>0.12859968639514</Val>
</DBL>
<DBL>
<Name></Name>
<Val>2.78814599232368E-2</Val>
</DBL>
<DBL>
<Name></Name>
<Val>1.56254052767325E-2</Val>
</DBL>
<DBL>
<Name></Name>
<Val>1.55538629652614E-2</Val>
</DBL>
<DBL>
<Name></Name>
<Val>3.22104315691054E-2</Val>
</DBL>
<DBL>
<Name></Name>
<Val>2.83282206128378E-2</Val>
</DBL>
<DBL>
<Name></Name>
<Val>0.45817109845273</Val>
</DBL>
<DBL>
<Name></Name>
<Val>7.80054992072204E-2</Val>
</DBL>
<DBL>
<Name></Name>
<Val>9.12262333503926E-2</Val>
</DBL>
<DBL>
<Name></Name>
<Val>0.12403537534892</Val>
</DBL>
<DBL>
<Name></Name>
<Val>0.12876025811170</Val>
</DBL>
<DBL>
<Name></Name>
<Val>2.79697055304740E-2</Val>
</DBL>
<DBL>
<Name></Name>
<Val>1.56801394467663E-2</Val>
</DBL>
<DBL>
<Name></Name>
<Val>1.56130383698506E-2</Val>
</DBL>
<DBL>
<Name></Name>
<Val>3.18766679187221E-2</Val>
</DBL>
<DBL>
<Name></Name>
<Val>2.82878456017722E-2</Val>
</DBL>
<DBL>
<Name></Name>
<Val>0.45803238322711</Val>
</DBL>
<DBL>
<Name></Name>
<Val>7.80068990063750E-2</Val>
</DBL>
<DBL>
<Name></Name>
<Val>9.12797769675703E-2</Val>
</DBL>
<DBL>
<Name></Name>
<Val>0.12415448070108</Val>
</DBL>
<DBL>
<Name></Name>
<Val>0.12890958462502</Val>
</DBL>
<DBL>
<Name></Name>
<Val>2.80523836824217E-2</Val>
</DBL>
<DBL>
<Name></Name>
<Val>1.57314468008591E-2</Val>
</DBL>
<DBL>
<Name></Name>
<Val>1.56685314690733E-2</Val>
</DBL>
<DBL>
<Name></Name>
<Val>3.15681192392446E-2</Val>
</DBL>
<DBL>
<Name></Name>
<Val>2.82503288182153E-2</Val>
</DBL>
<DBL>
<Name></Name>
<Val>0.45790096359785</Val>
</DBL>
<DBL>
<Name></Name>
<Val>7.80078413108744E-2</Val>
</DBL>
<DBL>
<Name></Name>
<Val>9.13293104846486E-2</Val>
</DBL>
<DBL>
<Name></Name>
<Val>0.12426508457712</Val>
</DBL>
<DBL>
<Name></Name>
<Val>0.12904844555467</Val>
</DBL>
<DBL>
<Name></Name>
<Val>2.81298239284929E-2</Val>
</DBL>
<DBL>
<Name></Name>
<Val>1.57795274829773E-2</Val>
</DBL>
<DBL>
<Name></Name>
<Val>1.57205550059008E-2</Val>
</DBL>
<DBL>
<Name></Name>
<Val>3.12828648306688E-2</Val>
</DBL>
<DBL>
<Name></Name>
<Val>2.82154691385378E-2</Val>
</DBL>
<DBL>
<Name></Name>
<Val>0.45777655894770</Val>
</DBL>
<DBL>
<Name></Name>
<Val>7.80083912962658E-2</Val>
</DBL>
<DBL>
<Name></Name>
<Val>9.13751361297609E-2</Val>
</DBL>
<DBL>
<Name></Name>
<Val>0.12436779128595</Val>
</DBL>
<DBL>
<Name></Name>
<Val>0.12917756727384</Val>
</DBL>
<DBL>
<Name></Name>
<Val>2.82023385343607E-2</Val>
</DBL>
<DBL>
<Name></Name>
<Val>1.58245714321914E-2</Val>
</DBL>
<DBL>
<Name></Name>
<Val>1.57693111307301E-2</Val>
</DBL>
<DBL>
<Name></Name>
<Val>3.10191316617973E-2</Val>
</DBL>
<DBL>
<Name></Name>
<Val>2.81830794740291E-2</Val>
</DBL>
<DBL>
<Name></Name>
<Val>0.45765888658046</Val>
</DBL>
<DBL>
<Name></Name>
<Val>7.80086065309532E-2</Val>
</DBL>
<DBL>
<Name></Name>
<Val>9.14175332089196E-2</Val>
</DBL>
<DBL>
<Name></Name>
<Val>0.12446316245831</Val>
</DBL>
<DBL>
<Name></Name>
<Val>0.12929762645843</Val>
</DBL>
<DBL>
<Name></Name>
<Val>2.82702231468451E-2</Val>
</DBL>
<DBL>
<Name></Name>
<Val>1.58667587398514E-2</Val>
</DBL>
<DBL>
<Name></Name>
<Val>1.58149917403972E-2</Val>
</DBL>
<DBL>
<Name></Name>
<Val>3.07752828997794E-2</Val>
</DBL>
<DBL>
<Name></Name>
<Val>2.81529858033496E-2</Val>
</DBL>
<DBL>
<Name></Name>
<Val>0.45754766391073</Val>
</DBL>
<DBL>
<Name></Name>
<Val>7.80085377878147E-2</Val>
</DBL>
<DBL>
<Name></Name>
<Val>9.14567598534682E-2</Val>
</DBL>
<DBL>
<Name></Name>
<Val>0.12455172002696</Val>
</DBL>
<DBL>
<Name></Name>
<Val>0.12940925341019</Val>
</DBL>
<DBL>
<Name></Name>
<Val>2.83337574626650E-2</Val>
</DBL>
<DBL>
<Name></Name>
<Val>1.59062600146466E-2</Val>
</DBL>
<DBL>
<Name></Name>
<Val>1.58577788303935E-2</Val>
</DBL>
<DBL>
<Name></Name>
<Val>3.05498073407053E-2</Val>
</DBL>
<DBL>
<Name></Name>
<Val>2.81250262704101E-2</Val>
</DBL>
<DBL>
<Name></Name>
<Val>0.45744261030725</Val>
</DBL>
<DBL>
<Name></Name>
<Val>7.80082297734082E-2</Val>
</DBL>
<DBL>
<Name></Name>
<Val>9.14930546341455E-2</Val>
</DBL>
<DBL>
<Name></Name>
<Val>0.12463394900326</Val>
</DBL>
<DBL>
<Name></Name>
<Val>0.12951303516650</Val>
</DBL>
<DBL>
<Name></Name>
<Val>2.83932058962187E-2</Val>
</DBL>
<DBL>
<Name></Name>
<Val>1.59432367520413E-2</Val>
</DBL>
<DBL>
<Name></Name>
<Val>1.58978448560548E-2</Val>
</DBL>
<DBL>
<Name></Name>
<Val>3.03413096696060E-2</Val>
</DBL>
<DBL>
<Name></Name>
<Val>2.80990503434032E-2</Val>
</DBL>
<DBL>
<Name></Name>
<Val>0.45734344863250</Val>
</DBL>
<DBL>
<Name></Name>
<Val>7.80077217828896E-2</Val>
</DBL>
<DBL>
<Name></Name>
<Val>9.15266380518579E-2</Val>
</DBL>
<DBL>
<Name></Name>
<Val>0.12471030006357</Val>
</DBL>
<DBL>
<Name></Name>
<Val>0.12960951840973</Val>
</DBL>
<DBL>
<Name></Name>
<Val>2.84488182422950E-2</Val>
</DBL>
<DBL>
<Name></Name>
<Val>1.59778417050766E-2</Val>
</DBL>
<DBL>
<Name></Name>
<Val>1.59353530990744E-2</Val>
</DBL>
<DBL>
<Name></Name>
<Val>3.01485014839843E-2</Val>
</DBL>
<DBL>
<Name></Name>
<Val>2.80749180309725E-2</Val>
</DBL>
<DBL>
<Name></Name>
<Val>0.45724990651670</Val>
</DBL>
<DBL>
<Name></Name>
<Val>7.80070482879837E-2</Val>
</DBL>
<DBL>
<Name></Name>
<Val>9.15577139145146E-2</Val>
</DBL>
<DBL>
<Name></Name>
<Val>0.12478119195772</Val>
</DBL>
<DBL>
<Name></Name>
<Val>0.12969921218767</Val>
</DBL>
<DBL>
<Name></Name>
<Val>2.85008303302747E-2</Val>
</DBL>
<DBL>
<Name></Name>
<Val>1.60102192539770E-2</Val>
</DBL>
<DBL>
<Name></Name>
<Val>1.59704580362083E-2</Val>
</DBL>
<DBL>
<Name></Name>
<Val>2.99701930203000E-2</Val>
</DBL>
<DBL>
<Name></Name>
<Val>2.80524991517513E-2</Val>
</DBL>
<DBL>
<Name></Name>
<Val>0.45716171739958</Val>
</DBL>
<DBL>
<Name></Name>
<Val>7.80062394646335E-2</Val>
</DBL>
<DBL>
<Name></Name>
<Val>9.15864706085898E-2</Val>
</DBL>
<DBL>
<Name></Name>
<Val>0.12484701375147</Val>
</DBL>
<DBL>
<Name></Name>
<Val>0.12978259045683</Val>
</DBL>
<DBL>
<Name></Name>
<Val>2.85494646669561E-2</Val>
</DBL>
<DBL>
<Name></Name>
<Val>1.60405057723974E-2</Val>
</DBL>
<DBL>
<Name></Name>
<Val>1.60033057074987E-2</Val>
</DBL>
<DBL>
<Name></Name>
<Val>2.98052855277063E-2</Val>
</DBL>
<DBL>
<Name></Name>
<Val>2.80316726537374E-2</Val>
</DBL>
<DBL>
<Name></Name>
<Val>0.45707862137004</Val>
</DBL>
<DBL>
<Name></Name>
<Val>7.80053216663101E-2</Val>
</DBL>
<DBL>
<Name></Name>
<Val>9.16130822734360E-2</Val>
</DBL>
<DBL>
<Name></Name>
<Val>0.12490812691390</Val>
</DBL>
<DBL>
<Name></Name>
<Val>0.12986009445897</Val>
</DBL>
<DBL>
<Name></Name>
<Val>2.85949310656509E-2</Val>
</DBL>
<DBL>
<Name></Name>
<Val>1.60688299884927E-2</Val>
</DBL>
<DBL>
<Name></Name>
<Val>1.60340340817532E-2</Val>
</DBL>
<DBL>
<Name></Name>
<Val>2.96527642377996E-2</Val>
</DBL>
<DBL>
<Name></Name>
<Val>2.80123259801909E-2</Val>
</DBL>
<DBL>
<Name></Name>
<Val>0.45700036582987</Val>
</DBL>
<DBL>
<Name></Name>
<Val>7.80043178483850E-2</Val>
</DBL>
<DBL>
<Name></Name>
<Val>9.16377098857690E-2</Val>
</DBL>
<DBL>
<Name></Name>
<Val>0.12496486726014</Val>
</DBL>
<DBL>
<Name></Name>
<Val>0.12993213494153</Val>
</DBL>
<DBL>
<Name></Name>
<Val>2.86374272596409E-2</Val>
</DBL>
<DBL>
<Name></Name>
<Val>1.60953133393058E-2</Val>
</DBL>
<DBL>
<Name></Name>
<Val>1.60627734173744E-2</Val>
</DBL>
<DBL>
<Name></Name>
<Val>2.95116918832572E-2</Val>
</DBL>
<DBL>
<Name></Name>
<Val>2.79943544789524E-2</Val>
</DBL>
<DBL>
<Name></Name>
<Val>0.45692670600505</Val>
</DBL>
<DBL>
<Name></Name>
<Val>7.80032479484392E-2</Val>
</DBL>
<DBL>
<Name></Name>
<Val>9.16605022611930E-2</Val>
</DBL>
<DBL>
<Name></Name>
<Val>0.12501754675910</Val>
</DBL>
<DBL>
<Name></Name>
<Val>0.12999909423134</Val>
</DBL>
<DBL>
<Name></Name>
<Val>2.86771394984787E-2</Val>
</DBL>
<DBL>
<Name></Name>
<Val>1.61200703172380E-2</Val>
</DBL>
<DBL>
<Name></Name>
<Val>1.60896466169558E-2</Val>
</DBL>
<DBL>
<Name></Name>
<Val>2.93812027220085E-2</Val>
</DBL>
<DBL>
<Name></Name>
<Val>2.79776608522763E-2</Val>
</DBL>
<DBL>
<Name></Name>
<Val>0.45685740532527</Val>
</DBL>
<DBL>
<Name></Name>
<Val>7.80021292269105E-2</Val>
</DBL>
<DBL>
<Name></Name>
<Val>9.16815969791122E-2</Val>
</DBL>
<DBL>
<Name></Name>
<Val>0.12506645521551</Val>
</DBL>
<DBL>
<Name></Name>
<Val>0.13006132817101</Val>
</DBL>
<DBL>
<Name></Name>
<Val>2.87142431259571E-2</Val>
</DBL>
<DBL>
<Name></Name>
<Val>1.61432088076062E-2</Val>
</DBL>
<DBL>
<Name></Name>
<Val>1.61147695743399E-2</Val>
</DBL>
<DBL>
<Name></Name>
<Val>2.92604970270524E-2</Val>
</DBL>
<DBL>
<Name></Name>
<Val>2.79621546444597E-2</Val>
</DBL>
<DBL>
<Name></Name>
<Val>0.45679223568994</Val>
</DBL>
<DBL>
<Name></Name>
<Val>7.80009765720493E-2</Val>
</DBL>
<DBL>
<Name></Name>
<Val>9.17011212368986E-2</Val>
</DBL>
<DBL>
<Name></Name>
<Val>0.12511186183456</Val>
</DBL>
<DBL>
<Name></Name>
<Val>0.13011916792660</Val>
</DBL>
<DBL>
<Name></Name>
<Val>2.87489031388668E-2</Val>
</DBL>
<DBL>
<Name></Name>
<Val>1.61648304165003E-2</Val>
</DBL>
<DBL>
<Name></Name>
<Val>1.61382515130811E-2</Val>
</DBL>
<DBL>
<Name></Name>
<Val>2.91488360052214E-2</Val>
</DBL>
<DBL>
<Name></Name>
<Val>2.79477517647238E-2</Val>
</DBL>
<DBL>
<Name></Name>
<Val>0.45673097763681</Val>
</DBL>
<DBL>
<Name></Name>
<Val>7.79998027727667E-2</Val>
</DBL>
<DBL>
<Name></Name>
<Val>9.17191926387373E-2</Val>
</DBL>
<DBL>
<Name></Name>
<Val>0.12515401667731</Val>
</DBL>
<DBL>
<Name></Name>
<Val>0.13017292167470</Val>
</DBL>
<DBL>
<Name></Name>
<Val>2.87812747259246E-2</Val>
</DBL>
<DBL>
<Name></Name>
<Val>1.61850307883355E-2</Val>
</DBL>
<DBL>
<Name></Name>
<Val>1.61601953154729E-2</Val>
</DBL>
<DBL>
<Name></Name>
<Val>2.90455371111202E-2</Val>
</DBL>
<DBL>
<Name></Name>
<Val>2.79343740429683E-2</Val>
</DBL>
<DBL>
<Name></Name>
<Val>0.45667342042742</Val>
</DBL>
<DBL>
<Name></Name>
<Val>7.79986187626072E-2</Val>
</DBL>
<DBL>
<Name></Name>
<Val>9.17359199241601E-2</Val>
</DBL>
<DBL>
<Name></Name>
<Val>0.12519315201437</Val>
</DBL>
<DBL>
<Name></Name>
<Val>0.13022287617675</Val>
</DBL>
<DBL>
<Name></Name>
<Val>2.88115037864687E-2</Val>
</DBL>
<DBL>
<Name></Name>
<Val>1.62038999126538E-2</Val>
</DBL>
<DBL>
<Name></Name>
<Val>1.61806978414861E-2</Val>
</DBL>
<DBL>
<Name></Name>
<Val>2.89499697251570E-2</Val>
</DBL>
<DBL>
<Name></Name>
<Val>2.79219488161766E-2</Val>
</DBL>
<DBL>
<Name></Name>
<Val>0.45661936206191</Val>
</DBL>
<DBL>
<Name></Name>
<Val>7.79974338377618E-2</Val>
</DBL>
<DBL>
<Name></Name>
<Val>9.17514036408947E-2</Val>
</DBL>
<DBL>
<Name></Name>
<Val>0.12522948358462</Val>
</DBL>
<DBL>
<Name></Name>
<Val>0.13026929824777</Val>
</DBL>
<DBL>
<Name></Name>
<Val>2.88397274287171E-2</Val>
</DBL>
<DBL>
<Name></Name>
<Val>1.62215224198634E-2</Val>
</DBL>
<DBL>
<Name></Name>
<Val>1.61998502371299E-2</Val>
</DBL>
<DBL>
<Name></Name>
<Val>2.88615511670627E-2</Val>
</DBL>
<DBL>
<Name></Name>
<Val>2.79104085433935E-2</Val>
</DBL>
<DBL>
<Name></Name>
<Val>0.45656860923423</Val>
</DBL>
<DBL>
<Name></Name>
<Val>7.79962558517520E-2</Val>
</DBL>
<DBL>
<Name></Name>
<Val>9.17657367663045E-2</Val>
</DBL>
<DBL>
<Name></Name>
<Val>0.12526321176577</Val>
</DBL>
<DBL>
<Name></Name>
<Val>0.13031243612634</Val>
</DBL>
<DBL>
<Name></Name>
<Val>2.88660744475395E-2</Val>
</DBL>
<DBL>
<Name></Name>
<Val>1.62379778657276E-2</Val>
</DBL>
<DBL>
<Name></Name>
<Val>1.62177382318904E-2</Val>
</DBL>
<DBL>
<Name></Name>
<Val>2.87797430185652E-2</Val>
</DBL>
<DBL>
<Name></Name>
<Val>2.78996904473331E-2</Val>
</DBL>
<DBL>
<Name></Name>
<Val>0.45652097723726</Val>
</DBL>
<DBL>
<Name></Name>
<Val>7.79950913891544E-2</Val>
</DBL>
<DBL>
<Name></Name>
<Val>9.17790052813626E-2</Val>
</DBL>
<DBL>
<Name></Name>
<Val>0.12529452266269</Val>
</DBL>
<DBL>
<Name></Name>
<Val>0.13035252075226</Val>
</DBL>
<DBL>
<Name></Name>
<Val>2.88906657818397E-2</Val>
</DBL>
<DBL>
<Name></Name>
<Val>1.62533410045103E-2</Val>
</DBL>
<DBL>
<Name></Name>
<Val>1.62344424250225E-2</Val>
</DBL>
<DBL>
<Name></Name>
<Val>2.87040477309782E-2</Val>
</DBL>
<DBL>
<Name></Name>
<Val>2.78897361808067E-2</Val>
</DBL>
<DBL>
<Name></Name>
<Val>0.45647628982661</Val>
</DBL>
<DBL>
<Name></Name>
<Val>7.79939459205051E-2</Val>
</DBL>
<DBL>
<Name></Name>
<Val>9.17912887008079E-2</Val>
</DBL>
<DBL>
<Name></Name>
<Val>0.12532358911920</Val>
</DBL>
<DBL>
<Name></Name>
<Val>0.13038976695798</Val>
</DBL>
<DBL>
<Name></Name>
<Val>2.89136149517546E-2</Val>
</DBL>
<DBL>
<Name></Name>
<Val>1.62676820507771E-2</Val>
</DBL>
<DBL>
<Name></Name>
<Val>1.62500385605784E-2</Val>
</DBL>
<DBL>
<Name></Name>
<Val>2.86340054953886E-2</Val>
</DBL>
<DBL>
<Name></Name>
<Val>2.78804915162756E-2</Val>
</DBL>
<DBL>
<Name></Name>
<Val>0.45643437905014</Val>
</DBL>
<DBL>
<Name></Name>
<Val>7.79928239403092E-2</Val>
</DBL>
<DBL>
<Name></Name>
<Val>9.18026605628435E-2</Val>
</DBL>
<DBL>
<Name></Name>
<Val>0.12535057165871</Val>
</DBL>
<DBL>
<Name></Name>
<Val>0.13042437457930</Val>
</DBL>
<DBL>
<Name></Name>
<Val>2.89350284759774E-2</Val>
</DBL>
<DBL>
<Name></Name>
<Val>1.62810669299199E-2</Val>
</DBL>
<DBL>
<Name></Name>
<Val>1.62645977911444E-2</Val>
</DBL>
<DBL>
<Name></Name>
<Val>2.85691913548932E-2</Val>
</DBL>
<DBL>
<Name></Name>
<Val>2.78719060569504E-2</Val>
</DBL>
<DBL>
<Name></Name>
<Val>0.45639508504995</Val>
</DBL>
<DBL>
<Name></Name>
<Val>7.79917290898918E-2</Val>
</DBL>
<DBL>
<Name></Name>
<Val>9.18131888814853E-2</Val>
</DBL>
<DBL>
<Name></Name>
<Val>0.12537561935854</Val>
</DBL>
<DBL>
<Name></Name>
<Val>0.13045652949082</Val>
</DBL>
<DBL>
<Name></Name>
<Val>2.89550062695930E-2</Val>
</DBL>
<DBL>
<Name></Name>
<Val>1.62935575175373E-2</Val>
</DBL>
<DBL>
<Name></Name>
<Val>1.62781869303359E-2</Val>
</DBL>
<DBL>
<Name></Name>
<Val>2.85092125399632E-2</Val>
</DBL>
<DBL>
<Name></Name>
<Val>2.78639329679619E-2</Val>
</DBL>
<DBL>
<Name></Name>
<Val>0.45635825584240</Val>
</DBL>
<DBL>
<Name></Name>
<Val>7.79906642666535E-2</Val>
</DBL>
<DBL>
<Name></Name>
<Val>9.18229365644265E-2</Val>
</DBL>
<DBL>
<Name></Name>
<Val>0.12539887066270</Val>
</DBL>
<DBL>
<Name></Name>
<Val>0.13048640457101</Val>
</DBL>
<DBL>
<Name></Name>
<Val>2.89736420228766E-2</Val>
</DBL>
<DBL>
<Name></Name>
<Val>1.63052118678526E-2</Val>
</DBL>
<DBL>
<Name></Name>
<Val>1.62908686941627E-2</Val>
</DBL>
<DBL>
<Name></Name>
<Val>2.84537060095121E-2</Val>
</DBL>
<DBL>
<Name></Name>
<Val>2.78565287262267E-2</Val>
</DBL>
<DBL>
<Name></Name>
<Val>0.45632374708091</Val>
</DBL>
<DBL>
<Name></Name>
<Val>7.79896317211406E-2</Val>
</DBL>
<DBL>
<Name></Name>
<Val>9.18319617990635E-2</Val>
</DBL>
<DBL>
<Name></Name>
<Val>0.12542045413723</Val>
</DBL>
<DBL>
<Name></Name>
<Val>0.13051416060153</Val>
</DBL>
<DBL>
<Name></Name>
<Val>2.89910235615608E-2</Val>
</DBL>
<DBL>
<Name></Name>
<Val>1.63160844313949E-2</Val>
</DBL>
<DBL>
<Name></Name>
<Val>1.63027019314336E-2</Val>
</DBL>
<DBL>
<Name></Name>
<Val>2.84023361816165E-2</Val>
</DBL>
<DBL>
<Name></Name>
<Val>2.78496528877265E-2</Val>
</DBL>
<DBL>
<Name></Name>
<Val>0.45629142180601</Val>
</DBL>
<DBL>
<Name></Name>
<Val>7.79886331431958E-2</Val>
</DBL>
<DBL>
<Name></Name>
<Val>9.18403184091266E-2</Val>
</DBL>
<DBL>
<Name></Name>
<Val>0.12544048917224</Val>
</DBL>
<DBL>
<Name></Name>
<Val>0.13053994710535</Val>
</DBL>
<DBL>
<Name></Name>
<Val>2.90072331891187E-2</Val>
</DBL>
<DBL>
<Name></Name>
<Val>1.63262262622023E-2</Val>
</DBL>
<DBL>
<Name></Name>
<Val>1.63137418434116E-2</Val>
</DBL>
<DBL>
<Name></Name>
<Val>2.83547928391098E-2</Val>
</DBL>
<DBL>
<Name></Name>
<Val>2.78432678710013E-2</Val>
</DBL>
<DBL>
<Name></Name>
<Val>0.45626115018608</Val>
</DBL>
<DBL>
<Name></Name>
<Val>7.79876697383323E-2</Val>
</DBL>
<DBL>
<Name></Name>
<Val>9.18480561841677E-2</Val>
</DBL>
<DBL>
<Name></Name>
<Val>0.12545908663434</Val>
</DBL>
<DBL>
<Name></Name>
<Val>0.13056390312753</Val>
</DBL>
<DBL>
<Name></Name>
<Val>2.90223480116387E-2</Val>
</DBL>
<DBL>
<Name></Name>
<Val>1.63356852148326E-2</Val>
</DBL>
<DBL>
<Name></Name>
<Val>1.63240401929675E-2</Val>
</DBL>
<DBL>
<Name></Name>
<Val>2.83107891964306E-2</Val>
</DBL>
<DBL>
<Name></Name>
<Val>2.78373387557420E-2</Val>
</DBL>
<DBL>
<Name></Name>
<Val>0.45623280925207</Val>
</DBL>
<DBL>
<Name></Name>
<Val>7.79867422953569E-2</Val>
</DBL>
<DBL>
<Name></Name>
<Val>9.18552211839867E-2</Val>
</DBL>
<DBL>
<Name></Name>
<Val>0.12547634947294</Val>
</DBL>
<DBL>
<Name></Name>
<Val>0.13058615796258</Val>
</DBL>
<DBL>
<Name></Name>
<Val>2.90364402458928E-2</Val>
</DBL>
<DBL>
<Name></Name>
<Val>1.63445061314903E-2</Val>
</DBL>
<DBL>
<Name></Name>
<Val>1.63336455035099E-2</Val>
</DBL>
<DBL>
<Name></Name>
<Val>2.82700601151811E-2</Val>
</DBL>
<DBL>
<Name></Name>
<Val>2.78318330954410E-2</Val>
</DBL>
<DBL>
<Name></Name>
<Val>0.45620628262881</Val>
</DBL>
<DBL>
<Name></Name>
<Val>7.79858512461677E-2</Val>
</DBL>
<DBL>
<Name></Name>
<Val>9.18618560199169E-2</Val>
</DBL>
<DBL>
<Name></Name>
<Val>0.12549237328361</Val>
</DBL>
<DBL>
<Name></Name>
<Val>0.13060683183207</Val>
</DBL>
<DBL>
<Name></Name>
<Val>2.90495775112135E-2</Val>
</DBL>
<DBL>
<Name></Name>
<Val>1.63527310195940E-2</Val>
</DBL>
<DBL>
<Name></Name>
<Val>1.63426032479921E-2</Val>
</DBL>
<DBL>
<Name></Name>
<Val>2.82323604568385E-2</Val>
</DBL>
<DBL>
<Name></Name>
<Val>2.78267207431299E-2</Val>
</DBL>
<DBL>
<Name></Name>
<Val>0.45618146026518</Val>
</DBL>
<DBL>
<Name></Name>
<Val>7.79849967185553E-2</Val>
</DBL>
<DBL>
<Name></Name>
<Val>9.18680001147392E-2</Val>
</DBL>
<DBL>
<Name></Name>
<Val>0.12550724683163</Val>
</DBL>
<DBL>
<Name></Name>
<Val>0.13062603651569</Val>
</DBL>
<DBL>
<Name></Name>
<Val>2.90618231058047E-2</Val>
</DBL>
<DBL>
<Name></Name>
<Val>1.63603992201179E-2</Val>
</DBL>
<DBL>
<Name></Name>
<Val>1.63509560283127E-2</Val>
</DBL>
<DBL>
<Name></Name>
<Val>2.81974635619700E-2</Val>
</DBL>
<DBL>
<Name></Name>
<Val>2.78219736893011E-2</Val>
</DBL>
<DBL>
<Name></Name>
<Val>0.45615823816520</Val>
</DBL>
<DBL>
<Name></Name>
<Val>7.79841785827555E-2</Val>
</DBL>
<DBL>
<Name></Name>
<Val>9.18736899428648E-2</Val>
</DBL>
<DBL>
<Name></Name>
<Val>0.12552105253835</Val>
</DBL>
<DBL>
<Name></Name>
<Val>0.13064387593894</Val>
</DBL>
<DBL>
<Name></Name>
<Val>2.90732362681148E-2</Val>
</DBL>
<DBL>
<Name></Name>
<Val>1.63675475670522E-2</Val>
</DBL>
<DBL>
<Name></Name>
<Val>1.63587437454428E-2</Val>
</DBL>
<DBL>
<Name></Name>
<Val>2.81651598461375E-2</Val>
</DBL>
<DBL>
<Name></Name>
<Val>2.78175659111691E-2</Val>
</DBL>
<DBL>
<Name></Name>
<Val>0.45613651812151</Val>
</DBL>
<DBL>
<Name></Name>
<Val>7.79833964924230E-2</Val>
</DBL>
<DBL>
<Name></Name>
<Val>9.18789592522911E-2</Val>
</DBL>
<DBL>
<Name></Name>
<Val>0.12553386693316</Val>
</DBL>
<DBL>
<Name></Name>
<Val>0.13066044672046</Val>
</DBL>
<DBL>
<Name></Name>
<Val>2.90838724238997E-2</Val>
</DBL>
<DBL>
<Name></Name>
<Val>1.63742105383279E-2</Val>
</DBL>
<DBL>
<Name></Name>
<Val>1.63660037606150E-2</Val>
</DBL>
<DBL>
<Name></Name>
<Val>2.81352555034485E-2</Val>
</DBL>
<DBL>
<Name></Name>
<Val>2.78134732324870E-2</Val>
</DBL>
<DBL>
<Name></Name>
<Val>0.45611620745268</Val>
</DBL>
<DBL>
<Name></Name>
<Val>7.79826499206312E-2</Val>
</DBL>
<DBL>
<Name></Name>
<Val>9.18838392697279E-2</Val>
</DBL>
<DBL>
<Name></Name>
<Val>0.12554576107336</Val>
</DBL>
<DBL>
<Name></Name>
<Val>0.13067583868159</Val>
</DBL>
<DBL>
<Name></Name>
<Val>2.90937834195986E-2</Val>
</DBL>
<DBL>
<Name></Name>
<Val>1.63804203985555E-2</Val>
</DBL>
<DBL>
<Name></Name>
<Val>1.63727710479227E-2</Val>
</DBL>
</Array>
<Array>
<Name>StateAdjacencyMatrix</Name>
<Dimsize>10</Dimsize>
<Dimsize>10</Dimsize>
<String>
<Name></Name>
<Val>@</Val>
</String>
<String>
<Name></Name>
<Val>B</Val>
</String>
<String>
<Name></Name>
<Val>@</Val>
</String>
<String>
<Name></Name>
<Val>@</Val>
</String>
<String>
<Name></Name>
<Val>@</Val>
</String>
<String>
<Name></Name>
<Val>@</Val>
</String>
<String>
<Name></Name>
<Val>@</Val>
</String>
<String>
<Name></Name>
<Val>@</Val>
</String>
<String>
<Name></Name>
<Val>@</Val>
</String>
<String>
<Name></Name>
<Val>@</Val>
</String>
<String>
<Name></Name>
<Val>B</Val>
</String>
<String>
<Name></Name>
<Val>@</Val>
</String>
<String>
<Name></Name>
<Val>C</Val>
</String>
<String>
<Name></Name>
<Val>@</Val>
</String>
<String>
<Name></Name>
<Val>@</Val>
</String>
<String>
<Name></Name>
<Val>@</Val>
</String>
<String>
<Name></Name>
<Val>@</Val>
</String>
<String>
<Name></Name>
<Val>@</Val>
</String>
<String>
<Name></Name>
<Val>@</Val>
</String>
<String>
<Name></Name>
<Val>@</Val>
</String>
<String>
<Name></Name>
<Val>@</Val>
</String>
<String>
<Name></Name>
<Val>H</Val>
</String>
<String>
<Name></Name>
<Val>@</Val>
</String>
<String>
<Name></Name>
<Val>F</Val>
</String>
<String>
<Name></Name>
<Val>@</Val>
</String>
<String>
<Name></Name>
<Val>@</Val>
</String>
<String>
<Name></Name>
<Val>@</Val>
</String>
<String>
<Name></Name>
<Val>@</Val>
</String>
<String>
<Name></Name>
<Val>@</Val>
</String>
<String>
<Name></Name>
<Val>@</Val>
</String>
<String>
<Name></Name>
<Val>@</Val>
</String>
<String>
<Name></Name>
<Val>@</Val>
</String>
<String>
<Name></Name>
<Val>I</Val>
</String>
<String>
<Name></Name>
<Val>@</Val>
</String>
<String>
<Name></Name>
<Val>G</Val>
</String>
<String>
<Name></Name>
<Val>@</Val>
</String>
<String>
<Name></Name>
<Val>@</Val>
</String>
<String>
<Name></Name>
<Val>@</Val>
</String>
<String>
<Name></Name>
<Val>@</Val>
</String>
<String>
<Name></Name>
<Val>@</Val>
</String>
<String>
<Name></Name>
<Val>@</Val>
</String>
<String>
<Name></Name>
<Val>@</Val>
</String>
<String>
<Name></Name>
<Val>@</Val>
</String>
<String>
<Name></Name>
<Val>A</Val>
</String>
<String>
<Name></Name>
<Val>@</Val>
</String>
<String>
<Name></Name>
<Val>E</Val>
</String>
<String>
<Name></Name>
<Val>@</Val>
</String>
<String>
<Name></Name>
<Val>@</Val>
</String>
<String>
<Name></Name>
<Val>@</Val>
</String>
<String>
<Name></Name>
<Val>@</Val>
</String>
<String>
<Name></Name>
<Val>@</Val>
</String>
<String>
<Name></Name>
<Val>@</Val>
</String>
<String>
<Name></Name>
<Val>@</Val>
</String>
<String>
<Name></Name>
<Val>@</Val>
</String>
<String>
<Name></Name>
<Val>A</Val>
</String>
<String>
<Name></Name>
<Val>@</Val>
</String>
<String>
<Name></Name>
<Val>E</Val>
</String>
<String>
<Name></Name>
<Val>@</Val>
</String>
<String>
<Name></Name>
<Val>@</Val>
</String>
<String>
<Name></Name>
<Val>@</Val>
</String>
<String>
<Name></Name>
<Val>@</Val>
</String>
<String>
<Name></Name>
<Val>@</Val>
</String>
<String>
<Name></Name>
<Val>@</Val>
</String>
<String>
<Name></Name>
<Val>@</Val>
</String>
<String>
<Name></Name>
<Val>@</Val>
</String>
<String>
<Name></Name>
<Val>C</Val>
</String>
<String>
<Name></Name>
<Val>@</Val>
</String>
<String>
<Name></Name>
<Val>H</Val>
</String>
<String>
<Name></Name>
<Val>@</Val>
</String>
<String>
<Name></Name>
<Val>@</Val>
</String>
<String>
<Name></Name>
<Val>@</Val>
</String>
<String>
<Name></Name>
<Val>@</Val>
</String>
<String>
<Name></Name>
<Val>@</Val>
</String>
<String>
<Name></Name>
<Val>@</Val>
</String>
<String>
<Name></Name>
<Val>@</Val>
</String>
<String>
<Name></Name>
<Val>@</Val>
</String>
<String>
<Name></Name>
<Val>F</Val>
</String>
<String>
<Name></Name>
<Val>@</Val>
</String>
<String>
<Name></Name>
<Val>G</Val>
</String>
<String>
<Name></Name>
<Val>@</Val>
</String>
<String>
<Name></Name>
<Val>@</Val>
</String>
<String>
<Name></Name>
<Val>@</Val>
</String>
<String>
<Name></Name>
<Val>@</Val>
</String>
<String>
<Name></Name>
<Val>@</Val>
</String>
<String>
<Name></Name>
<Val>@</Val>
</String>
<String>
<Name></Name>
<Val>@</Val>
</String>
<String>
<Name></Name>
<Val>@</Val>
</String>
<String>
<Name></Name>
<Val>I</Val>
</String>
<String>
<Name></Name>
<Val>@</Val>
</String>
<String>
<Name></Name>
<Val>D</Val>
</String>
<String>
<Name></Name>
<Val>@</Val>
</String>
<String>
<Name></Name>
<Val>@</Val>
</String>
<String>
<Name></Name>
<Val>@</Val>
</String>
<String>
<Name></Name>
<Val>@</Val>
</String>
<String>
<Name></Name>
<Val>@</Val>
</String>
<String>
<Name></Name>
<Val>@</Val>
</String>
<String>
<Name></Name>
<Val>@</Val>
</String>
<String>
<Name></Name>
<Val>@</Val>
</String>
<String>
<Name></Name>
<Val>D</Val>
</String>
<String>
<Name></Name>
<Val>@</Val>
</String>
</Array>
<Cluster>
<Name>IntegrationParams</Name>
<NumElts>4</NumElts>
<DBL>
<Name>time start</Name>
<Val>0.00000000000000</Val>
</DBL>
<DBL>
<Name>time end</Name>
<Val>999.00000000000000</Val>
</DBL>
<DBL>
<Name>h (step rate)</Name>
<Val>0.10000000000000</Val>
</DBL>
<Array>
<Name>X0</Name>
<Dimsize>10</Dimsize>
<I32>
<Name></Name>
<Val>1</Val>
</I32>
<I32>
<Name></Name>
<Val>0</Val>
</I32>
<I32>
<Name></Name>
<Val>0</Val>
</I32>
<I32>
<Name></Name>
<Val>0</Val>
</I32>
<I32>
<Name></Name>
<Val>0</Val>
</I32>
<I32>
<Name></Name>
<Val>0</Val>
</I32>
<I32>
<Name></Name>
<Val>0</Val>
</I32>
<I32>
<Name></Name>
<Val>0</Val>
</I32>
<I32>
<Name></Name>
<Val>0</Val>
</I32>
<I32>
<Name></Name>
<Val>0</Val>
</I32>
</Array>
</Cluster>
<Array>
<Name>StateNames</Name>
<Dimsize>10</Dimsize>
<String>
<Name>string</Name>
<Val>a</Val>
</String>
<String>
<Name>string</Name>
<Val>b</Val>
</String>
<String>
<Name>string</Name>
<Val>c</Val>
</String>
<String>
<Name>string</Name>
<Val>d</Val>
</String>
<String>
<Name>string</Name>
<Val>e</Val>
</String>
<String>
<Name>string</Name>
<Val>f</Val>
</String>
<String>
<Name>string</Name>
<Val>g</Val>
</String>
<String>
<Name>string</Name>
<Val>h</Val>
</String>
<String>
<Name>string</Name>
<Val>i</Val>
</String>
<String>
<Name>string</Name>
<Val>j</Val>
</String>
</Array>
</Cluster>
</LVData>