<?xml version='1.0' standalone='yes' ?>
<LVData xmlns="http://www.ni.com/LVData">
<Version>10.0.1</Version>
<Cluster>
<Name>ModelData</Name>
<NumElts>7</NumElts>
<Array>
<Name>Transitions</Name>
<Dimsize>17</Dimsize>
<Dimsize>2</Dimsize>
<String>
<Name>string</Name>
<Val>A</Val>
</String>
<String>
<Name>string</Name>
<Val>A</Val>
</String>
<String>
<Name>string</Name>
<Val>B</Val>
</String>
<String>
<Name>string</Name>
<Val>B</Val>
</String>
<String>
<Name>string</Name>
<Val>C</Val>
</String>
<String>
<Name>string</Name>
<Val>C</Val>
</String>
<String>
<Name>string</Name>
<Val>D</Val>
</String>
<String>
<Name>string</Name>
<Val>D</Val>
</String>
<String>
<Name>string</Name>
<Val>E</Val>
</String>
<String>
<Name>string</Name>
<Val>E</Val>
</String>
<String>
<Name>string</Name>
<Val>F</Val>
</String>
<String>
<Name>string</Name>
<Val>F</Val>
</String>
<String>
<Name>string</Name>
<Val>G</Val>
</String>
<String>
<Name>string</Name>
<Val>G</Val>
</String>
<String>
<Name>string</Name>
<Val>H</Val>
</String>
<String>
<Name>string</Name>
<Val>H</Val>
</String>
<String>
<Name>string</Name>
<Val>I</Val>
</String>
<String>
<Name>string</Name>
<Val>I</Val>
</String>
<String>
<Name>string</Name>
<Val>J</Val>
</String>
<String>
<Name>string</Name>
<Val>J</Val>
</String>
<String>
<Name>string</Name>
<Val>K</Val>
</String>
<String>
<Name>string</Name>
<Val>K</Val>
</String>
<String>
<Name>string</Name>
<Val>L</Val>
</String>
<String>
<Name>string</Name>
<Val>L</Val>
</String>
<String>
<Name>string</Name>
<Val>M</Val>
</String>
<String>
<Name>string</Name>
<Val>M</Val>
</String>
<String>
<Name>string</Name>
<Val>N</Val>
</String>
<String>
<Name>string</Name>
<Val>N</Val>
</String>
<String>
<Name>string</Name>
<Val>O</Val>
</String>
<String>
<Name>string</Name>
<Val>O</Val>
</String>
<String>
<Name>string</Name>
<Val>P</Val>
</String>
<String>
<Name>string</Name>
<Val>P</Val>
</String>
<String>
<Name>string</Name>
<Val>Q</Val>
</String>
<String>
<Name>string</Name>
<Val>Q</Val>
</String>
</Array>
<Array>
<Name>RealValues</Name>
<Dimsize>17</Dimsize>
<Dimsize>2</Dimsize>
<String>
<Name>string</Name>
<Val>A</Val>
</String>
<String>
<Name>string</Name>
<Val>0,028537</Val>
</String>
<String>
<Name>string</Name>
<Val>B</Val>
</String>
<String>
<Name>string</Name>
<Val>0,067835</Val>
</String>
<String>
<Name>string</Name>
<Val>C</Val>
</String>
<String>
<Name>string</Name>
<Val>0,001583</Val>
</String>
<String>
<Name>string</Name>
<Val>D</Val>
</String>
<String>
<Name>string</Name>
<Val>0,259325</Val>
</String>
<String>
<Name>string</Name>
<Val>E</Val>
</String>
<String>
<Name>string</Name>
<Val>0,892831</Val>
</String>
<String>
<Name>string</Name>
<Val>F</Val>
</String>
<String>
<Name>string</Name>
<Val>0,023925</Val>
</String>
<String>
<Name>string</Name>
<Val>G</Val>
</String>
<String>
<Name>string</Name>
<Val>0,024617</Val>
</String>
<String>
<Name>string</Name>
<Val>H</Val>
</String>
<String>
<Name>string</Name>
<Val>0,077846</Val>
</String>
<String>
<Name>string</Name>
<Val>I</Val>
</String>
<String>
<Name>string</Name>
<Val>0,062760</Val>
</String>
<String>
<Name>string</Name>
<Val>J</Val>
</String>
<String>
<Name>string</Name>
<Val>0,852795</Val>
</String>
<String>
<Name>string</Name>
<Val>K</Val>
</String>
<String>
<Name>string</Name>
<Val>0,008386</Val>
</String>
<String>
<Name>string</Name>
<Val>L</Val>
</String>
<String>
<Name>string</Name>
<Val>0,089730</Val>
</String>
<String>
<Name>string</Name>
<Val>M</Val>
</String>
<String>
<Name>string</Name>
<Val>0,021396</Val>
</String>
<String>
<Name>string</Name>
<Val>N</Val>
</String>
<String>
<Name>string</Name>
<Val>0,005540</Val>
</String>
<String>
<Name>string</Name>
<Val>O</Val>
</String>
<String>
<Name>string</Name>
<Val>0,014649</Val>
</String>
<String>
<Name>string</Name>
<Val>P</Val>
</String>
<String>
<Name>string</Name>
<Val>0,093734</Val>
</String>
<String>
<Name>string</Name>
<Val>Q</Val>
</String>
<String>
<Name>string</Name>
<Val>0,053258</Val>
</String>
</Array>
<Array>
<Name>Times</Name>
<Dimsize>100</Dimsize>
<DBL>
<Name></Name>
<Val>0.00000000000000</Val>
</DBL>
<DBL>
<Name></Name>
<Val>10.00000000000000</Val>
</DBL>
<DBL>
<Name></Name>
<Val>20.00000000000000</Val>
</DBL>
<DBL>
<Name></Name>
<Val>30.00000000000000</Val>
</DBL>
<DBL>
<Name></Name>
<Val>40.00000000000000</Val>
</DBL>
<DBL>
<Name></Name>
<Val>50.00000000000000</Val>
</DBL>
<DBL>
<Name></Name>
<Val>60.00000000000000</Val>
</DBL>
<DBL>
<Name></Name>
<Val>70.00000000000000</Val>
</DBL>
<DBL>
<Name></Name>
<Val>80.00000000000000</Val>
</DBL>
<DBL>
<Name></Name>
<Val>90.00000000000000</Val>
</DBL>
<DBL>
<Name></Name>
<Val>100.00000000000000</Val>
</DBL>
<DBL>
<Name></Name>
<Val>110.00000000000000</Val>
</DBL>
<DBL>
<Name></Name>
<Val>120.00000000000000</Val>
</DBL>
<DBL>
<Name></Name>
<Val>130.00000000000000</Val>
</DBL>
<DBL>
<Name></Name>
<Val>140.00000000000000</Val>
</DBL>
<DBL>
<Name></Name>
<Val>150.00000000000000</Val>
</DBL>
<DBL>
<Name></Name>
<Val>160.00000000000000</Val>
</DBL>
<DBL>
<Name></Name>
<Val>170.00000000000000</Val>
</DBL>
<DBL>
<Name></Name>
<Val>180.00000000000000</Val>
</DBL>
<DBL>
<Name></Name>
<Val>190.00000000000000</Val>
</DBL>
<DBL>
<Name></Name>
<Val>200.00000000000000</Val>
</DBL>
<DBL>
<Name></Name>
<Val>210.00000000000000</Val>
</DBL>
<DBL>
<Name></Name>
<Val>220.00000000000000</Val>
</DBL>
<DBL>
<Name></Name>
<Val>230.00000000000000</Val>
</DBL>
<DBL>
<Name></Name>
<Val>240.00000000000000</Val>
</DBL>
<DBL>
<Name></Name>
<Val>250.00000000000000</Val>
</DBL>
<DBL>
<Name></Name>
<Val>260.00000000000000</Val>
</DBL>
<DBL>
<Name></Name>
<Val>270.00000000000000</Val>
</DBL>
<DBL>
<Name></Name>
<Val>280.00000000000000</Val>
</DBL>
<DBL>
<Name></Name>
<Val>290.00000000000000</Val>
</DBL>
<DBL>
<Name></Name>
<Val>300.00000000000000</Val>
</DBL>
<DBL>
<Name></Name>
<Val>310.00000000000000</Val>
</DBL>
<DBL>
<Name></Name>
<Val>320.00000000000000</Val>
</DBL>
<DBL>
<Name></Name>
<Val>330.00000000000000</Val>
</DBL>
<DBL>
<Name></Name>
<Val>340.00000000000000</Val>
</DBL>
<DBL>
<Name></Name>
<Val>350.00000000000000</Val>
</DBL>
<DBL>
<Name></Name>
<Val>360.00000000000000</Val>
</DBL>
<DBL>
<Name></Name>
<Val>370.00000000000000</Val>
</DBL>
<DBL>
<Name></Name>
<Val>380.00000000000000</Val>
</DBL>
<DBL>
<Name></Name>
<Val>390.00000000000000</Val>
</DBL>
<DBL>
<Name></Name>
<Val>400.00000000000000</Val>
</DBL>
<DBL>
<Name></Name>
<Val>410.00000000000000</Val>
</DBL>
<DBL>
<Name></Name>
<Val>420.00000000000000</Val>
</DBL>
<DBL>
<Name></Name>
<Val>430.00000000000000</Val>
</DBL>
<DBL>
<Name></Name>
<Val>440.00000000000000</Val>
</DBL>
<DBL>
<Name></Name>
<Val>450.00000000000000</Val>
</DBL>
<DBL>
<Name></Name>
<Val>460.00000000000000</Val>
</DBL>
<DBL>
<Name></Name>
<Val>470.00000000000000</Val>
</DBL>
<DBL>
<Name></Name>
<Val>480.00000000000000</Val>
</DBL>
<DBL>
<Name></Name>
<Val>490.00000000000000</Val>
</DBL>
<DBL>
<Name></Name>
<Val>500.00000000000000</Val>
</DBL>
<DBL>
<Name></Name>
<Val>510.00000000000000</Val>
</DBL>
<DBL>
<Name></Name>
<Val>520.00000000000000</Val>
</DBL>
<DBL>
<Name></Name>
<Val>530.00000000000000</Val>
</DBL>
<DBL>
<Name></Name>
<Val>540.00000000000000</Val>
</DBL>
<DBL>
<Name></Name>
<Val>550.00000000000000</Val>
</DBL>
<DBL>
<Name></Name>
<Val>560.00000000000000</Val>
</DBL>
<DBL>
<Name></Name>
<Val>570.00000000000000</Val>
</DBL>
<DBL>
<Name></Name>
<Val>580.00000000000000</Val>
</DBL>
<DBL>
<Name></Name>
<Val>590.00000000000000</Val>
</DBL>
<DBL>
<Name></Name>
<Val>600.00000000000000</Val>
</DBL>
<DBL>
<Name></Name>
<Val>610.00000000000000</Val>
</DBL>
<DBL>
<Name></Name>
<Val>620.00000000000000</Val>
</DBL>
<DBL>
<Name></Name>
<Val>630.00000000000000</Val>
</DBL>
<DBL>
<Name></Name>
<Val>640.00000000000000</Val>
</DBL>
<DBL>
<Name></Name>
<Val>650.00000000000000</Val>
</DBL>
<DBL>
<Name></Name>
<Val>660.00000000000000</Val>
</DBL>
<DBL>
<Name></Name>
<Val>670.00000000000000</Val>
</DBL>
<DBL>
<Name></Name>
<Val>680.00000000000000</Val>
</DBL>
<DBL>
<Name></Name>
<Val>690.00000000000000</Val>
</DBL>
<DBL>
<Name></Name>
<Val>700.00000000000000</Val>
</DBL>
<DBL>
<Name></Name>
<Val>710.00000000000000</Val>
</DBL>
<DBL>
<Name></Name>
<Val>720.00000000000000</Val>
</DBL>
<DBL>
<Name></Name>
<Val>730.00000000000000</Val>
</DBL>
<DBL>
<Name></Name>
<Val>740.00000000000000</Val>
</DBL>
<DBL>
<Name></Name>
<Val>750.00000000000000</Val>
</DBL>
<DBL>
<Name></Name>
<Val>760.00000000000000</Val>
</DBL>
<DBL>
<Name></Name>
<Val>770.00000000000000</Val>
</DBL>
<DBL>
<Name></Name>
<Val>780.00000000000000</Val>
</DBL>
<DBL>
<Name></Name>
<Val>790.00000000000000</Val>
</DBL>
<DBL>
<Name></Name>
<Val>800.00000000000000</Val>
</DBL>
<DBL>
<Name></Name>
<Val>810.00000000000000</Val>
</DBL>
<DBL>
<Name></Name>
<Val>820.00000000000000</Val>
</DBL>
<DBL>
<Name></Name>
<Val>830.00000000000000</Val>
</DBL>
<DBL>
<Name></Name>
<Val>840.00000000000000</Val>
</DBL>
<DBL>
<Name></Name>
<Val>850.00000000000000</Val>
</DBL>
<DBL>
<Name></Name>
<Val>860.00000000000000</Val>
</DBL>
<DBL>
<Name></Name>
<Val>870.00000000000000</Val>
</DBL>
<DBL>
<Name></Name>
<Val>880.00000000000000</Val>
</DBL>
<DBL>
<Name></Name>
<Val>890.00000000000000</Val>
</DBL>
<DBL>
<Name></Name>
<Val>900.00000000000000</Val>
</DBL>
<DBL>
<Name></Name>
<Val>910.00000000000000</Val>
</DBL>
<DBL>
<Name></Name>
<Val>920.00000000000000</Val>
</DBL>
<DBL>
<Name></Name>
<Val>930.00000000000000</Val>
</DBL>
<DBL>
<Name></Name>
<Val>940.00000000000000</Val>
</DBL>
<DBL>
<Name></Name>
<Val>950.00000000000000</Val>
</DBL>
<DBL>
<Name></Name>
<Val>960.00000000000000</Val>
</DBL>
<DBL>
<Name></Name>
<Val>970.00000000000000</Val>
</DBL>
<DBL>
<Name></Name>
<Val>980.00000000000000</Val>
</DBL>
<DBL>
<Name></Name>
<Val>990.00000000000000</Val>
</DBL>
</Array>
<Array>
<Name>RealSolution</Name>
<Dimsize>100</Dimsize>
<Dimsize>10</Dimsize>
<DBL>
<Name></Name>
<Val>1.00000000000000</Val>
</DBL>
<DBL>
<Name></Name>
<Val>0.00000000000000</Val>
</DBL>
<DBL>
<Name></Name>
<Val>0.00000000000000</Val>
</DBL>
<DBL>
<Name></Name>
<Val>0.00000000000000</Val>
</DBL>
<DBL>
<Name></Name>
<Val>0.00000000000000</Val>
</DBL>
<DBL>
<Name></Name>
<Val>0.00000000000000</Val>
</DBL>
<DBL>
<Name></Name>
<Val>0.00000000000000</Val>
</DBL>
<DBL>
<Name></Name>
<Val>0.00000000000000</Val>
</DBL>
<DBL>
<Name></Name>
<Val>0.00000000000000</Val>
</DBL>
<DBL>
<Name></Name>
<Val>0.00000000000000</Val>
</DBL>
<DBL>
<Name></Name>
<Val>6.55022240907939E-2</Val>
</DBL>
<DBL>
<Name></Name>
<Val>0.59172920809117</Val>
</DBL>
<DBL>
<Name></Name>
<Val>0.30675199940660</Val>
</DBL>
<DBL>
<Name></Name>
<Val>8.68399551064718E-3</Val>
</DBL>
<DBL>
<Name></Name>
<Val>1.58674210461730E-2</Val>
</DBL>
<DBL>
<Name></Name>
<Val>1.08428971280127E-2</Val>
</DBL>
<DBL>
<Name></Name>
<Val>6.20525917035023E-4</Val>
</DBL>
<DBL>
<Name></Name>
<Val>1.66342959875119E-6</Val>
</DBL>
<DBL>
<Name></Name>
<Val>6.42995076694843E-8</Val>
</DBL>
<DBL>
<Name></Name>
<Val>1.08045846193464E-9</Val>
</DBL>
<DBL>
<Name></Name>
<Val>4.20793325643430E-2</Val>
</DBL>
<DBL>
<Name></Name>
<Val>0.38175733159812</Val>
</DBL>
<DBL>
<Name></Name>
<Val>0.45028734484907</Val>
</DBL>
<DBL>
<Name></Name>
<Val>1.55309608374610E-2</Val>
</DBL>
<DBL>
<Name></Name>
<Val>4.34891912118648E-2</Val>
</DBL>
<DBL>
<Name></Name>
<Val>5.86105026442666E-2</Val>
</DBL>
<DBL>
<Name></Name>
<Val>8.19270681970957E-3</Val>
</DBL>
<DBL>
<Name></Name>
<Val>4.85221868380448E-5</Val>
</DBL>
<DBL>
<Name></Name>
<Val>3.96759278877415E-6</Val>
</DBL>
<DBL>
<Name></Name>
<Val>1.39695534631832E-7</Val>
</DBL>
<DBL>
<Name></Name>
<Val>2.79833395218174E-2</Val>
</DBL>
<DBL>
<Name></Name>
<Val>0.25492927462664</Val>
</DBL>
<DBL>
<Name></Name>
<Val>0.48303610581892</Val>
</DBL>
<DBL>
<Name></Name>
<Val>1.87214406372313E-2</Val>
</DBL>
<DBL>
<Name></Name>
<Val>6.59382418858706E-2</Val>
</DBL>
<DBL>
<Name></Name>
<Val>0.12064313219019</Val>
</DBL>
<DBL>
<Name></Name>
<Val>2.84537899025298E-2</Val>
</DBL>
<DBL>
<Name></Name>
<Val>2.61229365317661E-4</Val>
</DBL>
<DBL>
<Name></Name>
<Val>3.17951960663759E-5</Val>
</DBL>
<DBL>
<Name></Name>
<Val>1.65085541963176E-6</Val>
</DBL>
<DBL>
<Name></Name>
<Val>1.92918110642293E-2</Val>
</DBL>
<DBL>
<Name></Name>
<Val>0.17649005326616</Val>
</DBL>
<DBL>
<Name></Name>
<Val>0.46192651959018</Val>
</DBL>
<DBL>
<Name></Name>
<Val>1.97491718739030E-2</Val>
</DBL>
<DBL>
<Name></Name>
<Val>8.20009592842571E-2</Val>
</DBL>
<DBL>
<Name></Name>
<Val>0.17851820681801</Val>
</DBL>
<DBL>
<Name></Name>
<Val>6.11393094812265E-2</Val>
</DBL>
<DBL>
<Name></Name>
<Val>7.56722255304517E-4</Val>
</DBL>
<DBL>
<Name></Name>
<Val>1.19302681535001E-4</Val>
</DBL>
<DBL>
<Name></Name>
<Val>7.94368518829160E-6</Val>
</DBL>
<DBL>
<Name></Name>
<Val>1.37795342531303E-2</Val>
</DBL>
<DBL>
<Name></Name>
<Val>0.12656424714541</Val>
</DBL>
<DBL>
<Name></Name>
<Val>0.41747514575501</Val>
</DBL>
<DBL>
<Name></Name>
<Val>1.95622113928023E-2</Val>
</DBL>
<DBL>
<Name></Name>
<Val>9.24149483409820E-2</Val>
</DBL>
<DBL>
<Name></Name>
<Val>0.22511714294359</Val>
</DBL>
<DBL>
<Name></Name>
<Val>0.10316025223542</Val>
</DBL>
<DBL>
<Name></Name>
<Val>1.59909294175385E-3</Val>
</DBL>
<DBL>
<Name></Name>
<Val>3.03376151163974E-4</Val>
</DBL>
<DBL>
<Name></Name>
<Val>2.40488407305203E-5</Val>
</DBL>
<DBL>
<Name></Name>
<Val>1.01683626231611E-2</Val>
</DBL>
<DBL>
<Name></Name>
<Val>9.37263510427548E-2</Val>
</DBL>
<DBL>
<Name></Name>
<Val>0.36561269910338</Val>
</DBL>
<DBL>
<Name></Name>
<Val>1.87264148606231E-2</Val>
</DBL>
<DBL>
<Name></Name>
<Val>9.83133644509825E-2</Val>
</DBL>
<DBL>
<Name></Name>
<Val>0.25915391902787</Val>
</DBL>
<DBL>
<Name></Name>
<Val>0.15083391132423</Val>
</DBL>
<DBL>
<Name></Name>
<Val>2.79902076454364E-3</Val>
</DBL>
<DBL>
<Name></Name>
<Val>6.10866518961346E-4</Val>
</DBL>
<DBL>
<Name></Name>
<Val>5.50902834966720E-5</Val>
</DBL>
<DBL>
<Name></Name>
<Val>7.71823870482804E-3</Val>
</DBL>
<DBL>
<Name></Name>
<Val>7.13535473849393E-2</Val>
</DBL>
<DBL>
<Name></Name>
<Val>0.31428572872344</Val>
</DBL>
<DBL>
<Name></Name>
<Val>1.75773771938845E-2</Val>
</DBL>
<DBL>
<Name></Name>
<Val>0.10082740415992</Val>
</DBL>
<DBL>
<Name></Name>
<Val>0.28188130501853</Val>
</DBL>
<DBL>
<Name></Name>
<Val>0.20086829132332</Val>
</DBL>
<DBL>
<Name></Name>
<Val>4.32861516211637E-3</Val>
</DBL>
<DBL>
<Name></Name>
<Val>1.05451048095210E-3</Val>
</DBL>
<DBL>
<Name></Name>
<Val>1.04981848077382E-4</Val>
</DBL>
<DBL>
<Name></Name>
<Val>5.99594320527257E-3</Val>
</DBL>
<DBL>
<Name></Name>
<Val>5.55630891178852E-2</Val>
</DBL>
<DBL>
<Name></Name>
<Val>0.26713110453781</Val>
</DBL>
<DBL>
<Name></Name>
<Val>1.63124260893951E-2</Val>
</DBL>
<DBL>
<Name></Name>
<Val>0.10093724930544</Val>
</DBL>
<DBL>
<Name></Name>
<Val>0.29541982082230</Val>
</DBL>
<DBL>
<Name></Name>
<Val>0.25069369347940</Val>
</DBL>
<DBL>
<Name></Name>
<Val>6.13722611687306E-3</Val>
</DBL>
<DBL>
<Name></Name>
<Val>1.63365661818752E-3</Val>
</DBL>
<DBL>
<Name></Name>
<Val>1.75790707437868E-4</Val>
</DBL>
<DBL>
<Name></Name>
<Val>4.74412343038165E-3</Val>
</DBL>
<DBL>
<Name></Name>
<Val>4.40438441970786E-2</Val>
</DBL>
<DBL>
<Name></Name>
<Val>0.22551055256198</Val>
</DBL>
<DBL>
<Name></Name>
<Val>1.50453818163176E-2</Val>
</DBL>
<DBL>
<Name></Name>
<Val>9.94305638796335E-2</Val>
</DBL>
<DBL>
<Name></Name>
<Val>0.30196779938989</Val>
</DBL>
<DBL>
<Name></Name>
<Val>0.29848891508621</Val>
</DBL>
<DBL>
<Name></Name>
<Val>8.16390859312643E-3</Val>
</DBL>
<DBL>
<Name></Name>
<Val>2.33722147225572E-3</Val>
</DBL>
<DBL>
<Name></Name>
<Val>2.67689573133513E-4</Val>
</DBL>
<DBL>
<Name></Name>
<Val>3.80694501798103E-3</Val>
</DBL>
<DBL>
<Name></Name>
<Val>3.53927867447607E-2</Val>
</DBL>
<DBL>
<Name></Name>
<Val>0.18962829602109</Val>
</DBL>
<DBL>
<Name></Name>
<Val>1.38394086663526E-2</Val>
</DBL>
<DBL>
<Name></Name>
<Val>9.69096278983754E-2</Val>
</DBL>
<DBL>
<Name></Name>
<Val>0.30346863240132</Val>
</DBL>
<DBL>
<Name></Name>
<Val>0.34308184360476</Val>
</DBL>
<DBL>
<Name></Name>
<Val>1.03459962980020E-2</Val>
</DBL>
<DBL>
<Name></Name>
<Val>3.14719919236603E-3</Val>
</DBL>
<DBL>
<Name></Name>
<Val>3.79264154986918E-4</Val>
</DBL>
<DBL>
<Name></Name>
<Val>3.08774972576648E-3</Val>
</DBL>
<DBL>
<Name></Name>
<Val>2.87369487489078E-2</Val>
</DBL>
<DBL>
<Name></Name>
<Val>0.15913768236807</Val>
</DBL>
<DBL>
<Name></Name>
<Val>1.27269193371108E-2</Val>
</DBL>
<DBL>
<Name></Name>
<Val>9.38175933913133E-2</Val>
</DBL>
<DBL>
<Name></Name>
<Val>0.30150589098917</Val>
</DBL>
<DBL>
<Name></Name>
<Val>0.38381296513519</Val>
</DBL>
<DBL>
<Name></Name>
<Val>1.26244256776544E-2</Val>
</DBL>
<DBL>
<Name></Name>
<Val>4.04185914407284E-3</Val>
</DBL>
<DBL>
<Name></Name>
<Val>5.07965482741805E-4</Val>
</DBL>
<DBL>
<Name></Name>
<Val>2.52483107324768E-3</Val>
</DBL>
<DBL>
<Name></Name>
<Val>2.35169974704922E-2</Val>
</DBL>
<DBL>
<Name></Name>
<Val>0.13346432739027</Val>
</DBL>
<DBL>
<Name></Name>
<Val>1.17217523574157E-2</Val>
</DBL>
<DBL>
<Name></Name>
<Val>9.04694405255480E-2</Val>
</DBL>
<DBL>
<Name></Name>
<Val>0.29730483154412</Val>
</DBL>
<DBL>
<Name></Name>
<Val>0.42040229227104</Val>
</DBL>
<DBL>
<Name></Name>
<Val>1.49466713048463E-2</Val>
</DBL>
<DBL>
<Name></Name>
<Val>4.99828734465915E-3</Val>
</DBL>
<DBL>
<Name></Name>
<Val>6.50568718368552E-4</Val>
</DBL>
<DBL>
<Name></Name>
<Val>2.07748729801517E-3</Val>
</DBL>
<DBL>
<Name></Name>
<Val>1.93625213567975E-2</Val>
</DBL>
<DBL>
<Name></Name>
<Val>0.11197307839800</Val>
</DBL>
<DBL>
<Name></Name>
<Val>1.08266860246827E-2</Val>
</DBL>
<DBL>
<Name></Name>
<Val>8.70811184163969E-2</Val>
</DBL>
<DBL>
<Name></Name>
<Val>0.29177758144781</Val>
</DBL>
<DBL>
<Name></Name>
<Val>0.45283569499145</Val>
</DBL>
<DBL>
<Name></Name>
<Val>1.72680521963718E-2</Val>
</DBL>
<DBL>
<Name></Name>
<Val>5.99421365569627E-3</Val>
</DBL>
<DBL>
<Name></Name>
<Val>8.03566214778811E-4</Val>
</DBL>
<DBL>
<Name></Name>
<Val>1.71792107276805E-3</Val>
</DBL>
<DBL>
<Name></Name>
<Val>1.60195101896630E-2</Val>
</DBL>
<DBL>
<Name></Name>
<Val>9.40498200036236E-2</Val>
</DBL>
<DBL>
<Name></Name>
<Val>1.00381041212736E-2</Val>
</DBL>
<DBL>
<Name></Name>
<Val>8.37943893478204E-2</Val>
</DBL>
<DBL>
<Name></Name>
<Val>0.28558093694452</Val>
</DBL>
<DBL>
<Name></Name>
<Val>0.48127465696524</Val>
</DBL>
<DBL>
<Name></Name>
<Val>1.95519914812642E-2</Val>
</DBL>
<DBL>
<Name></Name>
<Val>7.00920166136760E-3</Val>
</DBL>
<DBL>
<Name></Name>
<Val>9.63468212455558E-4</Val>
</DBL>
<DBL>
<Name></Name>
<Val>1.42647901578137E-3</Val>
</DBL>
<DBL>
<Name></Name>
<Val>1.33076666801373E-2</Val>
</DBL>
<DBL>
<Name></Name>
<Val>7.91375847482358E-2</Val>
</DBL>
<DBL>
<Name></Name>
<Val>9.34890110663516E-3</Val>
</DBL>
<DBL>
<Name></Name>
<Val>8.06968571605292E-2</Val>
</DBL>
<DBL>
<Name></Name>
<Val>0.27917242782561</Val>
</DBL>
<DBL>
<Name></Name>
<Val>0.50598809992228</Val>
</DBL>
<DBL>
<Name></Name>
<Val>2.17696454793693E-2</Val>
</DBL>
<DBL>
<Name></Name>
<Val>8.02532704620556E-3</Val>
</DBL>
<DBL>
<Name></Name>
<Val>1.12701101520816E-3</Val>
</DBL>
<DBL>
<Name></Name>
<Val>1.18880980617424E-3</Val>
</DBL>
<DBL>
<Name></Name>
<Val>1.10948688140707E-2</Val>
</DBL>
<DBL>
<Name></Name>
<Val>6.67487623271719E-2</Val>
</DBL>
<DBL>
<Name></Name>
<Val>8.75028666053081E-3</Val>
</DBL>
<DBL>
<Name></Name>
<Val>7.78375355292460E-2</Val>
</DBL>
<DBL>
<Name></Name>
<Val>0.27285890625437</Val>
</DBL>
<DBL>
<Name></Name>
<Val>0.52730288439917</Val>
</DBL>
<DBL>
<Name></Name>
<Val>2.38991861505547E-2</Val>
</DBL>
<DBL>
<Name></Name>
<Val>9.02747479472672E-3</Val>
</DBL>
<DBL>
<Name></Name>
<Val>1.29128526398358E-3</Val>
</DBL>
<DBL>
<Name></Name>
<Val>9.94133122938635E-4</Val>
</DBL>
<DBL>
<Name></Name>
<Val>9.28157279235442E-3</Val>
</DBL>
<DBL>
<Name></Name>
<Val>5.64653350854980E-2</Val>
</DBL>
<DBL>
<Name></Name>
<Val>8.23289526819615E-3</Val>
</DBL>
<DBL>
<Name></Name>
<Val>7.52386340073696E-2</Val>
</DBL>
<DBL>
<Name></Name>
<Val>0.26683615556246</Val>
</DBL>
<DBL>
<Name></Name>
<Val>0.54556917905979</Val>
</DBL>
<DBL>
<Name></Name>
<Val>2.59249237049437E-2</Val>
</DBL>
<DBL>
<Name></Name>
<Val>1.00033700865628E-2</Val>
</DBL>
<DBL>
<Name></Name>
<Val>1.45380130987716E-3</Val>
</DBL>
<DBL>
<Name></Name>
<Val>8.34158591939168E-4</Val>
</DBL>
<DBL>
<Name></Name>
<Val>7.79104127056369E-3</Val>
</DBL>
<DBL>
<Name></Name>
<Val>4.79335784212081E-2</Val>
</DBL>
<DBL>
<Name></Name>
<Val>7.78745370360432E-3</Val>
</DBL>
<DBL>
<Name></Name>
<Val>7.29042947328804E-2</Val>
</DBL>
<DBL>
<Name></Name>
<Val>0.26121995115775</Val>
</DBL>
<DBL>
<Name></Name>
<Val>0.56113719027482</Val>
</DBL>
<DBL>
<Name></Name>
<Val>2.78363877059695E-2</Val>
</DBL>
<DBL>
<Name></Name>
<Val>1.09434356156222E-2</Val>
</DBL>
<DBL>
<Name></Name>
<Val>1.61250852563941E-3</Val>
</DBL>
<DBL>
<Name></Name>
<Val>7.02390515700009E-4</Val>
</DBL>
<DBL>
<Name></Name>
<Val>6.56303557076004E-3</Val>
</DBL>
<DBL>
<Name></Name>
<Val>4.08566272245760E-2</Val>
</DBL>
<DBL>
<Name></Name>
<Val>7.40516613572626E-3</Val>
</DBL>
<DBL>
<Name></Name>
<Val>7.08269501093981E-2</Val>
</DBL>
<DBL>
<Name></Name>
<Val>0.25606976138444</Val>
</DBL>
<DBL>
<Name></Name>
<Val>0.57434230195150</Val>
</DBL>
<DBL>
<Name></Name>
<Val>2.96274381322930E-2</Val>
</DBL>
<DBL>
<Name></Name>
<Val>1.18405458326819E-2</Val>
</DBL>
<DBL>
<Name></Name>
<Val>1.76578314292637E-3</Val>
</DBL>
<DBL>
<Name></Name>
<Val>5.93665814610549E-4</Val>
</DBL>
<DBL>
<Name></Name>
<Val>5.54960703812820E-3</Val>
</DBL>
<DBL>
<Name></Name>
<Val>3.49866418950937E-2</Val>
</DBL>
<DBL>
<Name></Name>
<Val>7.07791900727986E-3</Val>
</DBL>
<DBL>
<Name></Name>
<Val>6.89918673790107E-2</Val>
</DBL>
<DBL>
<Name></Name>
<Val>0.25140645333658</Val>
</DBL>
<DBL>
<Name></Name>
<Val>0.58549627357286</Val>
</DBL>
<DBL>
<Name></Name>
<Val>3.12954465096828E-2</Val>
</DBL>
<DBL>
<Name></Name>
<Val>1.26897291730838E-2</Val>
</DBL>
<DBL>
<Name></Name>
<Val>1.91239627367350E-3</Val>
</DBL>
<DBL>
<Name></Name>
<Val>5.03836232898668E-4</Val>
</DBL>
<DBL>
<Name></Name>
<Val>4.71219082323688E-3</Val>
</DBL>
<DBL>
<Name></Name>
<Val>3.01174028879206E-2</Val>
</DBL>
<DBL>
<Name></Name>
<Val>6.79837170379353E-3</Val>
</DBL>
<DBL>
<Name></Name>
<Val>6.73803361781657E-2</Val>
</DBL>
<DBL>
<Name></Name>
<Val>0.24722528423919</Val>
</DBL>
<DBL>
<Name></Name>
<Val>0.59488268673437</Val>
</DBL>
<DBL>
<Name></Name>
<Val>3.28405667153221E-2</Val>
</DBL>
<DBL>
<Name></Name>
<Val>1.34878535837006E-2</Val>
</DBL>
<DBL>
<Name></Name>
<Val>2.05147090140181E-3</Val>
</DBL>
<DBL>
<Name></Name>
<Val>4.29542285986739E-4</Val>
</DBL>
<DBL>
<Name></Name>
<Val>4.01953080450993E-3</Val>
</DBL>
<DBL>
<Name></Name>
<Val>2.60776810831755E-2</Val>
</DBL>
<DBL>
<Name></Name>
<Val>6.55997601602122E-3</Val>
</DBL>
<DBL>
<Name></Name>
<Val>6.59718557277787E-2</Val>
</DBL>
<DBL>
<Name></Name>
<Val>0.24350527514309</Val>
</DBL>
<DBL>
<Name></Name>
<Val>0.60275528426181</Val>
</DBL>
<DBL>
<Name></Name>
<Val>3.42651019992682E-2</Val>
</DBL>
<DBL>
<Name></Name>
<Val>1.42333185406490E-2</Val>
</DBL>
<DBL>
<Name></Name>
<Val>2.18243413771144E-3</Val>
</DBL>
<DBL>
<Name></Name>
<Val>3.68047409894202E-4</Val>
</DBL>
<DBL>
<Name></Name>
<Val>3.44615201831674E-3</Val>
</DBL>
<DBL>
<Name></Name>
<Val>2.27254823983577E-2</Val>
</DBL>
<DBL>
<Name></Name>
<Val>6.35695253136187E-3</Val>
</DBL>
<DBL>
<Name></Name>
<Val>6.47455946769764E-2</Val>
</DBL>
<DBL>
<Name></Name>
<Val>0.24021585932583</Val>
</DBL>
<DBL>
<Name></Name>
<Val>0.60933820807245</Val>
</DBL>
<DBL>
<Name></Name>
<Val>3.55729667579639E-2</Val>
</DBL>
<DBL>
<Name></Name>
<Val>1.49257677779086E-2</Val>
</DBL>
<DBL>
<Name></Name>
<Val>2.30496903093493E-3</Val>
</DBL>
<DBL>
<Name></Name>
<Val>3.17112967726886E-4</Val>
</DBL>
<DBL>
<Name></Name>
<Val>2.97120614394543E-3</Val>
</DBL>
<DBL>
<Name></Name>
<Val>1.99431429759943E-2</Val>
</DBL>
<DBL>
<Name></Name>
<Val>6.18424236484310E-3</Val>
</DBL>
<DBL>
<Name></Name>
<Val>6.36813292613167E-2</Val>
</DBL>
<DBL>
<Name></Name>
<Val>0.23732150829805</Val>
</DBL>
<DBL>
<Name></Name>
<Val>0.61482742181926</Val>
</DBL>
<DBL>
<Name></Name>
<Val>3.67692369596479E-2</Val>
</DBL>
<DBL>
<Name></Name>
<Val>1.55658305346420E-2</Val>
</DBL>
<DBL>
<Name></Name>
<Val>2.41896867457139E-3</Val>
</DBL>
<DBL>
<Name></Name>
<Val>2.74901937625625E-4</Val>
</DBL>
<DBL>
<Name></Name>
<Val>2.57757988151602E-3</Val>
</DBL>
<DBL>
<Name></Name>
<Val>1.76331971373547E-2</Val>
</DBL>
<DBL>
<Name></Name>
<Val>6.03744621309942E-3</Val>
</DBL>
<DBL>
<Name></Name>
<Val>6.27600126886184E-2</Val>
</DBL>
<DBL>
<Name></Name>
<Val>0.23478487677564</Val>
</DBL>
<DBL>
<Name></Name>
<Val>0.61939281572487</Val>
</DBL>
<DBL>
<Name></Name>
<Val>3.78597807081096E-2</Val>
</DBL>
<DBL>
<Name></Name>
<Val>1.61548947029375E-2</Val>
</DBL>
<DBL>
<Name></Name>
<Val>2.52449423023110E-3</Val>
</DBL>
<DBL>
<Name></Name>
<Val>2.39903386452469E-4</Val>
</DBL>
<DBL>
<Name></Name>
<Val>2.25119451960735E-3</Val>
</DBL>
<DBL>
<Name></Name>
<Val>1.57149216447801E-2</Val>
</DBL>
<DBL>
<Name></Name>
<Val>5.91275843536902E-3</Val>
</DBL>
<DBL>
<Name></Name>
<Val>6.19640881641953E-2</Val>
</DBL>
<DBL>
<Name></Name>
<Val>0.23256887669810</Val>
</DBL>
<DBL>
<Name></Name>
<Val>0.62318064770196</Val>
</DBL>
<DBL>
<Name></Name>
<Val>3.88509594507510E-2</Val>
</DBL>
<DBL>
<Name></Name>
<Val>1.66949123222828E-2</Val>
</DBL>
<DBL>
<Name></Name>
<Val>2.62173767649720E-3</Val>
</DBL>
<DBL>
<Name></Name>
<Val>2.10872438846816E-4</Val>
</DBL>
<DBL>
<Name></Name>
<Val>1.98044846103298E-3</Val>
</DBL>
<DBL>
<Name></Name>
<Val>1.41214589252247E-2</Val>
</DBL>
<DBL>
<Name></Name>
<Val>5.80690100433133E-3</Val>
</DBL>
<DBL>
<Name></Name>
<Val>6.12776273213763E-2</Val>
</DBL>
<DBL>
<Name></Name>
<Val>0.23063798687994</Val>
</DBL>
<DBL>
<Name></Name>
<Val>0.62631608914905</Val>
</DBL>
<DBL>
<Name></Name>
<Val>3.97493902537030E-2</Val>
</DBL>
<DBL>
<Name></Name>
<Val>1.71882360193162E-2</Val>
</DBL>
<DBL>
<Name></Name>
<Val>2.71098954716848E-3</Val>
</DBL>
<DBL>
<Name></Name>
<Val>1.86782075840517E-4</Val>
</DBL>
<DBL>
<Name></Name>
<Val>1.75576915616452E-3</Val>
</DBL>
<DBL>
<Name></Name>
<Val>1.27974292211565E-2</Val>
</DBL>
<DBL>
<Name></Name>
<Val>5.71706025606715E-3</Val>
</DBL>
<DBL>
<Name></Name>
<Val>6.06863529014500E-2</Val>
</DBL>
<DBL>
<Name></Name>
<Val>0.22895902497856</Val>
</DBL>
<DBL>
<Name></Name>
<Val>0.62890572590850</Val>
</DBL>
<DBL>
<Name></Name>
<Val>4.05617600200469E-2</Val>
</DBL>
<DBL>
<Name></Name>
<Val>1.76374839166704E-2</Val>
</DBL>
<DBL>
<Name></Name>
<Val>2.79261156553714E-3</Val>
</DBL>
<DBL>
<Name></Name>
<Val>1.66784139242481E-4</Val>
</DBL>
<DBL>
<Name></Name>
<Val>1.56925034318976E-3</Val>
</DBL>
<DBL>
<Name></Name>
<Val>1.16969521168838E-2</Val>
</DBL>
<DBL>
<Name></Name>
<Val>5.64082809408153E-3</Val>
</DBL>
<DBL>
<Name></Name>
<Val>6.01775875487588E-2</Val>
</DBL>
<DBL>
<Name></Name>
<Val>0.22750154770611</Val>
</DBL>
<DBL>
<Name></Name>
<Val>0.63103992291685</Val>
</DBL>
<DBL>
<Name></Name>
<Val>4.12946832768285E-2</Val>
</DBL>
<DBL>
<Name></Name>
<Val>1.80454299946437E-2</Val>
</DBL>
<DBL>
<Name></Name>
<Val>2.86701386340413E-3</Val>
</DBL>
<DBL>
<Name></Name>
<Val>1.50177607766131E-4</Val>
</DBL>
<DBL>
<Name></Name>
<Val>1.41435677399083E-3</Val>
</DBL>
<DBL>
<Name></Name>
<Val>1.07820089801919E-2</Val>
</DBL>
<DBL>
<Name></Name>
<Val>5.57614846195547E-3</Val>
</DBL>
<DBL>
<Name></Name>
<Val>5.97401581197594E-2</Val>
</DBL>
<DBL>
<Name></Name>
<Val>0.22623799955638</Val>
</DBL>
<DBL>
<Name></Name>
<Val>0.63279500139353</Val>
</DBL>
<DBL>
<Name></Name>
<Val>4.19545960451464E-2</Val>
</DBL>
<DBL>
<Name></Name>
<Val>1.84149167076450E-2</Val>
</DBL>
<DBL>
<Name></Name>
<Val>2.93463635363574E-3</Val>
</DBL>
<DBL>
<Name></Name>
<Val>1.36382682817110E-4</Val>
</DBL>
<DBL>
<Name></Name>
<Val>1.28568291735223E-3</Val>
</DBL>
<DBL>
<Name></Name>
<Val>1.00210883425075E-2</Val>
</DBL>
<DBL>
<Name></Name>
<Val>5.52126935445741E-3</Val>
</DBL>
<DBL>
<Name></Name>
<Val>5.93642758267817E-2</Val>
</DBL>
<DBL>
<Name></Name>
<Val>0.22514369633865</Val>
</DBL>
<DBL>
<Name></Name>
<Val>0.63423520482452</Val>
</DBL>
<DBL>
<Name></Name>
<Val>4.25476792344674E-2</Val>
</DBL>
<DBL>
<Name></Name>
<Val>1.87487867061131E-2</Val>
</DBL>
<DBL>
<Name></Name>
<Val>2.99593377233366E-3</Val>
</DBL>
<DBL>
<Name></Name>
<Val>1.24919555482198E-4</Val>
</DBL>
<DBL>
<Name></Name>
<Val>1.17875519140199E-3</Val>
</DBL>
<DBL>
<Name></Name>
<Val>9.38806560855904E-3</Val>
</DBL>
<DBL>
<Name></Name>
<Val>5.47470029362176E-3</Val>
</DBL>
<DBL>
<Name></Name>
<Val>5.90414059828455E-2</Val>
</DBL>
<DBL>
<Name></Name>
<Val>0.22419670473380</Val>
</DBL>
<DBL>
<Name></Name>
<Val>0.63541444812731</Val>
</DBL>
<DBL>
<Name></Name>
<Val>4.30798059053845E-2</Val>
</DBL>
<DBL>
<Name></Name>
<Val>1.90498307032658E-2</Val>
</DBL>
<DBL>
<Name></Name>
<Val>3.05136389832805E-3</Val>
</DBL>
<DBL>
<Name></Name>
<Val>1.15390969356997E-4</Val>
</DBL>
<DBL>
<Name></Name>
<Val>1.08986951440420E-3</Val>
</DBL>
<DBL>
<Name></Name>
<Val>8.86127659742092E-3</Val>
</DBL>
<DBL>
<Name></Name>
<Val>5.43517498968535E-3</Val>
</DBL>
<DBL>
<Name></Name>
<Val>5.87641364250355E-2</Val>
</DBL>
<DBL>
<Name></Name>
<Val>0.22337766072556</Val>
</DBL>
<DBL>
<Name></Name>
<Val>0.63637785592145</Val>
</DBL>
<DBL>
<Name></Name>
<Val>4.35565075881930E-2</Val>
</DBL>
<DBL>
<Name></Name>
<Val>1.93207487916294E-2</Val>
</DBL>
<DBL>
<Name></Name>
<Val>3.10137847725936E-3</Val>
</DBL>
<DBL>
<Name></Name>
<Val>1.07467875753589E-4</Val>
</DBL>
<DBL>
<Name></Name>
<Val>1.01595764180299E-3</Val>
</DBL>
<DBL>
<Name></Name>
<Val>8.42275130798243E-3</Val>
</DBL>
<DBL>
<Name></Name>
<Val>5.40161879219635E-3</Val>
</DBL>
<DBL>
<Name></Name>
<Val>5.85260503746065E-2</Val>
</DBL>
<DBL>
<Name></Name>
<Val>0.22266955641775</Val>
</DBL>
<DBL>
<Name></Name>
<Val>0.63716310275312</Val>
</DBL>
<DBL>
<Name></Name>
<Val>4.39829556091740E-2</Val>
</DBL>
<DBL>
<Name></Name>
<Val>1.95641228142346E-2</Val>
</DBL>
<DBL>
<Name></Name>
<Val>3.14641641337780E-3</Val>
</DBL>
<DBL>
<Name></Name>
<Val>1.00877617000076E-4</Val>
</DBL>
<DBL>
<Name></Name>
<Val>9.54477044774156E-4</Val>
</DBL>
<DBL>
<Name></Name>
<Val>8.05758008852466E-3</Val>
</DBL>
<DBL>
<Name></Name>
<Val>5.37312048316094E-3</Val>
</DBL>
<DBL>
<Name></Name>
<Val>5.83216071713830E-2</Val>
</DBL>
<DBL>
<Name></Name>
<Val>0.22205751513291</Val>
</DBL>
<DBL>
<Name></Name>
<Val>0.63780157186932</Val>
</DBL>
<DBL>
<Name></Name>
<Val>4.43639540548781E-2</Val>
</DBL>
<DBL>
<Name></Name>
<Val>1.97823977016859E-2</Val>
</DBL>
<DBL>
<Name></Name>
<Val>3.18689883636421E-3</Val>
</DBL>
<DBL>
<Name></Name>
<Val>9.53941819370759E-5</Val>
</DBL>
<DBL>
<Name></Name>
<Val>9.03320090016202E-4</Val>
</DBL>
<DBL>
<Name></Name>
<Val>7.75338921365810E-3</Val>
</DBL>
<DBL>
<Name></Name>
<Val>5.34890795038590E-3</Val>
</DBL>
<DBL>
<Name></Name>
<Val>5.81460327226788E-2</Val>
</DBL>
<DBL>
<Name></Name>
<Val>0.22152856781979</Val>
</DBL>
<DBL>
<Name></Name>
<Val>0.63831935074568</Val>
</DBL>
<DBL>
<Name></Name>
<Val>4.47039415967114E-2</Val>
</DBL>
<DBL>
<Name></Name>
<Val>1.99778699815243E-2</Val>
</DBL>
<DBL>
<Name></Name>
<Val>3.22322569760888E-3</Val>
</DBL>
<DBL>
<Name></Name>
<Val>9.08301633210880E-5</Val>
</DBL>
<DBL>
<Name></Name>
<Val>8.60739074916001E-4</Val>
</DBL>
<DBL>
<Name></Name>
<Val>7.49990687417170E-3</Val>
</DBL>
<DBL>
<Name></Name>
<Val>5.32832729046753E-3</Val>
</DBL>
<DBL>
<Name></Name>
<Val>5.79952204294924E-2</Val>
</DBL>
<DBL>
<Name></Name>
<Val>0.22107143894395</Val>
</DBL>
<DBL>
<Name></Name>
<Val>0.63873808177869</Val>
</DBL>
<DBL>
<Name></Name>
<Val>4.50069999078025E-2</Val>
</DBL>
<DBL>
<Name></Name>
<Val>2.01526819401528E-2</Val>
</DBL>
<DBL>
<Name></Name>
<Val>3.25577359702881E-3</Val>
</DBL>
<DBL>
<Name></Name>
<Val>8.70301151746767E-5</Val>
</DBL>
<DBL>
<Name></Name>
<Val>8.25284306988427E-4</Val>
</DBL>
<DBL>
<Name></Name>
<Val>7.28860389679824E-3</Val>
</DBL>
<DBL>
<Name></Name>
<Val>5.31082491707580E-3</Val>
</DBL>
<DBL>
<Name></Name>
<Val>5.78656426457428E-2</Val>
</DBL>
<DBL>
<Name></Name>
<Val>0.22067634664811</Val>
</DBL>
<DBL>
<Name></Name>
<Val>0.63907568588178</Val>
</DBL>
<DBL>
<Name></Name>
<Val>4.52768668379505E-2</Val>
</DBL>
<DBL>
<Name></Name>
<Val>2.03088201648231E-2</Val>
</DBL>
<DBL>
<Name></Name>
<Val>3.28489458555515E-3</Val>
</DBL>
<DBL>
<Name></Name>
<Val>8.38650631039002E-5</Val>
</DBL>
<DBL>
<Name></Name>
<Val>7.95752927645914E-4</Val>
</DBL>
<DBL>
<Name></Name>
<Val>7.11239624615316E-3</Val>
</DBL>
<DBL>
<Name></Name>
<Val>5.29593228445376E-3</Val>
</DBL>
<DBL>
<Name></Name>
<Val>5.77542722806785E-2</Val>
</DBL>
<DBL>
<Name></Name>
<Val>0.22033481964368</Val>
</DBL>
<DBL>
<Name></Name>
<Val>0.63934697553565</Val>
</DBL>
<DBL>
<Name></Name>
<Val>4.55169528780863E-2</Val>
</DBL>
<DBL>
<Name></Name>
<Val>2.04481174118342E-2</Val>
</DBL>
<DBL>
<Name></Name>
<Val>3.31091572871053E-3</Val>
</DBL>
<DBL>
<Name></Name>
<Val>8.12279651097750E-5</Val>
</DBL>
<DBL>
<Name></Name>
<Val>7.71146594377765E-4</Val>
</DBL>
<DBL>
<Name></Name>
<Val>6.96539861832783E-3</Val>
</DBL>
<DBL>
<Name></Name>
<Val>5.28325287384721E-3</Val>
</DBL>
<DBL>
<Name></Name>
<Val>5.76585138910842E-2</Val>
</DBL>
<DBL>
<Name></Name>
<Val>0.22003953173100</Val>
</DBL>
<DBL>
<Name></Name>
<Val>0.63956417238512</Val>
</DBL>
<DBL>
<Name></Name>
<Val>4.57303597511066E-2</Val>
</DBL>
<DBL>
<Name></Name>
<Val>2.05722569373407E-2</Val>
</DBL>
<DBL>
<Name></Name>
<Val>3.33413925268153E-3</Val>
</DBL>
<DBL>
<Name></Name>
<Val>7.90299566117063E-5</Val>
</DBL>
<DBL>
<Name></Name>
<Val>7.50636472240970E-4</Val>
</DBL>
<DBL>
<Name></Name>
<Val>6.84272029755968E-3</Val>
</DBL>
<DBL>
<Name></Name>
<Val>5.27245112894152E-3</Val>
</DBL>
<DBL>
<Name></Name>
<Val>5.75761434713161E-2</Val>
</DBL>
<DBL>
<Name></Name>
<Val>0.21978415382474</Val>
</DBL>
<DBL>
<Name></Name>
<Val>0.63973734291325</Val>
</DBL>
<DBL>
<Name></Name>
<Val>4.59199002189903E-2</Val>
</DBL>
<DBL>
<Name></Name>
<Val>2.06827785904900E-2</Val>
</DBL>
<DBL>
<Name></Name>
<Val>3.35484312584901E-3</Val>
</DBL>
<DBL>
<Name></Name>
<Val>7.71972429313402E-5</Val>
</DBL>
<DBL>
<Name></Name>
<Val>7.33534260491211E-4</Val>
</DBL>
<DBL>
<Name></Name>
<Val>6.74029598311498E-3</Val>
</DBL>
<DBL>
<Name></Name>
<Val>5.26324306346380E-3</Val>
</DBL>
<DBL>
<Name></Name>
<Val>5.75052560945410E-2</Val>
</DBL>
<DBL>
<Name></Name>
<Val>0.21956322272323</Val>
</DBL>
<DBL>
<Name></Name>
<Val>0.63987476416490</Val>
</DBL>
<DBL>
<Name></Name>
<Val>4.60881184041087E-2</Val>
</DBL>
<DBL>
<Name></Name>
<Val>2.07810861072083E-2</Val>
</DBL>
<DBL>
<Name></Name>
<Val>3.37328195600626E-3</Val>
</DBL>
<DBL>
<Name></Name>
<Val>7.56685266443361E-5</Val>
</DBL>
<DBL>
<Name></Name>
<Val>7.19268205160563E-4</Val>
</DBL>
<DBL>
<Name></Name>
<Val>6.65474556028897E-3</Val>
</DBL>
<DBL>
<Name></Name>
<Val>5.25538829881936E-3</Val>
</DBL>
<DBL>
<Name></Name>
<Val>5.74442205587036E-2</Val>
</DBL>
<DBL>
<Name></Name>
<Val>0.21937202548791</Val>
</DBL>
<DBL>
<Name></Name>
<Val>0.63998323000401</Val>
</DBL>
<DBL>
<Name></Name>
<Val>4.62373100923090E-2</Val>
</DBL>
<DBL>
<Name></Name>
<Val>2.08684551593897E-2</Val>
</DBL>
<DBL>
<Name></Name>
<Val>3.38968810676103E-3</Val>
</DBL>
<DBL>
<Name></Name>
<Val>7.43928770124792E-5</Val>
</DBL>
<DBL>
<Name></Name>
<Val>7.07363232857155E-4</Val>
</DBL>
<DBL>
<Name></Name>
<Val>6.58325783458386E-3</Val>
</DBL>
<DBL>
<Name></Name>
<Val>5.24868332139940E-3</Val>
</DBL>
<DBL>
<Name></Name>
<Val>5.73916402252024E-2</Val>
</DBL>
<DBL>
<Name></Name>
<Val>0.21920649811022</Val>
</DBL>
<DBL>
<Name></Name>
<Val>0.64006830700868</Val>
</DBL>
<DBL>
<Name></Name>
<Val>4.63695426226418E-2</Val>
</DBL>
<DBL>
<Name></Name>
<Val>2.09460418111402E-2</Val>
</DBL>
<DBL>
<Name></Name>
<Val>3.40427295625652E-3</Val>
</DBL>
<DBL>
<Name></Name>
<Val>7.33279649702831E-5</Val>
</DBL>
<DBL>
<Name></Name>
<Val>6.97424492553290E-4</Val>
</DBL>
<DBL>
<Name></Name>
<Val>6.52349411069649E-3</Val>
</DBL>
<DBL>
<Name></Name>
<Val>5.24295577779265E-3</Val>
</DBL>
<DBL>
<Name></Name>
<Val>5.73463192927801E-2</Val>
</DBL>
<DBL>
<Name></Name>
<Val>0.21906313707588</Val>
</DBL>
<DBL>
<Name></Name>
<Val>0.64013454785508</Val>
</DBL>
<DBL>
<Name></Name>
<Val>4.64866740788051E-2</Val>
</DBL>
<DBL>
<Name></Name>
<Val>2.10148911136805E-2</Val>
</DBL>
<DBL>
<Name></Name>
<Val>3.41722823776029E-3</Val>
</DBL>
<DBL>
<Name></Name>
<Val>7.24386005100101E-5</Val>
</DBL>
<DBL>
<Name></Name>
<Val>6.89123716695563E-4</Val>
</DBL>
<DBL>
<Name></Name>
<Val>6.47350821007134E-3</Val>
</DBL>
<DBL>
<Name></Name>
<Val>5.23805965154885E-3</Val>
</DBL>
<DBL>
<Name></Name>
<Val>5.73072338139948E-2</Val>
</DBL>
<DBL>
<Name></Name>
<Val>0.21893892244915</Val>
</DBL>
<DBL>
<Name></Name>
<Val>0.64018566892182</Val>
</DBL>
<DBL>
<Name></Name>
<Val>4.65903715850324E-2</Val>
</DBL>
<DBL>
<Name></Name>
<Val>2.10759456358981E-2</Val>
</DBL>
<DBL>
<Name></Name>
<Val>3.42872741526622E-3</Val>
</DBL>
<DBL>
<Name></Name>
<Val>7.16955203128898E-5</Val>
</DBL>
<DBL>
<Name></Name>
<Val>6.82187915505512E-4</Val>
</DBL>
<DBL>
<Name></Name>
<Val>6.43168010890046E-3</Val>
</DBL>
<DBL>
<Name></Name>
<Val>5.23387118750871E-3</Val>
</DBL>
<DBL>
<Name></Name>
<Val>5.72735068303074E-2</Val>
</DBL>
<DBL>
<Name></Name>
<Val>0.21883125116194</Val>
</DBL>
<DBL>
<Name></Name>
<Val>0.64022469785833</Val>
</DBL>
<DBL>
<Name></Name>
<Val>4.66821285782026E-2</Val>
</DBL>
<DBL>
<Name></Name>
<Val>2.11300537805799E-2</Val>
</DBL>
<DBL>
<Name></Name>
<Val>3.43892705841669E-3</Val>
</DBL>
<DBL>
<Name></Name>
<Val>7.10743825390295E-5</Val>
</DBL>
<DBL>
<Name></Name>
<Val>6.76390002813084E-4</Val>
</DBL>
<DBL>
<Name></Name>
<Val>6.39666086434539E-3</Val>
</DBL>
<DBL>
<Name></Name>
<Val>5.23028544924194E-3</Val>
</DBL>
<DBL>
<Name></Name>
<Val>5.72443870700780E-2</Val>
</DBL>
<DBL>
<Name></Name>
<Val>0.21873787928321</Val>
</DBL>
<DBL>
<Name></Name>
<Val>0.64025409599693</Val>
</DBL>
<DBL>
<Name></Name>
<Val>4.67632809817206E-2</Val>
</DBL>
<DBL>
<Name></Name>
<Val>2.11779777789792E-2</Val>
</DBL>
<DBL>
<Name></Name>
<Val>3.44796819013896E-3</Val>
</DBL>
<DBL>
<Name></Name>
<Val>7.05549331614813E-5</Val>
</DBL>
<DBL>
<Name></Name>
<Val>6.71541021411249E-4</Val>
</DBL>
<DBL>
<Name></Name>
<Val>6.36732689832893E-3</Val>
</DBL>
<DBL>
<Name></Name>
<Val>5.22721341207418E-3</Val>
</DBL>
<DBL>
<Name></Name>
<Val>5.72192307189685E-2</Val>
</DBL>
<DBL>
<Name></Name>
<Val>0.21865687214991</Val>
</DBL>
<DBL>
<Name></Name>
<Val>0.64027585974006</Val>
</DBL>
<DBL>
<Name></Name>
<Val>4.68350222480403E-2</Val>
</DBL>
<DBL>
<Name></Name>
<Val>2.12204012903150E-2</Val>
</DBL>
<DBL>
<Name></Name>
<Val>3.45597758771962E-3</Val>
</DBL>
<DBL>
<Name></Name>
<Val>7.01203143947436E-5</Val>
</DBL>
<DBL>
<Name></Name>
<Val>6.67483693378440E-4</Val>
</DBL>
<DBL>
<Name></Name>
<Val>6.34274204024207E-3</Val>
</DBL>
<DBL>
<Name></Name>
<Val>5.22457950880058E-3</Val>
</DBL>
<DBL>
<Name></Name>
<Val>5.71974858328860E-2</Val>
</DBL>
<DBL>
<Name></Name>
<Val>0.21858656135023</Val>
</DBL>
<DBL>
<Name></Name>
<Val>0.64029160440870</Val>
</DBL>
<DBL>
<Name></Name>
<Val>4.68984172679398E-2</Val>
</DBL>
<DBL>
<Name></Name>
<Val>2.12579365595327E-2</Val>
</DBL>
<DBL>
<Name></Name>
<Val>3.46306902390033E-3</Val>
</DBL>
<DBL>
<Name></Name>
<Val>6.97564908565591E-5</Val>
</DBL>
<DBL>
<Name></Name>
<Val>6.64087068246032E-4</Val>
</DBL>
<DBL>
<Name></Name>
<Val>6.32212600447803E-3</Val>
</DBL>
<DBL>
<Name></Name>
<Val>5.22231955774123E-3</Val>
</DBL>
<DBL>
<Name></Name>
<Val>5.71786790189091E-2</Val>
</DBL>
<DBL>
<Name></Name>
<Val>0.21852550765941</Val>
</DBL>
<DBL>
<Name></Name>
<Val>0.64030263348590</Val>
</DBL>
<DBL>
<Name></Name>
<Val>4.69544151677836E-2</Val>
</DBL>
<DBL>
<Name></Name>
<Val>2.12911311074669E-2</Val>
</DBL>
<DBL>
<Name></Name>
<Val>3.46934443921295E-3</Val>
</DBL>
<DBL>
<Name></Name>
<Val>6.94517733042883E-5</Val>
</DBL>
<DBL>
<Name></Name>
<Val>6.61242081060737E-4</Val>
</DBL>
<DBL>
<Name></Name>
<Val>6.30482820584486E-3</Val>
</DBL>
<DBL>
<Name></Name>
<Val>5.22037901354294E-3</Val>
</DBL>
<DBL>
<Name></Name>
<Val>5.71624040593586E-2</Val>
</DBL>
<DBL>
<Name></Name>
<Val>0.21847246913184</Val>
</DBL>
<DBL>
<Name></Name>
<Val>0.64030999571847</Val>
</DBL>
<DBL>
<Name></Name>
<Val>4.70038610326595E-2</Val>
</DBL>
<DBL>
<Name></Name>
<Val>2.13204739435145E-2</Val>
</DBL>
<DBL>
<Name></Name>
<Val>3.47489504039653E-3</Val>
</DBL>
<DBL>
<Name></Name>
<Val>6.91964232593004E-5</Val>
</DBL>
<DBL>
<Name></Name>
<Val>6.58857864759141E-4</Val>
</DBL>
<DBL>
<Name></Name>
<Val>6.29030600386930E-3</Val>
</DBL>
<DBL>
<Name></Name>
<Val>5.21871149030477E-3</Val>
</DBL>
<DBL>
<Name></Name>
<Val>5.71483121983746E-2</Val>
</DBL>
<DBL>
<Name></Name>
<Val>0.21842637364952</Val>
</DBL>
<DBL>
<Name></Name>
<Val>0.64031453213961</Val>
</DBL>
<DBL>
<Name></Name>
<Val>4.70475066048046E-2</Val>
</DBL>
<DBL>
<Name></Name>
<Val>2.13464013029592E-2</Val>
</DBL>
<DBL>
<Name></Name>
<Val>3.47980232253535E-3</Val>
</DBL>
<DBL>
<Name></Name>
<Val>6.89823247028412E-5</Val>
</DBL>
<DBL>
<Name></Name>
<Val>6.56858688026953E-4</Val>
</DBL>
<DBL>
<Name></Name>
<Val>6.27810662258685E-3</Val>
</DBL>
<DBL>
<Name></Name>
<Val>5.21727751441178E-3</Val>
</DBL>
<DBL>
<Name></Name>
<Val>5.71361038493090E-2</Val>
</DBL>
<DBL>
<Name></Name>
<Val>0.21838629531499</Val>
</DBL>
<DBL>
<Name></Name>
<Val>0.64031691473709</Val>
</DBL>
<DBL>
<Name></Name>
<Val>4.70860200142348E-2</Val>
</DBL>
<DBL>
<Name></Name>
<Val>2.13693019199659E-2</Val>
</DBL>
<DBL>
<Name></Name>
<Val>3.48413901467931E-3</Val>
</DBL>
<DBL>
<Name></Name>
<Val>6.88027114000363E-5</Val>
</DBL>
<DBL>
<Name></Name>
<Val>6.55181411940287E-4</Val>
</DBL>
<DBL>
<Name></Name>
<Val>6.26785212122931E-3</Val>
</DBL>
<DBL>
<Name></Name>
<Val>5.21604347109318E-3</Val>
</DBL>
<DBL>
<Name></Name>
<Val>5.71255215153295E-2</Val>
</DBL>
<DBL>
<Name></Name>
<Val>0.21835143415625</Val>
</DBL>
<DBL>
<Name></Name>
<Val>0.64031767820598</Val>
</DBL>
<DBL>
<Name></Name>
<Val>4.71199946028810E-2</Val>
</DBL>
<DBL>
<Name></Name>
<Val>2.13895218536062E-2</Val>
</DBL>
<DBL>
<Name></Name>
<Val>3.48796995028633E-3</Val>
</DBL>
<DBL>
<Name></Name>
<Val>6.86519403717574E-5</Val>
</DBL>
<DBL>
<Name></Name>
<Val>6.53773376988234E-4</Val>
</DBL>
<DBL>
<Name></Name>
<Val>6.25922689790146E-3</Val>
</DBL>
<DBL>
<Name></Name>
<Val>5.21498071434141E-3</Val>
</DBL>
<DBL>
<Name></Name>
<Val>5.71163437452818E-2</Val>
</DBL>
<DBL>
<Name></Name>
<Val>0.21832109868126</Val>
</DBL>
<DBL>
<Name></Name>
<Val>0.64031724598474</Val>
</DBL>
<DBL>
<Name></Name>
<Val>4.71499569055212E-2</Val>
</DBL>
<DBL>
<Name></Name>
<Val>2.14073688886213E-2</Val>
</DBL>
<DBL>
<Name></Name>
<Val>3.49135286496810E-3</Val>
</DBL>
<DBL>
<Name></Name>
<Val>6.85253036584276E-5</Val>
</DBL>
<DBL>
<Name></Name>
<Val>6.52590647220485E-4</Val>
</DBL>
<DBL>
<Name></Name>
<Val>6.25196729670891E-3</Val>
</DBL>
<DBL>
<Name></Name>
<Val>5.21406481458726E-3</Val>
</DBL>
<DBL>
<Name></Name>
<Val>5.71083799725469E-2</Val>
</DBL>
<DBL>
<Name></Name>
<Val>0.21829469088243</Val>
</DBL>
<DBL>
<Name></Name>
<Val>0.64031595157163</Val>
</DBL>
<DBL>
<Name></Name>
<Val>4.71763738509943E-2</Val>
</DBL>
<DBL>
<Name></Name>
<Val>2.14231165354012E-2</Val>
</DBL>
<DBL>
<Name></Name>
<Val>3.49433912481549E-3</Val>
</DBL>
<DBL>
<Name></Name>
<Val>6.84188718643142E-5</Val>
</DBL>
<DBL>
<Name></Name>
<Val>6.51596550799326E-4</Val>
</DBL>
<DBL>
<Name></Name>
<Val>6.24585296201780E-3</Val>
</DBL>
<DBL>
<Name></Name>
<Val>5.21327492254762E-3</Val>
</DBL>
<DBL>
<Name></Name>
<Val>5.71014661067861E-2</Val>
</DBL>
<DBL>
<Name></Name>
<Val>0.21827169334593</Val>
</DBL>
<DBL>
<Name></Name>
<Val>0.64031405594970</Val>
</DBL>
<DBL>
<Name></Name>
<Val>4.71996592460361E-2</Val>
</DBL>
<DBL>
<Name></Name>
<Val>2.14370076552183E-2</Val>
</DBL>
<DBL>
<Name></Name>
<Val>3.49697438910231E-3</Val>
</DBL>
<DBL>
<Name></Name>
<Val>6.83293640839951E-5</Val>
</DBL>
<DBL>
<Name></Name>
<Val>6.50760466614262E-4</Val>
</DBL>
<DBL>
<Name></Name>
<Val>6.24069964420558E-3</Val>
</DBL>
<DBL>
<Name></Name>
<Val>5.21259323105875E-3</Val>
</DBL>
<DBL>
<Name></Name>
<Val>5.70954607675283E-2</Val>
</DBL>
<DBL>
<Name></Name>
<Val>0.21825165816845</Val>
</DBL>
<DBL>
<Name></Name>
<Val>0.64031176180722</Val>
</DBL>
<DBL>
<Name></Name>
<Val>4.72201796019832E-2</Val>
</DBL>
<DBL>
<Name></Name>
<Val>2.14492577373773E-2</Val>
</DBL>
<DBL>
<Name></Name>
<Val>3.49929921147527E-3</Val>
</DBL>
<DBL>
<Name></Name>
<Val>6.82540397345325E-5</Val>
</DBL>
<DBL>
<Name></Name>
<Val>6.50056815213122E-4</Val>
</DBL>
<DBL>
<Name></Name>
<Val>6.23635321155844E-3</Val>
</DBL>
<DBL>
<Name></Name>
<Val>5.21200451957286E-3</Val>
</DBL>
<DBL>
<Name></Name>
<Val>5.70902420649084E-2</Val>
</DBL>
<DBL>
<Name></Name>
<Val>0.21823419742580</Val>
</DBL>
<DBL>
<Name></Name>
<Val>0.64030922512262</Val>
</DBL>
<DBL>
<Name></Name>
<Val>4.72382593618309E-2</Val>
</DBL>
<DBL>
<Name></Name>
<Val>2.14600578548714E-2</Val>
</DBL>
<DBL>
<Name></Name>
<Val>3.50134958388462E-3</Val>
</DBL>
<DBL>
<Name></Name>
<Val>6.81906085805069E-5</Val>
</DBL>
<DBL>
<Name></Name>
<Val>6.49464219423945E-4</Val>
</DBL>
<DBL>
<Name></Name>
<Val>6.23268466466999E-3</Val>
</DBL>
<DBL>
<Name></Name>
<Val>5.21149576841110E-3</Val>
</DBL>
<DBL>
<Name></Name>
<Val>5.70857048468592E-2</Val>
</DBL>
<DBL>
<Name></Name>
<Val>0.21821897497338</Val>
</DBL>
<DBL>
<Name></Name>
<Val>0.64030656458465</Val>
</DBL>
<DBL>
<Name></Name>
<Val>4.72541855819432E-2</Val>
</DBL>
<DBL>
<Name></Name>
<Val>2.14695773245470E-2</Val>
</DBL>
<DBL>
<Name></Name>
<Val>3.50315742753198E-3</Val>
</DBL>
<DBL>
<Name></Name>
<Val>6.81371558717720E-5</Val>
</DBL>
<DBL>
<Name></Name>
<Val>6.48964805941815E-4</Val>
</DBL>
<DBL>
<Name></Name>
<Val>6.22958598427400E-3</Val>
</DBL>
<DBL>
<Name></Name>
<Val>5.21105583190109E-3</Val>
</DBL>
<DBL>
<Name></Name>
<Val>5.70817583440251E-2</Val>
</DBL>
<DBL>
<Name></Name>
<Val>0.21820569938992</Val>
</DBL>
<DBL>
<Name></Name>
<Val>0.64030386923692</Val>
</DBL>
<DBL>
<Name></Name>
<Val>4.72682121192740E-2</Val>
</DBL>
<DBL>
<Name></Name>
<Val>2.14779660968229E-2</Val>
</DBL>
<DBL>
<Name></Name>
<Val>3.50475103504315E-3</Val>
</DBL>
<DBL>
<Name></Name>
<Val>6.80920800381378E-5</Val>
</DBL>
<DBL>
<Name></Name>
<Val>6.48543624044393E-4</Val>
</DBL>
<DBL>
<Name></Name>
<Val>6.22696667212267E-3</Val>
</DBL>
<DBL>
<Name></Name>
<Val>5.21067516124032E-3</Val>
</DBL>
<DBL>
<Name></Name>
<Val>5.70783241538749E-2</Val>
</DBL>
<DBL>
<Name></Name>
<Val>0.21819411790268</Val>
</DBL>
<DBL>
<Name></Name>
<Val>0.64030120466785</Val>
</DBL>
<DBL>
<Name></Name>
<Val>4.72805633714026E-2</Val>
</DBL>
<DBL>
<Name></Name>
<Val>2.14853568988042E-2</Val>
</DBL>
<DBL>
<Name></Name>
<Val>3.50615546793794E-3</Val>
</DBL>
<DBL>
<Name></Name>
<Val>6.80540408198351E-5</Val>
</DBL>
<DBL>
<Name></Name>
<Val>6.48188161653096E-4</Val>
</DBL>
<DBL>
<Name></Name>
<Val>6.22475086831207E-3</Val>
</DBL>
<DBL>
<Name></Name>
<Val>5.21034556937010E-3</Val>
</DBL>
<DBL>
<Name></Name>
<Val>5.70753345141901E-2</Val>
</DBL>
<DBL>
<Name></Name>
<Val>0.21818401115510</Val>
</DBL>
<DBL>
<Name></Name>
<Val>0.64029861801088</Val>
</DBL>
<DBL>
<Name></Name>
<Val>4.72914376131224E-2</Val>
</DBL>
<DBL>
<Name></Name>
<Val>2.14918671532633E-2</Val>
</DBL>
<DBL>
<Name></Name>
<Val>3.50739291328770E-3</Val>
</DBL>
<DBL>
<Name></Name>
<Val>6.80219160729833E-5</Val>
</DBL>
<DBL>
<Name></Name>
<Val>6.47887942317460E-4</Val>
</DBL>
<DBL>
<Name></Name>
<Val>6.22287494819551E-3</Val>
</DBL>
<DBL>
<Name></Name>
<Val>5.21006003135805E-3</Val>
</DBL>
<DBL>
<Name></Name>
<Val>5.70727308235173E-2</Val>
</DBL>
<DBL>
<Name></Name>
<Val>0.21817518869806</Val>
</DBL>
<DBL>
<Name></Name>
<Val>0.64029614197291</Val>
</DBL>
<DBL>
<Name></Name>
<Val>4.73010099698167E-2</Val>
</DBL>
<DBL>
<Name></Name>
<Val>2.14976006945027E-2</Val>
</DBL>
<DBL>
<Name></Name>
<Val>3.50848300323944E-3</Val>
</DBL>
<DBL>
<Name></Name>
<Val>6.79947657881156E-5</Val>
</DBL>
<DBL>
<Name></Name>
<Val>6.47634189487113E-4</Val>
</DBL>
<DBL>
<Name></Name>
<Val>6.22128551840547E-3</Val>
</DBL>
<DBL>
<Name></Name>
<Val>5.20981251480963E-3</Val>
</DBL>
<DBL>
<Name></Name>
<Val>5.70704623724826E-2</Val>
</DBL>
<DBL>
<Name></Name>
<Val>0.21816748510270</Val>
</DBL>
<DBL>
<Name></Name>
<Val>0.64029379807038</Val>
</DBL>
<DBL>
<Name></Name>
<Val>4.73094350644746E-2</Val>
</DBL>
<DBL>
<Name></Name>
<Val>2.15026493006190E-2</Val>
</DBL>
<DBL>
<Name></Name>
<Val>3.50944310085580E-3</Val>
</DBL>
<DBL>
<Name></Name>
<Val>6.79718021076881E-5</Val>
</DBL>
<DBL>
<Name></Name>
<Val>6.47419546747357E-4</Val>
</DBL>
<DBL>
<Name></Name>
<Val>6.21993774510101E-3</Val>
</DBL>
<DBL>
<Name></Name>
<Val>5.20959783568848E-3</Val>
</DBL>
<DBL>
<Name></Name>
<Val>5.70684852552272E-2</Val>
</DBL>
<DBL>
<Name></Name>
<Val>0.21816075660729</Val>
</DBL>
<DBL>
<Name></Name>
<Val>0.64029159922019</Val>
</DBL>
<DBL>
<Name></Name>
<Val>4.73168493719666E-2</Val>
</DBL>
<DBL>
<Name></Name>
<Val>2.15070940601970E-2</Val>
</DBL>
<DBL>
<Name></Name>
<Val>3.51028855548143E-3</Val>
</DBL>
<DBL>
<Name></Name>
<Val>6.79523643341244E-5</Val>
</DBL>
<DBL>
<Name></Name>
<Val>6.47237844612104E-4</Val>
</DBL>
<DBL>
<Name></Name>
<Val>6.21879395884382E-3</Val>
</DBL>
<DBL>
<Name></Name>
<Val>5.20941153564896E-3</Val>
</DBL>
<DBL>
<Name></Name>
<Val>5.70667614347860E-2</Val>
</DBL>
<DBL>
<Name></Name>
<Val>0.21815487822339</Val>
</DBL>
<DBL>
<Name></Name>
<Val>0.64028955180662</Val>
</DBL>
<DBL>
<Name></Name>
<Val>4.73233733111535E-2</Val>
</DBL>
<DBL>
<Name></Name>
<Val>2.15110065900016E-2</Val>
</DBL>
<DBL>
<Name></Name>
<Val>3.51103293060693E-3</Val>
</DBL>
<DBL>
<Name></Name>
<Val>6.79358980905720E-5</Val>
</DBL>
<DBL>
<Name></Name>
<Val>6.47083906059175E-4</Val>
</DBL>
<DBL>
<Name></Name>
<Val>6.21782248987807E-3</Val>
</DBL>
<DBL>
<Name></Name>
<Val>5.20924977759328E-3</Val>
</DBL>
<DBL>
<Name></Name>
<Val>5.70652579401130E-2</Val>
</DBL>
<DBL>
<Name></Name>
<Val>0.21814974123681</Val>
</DBL>
<DBL>
<Name></Name>
<Val>0.64028765732311</Val>
</DBL>
<DBL>
<Name></Name>
<Val>4.73291131025441E-2</Val>
</DBL>
<DBL>
<Name></Name>
<Val>2.15144501188301E-2</Val>
</DBL>
<DBL>
<Name></Name>
<Val>3.51168820696513E-3</Val>
</DBL>
<DBL>
<Name></Name>
<Val>6.79219379381462E-5</Val>
</DBL>
<DBL>
<Name></Name>
<Val>6.46953384313624E-4</Val>
</DBL>
<DBL>
<Name></Name>
<Val>6.21699669537166E-3</Val>
</DBL>
<DBL>
<Name></Name>
<Val>5.20910925667797E-3</Val>
</DBL>
<DBL>
<Name></Name>
<Val>5.70639461757479E-2</Val>
</DBL>
<DBL>
<Name></Name>
<Val>0.21814525104857</Val>
</DBL>
<DBL>
<Name></Name>
<Val>0.64028591367010</Val>
</DBL>
<DBL>
<Name></Name>
<Val>4.73341624165653E-2</Val>
</DBL>
<DBL>
<Name></Name>
<Val>2.15174804513503E-2</Val>
</DBL>
<DBL>
<Name></Name>
<Val>3.51226496336590E-3</Val>
</DBL>
<DBL>
<Name></Name>
<Val>6.79100928709793E-5</Val>
</DBL>
<DBL>
<Name></Name>
<Val>6.46842627481050E-4</Val>
</DBL>
<DBL>
<Name></Name>
<Val>6.21629414664156E-3</Val>
</DBL>
<DBL>
<Name></Name>
<Val>5.20898712442572E-3</Val>
</DBL>
<DBL>
<Name></Name>
<Val>5.70628013279263E-2</Val>
</DBL>
<DBL>
<Name></Name>
<Val>0.21814132530832</Val>
</DBL>
<DBL>
<Name></Name>
<Val>0.64028431617524</Val>
</DBL>
<DBL>
<Name></Name>
<Val>4.73386038350473E-2</Val>
</DBL>
<DBL>
<Name></Name>
<Val>2.15201468244855E-2</Val>
</DBL>
<DBL>
<Name></Name>
<Val>3.51277253755756E-3</Val>
</DBL>
<DBL>
<Name></Name>
<Val>6.79000342079787E-5</Val>
</DBL>
<DBL>
<Name></Name>
<Val>6.46748565542990E-4</Val>
</DBL>
<DBL>
<Name></Name>
<Val>6.21569594975653E-3</Val>
</DBL>
<DBL>
<Name></Name>
<Val>5.20888092396239E-3</Val>
</DBL>
<DBL>
<Name></Name>
<Val>5.70618018533151E-2</Val>
</DBL>
<DBL>
<Name></Name>
<Val>0.21813789229987</Val>
</DBL>
<DBL>
<Name></Name>
<Val>0.64028285839013</Val>
</DBL>
<DBL>
<Name></Name>
<Val>4.73425101462767E-2</Val>
</DBL>
<DBL>
<Name></Name>
<Val>2.15224926677308E-2</Val>
</DBL>
<DBL>
<Name></Name>
<Val>3.51321916919615E-3</Val>
</DBL>
<DBL>
<Name></Name>
<Val>6.78914854812324E-5</Val>
</DBL>
<DBL>
<Name></Name>
<Val>6.46668615982380E-4</Val>
</DBL>
<DBL>
<Name></Name>
<Val>6.21518617737381E-3</Val>
</DBL>
<DBL>
<Name></Name>
<Val>5.20878853470458E-3</Val>
</DBL>
<DBL>
<Name></Name>
<Val>5.70609290385829E-2</Val>
</DBL>
<DBL>
<Name></Name>
<Val>0.21813488954401</Val>
</DBL>
<DBL>
<Name></Name>
<Val>0.64028153270746</Val>
</DBL>
<DBL>
<Name></Name>
<Val>4.73459454918966E-2</Val>
</DBL>
<DBL>
<Name></Name>
<Val>2.15245562776891E-2</Val>
</DBL>
<DBL>
<Name></Name>
<Val>3.51361212681046E-3</Val>
</DBL>
<DBL>
<Name></Name>
<Val>6.78842139883050E-5</Val>
</DBL>
<DBL>
<Name></Name>
<Val>6.46600604934787E-4</Val>
</DBL>
<DBL>
<Name></Name>
<Val>6.21475139337570E-3</Val>
</DBL>
<DBL>
<Name></Name>
<Val>5.20870812508132E-3</Val>
</DBL>
<DBL>
<Name></Name>
<Val>5.70601666207366E-2</Val>
</DBL>
<DBL>
<Name></Name>
<Val>0.21813226258855</Val>
</DBL>
<DBL>
<Name></Name>
<Val>0.64028033083471</Val>
</DBL>
<DBL>
<Name></Name>
<Val>4.73489663820511E-2</Val>
</DBL>
<DBL>
<Name></Name>
<Val>2.15263714161022E-2</Val>
</DBL>
<DBL>
<Name></Name>
<Val>3.51395782047046E-3</Val>
</DBL>
<DBL>
<Name></Name>
<Val>6.78780237315815E-5</Val>
</DBL>
<DBL>
<Name></Name>
<Val>6.46542701282698E-4</Val>
</DBL>
<DBL>
<Name></Name>
<Val>6.21438025495561E-3</Val>
</DBL>
<DBL>
<Name></Name>
<Val>5.20863811209093E-3</Val>
</DBL>
<DBL>
<Name></Name>
<Val>5.70595004596241E-2</Val>
</DBL>
<DBL>
<Name></Name>
<Val>0.21812996396012</Val>
</DBL>
<DBL>
<Name></Name>
<Val>0.64027924415331</Val>
</DBL>
<DBL>
<Name></Name>
<Val>4.73516225934554E-2</Val>
</DBL>
<DBL>
<Name></Name>
<Val>2.15279678397250E-2</Val>
</DBL>
<DBL>
<Name></Name>
<Val>3.51426190170008E-3</Val>
</DBL>
<DBL>
<Name></Name>
<Val>6.78727495142721E-5</Val>
</DBL>
<DBL>
<Name></Name>
<Val>6.46493361543458E-4</Val>
</DBL>
<DBL>
<Name></Name>
<Val>6.21406317936751E-3</Val>
</DBL>
<DBL>
<Name></Name>
<Val>5.20857712667724E-3</Val>
</DBL>
<DBL>
<Name></Name>
<Val>5.70589182552499E-2</Val>
</DBL>
<DBL>
<Name></Name>
<Val>0.21812795225553</Val>
</DBL>
<DBL>
<Name></Name>
<Val>0.64027826398704</Val>
</DBL>
<DBL>
<Name></Name>
<Val>4.73539579635201E-2</Val>
</DBL>
<DBL>
<Name></Name>
<Val>2.15293717695385E-2</Val>
</DBL>
<DBL>
<Name></Name>
<Val>3.51452935202183E-3</Val>
</DBL>
<DBL>
<Name></Name>
<Val>6.78682520012999E-5</Val>
</DBL>
<DBL>
<Name></Name>
<Val>6.46451283761625E-4</Val>
</DBL>
<DBL>
<Name></Name>
<Val>6.21379206468514E-3</Val>
</DBL>
<DBL>
<Name></Name>
<Val>5.20852398406447E-3</Val>
</DBL>
<DBL>
<Name></Name>
<Val>5.70584093036126E-2</Val>
</DBL>
<DBL>
<Name></Name>
<Val>0.21812619135364</Val>
</DBL>
<DBL>
<Name></Name>
<Val>0.64027738179858</Val>
</DBL>
<DBL>
<Name></Name>
<Val>4.73560110922524E-2</Val>
</DBL>
<DBL>
<Name></Name>
<Val>2.15306063060247E-2</Val>
</DBL>
<DBL>
<Name></Name>
<Val>3.51476456138028E-3</Val>
</DBL>
<DBL>
<Name></Name>
<Val>6.78644135853913E-5</Val>
</DBL>
<DBL>
<Name></Name>
<Val>6.46415368915898E-4</Val>
</DBL>
<DBL>
<Name></Name>
<Val>6.21356005569148E-3</Val>
</DBL>
<DBL>
<Name></Name>
<Val>5.20847765832044E-3</Val>
</DBL>
<DBL>
<Name></Name>
<Val>5.70579642856823E-2</Val>
</DBL>
<DBL>
<Name></Name>
<Val>0.21812464973155</Val>
</DBL>
<DBL>
<Name></Name>
<Val>0.64027658932977</Val>
</DBL>
<DBL>
<Name></Name>
<Val>4.73578159623915E-2</Val>
</DBL>
<DBL>
<Name></Name>
<Val>2.15316917965188E-2</Val>
</DBL>
<DBL>
<Name></Name>
<Val>3.51497139756309E-3</Val>
</DBL>
<DBL>
<Name></Name>
<Val>6.78611349253696E-5</Val>
</DBL>
<DBL>
<Name></Name>
<Val>6.46384688599676E-4</Val>
</DBL>
<DBL>
<Name></Name>
<Val>6.21336134749522E-3</Val>
</DBL>
<DBL>
<Name></Name>
<Val>5.20843726052828E-3</Val>
</DBL>
<DBL>
<Name></Name>
<Val>5.70575750849037E-2</Val>
</DBL>
<DBL>
<Name></Name>
<Val>0.21812329987088</Val>
</DBL>
<DBL>
<Name></Name>
<Val>0.64027587869793</Val>
</DBL>
<DBL>
<Name></Name>
<Val>4.73594024870934E-2</Val>
</DBL>
<DBL>
<Name></Name>
<Val>2.15326461600187E-2</Val>
</DBL>
<DBL>
<Name></Name>
<Val>3.51515326762139E-3</Val>
</DBL>
<DBL>
<Name></Name>
<Val>6.78583320458479E-5</Val>
</DBL>
<DBL>
<Name></Name>
<Val>6.46358457941370E-4</Val>
</DBL>
<DBL>
<Name></Name>
<Val>6.21319102069970E-3</Val>
</DBL>
<DBL>
<Name></Name>
<Val>5.20840202004028E-3</Val>
</DBL>
<DBL>
<Name></Name>
<Val>5.70572346292734E-2</Val>
</DBL>
<DBL>
<Name></Name>
<Val>0.21812211774204</Val>
</DBL>
<DBL>
<Name></Name>
<Val>0.64027524245806</Val>
</DBL>
<DBL>
<Name></Name>
<Val>4.73607969934586E-2</Val>
</DBL>
<DBL>
<Name></Name>
<Val>2.15334851742546E-2</Val>
</DBL>
<DBL>
<Name></Name>
<Val>3.51531317218593E-3</Val>
</DBL>
<DBL>
<Name></Name>
<Val>6.78559339059745E-5</Val>
</DBL>
<DBL>
<Name></Name>
<Val>6.46336012902769E-4</Val>
</DBL>
<DBL>
<Name></Name>
<Val>6.21304490297265E-3</Val>
</DBL>
<DBL>
<Name></Name>
<Val>5.20837126836614E-3</Val>
</DBL>
<DBL>
<Name></Name>
<Val>5.70569367546003E-2</Val>
</DBL>
<DBL>
<Name></Name>
<Val>0.21812108235607</Val>
</DBL>
<DBL>
<Name></Name>
<Val>0.64027467363913</Val>
</DBL>
<DBL>
<Name></Name>
<Val>4.73620226492753E-2</Val>
</DBL>
<DBL>
<Name></Name>
<Val>2.15342227293004E-2</Val>
</DBL>
<DBL>
<Name></Name>
<Val>3.51545375347914E-3</Val>
</DBL>
<DBL>
<Name></Name>
<Val>6.78538803602450E-5</Val>
</DBL>
<DBL>
<Name></Name>
<Val>6.46316791237079E-4</Val>
</DBL>
<DBL>
<Name></Name>
<Val>6.21291945271698E-3</Val>
</DBL>
<DBL>
<Name></Name>
<Val>5.20834442531487E-3</Val>
</DBL>
<DBL>
<Name></Name>
<Val>5.70566760860380E-2</Val>
</DBL>
<DBL>
<Name></Name>
<Val>0.21812017537504</Val>
</DBL>
<DBL>
<Name></Name>
<Val>0.64027416576047</Val>
</DBL>
<DBL>
<Name></Name>
<Val>4.73630998395307E-2</Val>
</DBL>
<DBL>
<Name></Name>
<Val>2.15348710515430E-2</Val>
</DBL>
<DBL>
<Name></Name>
<Val>3.51557733773738E-3</Val>
</DBL>
<DBL>
<Name></Name>
<Val>6.78521204471774E-5</Val>
</DBL>
<DBL>
<Name></Name>
<Val>6.46300316507484E-4</Val>
</DBL>
<DBL>
<Name></Name>
<Val>6.21281166125233E-3</Val>
</DBL>
<DBL>
<Name></Name>
<Val>5.20832098706635E-3</Val>
</DBL>
<DBL>
<Name></Name>
<Val>5.70564479353890E-2</Val>
</DBL>
<DBL>
<Name></Name>
<Val>0.21811938077312</Val>
</DBL>
<DBL>
<Name></Name>
<Val>0.64027371283362</Val>
</DBL>
<DBL>
<Name></Name>
<Val>4.73640464985061E-2</Val>
</DBL>
<DBL>
<Name></Name>
<Val>2.15354409014039E-2</Val>
</DBL>
<DBL>
<Name></Name>
<Val>3.51568597267972E-3</Val>
</DBL>
<DBL>
<Name></Name>
<Val>6.78506109522884E-5</Val>
</DBL>
<DBL>
<Name></Name>
<Val>6.46286184666396E-4</Val>
</DBL>
<DBL>
<Name></Name>
<Val>6.21271897050876E-3</Val>
</DBL>
<DBL>
<Name></Name>
<Val>5.20830051589591E-3</Val>
</DBL>
<DBL>
<Name></Name>
<Val>5.70562482120321E-2</Val>
</DBL>
<DBL>
<Name></Name>
<Val>0.21811868454165</Val>
</DBL>
<DBL>
<Name></Name>
<Val>0.64027330935326</Val>
</DBL>
<DBL>
<Name></Name>
<Val>4.73648784026155E-2</Val>
</DBL>
<DBL>
<Name></Name>
<Val>2.15359417478320E-2</Val>
</DBL>
<DBL>
<Name></Name>
<Val>3.51578146058953E-3</Val>
</DBL>
<DBL>
<Name></Name>
<Val>6.78493152006695E-5</Val>
</DBL>
<DBL>
<Name></Name>
<Val>6.46274052778196E-4</Val>
</DBL>
<DBL>
<Name></Name>
<Val>6.21263920372635E-3</Val>
</DBL>
<DBL>
<Name></Name>
<Val>5.20828263131688E-3</Val>
</DBL>
<DBL>
<Name></Name>
<Val>5.70560733456239E-2</Val>
</DBL>
<DBL>
<Name></Name>
<Val>0.21811807443239</Val>
</DBL>
<DBL>
<Name></Name>
<Val>0.64027295028063</Val>
</DBL>
<DBL>
<Name></Name>
<Val>4.73656094285638E-2</Val>
</DBL>
<DBL>
<Name></Name>
<Val>2.15363819222497E-2</Val>
</DBL>
<DBL>
<Name></Name>
<Val>3.51586538751302E-3</Val>
</DBL>
<DBL>
<Name></Name>
<Val>6.78482020418437E-5</Val>
</DBL>
<DBL>
<Name></Name>
<Val>6.46263629537188E-4</Val>
</DBL>
<DBL>
<Name></Name>
<Val>6.21257050706573E-3</Val>
</DBL>
<DBL>
<Name></Name>
<Val>5.20826700243953E-3</Val>
</DBL>
<DBL>
<Name></Name>
<Val>5.70559202189834E-2</Val>
</DBL>
<DBL>
<Name></Name>
<Val>0.21811753973398</Val>
</DBL>
<DBL>
<Name></Name>
<Val>0.64027263102172</Val>
</DBL>
<DBL>
<Name></Name>
<Val>4.73662517808760E-2</Val>
</DBL>
<DBL>
<Name></Name>
<Val>2.15367687543314E-2</Val>
</DBL>
<DBL>
<Name></Name>
<Val>3.51593914902220E-3</Val>
</DBL>
<DBL>
<Name></Name>
<Val>6.78472449957316E-5</Val>
</DBL>
<DBL>
<Name></Name>
<Val>6.46254667289801E-4</Val>
</DBL>
<DBL>
<Name></Name>
<Val>6.21251130037727E-3</Val>
</DBL>
<DBL>
<Name></Name>
<Val>5.20825334137518E-3</Val>
</DBL>
<DBL>
<Name></Name>
<Val>5.70557861097877E-2</Val>
</DBL>
<DBL>
<Name></Name>
<Val>0.21811707107706</Val>
</DBL>
<DBL>
<Name></Name>
<Val>0.64027234740206</Val>
</DBL>
<DBL>
<Name></Name>
<Val>4.73668161923875E-2</Val>
</DBL>
<DBL>
<Name></Name>
<Val>2.15371086917282E-2</Val>
</DBL>
<DBL>
<Name></Name>
<Val>3.51600397293992E-3</Val>
</DBL>
<DBL>
<Name></Name>
<Val>6.78464215336813E-5</Val>
</DBL>
<DBL>
<Name></Name>
<Val>6.46246955317969E-4</Val>
</DBL>
<DBL>
<Name></Name>
<Val>6.21246023566265E-3</Val>
</DBL>
<DBL>
<Name></Name>
<Val>5.20824139753828E-3</Val>
</DBL>
<DBL>
<Name></Name>
<Val>5.70556686398990E-2</Val>
</DBL>
<DBL>
<Name></Name>
<Val>0.21811666026454</Val>
</DBL>
<DBL>
<Name></Name>
<Val>0.64027209563965</Val>
</DBL>
<DBL>
<Name></Name>
<Val>4.73673121008715E-2</Val>
</DBL>
<DBL>
<Name></Name>
<Val>2.15374074056082E-2</Val>
</DBL>
<DBL>
<Name></Name>
<Val>3.51606093937959E-3</Val>
</DBL>
<DBL>
<Name></Name>
<Val>6.78457124727929E-5</Val>
</DBL>
<DBL>
<Name></Name>
<Val>6.46240314180448E-4</Val>
</DBL>
<DBL>
<Name></Name>
<Val>6.21241616200117E-3</Val>
</DBL>
<DBL>
<Name></Name>
<Val>5.20823095272122E-3</Val>
</DBL>
<DBL>
<Name></Name>
<Val>5.70555657313019E-2</Val>
</DBL>
<DBL>
<Name></Name>
<Val>0.21811630012353</Val>
</DBL>
<DBL>
<Name></Name>
<Val>0.64027187231709</Val>
</DBL>
<DBL>
<Name></Name>
<Val>4.73677478046130E-2</Val>
</DBL>
<DBL>
<Name></Name>
<Val>2.15376698836726E-2</Val>
</DBL>
<DBL>
<Name></Name>
<Val>3.51611099841256E-3</Val>
</DBL>
<DBL>
<Name></Name>
<Val>6.78451014653269E-5</Val>
</DBL>
<DBL>
<Name></Name>
<Val>6.46234590942111E-4</Val>
</DBL>
<DBL>
<Name></Name>
<Val>6.21237809591254E-3</Val>
</DBL>
<DBL>
<Name></Name>
<Val>5.20822181683406E-3</Val>
</DBL>
<DBL>
<Name></Name>
<Val>5.70554755677712E-2</Val>
</DBL>
<DBL>
<Name></Name>
<Val>0.21811598437626</Val>
</DBL>
<DBL>
<Name></Name>
<Val>0.64027167435364</Val>
</DBL>
<DBL>
<Name></Name>
<Val>4.73681305994140E-2</Val>
</DBL>
<DBL>
<Name></Name>
<Val>2.15379005121150E-2</Val>
</DBL>
<DBL>
<Name></Name>
<Val>3.51615498563993E-3</Val>
</DBL>
<DBL>
<Name></Name>
<Val>6.78445745679648E-5</Val>
</DBL>
<DBL>
<Name></Name>
<Val>6.46229655149000E-4</Val>
</DBL>
<DBL>
<Name></Name>
<Val>6.21234519629461E-3</Val>
</DBL>
<DBL>
<Name></Name>
<Val>5.20821382421733E-3</Val>
</DBL>
<DBL>
<Name></Name>
<Val>5.70553965615121E-2</Val>
</DBL>
<DBL>
<Name></Name>
<Val>0.21811570752740</Val>
</DBL>
<DBL>
<Name></Name>
<Val>0.64027149897789</Val>
</DBL>
<DBL>
<Name></Name>
<Val>4.73684668992252E-2</Val>
</DBL>
<DBL>
<Name></Name>
<Val>2.15381031478229E-2</Val>
</DBL>
<DBL>
<Name></Name>
<Val>3.51619363591457E-3</Val>
</DBL>
<DBL>
<Name></Name>
<Val>6.78441198781676E-5</Val>
</DBL>
<DBL>
<Name></Name>
<Val>6.46225395430080E-4</Val>
</DBL>
<DBL>
<Name></Name>
<Val>6.21231674321324E-3</Val>
</DBL>
<DBL>
<Name></Name>
<Val>5.20820683044861E-3</Val>
</DBL>
<DBL>
<Name></Name>
<Val>5.70553273241130E-2</Val>
</DBL>
<DBL>
<Name></Name>
<Val>0.21811546476576</Val>
</DBL>
<DBL>
<Name></Name>
<Val>0.64027134370141</Val>
</DBL>
<DBL>
<Name></Name>
<Val>4.73687623423434E-2</Val>
</DBL>
<DBL>
<Name></Name>
<Val>2.15382811819723E-2</Val>
</DBL>
<DBL>
<Name></Name>
<Val>3.51622759543029E-3</Val>
</DBL>
<DBL>
<Name></Name>
<Val>6.78437272269525E-5</Val>
</DBL>
<DBL>
<Name></Name>
<Val>6.46221716625976E-4</Val>
</DBL>
<DBL>
<Name></Name>
<Val>6.21229211993823E-3</Val>
</DBL>
<DBL>
<Name></Name>
<Val>5.20820070957531E-3</Val>
</DBL>
<DBL>
<Name></Name>
<Val>5.70552666412448E-2</Val>
</DBL>
<DBL>
<Name></Name>
<Val>0.21811525187846</Val>
</DBL>
<DBL>
<Name></Name>
<Val>0.64027120629364</Val>
</DBL>
<DBL>
<Name></Name>
<Val>4.73690218848887E-2</Val>
</DBL>
<DBL>
<Name></Name>
<Val>2.15384375960286E-2</Val>
</DBL>
<DBL>
<Name></Name>
<Val>3.51625743237044E-3</Val>
</DBL>
<DBL>
<Name></Name>
<Val>6.78433879191387E-5</Val>
</DBL>
<DBL>
<Name></Name>
<Val>6.46218537361138E-4</Val>
</DBL>
<DBL>
<Name></Name>
<Val>6.21227079771641E-3</Val>
</DBL>
<DBL>
<Name></Name>
<Val>5.20819535171528E-3</Val>
</DBL>
<DBL>
<Name></Name>
<Val>5.70552134506149E-2</Val>
</DBL>
<DBL>
<Name></Name>
<Val>0.21811506517599</Val>
</DBL>
<DBL>
<Name></Name>
<Val>0.64027108475826</Val>
</DBL>
<DBL>
<Name></Name>
<Val>4.73692498830716E-2</Val>
</DBL>
<DBL>
<Name></Name>
<Val>2.15385750110552E-2</Val>
</DBL>
<DBL>
<Name></Name>
<Val>3.51628364628587E-3</Val>
</DBL>
<DBL>
<Name></Name>
<Val>6.78430945135573E-5</Val>
</DBL>
<DBL>
<Name></Name>
<Val>6.46215787989354E-4</Val>
</DBL>
<DBL>
<Name></Name>
<Val>6.21225232285437E-3</Val>
</DBL>
<DBL>
<Name></Name>
<Val>5.20819066097520E-3</Val>
</DBL>
<DBL>
<Name></Name>
<Val>5.70551668227493E-2</Val>
</DBL>
<DBL>
<Name></Name>
<Val>0.21811490142674</Val>
</DBL>
<DBL>
<Name></Name>
<Val>0.64027097731111</Val>
</DBL>
<DBL>
<Name></Name>
<Val>4.73694501655859E-2</Val>
</DBL>
<DBL>
<Name></Name>
<Val>2.15386957311197E-2</Val>
</DBL>
<DBL>
<Name></Name>
<Val>3.51630667635238E-3</Val>
</DBL>
<DBL>
<Name></Name>
<Val>6.78428406369317E-5</Val>
</DBL>
<DBL>
<Name></Name>
<Val>6.46213408853846E-4</Val>
</DBL>
<DBL>
<Name></Name>
<Val>6.21223630575162E-3</Val>
</DBL>
<DBL>
<Name></Name>
<Val>5.20818655364372E-3</Val>
</DBL>
<DBL>
<Name></Name>
<Val>5.70551259442339E-2</Val>
</DBL>
<DBL>
<Name></Name>
<Val>0.21811475779977</Val>
</DBL>
<DBL>
<Name></Name>
<Val>0.64027088235966</Val>
</DBL>
<DBL>
<Name></Name>
<Val>4.73696260973044E-2</Val>
</DBL>
<DBL>
<Name></Name>
<Val>2.15388017815009E-2</Val>
</DBL>
<DBL>
<Name></Name>
<Val>3.51632690864035E-3</Val>
</DBL>
<DBL>
<Name></Name>
<Val>6.78426208261456E-5</Val>
</DBL>
<DBL>
<Name></Name>
<Val>6.46211348812602E-4</Val>
</DBL>
<DBL>
<Name></Name>
<Val>6.21222241158193E-3</Val>
</DBL>
<DBL>
<Name></Name>
<Val>5.20818295662223E-3</Val>
</DBL>
<DBL>
<Name></Name>
<Val>5.70550901030965E-2</Val>
</DBL>
<DBL>
<Name></Name>
<Val>0.21811463181484</Val>
</DBL>
<DBL>
<Name></Name>
<Val>0.64027079848408</Val>
</DBL>
<DBL>
<Name></Name>
<Val>4.73697806353152E-2</Val>
</DBL>
<DBL>
<Name></Name>
<Val>2.15388949423123E-2</Val>
</DBL>
<DBL>
<Name></Name>
<Val>3.51634468251381E-3</Val>
</DBL>
<DBL>
<Name></Name>
<Val>6.78424303944604E-5</Val>
</DBL>
<DBL>
<Name></Name>
<Val>6.46209563987506E-4</Val>
</DBL>
<DBL>
<Name></Name>
<Val>6.21221035236873E-3</Val>
</DBL>
<DBL>
<Name></Name>
<Val>5.20817980606136E-3</Val>
</DBL>
<DBL>
<Name></Name>
<Val>5.70550586760505E-2</Val>
</DBL>
<DBL>
<Name></Name>
<Val>0.21811452129869</Val>
</DBL>
<DBL>
<Name></Name>
<Val>0.64027072441988</Val>
</DBL>
<DBL>
<Name></Name>
<Val>4.73699163782142E-2</Val>
</DBL>
<DBL>
<Name></Name>
<Val>2.15389767780907E-2</Val>
</DBL>
<DBL>
<Name></Name>
<Val>3.51636029626225E-3</Val>
</DBL>
<DBL>
<Name></Name>
<Val>6.78422653179541E-5</Val>
</DBL>
<DBL>
<Name></Name>
<Val>6.46208016702432E-4</Val>
</DBL>
<DBL>
<Name></Name>
<Val>6.21219988024018E-3</Val>
</DBL>
<DBL>
<Name></Name>
<Val>5.20817704617558E-3</Val>
</DBL>
<DBL>
<Name></Name>
<Val>5.70550311173608E-2</Val>
</DBL>
<DBL>
<Name></Name>
<Val>0.21811442434684</Val>
</DBL>
<DBL>
<Name></Name>
<Val>0.64027065904201</Val>
</DBL>
<DBL>
<Name></Name>
<Val>4.73700356094610E-2</Val>
</DBL>
<DBL>
<Name></Name>
<Val>2.15390486638279E-2</Val>
</DBL>
<DBL>
<Name></Name>
<Val>3.51637401205662E-3</Val>
</DBL>
</Array>
<Array>
<Name>StateAdjacencyMatrix</Name>
<Dimsize>10</Dimsize>
<Dimsize>10</Dimsize>
<String>
<Name></Name>
<Val>@</Val>
</String>
<String>
<Name></Name>
<Val>E</Val>
</String>
<String>
<Name></Name>
<Val>@</Val>
</String>
<String>
<Name></Name>
<Val>@</Val>
</String>
<String>
<Name></Name>
<Val>@</Val>
</String>
<String>
<Name></Name>
<Val>@</Val>
</String>
<String>
<Name></Name>
<Val>@</Val>
</String>
<String>
<Name></Name>
<Val>@</Val>
</String>
<String>
<Name></Name>
<Val>@</Val>
</String>
<String>
<Name></Name>
<Val>@</Val>
</String>
<String>
<Name></Name>
<Val>P</Val>
</String>
<String>
<Name></Name>
<Val>@</Val>
</String>
<String>
<Name></Name>
<Val>Q</Val>
</String>
<String>
<Name></Name>
<Val>@</Val>
</String>
<String>
<Name></Name>
<Val>@</Val>
</String>
<String>
<Name></Name>
<Val>@</Val>
</String>
<String>
<Name></Name>
<Val>@</Val>
</String>
<String>
<Name></Name>
<Val>@</Val>
</String>
<String>
<Name></Name>
<Val>@</Val>
</String>
<String>
<Name></Name>
<Val>@</Val>
</String>
<String>
<Name></Name>
<Val>@</Val>
</String>
<String>
<Name></Name>
<Val>N</Val>
</String>
<String>
<Name></Name>
<Val>@</Val>
</String>
<String>
<Name></Name>
<Val>F</Val>
</String>
<String>
<Name></Name>
<Val>@</Val>
</String>
<String>
<Name></Name>
<Val>@</Val>
</String>
<String>
<Name></Name>
<Val>@</Val>
</String>
<String>
<Name></Name>
<Val>@</Val>
</String>
<String>
<Name></Name>
<Val>@</Val>
</String>
<String>
<Name></Name>
<Val>@</Val>
</String>
<String>
<Name></Name>
<Val>@</Val>
</String>
<String>
<Name></Name>
<Val>@</Val>
</String>
<String>
<Name></Name>
<Val>A</Val>
</String>
<String>
<Name></Name>
<Val>@</Val>
</String>
<String>
<Name></Name>
<Val>J</Val>
</String>
<String>
<Name></Name>
<Val>@</Val>
</String>
<String>
<Name></Name>
<Val>@</Val>
</String>
<String>
<Name></Name>
<Val>@</Val>
</String>
<String>
<Name></Name>
<Val>@</Val>
</String>
<String>
<Name></Name>
<Val>@</Val>
</String>
<String>
<Name></Name>
<Val>@</Val>
</String>
<String>
<Name></Name>
<Val>@</Val>
</String>
<String>
<Name></Name>
<Val>@</Val>
</String>
<String>
<Name></Name>
<Val>H</Val>
</String>
<String>
<Name></Name>
<Val>@</Val>
</String>
<String>
<Name></Name>
<Val>D</Val>
</String>
<String>
<Name></Name>
<Val>@</Val>
</String>
<String>
<Name></Name>
<Val>@</Val>
</String>
<String>
<Name></Name>
<Val>@</Val>
</String>
<String>
<Name></Name>
<Val>@</Val>
</String>
<String>
<Name></Name>
<Val>@</Val>
</String>
<String>
<Name></Name>
<Val>@</Val>
</String>
<String>
<Name></Name>
<Val>@</Val>
</String>
<String>
<Name></Name>
<Val>@</Val>
</String>
<String>
<Name></Name>
<Val>B</Val>
</String>
<String>
<Name></Name>
<Val>@</Val>
</String>
<String>
<Name></Name>
<Val>G</Val>
</String>
<String>
<Name></Name>
<Val>@</Val>
</String>
<String>
<Name></Name>
<Val>@</Val>
</String>
<String>
<Name></Name>
<Val>@</Val>
</String>
<String>
<Name></Name>
<Val>@</Val>
</String>
<String>
<Name></Name>
<Val>@</Val>
</String>
<String>
<Name></Name>
<Val>@</Val>
</String>
<String>
<Name></Name>
<Val>@</Val>
</String>
<String>
<Name></Name>
<Val>@</Val>
</String>
<String>
<Name></Name>
<Val>K</Val>
</String>
<String>
<Name></Name>
<Val>@</Val>
</String>
<String>
<Name></Name>
<Val>C</Val>
</String>
<String>
<Name></Name>
<Val>@</Val>
</String>
<String>
<Name></Name>
<Val>@</Val>
</String>
<String>
<Name></Name>
<Val>@</Val>
</String>
<String>
<Name></Name>
<Val>@</Val>
</String>
<String>
<Name></Name>
<Val>@</Val>
</String>
<String>
<Name></Name>
<Val>@</Val>
</String>
<String>
<Name></Name>
<Val>@</Val>
</String>
<String>
<Name></Name>
<Val>@</Val>
</String>
<String>
<Name></Name>
<Val>M</Val>
</String>
<String>
<Name></Name>
<Val>@</Val>
</String>
<String>
<Name></Name>
<Val>A</Val>
</String>
<String>
<Name></Name>
<Val>@</Val>
</String>
<String>
<Name></Name>
<Val>@</Val>
</String>
<String>
<Name></Name>
<Val>@</Val>
</String>
<String>
<Name></Name>
<Val>@</Val>
</String>
<String>
<Name></Name>
<Val>@</Val>
</String>
<String>
<Name></Name>
<Val>@</Val>
</String>
<String>
<Name></Name>
<Val>@</Val>
</String>
<String>
<Name></Name>
<Val>@</Val>
</String>
<String>
<Name></Name>
<Val>I</Val>
</String>
<String>
<Name></Name>
<Val>@</Val>
</String>
<String>
<Name></Name>
<Val>O</Val>
</String>
<String>
<Name></Name>
<Val>@</Val>
</String>
<String>
<Name></Name>
<Val>@</Val>
</String>
<String>
<Name></Name>
<Val>@</Val>
</String>
<String>
<Name></Name>
<Val>@</Val>
</String>
<String>
<Name></Name>
<Val>@</Val>
</String>
<String>
<Name></Name>
<Val>@</Val>
</String>
<String>
<Name></Name>
<Val>@</Val>
</String>
<String>
<Name></Name>
<Val>@</Val>
</String>
<String>
<Name></Name>
<Val>L</Val>
</String>
<String>
<Name></Name>
<Val>@</Val>
</String>
</Array>
<Cluster>
<Name>IntegrationParams</Name>
<NumElts>4</NumElts>
<DBL>
<Name>time start</Name>
<Val>0.00000000000000</Val>
</DBL>
<DBL>
<Name>time end</Name>
<Val>999.00000000000000</Val>
</DBL>
<DBL>
<Name>h (step rate)</Name>
<Val>0.10000000000000</Val>
</DBL>
<Array>
<Name>X0</Name>
<Dimsize>10</Dimsize>
<I32>
<Name></Name>
<Val>1</Val>
</I32>
<I32>
<Name></Name>
<Val>0</Val>
</I32>
<I32>
<Name></Name>
<Val>0</Val>
</I32>
<I32>
<Name></Name>
<Val>0</Val>
</I32>
<I32>
<Name></Name>
<Val>0</Val>
</I32>
<I32>
<Name></Name>
<Val>0</Val>
</I32>
<I32>
<Name></Name>
<Val>0</Val>
</I32>
<I32>
<Name></Name>
<Val>0</Val>
</I32>
<I32>
<Name></Name>
<Val>0</Val>
</I32>
<I32>
<Name></Name>
<Val>0</Val>
</I32>
</Array>
</Cluster>
<Array>
<Name>StateNames</Name>
<Dimsize>10</Dimsize>
<String>
<Name>string</Name>
<Val>a</Val>
</String>
<String>
<Name>string</Name>
<Val>b</Val>
</String>
<String>
<Name>string</Name>
<Val>c</Val>
</String>
<String>
<Name>string</Name>
<Val>d</Val>
</String>
<String>
<Name>string</Name>
<Val>e</Val>
</String>
<String>
<Name>string</Name>
<Val>f</Val>
</String>
<String>
<Name>string</Name>
<Val>g</Val>
</String>
<String>
<Name>string</Name>
<Val>h</Val>
</String>
<String>
<Name>string</Name>
<Val>i</Val>
</String>
<String>
<Name>string</Name>
<Val>j</Val>
</String>
</Array>
</Cluster>
</LVData>