<?xml version='1.0' standalone='yes' ?>
<LVData xmlns="http://www.ni.com/LVData">
<Version>10.0.1</Version>
<Cluster>
<Name>ModelData</Name>
<NumElts>7</NumElts>
<Array>
<Name>Transitions</Name>
<Dimsize>5</Dimsize>
<Dimsize>2</Dimsize>
<String>
<Name>string</Name>
<Val>A</Val>
</String>
<String>
<Name>string</Name>
<Val>A</Val>
</String>
<String>
<Name>string</Name>
<Val>B</Val>
</String>
<String>
<Name>string</Name>
<Val>B</Val>
</String>
<String>
<Name>string</Name>
<Val>C</Val>
</String>
<String>
<Name>string</Name>
<Val>C</Val>
</String>
<String>
<Name>string</Name>
<Val>D</Val>
</String>
<String>
<Name>string</Name>
<Val>D</Val>
</String>
<String>
<Name>string</Name>
<Val>E</Val>
</String>
<String>
<Name>string</Name>
<Val>E</Val>
</String>
</Array>
<Array>
<Name>RealValues</Name>
<Dimsize>5</Dimsize>
<Dimsize>2</Dimsize>
<String>
<Name>string</Name>
<Val>A</Val>
</String>
<String>
<Name>string</Name>
<Val>0,076539</Val>
</String>
<String>
<Name>string</Name>
<Val>B</Val>
</String>
<String>
<Name>string</Name>
<Val>0,089268</Val>
</String>
<String>
<Name>string</Name>
<Val>C</Val>
</String>
<String>
<Name>string</Name>
<Val>0,029473</Val>
</String>
<String>
<Name>string</Name>
<Val>D</Val>
</String>
<String>
<Name>string</Name>
<Val>0,990035</Val>
</String>
<String>
<Name>string</Name>
<Val>E</Val>
</String>
<String>
<Name>string</Name>
<Val>0,724638</Val>
</String>
</Array>
<Array>
<Name>Times</Name>
<Dimsize>100</Dimsize>
<DBL>
<Name></Name>
<Val>0.00000000000000</Val>
</DBL>
<DBL>
<Name></Name>
<Val>10.00000000000000</Val>
</DBL>
<DBL>
<Name></Name>
<Val>20.00000000000000</Val>
</DBL>
<DBL>
<Name></Name>
<Val>30.00000000000000</Val>
</DBL>
<DBL>
<Name></Name>
<Val>40.00000000000000</Val>
</DBL>
<DBL>
<Name></Name>
<Val>50.00000000000000</Val>
</DBL>
<DBL>
<Name></Name>
<Val>60.00000000000000</Val>
</DBL>
<DBL>
<Name></Name>
<Val>70.00000000000000</Val>
</DBL>
<DBL>
<Name></Name>
<Val>80.00000000000000</Val>
</DBL>
<DBL>
<Name></Name>
<Val>90.00000000000000</Val>
</DBL>
<DBL>
<Name></Name>
<Val>100.00000000000000</Val>
</DBL>
<DBL>
<Name></Name>
<Val>110.00000000000000</Val>
</DBL>
<DBL>
<Name></Name>
<Val>120.00000000000000</Val>
</DBL>
<DBL>
<Name></Name>
<Val>130.00000000000000</Val>
</DBL>
<DBL>
<Name></Name>
<Val>140.00000000000000</Val>
</DBL>
<DBL>
<Name></Name>
<Val>150.00000000000000</Val>
</DBL>
<DBL>
<Name></Name>
<Val>160.00000000000000</Val>
</DBL>
<DBL>
<Name></Name>
<Val>170.00000000000000</Val>
</DBL>
<DBL>
<Name></Name>
<Val>180.00000000000000</Val>
</DBL>
<DBL>
<Name></Name>
<Val>190.00000000000000</Val>
</DBL>
<DBL>
<Name></Name>
<Val>200.00000000000000</Val>
</DBL>
<DBL>
<Name></Name>
<Val>210.00000000000000</Val>
</DBL>
<DBL>
<Name></Name>
<Val>220.00000000000000</Val>
</DBL>
<DBL>
<Name></Name>
<Val>230.00000000000000</Val>
</DBL>
<DBL>
<Name></Name>
<Val>240.00000000000000</Val>
</DBL>
<DBL>
<Name></Name>
<Val>250.00000000000000</Val>
</DBL>
<DBL>
<Name></Name>
<Val>260.00000000000000</Val>
</DBL>
<DBL>
<Name></Name>
<Val>270.00000000000000</Val>
</DBL>
<DBL>
<Name></Name>
<Val>280.00000000000000</Val>
</DBL>
<DBL>
<Name></Name>
<Val>290.00000000000000</Val>
</DBL>
<DBL>
<Name></Name>
<Val>300.00000000000000</Val>
</DBL>
<DBL>
<Name></Name>
<Val>310.00000000000000</Val>
</DBL>
<DBL>
<Name></Name>
<Val>320.00000000000000</Val>
</DBL>
<DBL>
<Name></Name>
<Val>330.00000000000000</Val>
</DBL>
<DBL>
<Name></Name>
<Val>340.00000000000000</Val>
</DBL>
<DBL>
<Name></Name>
<Val>350.00000000000000</Val>
</DBL>
<DBL>
<Name></Name>
<Val>360.00000000000000</Val>
</DBL>
<DBL>
<Name></Name>
<Val>370.00000000000000</Val>
</DBL>
<DBL>
<Name></Name>
<Val>380.00000000000000</Val>
</DBL>
<DBL>
<Name></Name>
<Val>390.00000000000000</Val>
</DBL>
<DBL>
<Name></Name>
<Val>400.00000000000000</Val>
</DBL>
<DBL>
<Name></Name>
<Val>410.00000000000000</Val>
</DBL>
<DBL>
<Name></Name>
<Val>420.00000000000000</Val>
</DBL>
<DBL>
<Name></Name>
<Val>430.00000000000000</Val>
</DBL>
<DBL>
<Name></Name>
<Val>440.00000000000000</Val>
</DBL>
<DBL>
<Name></Name>
<Val>450.00000000000000</Val>
</DBL>
<DBL>
<Name></Name>
<Val>460.00000000000000</Val>
</DBL>
<DBL>
<Name></Name>
<Val>470.00000000000000</Val>
</DBL>
<DBL>
<Name></Name>
<Val>480.00000000000000</Val>
</DBL>
<DBL>
<Name></Name>
<Val>490.00000000000000</Val>
</DBL>
<DBL>
<Name></Name>
<Val>500.00000000000000</Val>
</DBL>
<DBL>
<Name></Name>
<Val>510.00000000000000</Val>
</DBL>
<DBL>
<Name></Name>
<Val>520.00000000000000</Val>
</DBL>
<DBL>
<Name></Name>
<Val>530.00000000000000</Val>
</DBL>
<DBL>
<Name></Name>
<Val>540.00000000000000</Val>
</DBL>
<DBL>
<Name></Name>
<Val>550.00000000000000</Val>
</DBL>
<DBL>
<Name></Name>
<Val>560.00000000000000</Val>
</DBL>
<DBL>
<Name></Name>
<Val>570.00000000000000</Val>
</DBL>
<DBL>
<Name></Name>
<Val>580.00000000000000</Val>
</DBL>
<DBL>
<Name></Name>
<Val>590.00000000000000</Val>
</DBL>
<DBL>
<Name></Name>
<Val>600.00000000000000</Val>
</DBL>
<DBL>
<Name></Name>
<Val>610.00000000000000</Val>
</DBL>
<DBL>
<Name></Name>
<Val>620.00000000000000</Val>
</DBL>
<DBL>
<Name></Name>
<Val>630.00000000000000</Val>
</DBL>
<DBL>
<Name></Name>
<Val>640.00000000000000</Val>
</DBL>
<DBL>
<Name></Name>
<Val>650.00000000000000</Val>
</DBL>
<DBL>
<Name></Name>
<Val>660.00000000000000</Val>
</DBL>
<DBL>
<Name></Name>
<Val>670.00000000000000</Val>
</DBL>
<DBL>
<Name></Name>
<Val>680.00000000000000</Val>
</DBL>
<DBL>
<Name></Name>
<Val>690.00000000000000</Val>
</DBL>
<DBL>
<Name></Name>
<Val>700.00000000000000</Val>
</DBL>
<DBL>
<Name></Name>
<Val>710.00000000000000</Val>
</DBL>
<DBL>
<Name></Name>
<Val>720.00000000000000</Val>
</DBL>
<DBL>
<Name></Name>
<Val>730.00000000000000</Val>
</DBL>
<DBL>
<Name></Name>
<Val>740.00000000000000</Val>
</DBL>
<DBL>
<Name></Name>
<Val>750.00000000000000</Val>
</DBL>
<DBL>
<Name></Name>
<Val>760.00000000000000</Val>
</DBL>
<DBL>
<Name></Name>
<Val>770.00000000000000</Val>
</DBL>
<DBL>
<Name></Name>
<Val>780.00000000000000</Val>
</DBL>
<DBL>
<Name></Name>
<Val>790.00000000000000</Val>
</DBL>
<DBL>
<Name></Name>
<Val>800.00000000000000</Val>
</DBL>
<DBL>
<Name></Name>
<Val>810.00000000000000</Val>
</DBL>
<DBL>
<Name></Name>
<Val>820.00000000000000</Val>
</DBL>
<DBL>
<Name></Name>
<Val>830.00000000000000</Val>
</DBL>
<DBL>
<Name></Name>
<Val>840.00000000000000</Val>
</DBL>
<DBL>
<Name></Name>
<Val>850.00000000000000</Val>
</DBL>
<DBL>
<Name></Name>
<Val>860.00000000000000</Val>
</DBL>
<DBL>
<Name></Name>
<Val>870.00000000000000</Val>
</DBL>
<DBL>
<Name></Name>
<Val>880.00000000000000</Val>
</DBL>
<DBL>
<Name></Name>
<Val>890.00000000000000</Val>
</DBL>
<DBL>
<Name></Name>
<Val>900.00000000000000</Val>
</DBL>
<DBL>
<Name></Name>
<Val>910.00000000000000</Val>
</DBL>
<DBL>
<Name></Name>
<Val>920.00000000000000</Val>
</DBL>
<DBL>
<Name></Name>
<Val>930.00000000000000</Val>
</DBL>
<DBL>
<Name></Name>
<Val>940.00000000000000</Val>
</DBL>
<DBL>
<Name></Name>
<Val>950.00000000000000</Val>
</DBL>
<DBL>
<Name></Name>
<Val>960.00000000000000</Val>
</DBL>
<DBL>
<Name></Name>
<Val>970.00000000000000</Val>
</DBL>
<DBL>
<Name></Name>
<Val>980.00000000000000</Val>
</DBL>
<DBL>
<Name></Name>
<Val>990.00000000000000</Val>
</DBL>
</Array>
<Array>
<Name>RealSolution</Name>
<Dimsize>100</Dimsize>
<Dimsize>10</Dimsize>
<DBL>
<Name></Name>
<Val>1.00000000000000</Val>
</DBL>
<DBL>
<Name></Name>
<Val>0.00000000000000</Val>
</DBL>
<DBL>
<Name></Name>
<Val>0.00000000000000</Val>
</DBL>
<DBL>
<Name></Name>
<Val>0.00000000000000</Val>
</DBL>
<DBL>
<Name></Name>
<Val>0.00000000000000</Val>
</DBL>
<DBL>
<Name></Name>
<Val>0.00000000000000</Val>
</DBL>
<DBL>
<Name></Name>
<Val>0.00000000000000</Val>
</DBL>
<DBL>
<Name></Name>
<Val>0.00000000000000</Val>
</DBL>
<DBL>
<Name></Name>
<Val>0.00000000000000</Val>
</DBL>
<DBL>
<Name></Name>
<Val>0.00000000000000</Val>
</DBL>
<DBL>
<Name></Name>
<Val>0.46534187613089</Val>
</DBL>
<DBL>
<Name></Name>
<Val>0.41124648012150</Val>
</DBL>
<DBL>
<Name></Name>
<Val>1.91314247336248E-2</Val>
</DBL>
<DBL>
<Name></Name>
<Val>2.40648226476557E-2</Val>
</DBL>
<DBL>
<Name></Name>
<Val>6.33133267962484E-2</Val>
</DBL>
<DBL>
<Name></Name>
<Val>8.52897434663111E-3</Val>
</DBL>
<DBL>
<Name></Name>
<Val>3.28034052569916E-3</Val>
</DBL>
<DBL>
<Name></Name>
<Val>4.37730135683002E-3</Val>
</DBL>
<DBL>
<Name></Name>
<Val>6.42271838880073E-4</Val>
</DBL>
<DBL>
<Name></Name>
<Val>7.31815020422686E-5</Val>
</DBL>
<DBL>
<Name></Name>
<Val>0.27393266551234</Val>
</DBL>
<DBL>
<Name></Name>
<Val>0.42107614980176</Val>
</DBL>
<DBL>
<Name></Name>
<Val>2.02818513750862E-2</Val>
</DBL>
<DBL>
<Name></Name>
<Val>3.06305196892582E-2</Val>
</DBL>
<DBL>
<Name></Name>
<Val>0.15316799250403</Val>
</DBL>
<DBL>
<Name></Name>
<Val>3.23511902665054E-2</Val>
</DBL>
<DBL>
<Name></Name>
<Val>1.46791491407516E-2</Val>
</DBL>
<DBL>
<Name></Name>
<Val>3.80911812996098E-2</Val>
</DBL>
<DBL>
<Name></Name>
<Val>1.23369733347569E-2</Val>
</DBL>
<DBL>
<Name></Name>
<Val>3.45232707590274E-3</Val>
</DBL>
<DBL>
<Name></Name>
<Val>0.18639014673109</Val>
</DBL>
<DBL>
<Name></Name>
<Val>0.34885845336220</Val>
</DBL>
<DBL>
<Name></Name>
<Val>1.70203497160225E-2</Val>
</DBL>
<DBL>
<Name></Name>
<Val>2.85875062519680E-2</Val>
</DBL>
<DBL>
<Name></Name>
<Val>0.19271764124551</Val>
</DBL>
<DBL>
<Name></Name>
<Val>5.04830815031715E-2</Val>
</DBL>
<DBL>
<Name></Name>
<Val>2.47772282552704E-2</Val>
</DBL>
<DBL>
<Name></Name>
<Val>8.73705942152503E-2</Val>
</DBL>
<DBL>
<Name></Name>
<Val>4.32731652010758E-2</Val>
</DBL>
<DBL>
<Name></Name>
<Val>2.05218335184414E-2</Val>
</DBL>
<DBL>
<Name></Name>
<Val>0.13563606582490</Val>
</DBL>
<DBL>
<Name></Name>
<Val>0.27297572397453</Val>
</DBL>
<DBL>
<Name></Name>
<Val>1.34164569165655E-2</Val>
</DBL>
<DBL>
<Name></Name>
<Val>2.43056327664141E-2</Val>
</DBL>
<DBL>
<Name></Name>
<Val>0.19464836545223</Val>
</DBL>
<DBL>
<Name></Name>
<Val>5.86452071500021E-2</Val>
</DBL>
<DBL>
<Name></Name>
<Val>3.02993099905106E-2</Val>
</DBL>
<DBL>
<Name></Name>
<Val>0.12788595394306</Val>
</DBL>
<DBL>
<Name></Name>
<Val>8.42567253796276E-2</Val>
</DBL>
<DBL>
<Name></Name>
<Val>5.79305586021552E-2</Val>
</DBL>
<DBL>
<Name></Name>
<Val>0.10143579899698</Val>
</DBL>
<DBL>
<Name></Name>
<Val>0.20980520037390</Val>
</DBL>
<DBL>
<Name></Name>
<Val>1.03643972628629E-2</Val>
</DBL>
<DBL>
<Name></Name>
<Val>1.98777505076097E-2</Val>
</DBL>
<DBL>
<Name></Name>
<Val>0.17786116733768</Val>
</DBL>
<DBL>
<Name></Name>
<Val>5.94608809977189E-2</Val>
</DBL>
<DBL>
<Name></Name>
<Val>3.19026945798347E-2</Val>
</DBL>
<DBL>
<Name></Name>
<Val>0.15189669044612</Val>
</DBL>
<DBL>
<Name></Name>
<Val>0.12427768892683</Val>
</DBL>
<DBL>
<Name></Name>
<Val>0.11311773057047</Val>
</DBL>
<DBL>
<Name></Name>
<Val>7.66878816107896E-2</Val>
</DBL>
<DBL>
<Name></Name>
<Val>0.16035771799259</Val>
</DBL>
<DBL>
<Name></Name>
<Val>7.95288050041201E-3</Val>
</DBL>
<DBL>
<Name></Name>
<Val>1.59516120945212E-2</Val>
</DBL>
<DBL>
<Name></Name>
<Val>0.15424788174954</Val>
</DBL>
<DBL>
<Name></Name>
<Val>5.60769384075822E-2</Val>
</DBL>
<DBL>
<Name></Name>
<Val>3.10014900031747E-2</Val>
</DBL>
<DBL>
<Name></Name>
<Val>0.16133968179882</Val>
</DBL>
<DBL>
<Name></Name>
<Val>0.15772491189776</Val>
</DBL>
<DBL>
<Name></Name>
<Val>0.17865900394480</Val>
</DBL>
<DBL>
<Name></Name>
<Val>5.82445882741759E-2</Val>
</DBL>
<DBL>
<Name></Name>
<Val>0.12238880112562</Val>
</DBL>
<DBL>
<Name></Name>
<Val>6.08966216240499E-3</Val>
</DBL>
<DBL>
<Name></Name>
<Val>1.26731303083942E-2</Val>
</DBL>
<DBL>
<Name></Name>
<Val>0.12991686020824</Val>
</DBL>
<DBL>
<Name></Name>
<Val>5.07603378576597E-2</Val>
</DBL>
<DBL>
<Name></Name>
<Val>2.87810789483382E-2</Val>
</DBL>
<DBL>
<Name></Name>
<Val>0.16081425167121</Val>
</DBL>
<DBL>
<Name></Name>
<Val>0.18338053180103</Val>
</DBL>
<DBL>
<Name></Name>
<Val>0.24695075764293</Val>
</DBL>
<DBL>
<Name></Name>
<Val>4.43356555283284E-2</Val>
</DBL>
<DBL>
<Name></Name>
<Val>9.34078683649871E-2</Val>
</DBL>
<DBL>
<Name></Name>
<Val>4.66107535904908E-3</Val>
</DBL>
<DBL>
<Name></Name>
<Val>1.00146004724757E-2</Val>
</DBL>
<DBL>
<Name></Name>
<Val>0.10761330106352</Val>
</DBL>
<DBL>
<Name></Name>
<Val>4.48944496082491E-2</Val>
</DBL>
<DBL>
<Name></Name>
<Val>2.60366766358826E-2</Val>
</DBL>
<DBL>
<Name></Name>
<Val>0.15455419773760</Val>
</DBL>
<DBL>
<Name></Name>
<Val>0.20212488565824</Val>
</DBL>
<DBL>
<Name></Name>
<Val>0.31235728957166</Val>
</DBL>
<DBL>
<Name></Name>
<Val>3.37931663878768E-2</Val>
</DBL>
<DBL>
<Name></Name>
<Val>7.13226399585183E-2</Val>
</DBL>
<DBL>
<Name></Name>
<Val>3.56862111832200E-3</Val>
</DBL>
<DBL>
<Name></Name>
<Val>7.89411729706125E-3</Val>
</DBL>
<DBL>
<Name></Name>
<Val>8.83359257164215E-2</Val>
</DBL>
<DBL>
<Name></Name>
<Val>3.92365424212702E-2</Val>
</DBL>
<DBL>
<Name></Name>
<Val>2.32408312398134E-2</Val>
</DBL>
<DBL>
<Name></Name>
<Val>0.14562301282843</Val>
</DBL>
<DBL>
<Name></Name>
<Val>0.21545043876540</Val>
</DBL>
<DBL>
<Name></Name>
<Val>0.37153470426689</Val>
</DBL>
<DBL>
<Name></Name>
<Val>2.57829277887520E-2</Val>
</DBL>
<DBL>
<Name></Name>
<Val>5.44949467322611E-2</Val>
</DBL>
<DBL>
<Name></Name>
<Val>2.73393109311028E-3</Val>
</DBL>
<DBL>
<Name></Name>
<Val>6.22016518210046E-3</Val>
</DBL>
<DBL>
<Name></Name>
<Val>7.22341813000240E-2</Val>
</DBL>
<DBL>
<Name></Name>
<Val>3.41508034586591E-2</Val>
</DBL>
<DBL>
<Name></Name>
<Val>2.06445397984916E-2</Val>
</DBL>
<DBL>
<Name></Name>
<Val>0.13596657679923</Val>
</DBL>
<DBL>
<Name></Name>
<Val>0.22478772057835</Val>
</DBL>
<DBL>
<Name></Name>
<Val>0.42298420726902</Val>
</DBL>
<DBL>
<Name></Name>
<Val>1.96883765868845E-2</Val>
</DBL>
<DBL>
<Name></Name>
<Val>4.16694982380853E-2</Val>
</DBL>
<DBL>
<Name></Name>
<Val>2.09633115774674E-3</Val>
</DBL>
<DBL>
<Name></Name>
<Val>4.90791423841281E-3</Val>
</DBL>
<DBL>
<Name></Name>
<Val>5.90754585883859E-2</Val>
</DBL>
<DBL>
<Name></Name>
<Val>2.97712896095240E-2</Val>
</DBL>
<DBL>
<Name></Name>
<Val>1.83601463127808E-2</Val>
</DBL>
<DBL>
<Name></Name>
<Val>0.12669456898487</Val>
</DBL>
<DBL>
<Name></Name>
<Val>0.23128843304722</Val>
</DBL>
<DBL>
<Name></Name>
<Val>0.46644798323609</Val>
</DBL>
<DBL>
<Name></Name>
<Val>1.50471844059268E-2</Val>
</DBL>
<DBL>
<Name></Name>
<Val>3.18905923455364E-2</Val>
</DBL>
<DBL>
<Name></Name>
<Val>1.60928529840776E-3</Val>
</DBL>
<DBL>
<Name></Name>
<Val>3.88435874204304E-3</Val>
</DBL>
<DBL>
<Name></Name>
<Val>4.84811701196372E-2</Val>
</DBL>
<DBL>
<Name></Name>
<Val>2.61057458448513E-2</Val>
</DBL>
<DBL>
<Name></Name>
<Val>1.64190534539052E-2</Val>
</DBL>
<DBL>
<Name></Name>
<Val>0.11835971435640</Val>
</DBL>
<DBL>
<Name></Name>
<Val>0.23580821642972</Val>
</DBL>
<DBL>
<Name></Name>
<Val>0.50239467900358</Val>
</DBL>
<DBL>
<Name></Name>
<Val>1.15104191848781E-2</Val>
</DBL>
<DBL>
<Name></Name>
<Val>2.44317059322710E-2</Val>
</DBL>
<DBL>
<Name></Name>
<Val>1.23721727654940E-3</Val>
</DBL>
<DBL>
<Name></Name>
<Val>3.08898791731396E-3</Val>
</DBL>
<DBL>
<Name></Name>
<Val>4.00426046764895E-2</Val>
</DBL>
<DBL>
<Name></Name>
<Val>2.30985251522000E-2</Val>
</DBL>
<DBL>
<Name></Name>
<Val>1.48088911837377E-2</Val>
</DBL>
<DBL>
<Name></Name>
<Val>0.11117207472277</Val>
</DBL>
<DBL>
<Name></Name>
<Val>0.23895671609122</Val>
</DBL>
<DBL>
<Name></Name>
<Val>0.53165285786258</Val>
</DBL>
<DBL>
<Name></Name>
<Val>8.81385593132175E-3</Val>
</DBL>
<DBL>
<Name></Name>
<Val>1.87404762508964E-2</Val>
</DBL>
<DBL>
<Name></Name>
<Val>9.52958385723870E-4</Val>
</DBL>
<DBL>
<Name></Name>
<Val>2.47273469118104E-3</Val>
</DBL>
<DBL>
<Name></Name>
<Val>3.33747810808128E-2</Val>
</DBL>
<DBL>
<Name></Name>
<Val>2.06672369512526E-2</Val>
</DBL>
<DBL>
<Name></Name>
<Val>1.34962462458443E-2</Val>
</DBL>
<DBL>
<Name></Name>
<Val>0.10514601686148</Val>
</DBL>
<DBL>
<Name></Name>
<Val>0.24115871836817</Val>
</DBL>
<DBL>
<Name></Name>
<Val>0.55517697523333</Val>
</DBL>
<DBL>
<Name></Name>
<Val>6.75701439678703E-3</Val>
</DBL>
<DBL>
<Name></Name>
<Val>1.43967084039104E-2</Val>
</DBL>
<DBL>
<Name></Name>
<Val>7.35766033310064E-4</Val>
</DBL>
<DBL>
<Name></Name>
<Val>1.99636731271020E-3</Val>
</DBL>
<DBL>
<Name></Name>
<Val>2.81384825625281E-2</Val>
</DBL>
<DBL>
<Name></Name>
<Val>1.87231455857436E-2</Val>
</DBL>
<DBL>
<Name></Name>
<Val>1.24399206384241E-2</Val>
</DBL>
<DBL>
<Name></Name>
<Val>0.10019435488596</Val>
</DBL>
<DBL>
<Name></Name>
<Val>0.24270688436531</Val>
</DBL>
<DBL>
<Name></Name>
<Val>0.57391135581531</Val>
</DBL>
<DBL>
<Name></Name>
<Val>5.18757195625952E-3</Val>
</DBL>
<DBL>
<Name></Name>
<Val>1.10805388685367E-2</Val>
</DBL>
<DBL>
<Name></Name>
<Val>5.69803413075202E-4</Val>
</DBL>
<DBL>
<Name></Name>
<Val>1.62882046382270E-3</Val>
</DBL>
<DBL>
<Name></Name>
<Val>2.40462075564832E-2</Val>
</DBL>
<DBL>
<Name></Name>
<Val>1.71817867961722E-2</Val>
</DBL>
<DBL>
<Name></Name>
<Val>1.15982374167186E-2</Val>
</DBL>
<DBL>
<Name></Name>
<Val>9.61854905703824E-2</Val>
</DBL>
<DBL>
<Name></Name>
<Val>0.24380191900752</Val>
</DBL>
<DBL>
<Name></Name>
<Val>0.58871962395103</Val>
</DBL>
<DBL>
<Name></Name>
<Val>3.98967561127662E-3</Val>
</DBL>
<DBL>
<Name></Name>
<Val>8.54832750722974E-3</Val>
</DBL>
<DBL>
<Name></Name>
<Val>4.42977779270373E-4</Val>
</DBL>
<DBL>
<Name></Name>
<Val>1.34566785504392E-3</Val>
</DBL>
<DBL>
<Name></Name>
<Val>2.08603198063532E-2</Val>
</DBL>
<DBL>
<Name></Name>
<Val>1.59678550339197E-2</Val>
</DBL>
<DBL>
<Name></Name>
<Val>1.09327314682233E-2</Val>
</DBL>
<DBL>
<Name></Name>
<Val>9.29762386729177E-2</Val>
</DBL>
<DBL>
<Name></Name>
<Val>0.24458140928252</Val>
</DBL>
<DBL>
<Name></Name>
<Val>0.60035479698324</Val>
</DBL>
<DBL>
<Name></Name>
<Val>3.07513738185729E-3</Val>
</DBL>
<DBL>
<Name></Name>
<Val>6.61439161835321E-3</Val>
</DBL>
<DBL>
<Name></Name>
<Val>3.46053946025947E-4</Val>
</DBL>
<DBL>
<Name></Name>
<Val>1.12780513932384E-3</Val>
</DBL>
<DBL>
<Name></Name>
<Val>1.83877741498561E-2</Val>
</DBL>
<DBL>
<Name></Name>
<Val>1.50168516223634E-2</Val>
</DBL>
<DBL>
<Name></Name>
<Val>1.04097211990765E-2</Val>
</DBL>
<DBL>
<Name></Name>
<Val>9.04293765174619E-2</Val>
</DBL>
<DBL>
<Name></Name>
<Val>0.24513989393512</Val>
</DBL>
<DBL>
<Name></Name>
<Val>0.60945299449056</Val>
</DBL>
<DBL>
<Name></Name>
<Val>2.37678243591534E-3</Val>
</DBL>
<DBL>
<Name></Name>
<Val>5.13715194395108E-3</Val>
</DBL>
<DBL>
<Name></Name>
<Val>2.71978027488865E-4</Val>
</DBL>
<DBL>
<Name></Name>
<Val>9.60351890051408E-4</Val>
</DBL>
<DBL>
<Name></Name>
<Val>1.64737075570567E-2</Val>
</DBL>
<DBL>
<Name></Name>
<Val>1.42749959585421E-2</Val>
</DBL>
<DBL>
<Name></Name>
<Val>1.00006923383744E-2</Val>
</DBL>
<DBL>
<Name></Name>
<Val>8.84219664182393E-2</Val>
</DBL>
<DBL>
<Name></Name>
<Val>0.24554260174799</Val>
</DBL>
<DBL>
<Name></Name>
<Val>0.61653977168239</Val>
</DBL>
<DBL>
<Name></Name>
<Val>1.84341316128723E-3</Val>
</DBL>
<DBL>
<Name></Name>
<Val>4.00861357251904E-3</Val>
</DBL>
<DBL>
<Name></Name>
<Val>2.15361526176287E-4</Val>
</DBL>
<DBL>
<Name></Name>
<Val>8.31755546781628E-4</Val>
</DBL>
<DBL>
<Name></Name>
<Val>1.49950536485604E-2</Val>
</DBL>
<DBL>
<Name></Name>
<Val>1.36982868054932E-2</Val>
</DBL>
<DBL>
<Name></Name>
<Val>9.68205903693213E-3</Val>
</DBL>
<DBL>
<Name></Name>
<Val>8.68483365816930E-2</Val>
</DBL>
<DBL>
<Name></Name>
<Val>0.24583477914712</Val>
</DBL>
<DBL>
<Name></Name>
<Val>0.62204234097343</Val>
</DBL>
<DBL>
<Name></Name>
<Val>1.43599050257636E-3</Val>
</DBL>
<DBL>
<Name></Name>
<Val>3.14637102397609E-3</Val>
</DBL>
<DBL>
<Name></Name>
<Val>1.72087671740448E-4</Val>
</DBL>
<DBL>
<Name></Name>
<Val>7.33070746129912E-4</Val>
</DBL>
<DBL>
<Name></Name>
<Val>1.38547222486011E-2</Val>
</DBL>
<DBL>
<Name></Name>
<Val>1.32512225353536E-2</Val>
</DBL>
<DBL>
<Name></Name>
<Val>9.43463578567554E-3</Val>
</DBL>
<DBL>
<Name></Name>
<Val>8.56201383242355E-2</Val>
</DBL>
<DBL>
<Name></Name>
<Val>0.24604800380693</Val>
</DBL>
<DBL>
<Name></Name>
<Val>0.62630375735478</Val>
</DBL>
<DBL>
<Name></Name>
<Val>1.12473458189133E-3</Val>
</DBL>
<DBL>
<Name></Name>
<Val>2.48752650773820E-3</Val>
</DBL>
<DBL>
<Name></Name>
<Val>1.39010972062192E-4</Val>
</DBL>
<DBL>
<Name></Name>
<Val>6.57385746531018E-4</Val>
</DBL>
<DBL>
<Name></Name>
<Val>1.29765522429315E-2</Val>
</DBL>
<DBL>
<Name></Name>
<Val>1.29054599347277E-2</Val>
</DBL>
<DBL>
<Name></Name>
<Val>9.24300996402105E-3</Val>
</DBL>
<DBL>
<Name></Name>
<Val>8.46649395394182E-2</Val>
</DBL>
<DBL>
<Name></Name>
<Val>0.24620445916388</Val>
</DBL>
<DBL>
<Name></Name>
<Val>0.62959692134680</Val>
</DBL>
<DBL>
<Name></Name>
<Val>8.86920944811528E-4</Val>
</DBL>
<DBL>
<Name></Name>
<Val>1.98406005687288E-3</Val>
</DBL>
<DBL>
<Name></Name>
<Val>1.13727853549272E-4</Val>
</DBL>
<DBL>
<Name></Name>
<Val>5.99369484810350E-4</Val>
</DBL>
<DBL>
<Name></Name>
<Val>1.23010710016093E-2</Val>
</DBL>
<DBL>
<Name></Name>
<Val>1.26385546820928E-2</Val>
</DBL>
<DBL>
<Name></Name>
<Val>9.09491742609507E-3</Val>
</DBL>
<DBL>
<Name></Name>
<Val>8.39242065243335E-2</Val>
</DBL>
<DBL>
<Name></Name>
<Val>0.24631983549473</Val>
</DBL>
<DBL>
<Name></Name>
<Val>0.63213733653109</Val>
</DBL>
<DBL>
<Name></Name>
<Val>7.05204035910858E-4</Val>
</DBL>
<DBL>
<Name></Name>
<Val>1.59930267211082E-3</Val>
</DBL>
<DBL>
<Name></Name>
<Val>9.44015339734295E-5</Val>
</DBL>
<DBL>
<Name></Name>
<Val>5.54916043099731E-4</Val>
</DBL>
<DBL>
<Name></Name>
<Val>1.17820073635797E-2</Val>
</DBL>
<DBL>
<Name></Name>
<Val>1.24328472948997E-2</Val>
</DBL>
<DBL>
<Name></Name>
<Val>8.98067159031431E-3</Val>
</DBL>
<DBL>
<Name></Name>
<Val>8.33511496681150E-2</Val>
</DBL>
<DBL>
<Name></Name>
<Val>0.24640530671633</Val>
</DBL>
<DBL>
<Name></Name>
<Val>0.63409419308166</Val>
</DBL>
<DBL>
<Name></Name>
<Val>5.66340806778340E-4</Val>
</DBL>
<DBL>
<Name></Name>
<Val>1.30524822723570E-3</Val>
</DBL>
<DBL>
<Name></Name>
<Val>7.96282800123644E-5</Val>
</DBL>
<DBL>
<Name></Name>
<Val>5.20866895956402E-4</Val>
</DBL>
<DBL>
<Name></Name>
<Val>1.13834682428028E-2</Val>
</DBL>
<DBL>
<Name></Name>
<Val>1.22745138800208E-2</Val>
</DBL>
<DBL>
<Name></Name>
<Val>8.89266654442661E-3</Val>
</DBL>
<DBL>
<Name></Name>
<Val>8.29086806586995E-2</Val>
</DBL>
<DBL>
<Name></Name>
<Val>0.24646888423528</Val>
</DBL>
<DBL>
<Name></Name>
<Val>0.63559970222879</Val>
</DBL>
<DBL>
<Name></Name>
<Val>4.60218338551392E-4</Val>
</DBL>
<DBL>
<Name></Name>
<Val>1.08050370813831E-3</Val>
</DBL>
<DBL>
<Name></Name>
<Val>6.83352535804047E-5</Val>
</DBL>
<DBL>
<Name></Name>
<Val>4.94794740933693E-4</Val>
</DBL>
<DBL>
<Name></Name>
<Val>1.10776787026167E-2</Val>
</DBL>
<DBL>
<Name></Name>
<Val>1.21527774664856E-2</Val>
</DBL>
<DBL>
<Name></Name>
<Val>8.82495813976648E-3</Val>
</DBL>
<DBL>
<Name></Name>
<Val>8.25675947917566E-2</Val>
</DBL>
<DBL>
<Name></Name>
<Val>0.24651634960530</Val>
</DBL>
<DBL>
<Name></Name>
<Val>0.63675678925287</Val>
</DBL>
<DBL>
<Name></Name>
<Val>3.79112668485421E-4</Val>
</DBL>
<DBL>
<Name></Name>
<Val>9.08725585704679E-4</Val>
</DBL>
<DBL>
<Name></Name>
<Val>5.97024753244262E-5</Val>
</DBL>
<DBL>
<Name></Name>
<Val>4.74835771681798E-4</Val>
</DBL>
<DBL>
<Name></Name>
<Val>1.08431888785845E-2</Val>
</DBL>
<DBL>
<Name></Name>
<Val>1.20592644291268E-2</Val>
</DBL>
<DBL>
<Name></Name>
<Val>8.77291853707857E-3</Val>
</DBL>
<DBL>
<Name></Name>
<Val>8.23050159220424E-2</Val>
</DBL>
<DBL>
<Name></Name>
<Val>0.24655190115802</Val>
</DBL>
<DBL>
<Name></Name>
<Val>0.63764533457394</Val>
</DBL>
<DBL>
<Name></Name>
<Val>3.17123588748097E-4</Val>
</DBL>
<DBL>
<Name></Name>
<Val>7.77426629012060E-4</Val>
</DBL>
<DBL>
<Name></Name>
<Val>5.31032045992885E-5</Val>
</DBL>
<DBL>
<Name></Name>
<Val>4.59559861636729E-4</Val>
</DBL>
<DBL>
<Name></Name>
<Val>1.06634610292316E-2</Val>
</DBL>
<DBL>
<Name></Name>
<Val>1.19874862440889E-2</Val>
</DBL>
<DBL>
<Name></Name>
<Val>8.73295583738858E-3</Val>
</DBL>
<DBL>
<Name></Name>
<Val>8.21031007715529E-2</Val>
</DBL>
<DBL>
<Name></Name>
<Val>0.24657860537074</Val>
</DBL>
<DBL>
<Name></Name>
<Val>0.63832717746300</Val>
</DBL>
<DBL>
<Name></Name>
<Val>2.69743470737320E-4</Val>
</DBL>
<DBL>
<Name></Name>
<Val>6.77065139362689E-4</Val>
</DBL>
<DBL>
<Name></Name>
<Val>4.80583851595090E-5</Val>
</DBL>
<DBL>
<Name></Name>
<Val>4.47870294748275E-4</Val>
</DBL>
<DBL>
<Name></Name>
<Val>1.05257621565165E-2</Val>
</DBL>
<DBL>
<Name></Name>
<Val>1.19324263611872E-2</Val>
</DBL>
<DBL>
<Name></Name>
<Val>8.70228923737505E-3</Val>
</DBL>
<DBL>
<Name></Name>
<Val>8.19479793677178E-2</Val>
</DBL>
<DBL>
<Name></Name>
<Val>0.24659871413896</Val>
</DBL>
<DBL>
<Name></Name>
<Val>0.63885009144824</Val>
</DBL>
<DBL>
<Name></Name>
<Val>2.33528225860089E-4</Val>
</DBL>
<DBL>
<Name></Name>
<Val>6.00349590769005E-4</Val>
</DBL>
<DBL>
<Name></Name>
<Val>4.42018352240219E-5</Val>
</DBL>
<DBL>
<Name></Name>
<Val>4.38926448691660E-4</Val>
</DBL>
<DBL>
<Name></Name>
<Val>1.04202998801863E-2</Val>
</DBL>
<DBL>
<Name></Name>
<Val>1.18902134410464E-2</Val>
</DBL>
<DBL>
<Name></Name>
<Val>8.67877035642954E-3</Val>
</DBL>
<DBL>
<Name></Name>
<Val>8.18289004551190E-2</Val>
</DBL>
<DBL>
<Name></Name>
<Val>0.24661388936571</Val>
</DBL>
<DBL>
<Name></Name>
<Val>0.63925092040096</Val>
</DBL>
<DBL>
<Name></Name>
<Val>2.05846139153405E-4</Val>
</DBL>
<DBL>
<Name></Name>
<Val>5.41707622932583E-4</Val>
</DBL>
<DBL>
<Name></Name>
<Val>4.12536458702903E-5</Val>
</DBL>
<DBL>
<Name></Name>
<Val>4.32084259821867E-4</Val>
</DBL>
<DBL>
<Name></Name>
<Val>1.03395505007356E-2</Val>
</DBL>
<DBL>
<Name></Name>
<Val>1.18578644926038E-2</Val>
</DBL>
<DBL>
<Name></Name>
<Val>8.66074226546822E-3</Val>
</DBL>
<DBL>
<Name></Name>
<Val>8.17375494005874E-2</Val>
</DBL>
<DBL>
<Name></Name>
<Val>0.24662536305426</Val>
</DBL>
<DBL>
<Name></Name>
<Val>0.63955803861857</Val>
</DBL>
<DBL>
<Name></Name>
<Val>1.84686100781452E-4</Val>
</DBL>
<DBL>
<Name></Name>
<Val>4.96880471262911E-4</Val>
</DBL>
<DBL>
<Name></Name>
<Val>3.89998509757583E-5</Val>
</DBL>
<DBL>
<Name></Name>
<Val>4.26850433567675E-4</Val>
</DBL>
<DBL>
<Name></Name>
<Val>1.02777380037508E-2</Val>
</DBL>
<DBL>
<Name></Name>
<Val>1.18330839501393E-2</Val>
</DBL>
<DBL>
<Name></Name>
<Val>8.64692889019346E-3</Val>
</DBL>
<DBL>
<Name></Name>
<Val>8.16675081653107E-2</Val>
</DBL>
<DBL>
<Name></Name>
<Val>0.24663405220378</Val>
</DBL>
<DBL>
<Name></Name>
<Val>0.63979327193024</Val>
</DBL>
<DBL>
<Name></Name>
<Val>1.68511159429837E-4</Val>
</DBL>
<DBL>
<Name></Name>
<Val>4.62613157535013E-4</Val>
</DBL>
<DBL>
<Name></Name>
<Val>3.72768893470325E-5</Val>
</DBL>
<DBL>
<Name></Name>
<Val>4.22847260817918E-4</Val>
</DBL>
<DBL>
<Name></Name>
<Val>1.02304310482809E-2</Val>
</DBL>
<DBL>
<Name></Name>
<Val>1.18141071300846E-2</Val>
</DBL>
<DBL>
<Name></Name>
<Val>8.63634863704705E-3</Val>
</DBL>
<DBL>
<Name></Name>
<Val>8.16138304694219E-2</Val>
</DBL>
<DBL>
<Name></Name>
<Val>0.24664064180761</Val>
</DBL>
<DBL>
<Name></Name>
<Val>0.63997339244043</Val>
</DBL>
<DBL>
<Name></Name>
<Val>1.56146667585280E-4</Val>
</DBL>
<DBL>
<Name></Name>
<Val>4.36417801674534E-4</Val>
</DBL>
<DBL>
<Name></Name>
<Val>3.59597289146218E-5</Val>
</DBL>
<DBL>
<Name></Name>
<Val>4.19785605559731E-4</Val>
</DBL>
<DBL>
<Name></Name>
<Val>1.01942318248106E-2</Val>
</DBL>
<DBL>
<Name></Name>
<Val>1.17995786578790E-2</Val>
</DBL>
<DBL>
<Name></Name>
<Val>8.62824718378169E-3</Val>
</DBL>
<DBL>
<Name></Name>
<Val>8.15727092702509E-2</Val>
</DBL>
<DBL>
<Name></Name>
<Val>0.24664564518084</Val>
</DBL>
<DBL>
<Name></Name>
<Val>0.64011127807870</Val>
</DBL>
<DBL>
<Name></Name>
<Val>1.46694835673041E-4</Val>
</DBL>
<DBL>
<Name></Name>
<Val>4.16392777834948E-4</Val>
</DBL>
<DBL>
<Name></Name>
<Val>3.49527895640203E-5</Val>
</DBL>
<DBL>
<Name></Name>
<Val>4.17444180067668E-4</Val>
</DBL>
<DBL>
<Name></Name>
<Val>1.01665362257165E-2</Val>
</DBL>
<DBL>
<Name></Name>
<Val>1.17884583017545E-2</Val>
</DBL>
<DBL>
<Name></Name>
<Val>8.62204533857179E-3</Val>
</DBL>
<DBL>
<Name></Name>
<Val>8.15412175570486E-2</Val>
</DBL>
<DBL>
<Name></Name>
<Val>0.24664944806378</Val>
</DBL>
<DBL>
<Name></Name>
<Val>0.64021680992999</Val>
</DBL>
<DBL>
<Name></Name>
<Val>1.39469452087204E-4</Val>
</DBL>
<DBL>
<Name></Name>
<Val>4.01084526701622E-4</Val>
</DBL>
<DBL>
<Name></Name>
<Val>3.41830048671384E-5</Val>
</DBL>
<DBL>
<Name></Name>
<Val>4.15653653139233E-4</Val>
</DBL>
<DBL>
<Name></Name>
<Val>1.01453492298854E-2</Val>
</DBL>
<DBL>
<Name></Name>
<Val>1.17799481930401E-2</Val>
</DBL>
<DBL>
<Name></Name>
<Val>8.61729868828466E-3</Val>
</DBL>
<DBL>
<Name></Name>
<Val>8.15171069664430E-2</Val>
</DBL>
<DBL>
<Name></Name>
<Val>0.24665234103688</Val>
</DBL>
<DBL>
<Name></Name>
<Val>0.64029756524867</Val>
</DBL>
<DBL>
<Name></Name>
<Val>1.33946004738958E-4</Val>
</DBL>
<DBL>
<Name></Name>
<Val>3.89381954720136E-4</Val>
</DBL>
<DBL>
<Name></Name>
<Val>3.35945185763056E-5</Val>
</DBL>
<DBL>
<Name></Name>
<Val>4.14284470107204E-4</Val>
</DBL>
<DBL>
<Name></Name>
<Val>1.01291429475478E-2</Val>
</DBL>
<DBL>
<Name></Name>
<Val>1.17734366765069E-2</Val>
</DBL>
<DBL>
<Name></Name>
<Val>8.61366643334766E-3</Val>
</DBL>
<DBL>
<Name></Name>
<Val>8.14986517444494E-2</Val>
</DBL>
<DBL>
<Name></Name>
<Val>0.24665454346146</Val>
</DBL>
<DBL>
<Name></Name>
<Val>0.64035935178854</Val>
</DBL>
<DBL>
<Name></Name>
<Val>1.29723567167191E-4</Val>
</DBL>
<DBL>
<Name></Name>
<Val>3.80435730652694E-4</Val>
</DBL>
<DBL>
<Name></Name>
<Val>3.31446306168500E-5</Val>
</DBL>
<DBL>
<Name></Name>
<Val>4.13237521416844E-4</Val>
</DBL>
<DBL>
<Name></Name>
<Val>1.01167475685871E-2</Val>
</DBL>
<DBL>
<Name></Name>
<Val>1.17684550551190E-2</Val>
</DBL>
<DBL>
<Name></Name>
<Val>8.61088735792605E-3</Val>
</DBL>
<DBL>
<Name></Name>
<Val>8.14845281133851E-2</Val>
</DBL>
<DBL>
<Name></Name>
<Val>0.24665622123984</Val>
</DBL>
<DBL>
<Name></Name>
<Val>0.64040661921529</Val>
</DBL>
<DBL>
<Name></Name>
<Val>1.26495672254250E-4</Val>
</DBL>
<DBL>
<Name></Name>
<Val>3.73596606187985E-4</Val>
</DBL>
<DBL>
<Name></Name>
<Val>3.28006981407848E-5</Val>
</DBL>
<DBL>
<Name></Name>
<Val>4.12436995970204E-4</Val>
</DBL>
<DBL>
<Name></Name>
<Val>1.01072676525256E-2</Val>
</DBL>
<DBL>
<Name></Name>
<Val>1.17646443091974E-2</Val>
</DBL>
<DBL>
<Name></Name>
<Val>8.60876132743037E-3</Val>
</DBL>
<DBL>
<Name></Name>
<Val>8.14737211817910E-2</Val>
</DBL>
<DBL>
<Name></Name>
<Val>0.24665750004271</Val>
</DBL>
<DBL>
<Name></Name>
<Val>0.64044277551379</Val>
</DBL>
<DBL>
<Name></Name>
<Val>1.24028052822507E-4</Val>
</DBL>
<DBL>
<Name></Name>
<Val>3.68368273992509E-4</Val>
</DBL>
<DBL>
<Name></Name>
<Val>3.25377666070301E-5</Val>
</DBL>
<DBL>
<Name></Name>
<Val>4.11824909265659E-4</Val>
</DBL>
<DBL>
<Name></Name>
<Val>1.01000179128685E-2</Val>
</DBL>
<DBL>
<Name></Name>
<Val>1.17617295162983E-2</Val>
</DBL>
<DBL>
<Name></Name>
<Val>8.60713505838113E-3</Val>
</DBL>
<DBL>
<Name></Name>
<Val>8.14654532181632E-2</Val>
</DBL>
<DBL>
<Name></Name>
<Val>0.24665847519538</Val>
</DBL>
<DBL>
<Name></Name>
<Val>0.64047043009622</Val>
</DBL>
<DBL>
<Name></Name>
<Val>1.22141629278793E-4</Val>
</DBL>
<DBL>
<Name></Name>
<Val>3.64371335457035E-4</Val>
</DBL>
<DBL>
<Name></Name>
<Val>3.23367588900907E-5</Val>
</DBL>
<DBL>
<Name></Name>
<Val>4.11356914847235E-4</Val>
</DBL>
<DBL>
<Name></Name>
<Val>1.00944739827334E-2</Val>
</DBL>
<DBL>
<Name></Name>
<Val>1.17595002068633E-2</Val>
</DBL>
<DBL>
<Name></Name>
<Val>8.60589118463715E-3</Val>
</DBL>
<DBL>
<Name></Name>
<Val>8.14591284555596E-2</Val>
</DBL>
<DBL>
<Name></Name>
<Val>0.24665921908989</Val>
</DBL>
<DBL>
<Name></Name>
<Val>0.64049158044184</Val>
</DBL>
<DBL>
<Name></Name>
<Val>1.20699506889248E-4</Val>
</DBL>
<DBL>
<Name></Name>
<Val>3.61315759094507E-4</Val>
</DBL>
<DBL>
<Name></Name>
<Val>3.21830909512307E-5</Val>
</DBL>
<DBL>
<Name></Name>
<Val>4.10999098733112E-4</Val>
</DBL>
<DBL>
<Name></Name>
<Val>1.00902346838999E-2</Val>
</DBL>
<DBL>
<Name></Name>
<Val>1.17577952891145E-2</Val>
</DBL>
<DBL>
<Name></Name>
<Val>8.60493986314814E-3</Val>
</DBL>
<DBL>
<Name></Name>
<Val>8.14542906619999E-2</Val>
</DBL>
<DBL>
<Name></Name>
<Val>0.24665978675736</Val>
</DBL>
<DBL>
<Name></Name>
<Val>0.64050775528880</Val>
</DBL>
<DBL>
<Name></Name>
<Val>1.19597037290259E-4</Val>
</DBL>
<DBL>
<Name></Name>
<Val>3.58979828281348E-4</Val>
</DBL>
<DBL>
<Name></Name>
<Val>3.20656135837298E-5</Val>
</DBL>
<DBL>
<Name></Name>
<Val>4.10725526549722E-4</Val>
</DBL>
<DBL>
<Name></Name>
<Val>1.00869931226313E-2</Val>
</DBL>
<DBL>
<Name></Name>
<Val>1.17564914873641E-2</Val>
</DBL>
<DBL>
<Name></Name>
<Val>8.60421233372711E-3</Val>
</DBL>
<DBL>
<Name></Name>
<Val>8.14505905528751E-2</Val>
</DBL>
<DBL>
<Name></Name>
<Val>0.24666022006729</Val>
</DBL>
<DBL>
<Name></Name>
<Val>0.64052012443041</Val>
</DBL>
<DBL>
<Name></Name>
<Val>1.18754221877208E-4</Val>
</DBL>
<DBL>
<Name></Name>
<Val>3.57194048958292E-4</Val>
</DBL>
<DBL>
<Name></Name>
<Val>3.19758034201194E-5</Val>
</DBL>
<DBL>
<Name></Name>
<Val>4.10516366894492E-4</Val>
</DBL>
<DBL>
<Name></Name>
<Val>1.00845145544690E-2</Val>
</DBL>
<DBL>
<Name></Name>
<Val>1.17554944793814E-2</Val>
</DBL>
<DBL>
<Name></Name>
<Val>8.60365598077154E-3</Val>
</DBL>
<DBL>
<Name></Name>
<Val>8.14477607808533E-2</Val>
</DBL>
<DBL>
<Name></Name>
<Val>0.24666055089855</Val>
</DBL>
<DBL>
<Name></Name>
<Val>0.64052958286483</Val>
</DBL>
<DBL>
<Name></Name>
<Val>1.18109905084400E-4</Val>
</DBL>
<DBL>
<Name></Name>
<Val>3.55828848476285E-4</Val>
</DBL>
<DBL>
<Name></Name>
<Val>3.19071444859257E-5</Val>
</DBL>
<DBL>
<Name></Name>
<Val>4.10356455731562E-4</Val>
</DBL>
<DBL>
<Name></Name>
<Val>1.00826194373914E-2</Val>
</DBL>
<DBL>
<Name></Name>
<Val>1.17547321056097E-2</Val>
</DBL>
<DBL>
<Name></Name>
<Val>8.60323054845075E-3</Val>
</DBL>
<DBL>
<Name></Name>
<Val>8.14455967531598E-2</Val>
</DBL>
<DBL>
<Name></Name>
<Val>0.24666080353842</Val>
</DBL>
<DBL>
<Name></Name>
<Val>0.64053681526319</Val>
</DBL>
<DBL>
<Name></Name>
<Val>1.17617335728451E-4</Val>
</DBL>
<DBL>
<Name></Name>
<Val>3.54785172288047E-4</Val>
</DBL>
<DBL>
<Name></Name>
<Val>3.18546554167785E-5</Val>
</DBL>
<DBL>
<Name></Name>
<Val>4.10234198283362E-4</Val>
</DBL>
<DBL>
<Name></Name>
<Val>1.00811704601774E-2</Val>
</DBL>
<DBL>
<Name></Name>
<Val>1.17541491677451E-2</Val>
</DBL>
<DBL>
<Name></Name>
<Val>8.60290524109063E-3</Val>
</DBL>
<DBL>
<Name></Name>
<Val>8.14439419260679E-2</Val>
</DBL>
<DBL>
<Name></Name>
<Val>0.24666099650016</Val>
</DBL>
<DBL>
<Name></Name>
<Val>0.64054234534304</Val>
</DBL>
<DBL>
<Name></Name>
<Val>1.17240774035548E-4</Val>
</DBL>
<DBL>
<Name></Name>
<Val>3.53987295726319E-4</Val>
</DBL>
<DBL>
<Name></Name>
<Val>3.18145280288920E-5</Val>
</DBL>
<DBL>
<Name></Name>
<Val>4.10140729147900E-4</Val>
</DBL>
<DBL>
<Name></Name>
<Val>1.00800626154208E-2</Val>
</DBL>
<DBL>
<Name></Name>
<Val>1.17537034458872E-2</Val>
</DBL>
<DBL>
<Name></Name>
<Val>8.60265650246696E-3</Val>
</DBL>
<DBL>
<Name></Name>
<Val>8.14426765365308E-2</Val>
</DBL>
<DBL>
<Name></Name>
<Val>0.24666114390208</Val>
</DBL>
<DBL>
<Name></Name>
<Val>0.64054657367067</Val>
</DBL>
<DBL>
<Name></Name>
<Val>1.16952897963252E-4</Val>
</DBL>
<DBL>
<Name></Name>
<Val>3.53377329009051E-4</Val>
</DBL>
<DBL>
<Name></Name>
<Val>3.17838510150232E-5</Val>
</DBL>
<DBL>
<Name></Name>
<Val>4.10069269964924E-4</Val>
</DBL>
<DBL>
<Name></Name>
<Val>1.00792156038002E-2</Val>
</DBL>
<DBL>
<Name></Name>
<Val>1.17533626495495E-2</Val>
</DBL>
<DBL>
<Name></Name>
<Val>8.60246631552792E-3</Val>
</DBL>
<DBL>
<Name></Name>
<Val>8.14417089707421E-2</Val>
</DBL>
<DBL>
<Name></Name>
<Val>0.24666125651493</Val>
</DBL>
<DBL>
<Name></Name>
<Val>0.64054980659749</Val>
</DBL>
<DBL>
<Name></Name>
<Val>1.16732820497640E-4</Val>
</DBL>
<DBL>
<Name></Name>
<Val>3.52911016581077E-4</Val>
</DBL>
<DBL>
<Name></Name>
<Val>3.17603987160557E-5</Val>
</DBL>
<DBL>
<Name></Name>
<Val>4.10014638195295E-4</Val>
</DBL>
<DBL>
<Name></Name>
<Val>1.00785680229223E-2</Val>
</DBL>
<DBL>
<Name></Name>
<Val>1.17531020840619E-2</Val>
</DBL>
<DBL>
<Name></Name>
<Val>8.60232090088978E-3</Val>
</DBL>
<DBL>
<Name></Name>
<Val>8.14409691545832E-2</Val>
</DBL>
<DBL>
<Name></Name>
<Val>0.24666134255833</Val>
</DBL>
<DBL>
<Name></Name>
<Val>0.64055227840522</Val>
</DBL>
<DBL>
<Name></Name>
<Val>1.16564573985268E-4</Val>
</DBL>
<DBL>
<Name></Name>
<Val>3.52554525887014E-4</Val>
</DBL>
<DBL>
<Name></Name>
<Val>3.17424696410185E-5</Val>
</DBL>
<DBL>
<Name></Name>
<Val>4.09972871482455E-4</Val>
</DBL>
<DBL>
<Name></Name>
<Val>1.00780729219775E-2</Val>
</DBL>
<DBL>
<Name></Name>
<Val>1.17529028648324E-2</Val>
</DBL>
<DBL>
<Name></Name>
<Val>8.60220972077853E-3</Val>
</DBL>
<DBL>
<Name></Name>
<Val>8.14404034936495E-2</Val>
</DBL>
<DBL>
<Name></Name>
<Val>0.24666140830669</Val>
</DBL>
<DBL>
<Name></Name>
<Val>0.64055416825108</Val>
</DBL>
<DBL>
<Name></Name>
<Val>1.16435951476667E-4</Val>
</DBL>
<DBL>
<Name></Name>
<Val>3.52281992505702E-4</Val>
</DBL>
<DBL>
<Name></Name>
<Val>3.17287630185051E-5</Val>
</DBL>
<DBL>
<Name></Name>
<Val>4.09940940412431E-4</Val>
</DBL>
<DBL>
<Name></Name>
<Val>1.00776944015255E-2</Val>
</DBL>
<DBL>
<Name></Name>
<Val>1.17527505510520E-2</Val>
</DBL>
<DBL>
<Name></Name>
<Val>8.60212471686129E-3</Val>
</DBL>
<DBL>
<Name></Name>
<Val>8.14399710004042E-2</Val>
</DBL>
<DBL>
<Name></Name>
<Val>0.24666145855070</Val>
</DBL>
<DBL>
<Name></Name>
<Val>0.64055561313205</Val>
</DBL>
<DBL>
<Name></Name>
<Val>1.16337620981106E-4</Val>
</DBL>
<DBL>
<Name></Name>
<Val>3.52073643484294E-4</Val>
</DBL>
<DBL>
<Name></Name>
<Val>3.17182844222311E-5</Val>
</DBL>
<DBL>
<Name></Name>
<Val>4.09916528877687E-4</Val>
</DBL>
<DBL>
<Name></Name>
<Val>1.00774050129068E-2</Val>
</DBL>
<DBL>
<Name></Name>
<Val>1.17526341004557E-2</Val>
</DBL>
<DBL>
<Name></Name>
<Val>8.60205972712922E-3</Val>
</DBL>
<DBL>
<Name></Name>
<Val>8.14396403304914E-2</Val>
</DBL>
<DBL>
<Name></Name>
<Val>0.24666149694888</Val>
</DBL>
<DBL>
<Name></Name>
<Val>0.64055671780237</Val>
</DBL>
<DBL>
<Name></Name>
<Val>1.16262448346200E-4</Val>
</DBL>
<DBL>
<Name></Name>
<Val>3.51914362680275E-4</Val>
</DBL>
<DBL>
<Name></Name>
<Val>3.17102736231743E-5</Val>
</DBL>
<DBL>
<Name></Name>
<Val>4.09897866138964E-4</Val>
</DBL>
<DBL>
<Name></Name>
<Val>1.00771837693711E-2</Val>
</DBL>
<DBL>
<Name></Name>
<Val>1.17525450697821E-2</Val>
</DBL>
<DBL>
<Name></Name>
<Val>8.60201003982165E-3</Val>
</DBL>
<DBL>
<Name></Name>
<Val>8.14393875151317E-2</Val>
</DBL>
<DBL>
<Name></Name>
<Val>0.24666152629561</Val>
</DBL>
<DBL>
<Name></Name>
<Val>0.64055756235949</Val>
</DBL>
<DBL>
<Name></Name>
<Val>1.16204979620702E-4</Val>
</DBL>
<DBL>
<Name></Name>
<Val>3.51792594001425E-4</Val>
</DBL>
<DBL>
<Name></Name>
<Val>3.17041494335269E-5</Val>
</DBL>
<DBL>
<Name></Name>
<Val>4.09883598419774E-4</Val>
</DBL>
<DBL>
<Name></Name>
<Val>1.00770146251203E-2</Val>
</DBL>
<DBL>
<Name></Name>
<Val>1.17524770032323E-2</Val>
</DBL>
<DBL>
<Name></Name>
<Val>8.60197205221913E-3</Val>
</DBL>
<DBL>
<Name></Name>
<Val>8.14391942263365E-2</Val>
</DBL>
<DBL>
<Name></Name>
<Val>0.24666154872556</Val>
</DBL>
<DBL>
<Name></Name>
<Val>0.64055820804605</Val>
</DBL>
<DBL>
<Name></Name>
<Val>1.16161045335271E-4</Val>
</DBL>
<DBL>
<Name></Name>
<Val>3.51699502957307E-4</Val>
</DBL>
<DBL>
<Name></Name>
<Val>3.16994675406028E-5</Val>
</DBL>
<DBL>
<Name></Name>
<Val>4.09872690729706E-4</Val>
</DBL>
<DBL>
<Name></Name>
<Val>1.00768853122398E-2</Val>
</DBL>
<DBL>
<Name></Name>
<Val>1.17524249647581E-2</Val>
</DBL>
<DBL>
<Name></Name>
<Val>8.60194300967356E-3</Val>
</DBL>
<DBL>
<Name></Name>
<Val>8.14390464498911E-2</Val>
</DBL>
<DBL>
<Name></Name>
<Val>0.24666156586959</Val>
</DBL>
<DBL>
<Name></Name>
<Val>0.64055870168728</Val>
</DBL>
<DBL>
<Name></Name>
<Val>1.16127457984876E-4</Val>
</DBL>
<DBL>
<Name></Name>
<Val>3.51628335682234E-4</Val>
</DBL>
<DBL>
<Name></Name>
<Val>3.16958882713642E-5</Val>
</DBL>
<DBL>
<Name></Name>
<Val>4.09864351801573E-4</Val>
</DBL>
<DBL>
<Name></Name>
<Val>1.00767864513410E-2</Val>
</DBL>
<DBL>
<Name></Name>
<Val>1.17523851803761E-2</Val>
</DBL>
<DBL>
<Name></Name>
<Val>8.60192080602156E-3</Val>
</DBL>
<DBL>
<Name></Name>
<Val>8.14389334703528E-2</Val>
</DBL>
<DBL>
<Name></Name>
<Val>0.24666157897382</Val>
</DBL>
<DBL>
<Name></Name>
<Val>0.64055907908435</Val>
</DBL>
<DBL>
<Name></Name>
<Val>1.16101780760764E-4</Val>
</DBL>
<DBL>
<Name></Name>
<Val>3.51573928919943E-4</Val>
</DBL>
<DBL>
<Name></Name>
<Val>3.16931519487686E-5</Val>
</DBL>
<DBL>
<Name></Name>
<Val>4.09857976701567E-4</Val>
</DBL>
<DBL>
<Name></Name>
<Val>1.00767108715264E-2</Val>
</DBL>
<DBL>
<Name></Name>
<Val>1.17523547646383E-2</Val>
</DBL>
<DBL>
<Name></Name>
<Val>8.60190383095213E-3</Val>
</DBL>
<DBL>
<Name></Name>
<Val>8.14388470947611E-2</Val>
</DBL>
<DBL>
<Name></Name>
<Val>0.24666158899045</Val>
</DBL>
<DBL>
<Name></Name>
<Val>0.64055936760934</Val>
</DBL>
<DBL>
<Name></Name>
<Val>1.16082150750620E-4</Val>
</DBL>
<DBL>
<Name></Name>
<Val>3.51532335414989E-4</Val>
</DBL>
<DBL>
<Name></Name>
<Val>3.16910600519599E-5</Val>
</DBL>
<DBL>
<Name></Name>
<Val>4.09853102952035E-4</Val>
</DBL>
<DBL>
<Name></Name>
<Val>1.00766530904240E-2</Val>
</DBL>
<DBL>
<Name></Name>
<Val>1.17523315114703E-2</Val>
</DBL>
<DBL>
<Name></Name>
<Val>8.60189085328818E-3</Val>
</DBL>
<DBL>
<Name></Name>
<Val>8.14387810589592E-2</Val>
</DBL>
<DBL>
<Name></Name>
<Val>0.24666159664715</Val>
</DBL>
<DBL>
<Name></Name>
<Val>0.64055958818954</Val>
</DBL>
<DBL>
<Name></Name>
<Val>1.16067143778265E-4</Val>
</DBL>
<DBL>
<Name></Name>
<Val>3.51500537530129E-4</Val>
</DBL>
<DBL>
<Name></Name>
<Val>3.16894608134281E-5</Val>
</DBL>
<DBL>
<Name></Name>
<Val>4.09849376985646E-4</Val>
</DBL>
<DBL>
<Name></Name>
<Val>1.00766089166245E-2</Val>
</DBL>
<DBL>
<Name></Name>
<Val>1.17523137342340E-2</Val>
</DBL>
<DBL>
<Name></Name>
<Val>8.60188093173540E-3</Val>
</DBL>
<DBL>
<Name></Name>
<Val>8.14387305735948E-2</Val>
</DBL>
<DBL>
<Name></Name>
<Val>0.24666160250003</Val>
</DBL>
<DBL>
<Name></Name>
<Val>0.64055975682467</Val>
</DBL>
<DBL>
<Name></Name>
<Val>1.16055671075802E-4</Val>
</DBL>
<DBL>
<Name></Name>
<Val>3.51476228310819E-4</Val>
</DBL>
<DBL>
<Name></Name>
<Val>3.16882382081806E-5</Val>
</DBL>
<DBL>
<Name></Name>
<Val>4.09846528498555E-4</Val>
</DBL>
<DBL>
<Name></Name>
<Val>1.00765751457128E-2</Val>
</DBL>
<DBL>
<Name></Name>
<Val>1.17523001434357E-2</Val>
</DBL>
<DBL>
<Name></Name>
<Val>8.60187334663708E-3</Val>
</DBL>
<DBL>
<Name></Name>
<Val>8.14386919769524E-2</Val>
</DBL>
<DBL>
<Name></Name>
<Val>0.24666160697412</Val>
</DBL>
<DBL>
<Name></Name>
<Val>0.64055988574705</Val>
</DBL>
<DBL>
<Name></Name>
<Val>1.16046900291022E-4</Val>
</DBL>
<DBL>
<Name></Name>
<Val>3.51457644111862E-4</Val>
</DBL>
<DBL>
<Name></Name>
<Val>3.16873035360677E-5</Val>
</DBL>
<DBL>
<Name></Name>
<Val>4.09844350842748E-4</Val>
</DBL>
<DBL>
<Name></Name>
<Val>1.00765493278641E-2</Val>
</DBL>
<DBL>
<Name></Name>
<Val>1.17522897532214E-2</Val>
</DBL>
<DBL>
<Name></Name>
<Val>8.60186754779251E-3</Val>
</DBL>
<DBL>
<Name></Name>
<Val>8.14386624694903E-2</Val>
</DBL>
<DBL>
<Name></Name>
<Val>0.24666161039427</Val>
</DBL>
<DBL>
<Name></Name>
<Val>0.64055998430857</Val>
</DBL>
<DBL>
<Name></Name>
<Val>1.16040195098655E-4</Val>
</DBL>
<DBL>
<Name></Name>
<Val>3.51443436642526E-4</Val>
</DBL>
<DBL>
<Name></Name>
<Val>3.16865889865490E-5</Val>
</DBL>
<DBL>
<Name></Name>
<Val>4.09842686035601E-4</Val>
</DBL>
<DBL>
<Name></Name>
<Val>1.00765295901581E-2</Val>
</DBL>
<DBL>
<Name></Name>
<Val>1.17522818098834E-2</Val>
</DBL>
<DBL>
<Name></Name>
<Val>8.60186311455895E-3</Val>
</DBL>
<DBL>
<Name></Name>
<Val>8.14386399108584E-2</Val>
</DBL>
<DBL>
<Name></Name>
<Val>0.24666161300879</Val>
</DBL>
<DBL>
<Name></Name>
<Val>0.64056005965898</Val>
</DBL>
<DBL>
<Name></Name>
<Val>1.16035069033955E-4</Val>
</DBL>
<DBL>
<Name></Name>
<Val>3.51432575146494E-4</Val>
</DBL>
<DBL>
<Name></Name>
<Val>3.16860427190143E-5</Val>
</DBL>
<DBL>
<Name></Name>
<Val>4.09841413299441E-4</Val>
</DBL>
<DBL>
<Name></Name>
<Val>1.00765145007309E-2</Val>
</DBL>
<DBL>
<Name></Name>
<Val>1.17522757371985E-2</Val>
</DBL>
<DBL>
<Name></Name>
<Val>8.60185972534627E-3</Val>
</DBL>
<DBL>
<Name></Name>
<Val>8.14386226646969E-2</Val>
</DBL>
<DBL>
<Name></Name>
<Val>0.24666161500747</Val>
</DBL>
<DBL>
<Name></Name>
<Val>0.64056011726436</Val>
</DBL>
<DBL>
<Name></Name>
<Val>1.16031150199024E-4</Val>
</DBL>
<DBL>
<Name></Name>
<Val>3.51424271619505E-4</Val>
</DBL>
<DBL>
<Name></Name>
<Val>3.16856251017329E-5</Val>
</DBL>
<DBL>
<Name></Name>
<Val>4.09840440299914E-4</Val>
</DBL>
<DBL>
<Name></Name>
<Val>1.00765029649134E-2</Val>
</DBL>
<DBL>
<Name></Name>
<Val>1.17522710946363E-2</Val>
</DBL>
<DBL>
<Name></Name>
<Val>8.60185713429360E-3</Val>
</DBL>
<DBL>
<Name></Name>
<Val>8.14386094799706E-2</Val>
</DBL>
<DBL>
<Name></Name>
<Val>0.24666161653537</Val>
</DBL>
<DBL>
<Name></Name>
<Val>0.64056016130359</Val>
</DBL>
<DBL>
<Name></Name>
<Val>1.16028154281205E-4</Val>
</DBL>
<DBL>
<Name></Name>
<Val>3.51417923639014E-4</Val>
</DBL>
<DBL>
<Name></Name>
<Val>3.16853058365624E-5</Val>
</DBL>
<DBL>
<Name></Name>
<Val>4.09839696447628E-4</Val>
</DBL>
<DBL>
<Name></Name>
<Val>1.00764941458267E-2</Val>
</DBL>
<DBL>
<Name></Name>
<Val>1.17522675454065E-2</Val>
</DBL>
<DBL>
<Name></Name>
<Val>8.60185515343721E-3</Val>
</DBL>
<DBL>
<Name></Name>
<Val>8.14385994002399E-2</Val>
</DBL>
<DBL>
<Name></Name>
<Val>0.24666161770340</Val>
</DBL>
<DBL>
<Name></Name>
<Val>0.64056019497148</Val>
</DBL>
<DBL>
<Name></Name>
<Val>1.16025863925933E-4</Val>
</DBL>
<DBL>
<Name></Name>
<Val>3.51413070658038E-4</Val>
</DBL>
<DBL>
<Name></Name>
<Val>3.16850617608127E-5</Val>
</DBL>
<DBL>
<Name></Name>
<Val>4.09839127777221E-4</Val>
</DBL>
<DBL>
<Name></Name>
<Val>1.00764874036751E-2</Val>
</DBL>
<DBL>
<Name></Name>
<Val>1.17522648320304E-2</Val>
</DBL>
<DBL>
<Name></Name>
<Val>8.60185363907703E-3</Val>
</DBL>
<DBL>
<Name></Name>
<Val>8.14385916942931E-2</Val>
</DBL>
<DBL>
<Name></Name>
<Val>0.24666161859632</Val>
</DBL>
<DBL>
<Name></Name>
<Val>0.64056022071048</Val>
</DBL>
<DBL>
<Name></Name>
<Val>1.16024112967487E-4</Val>
</DBL>
<DBL>
<Name></Name>
<Val>3.51409360592219E-4</Val>
</DBL>
<DBL>
<Name></Name>
<Val>3.16848751667897E-5</Val>
</DBL>
<DBL>
<Name></Name>
<Val>4.09838693032385E-4</Val>
</DBL>
<DBL>
<Name></Name>
<Val>1.00764822493341E-2</Val>
</DBL>
<DBL>
<Name></Name>
<Val>1.17522627576641E-2</Val>
</DBL>
<DBL>
<Name></Name>
<Val>8.60185248135341E-3</Val>
</DBL>
<DBL>
<Name></Name>
<Val>8.14385858031106E-2</Val>
</DBL>
<DBL>
<Name></Name>
<Val>0.24666161927893</Val>
</DBL>
<DBL>
<Name></Name>
<Val>0.64056024038784</Val>
</DBL>
<DBL>
<Name></Name>
<Val>1.16022774373568E-4</Val>
</DBL>
<DBL>
<Name></Name>
<Val>3.51406524275945E-4</Val>
</DBL>
<DBL>
<Name></Name>
<Val>3.16847325171004E-5</Val>
</DBL>
<DBL>
<Name></Name>
<Val>4.09838360672859E-4</Val>
</DBL>
<DBL>
<Name></Name>
<Val>1.00764783088684E-2</Val>
</DBL>
<DBL>
<Name></Name>
<Val>1.17522611718198E-2</Val>
</DBL>
<DBL>
<Name></Name>
<Val>8.60185159627814E-3</Val>
</DBL>
<DBL>
<Name></Name>
<Val>8.14385812993176E-2</Val>
</DBL>
<DBL>
<Name></Name>
<Val>0.24666161980077</Val>
</DBL>
<DBL>
<Name></Name>
<Val>0.64056025543110</Val>
</DBL>
<DBL>
<Name></Name>
<Val>1.16021751029030E-4</Val>
</DBL>
<DBL>
<Name></Name>
<Val>3.51404355934289E-4</Val>
</DBL>
<DBL>
<Name></Name>
<Val>3.16846234625134E-5</Val>
</DBL>
<DBL>
<Name></Name>
<Val>4.09838106586270E-4</Val>
</DBL>
<DBL>
<Name></Name>
<Val>1.00764752964052E-2</Val>
</DBL>
<DBL>
<Name></Name>
<Val>1.17522599594494E-2</Val>
</DBL>
<DBL>
<Name></Name>
<Val>8.60185091964202E-3</Val>
</DBL>
<DBL>
<Name></Name>
<Val>8.14385778561836E-2</Val>
</DBL>
<DBL>
<Name></Name>
<Val>0.24666162019971</Val>
</DBL>
<DBL>
<Name></Name>
<Val>0.64056026693160</Val>
</DBL>
<DBL>
<Name></Name>
<Val>1.16020968690139E-4</Val>
</DBL>
<DBL>
<Name></Name>
<Val>3.51402698253967E-4</Val>
</DBL>
<DBL>
<Name></Name>
<Val>3.16845400911223E-5</Val>
</DBL>
<DBL>
<Name></Name>
<Val>4.09837912338841E-4</Val>
</DBL>
<DBL>
<Name></Name>
<Val>1.00764729933955E-2</Val>
</DBL>
<DBL>
<Name></Name>
<Val>1.17522590325985E-2</Val>
</DBL>
<DBL>
<Name></Name>
<Val>8.60185040235704E-3</Val>
</DBL>
<DBL>
<Name></Name>
<Val>8.14385752239219E-2</Val>
</DBL>
<DBL>
<Name></Name>
<Val>0.24666162050469</Val>
</DBL>
<DBL>
<Name></Name>
<Val>0.64056027572367</Val>
</DBL>
<DBL>
<Name></Name>
<Val>1.16020370598159E-4</Val>
</DBL>
<DBL>
<Name></Name>
<Val>3.51401430970232E-4</Val>
</DBL>
<DBL>
<Name></Name>
<Val>3.16844763543358E-5</Val>
</DBL>
<DBL>
<Name></Name>
<Val>4.09837763838055E-4</Val>
</DBL>
<DBL>
<Name></Name>
<Val>1.00764712327591E-2</Val>
</DBL>
<DBL>
<Name></Name>
<Val>1.17522583240262E-2</Val>
</DBL>
<DBL>
<Name></Name>
<Val>8.60185000689546E-3</Val>
</DBL>
<DBL>
<Name></Name>
<Val>8.14385732115701E-2</Val>
</DBL>
<DBL>
<Name></Name>
<Val>0.24666162073784</Val>
</DBL>
<DBL>
<Name></Name>
<Val>0.64056028244515</Val>
</DBL>
<DBL>
<Name></Name>
<Val>1.16019913361494E-4</Val>
</DBL>
<DBL>
<Name></Name>
<Val>3.51400462141638E-4</Val>
</DBL>
<DBL>
<Name></Name>
<Val>3.16844276280530E-5</Val>
</DBL>
<DBL>
<Name></Name>
<Val>4.09837650310268E-4</Val>
</DBL>
<DBL>
<Name></Name>
<Val>1.00764698867640E-2</Val>
</DBL>
<DBL>
<Name></Name>
<Val>1.17522577823268E-2</Val>
</DBL>
<DBL>
<Name></Name>
<Val>8.60184970456733E-3</Val>
</DBL>
<DBL>
<Name></Name>
<Val>8.14385716731376E-2</Val>
</DBL>
<DBL>
<Name></Name>
<Val>0.24666162091607</Val>
</DBL>
<DBL>
<Name></Name>
<Val>0.64056028758369</Val>
</DBL>
<DBL>
<Name></Name>
<Val>1.16019563807612E-4</Val>
</DBL>
<DBL>
<Name></Name>
<Val>3.51399721479673E-4</Val>
</DBL>
<DBL>
<Name></Name>
<Val>3.16843903771847E-5</Val>
</DBL>
<DBL>
<Name></Name>
<Val>4.09837563519096E-4</Val>
</DBL>
<DBL>
<Name></Name>
<Val>1.00764688577599E-2</Val>
</DBL>
<DBL>
<Name></Name>
<Val>1.17522573682011E-2</Val>
</DBL>
<DBL>
<Name></Name>
<Val>8.60184947343931E-3</Val>
</DBL>
<DBL>
<Name></Name>
<Val>8.14385704970144E-2</Val>
</DBL>
<DBL>
<Name></Name>
<Val>0.24666162105234</Val>
</DBL>
<DBL>
<Name></Name>
<Val>0.64056029151206</Val>
</DBL>
<DBL>
<Name></Name>
<Val>1.16019296576378E-4</Val>
</DBL>
<DBL>
<Name></Name>
<Val>3.51399155249324E-4</Val>
</DBL>
<DBL>
<Name></Name>
<Val>3.16843618991822E-5</Val>
</DBL>
<DBL>
<Name></Name>
<Val>4.09837497167880E-4</Val>
</DBL>
<DBL>
<Name></Name>
<Val>1.00764680710933E-2</Val>
</DBL>
<DBL>
<Name></Name>
<Val>1.17522570516045E-2</Val>
</DBL>
<DBL>
<Name></Name>
<Val>8.60184929674338E-3</Val>
</DBL>
<DBL>
<Name></Name>
<Val>8.14385695978752E-2</Val>
</DBL>
<DBL>
<Name></Name>
<Val>0.24666162115651</Val>
</DBL>
<DBL>
<Name></Name>
<Val>0.64056029451528</Val>
</DBL>
<DBL>
<Name></Name>
<Val>1.16019092280166E-4</Val>
</DBL>
<DBL>
<Name></Name>
<Val>3.51398722370591E-4</Val>
</DBL>
<DBL>
<Name></Name>
<Val>3.16843401279682E-5</Val>
</DBL>
<DBL>
<Name></Name>
<Val>4.09837446442864E-4</Val>
</DBL>
<DBL>
<Name></Name>
<Val>1.00764674696921E-2</Val>
</DBL>
<DBL>
<Name></Name>
<Val>1.17522568095686E-2</Val>
</DBL>
<DBL>
<Name></Name>
<Val>8.60184916166049E-3</Val>
</DBL>
<DBL>
<Name></Name>
<Val>8.14385689104888E-2</Val>
</DBL>
<DBL>
<Name></Name>
<Val>0.24666162123614</Val>
</DBL>
<DBL>
<Name></Name>
<Val>0.64056029681122</Val>
</DBL>
<DBL>
<Name></Name>
<Val>1.16018936097291E-4</Val>
</DBL>
<DBL>
<Name></Name>
<Val>3.51398391438137E-4</Val>
</DBL>
<DBL>
<Name></Name>
<Val>3.16843234840423E-5</Val>
</DBL>
<DBL>
<Name></Name>
<Val>4.09837407663965E-4</Val>
</DBL>
<DBL>
<Name></Name>
<Val>1.00764670099252E-2</Val>
</DBL>
<DBL>
<Name></Name>
<Val>1.17522566245338E-2</Val>
</DBL>
<DBL>
<Name></Name>
<Val>8.60184905839053E-3</Val>
</DBL>
<DBL>
<Name></Name>
<Val>8.14385683849863E-2</Val>
</DBL>
<DBL>
<Name></Name>
<Val>0.24666162129702</Val>
</DBL>
<DBL>
<Name></Name>
<Val>0.64056029856646</Val>
</DBL>
<DBL>
<Name></Name>
<Val>1.16018816696687E-4</Val>
</DBL>
<DBL>
<Name></Name>
<Val>3.51398138442825E-4</Val>
</DBL>
<DBL>
<Name></Name>
<Val>3.16843107598887E-5</Val>
</DBL>
<DBL>
<Name></Name>
<Val>4.09837378017785E-4</Val>
</DBL>
<DBL>
<Name></Name>
<Val>1.00764666584367E-2</Val>
</DBL>
<DBL>
<Name></Name>
<Val>1.17522564830759E-2</Val>
</DBL>
<DBL>
<Name></Name>
<Val>8.60184897944135E-3</Val>
</DBL>
<DBL>
<Name></Name>
<Val>8.14385679832431E-2</Val>
</DBL>
<DBL>
<Name></Name>
<Val>0.24666162134357</Val>
</DBL>
<DBL>
<Name></Name>
<Val>0.64056029990832</Val>
</DBL>
<DBL>
<Name></Name>
<Val>1.16018725415847E-4</Val>
</DBL>
<DBL>
<Name></Name>
<Val>3.51397945029856E-4</Val>
</DBL>
<DBL>
<Name></Name>
<Val>3.16843010323711E-5</Val>
</DBL>
<DBL>
<Name></Name>
<Val>4.09837355353503E-4</Val>
</DBL>
<DBL>
<Name></Name>
<Val>1.00764663897264E-2</Val>
</DBL>
<DBL>
<Name></Name>
<Val>1.17522563749324E-2</Val>
</DBL>
<DBL>
<Name></Name>
<Val>8.60184891908525E-3</Val>
</DBL>
<DBL>
<Name></Name>
<Val>8.14385676761131E-2</Val>
</DBL>
<DBL>
<Name></Name>
<Val>0.24666162137915</Val>
</DBL>
<DBL>
<Name></Name>
<Val>0.64056030093416</Val>
</DBL>
<DBL>
<Name></Name>
<Val>1.16018655632347E-4</Val>
</DBL>
<DBL>
<Name></Name>
<Val>3.51397797167129E-4</Val>
</DBL>
<DBL>
<Name></Name>
<Val>3.16842935957585E-5</Val>
</DBL>
<DBL>
<Name></Name>
<Val>4.09837338026829E-4</Val>
</DBL>
<DBL>
<Name></Name>
<Val>1.00764661842992E-2</Val>
</DBL>
<DBL>
<Name></Name>
<Val>1.17522562922574E-2</Val>
</DBL>
<DBL>
<Name></Name>
<Val>8.60184887294343E-3</Val>
</DBL>
<DBL>
<Name></Name>
<Val>8.14385674413143E-2</Val>
</DBL>
<DBL>
<Name></Name>
<Val>0.24666162140635</Val>
</DBL>
<DBL>
<Name></Name>
<Val>0.64056030171841</Val>
</DBL>
<DBL>
<Name></Name>
<Val>1.16018602283398E-4</Val>
</DBL>
<DBL>
<Name></Name>
<Val>3.51397684127212E-4</Val>
</DBL>
<DBL>
<Name></Name>
<Val>3.16842879105252E-5</Val>
</DBL>
<DBL>
<Name></Name>
<Val>4.09837324780718E-4</Val>
</DBL>
<DBL>
<Name></Name>
<Val>1.00764660272517E-2</Val>
</DBL>
<DBL>
<Name></Name>
<Val>1.17522562290530E-2</Val>
</DBL>
<DBL>
<Name></Name>
<Val>8.60184883766834E-3</Val>
</DBL>
<DBL>
<Name></Name>
<Val>8.14385672618123E-2</Val>
</DBL>
<DBL>
<Name></Name>
<Val>0.24666162142715</Val>
</DBL>
<DBL>
<Name></Name>
<Val>0.64056030231797</Val>
</DBL>
<DBL>
<Name></Name>
<Val>1.16018561498537E-4</Val>
</DBL>
<DBL>
<Name></Name>
<Val>3.51397597709063E-4</Val>
</DBL>
<DBL>
<Name></Name>
<Val>3.16842835642080E-5</Val>
</DBL>
<DBL>
<Name></Name>
<Val>4.09837314654166E-4</Val>
</DBL>
<DBL>
<Name></Name>
<Val>1.00764659071900E-2</Val>
</DBL>
<DBL>
<Name></Name>
<Val>1.17522561807337E-2</Val>
</DBL>
<DBL>
<Name></Name>
<Val>8.60184881070080E-3</Val>
</DBL>
<DBL>
<Name></Name>
<Val>8.14385671245844E-2</Val>
</DBL>
<DBL>
<Name></Name>
<Val>0.24666162144304</Val>
</DBL>
<DBL>
<Name></Name>
<Val>0.64056030277632</Val>
</DBL>
<DBL>
<Name></Name>
<Val>1.16018530318825E-4</Val>
</DBL>
<DBL>
<Name></Name>
<Val>3.51397531643053E-4</Val>
</DBL>
<DBL>
<Name></Name>
<Val>3.16842802414819E-5</Val>
</DBL>
<DBL>
<Name></Name>
<Val>4.09837306912493E-4</Val>
</DBL>
<DBL>
<Name></Name>
<Val>1.00764658154038E-2</Val>
</DBL>
<DBL>
<Name></Name>
<Val>1.17522561437940E-2</Val>
</DBL>
<DBL>
<Name></Name>
<Val>8.60184879008430E-3</Val>
</DBL>
<DBL>
<Name></Name>
<Val>8.14385670196745E-2</Val>
</DBL>
<DBL>
<Name></Name>
<Val>0.24666162145520</Val>
</DBL>
<DBL>
<Name></Name>
<Val>0.64056030312673</Val>
</DBL>
<DBL>
<Name></Name>
<Val>1.16018506482174E-4</Val>
</DBL>
<DBL>
<Name></Name>
<Val>3.51397481136095E-4</Val>
</DBL>
<DBL>
<Name></Name>
<Val>3.16842777012833E-5</Val>
</DBL>
<DBL>
<Name></Name>
<Val>4.09837300994044E-4</Val>
</DBL>
<DBL>
<Name></Name>
<Val>1.00764657452339E-2</Val>
</DBL>
<DBL>
<Name></Name>
<Val>1.17522561155538E-2</Val>
</DBL>
<DBL>
<Name></Name>
<Val>8.60184877432315E-3</Val>
</DBL>
<DBL>
<Name></Name>
<Val>8.14385669394717E-2</Val>
</DBL>
<DBL>
<Name></Name>
<Val>0.24666162146449</Val>
</DBL>
<DBL>
<Name></Name>
<Val>0.64056030339461</Val>
</DBL>
<DBL>
<Name></Name>
<Val>1.16018488259238E-4</Val>
</DBL>
<DBL>
<Name></Name>
<Val>3.51397442523914E-4</Val>
</DBL>
<DBL>
<Name></Name>
<Val>3.16842757593209E-5</Val>
</DBL>
<DBL>
<Name></Name>
<Val>4.09837296469434E-4</Val>
</DBL>
<DBL>
<Name></Name>
<Val>1.00764656915895E-2</Val>
</DBL>
<DBL>
<Name></Name>
<Val>1.17522560939644E-2</Val>
</DBL>
<DBL>
<Name></Name>
<Val>8.60184876227386E-3</Val>
</DBL>
<DBL>
<Name></Name>
<Val>8.14385668781573E-2</Val>
</DBL>
<DBL>
<Name></Name>
<Val>0.24666162147159</Val>
</DBL>
<DBL>
<Name></Name>
<Val>0.64056030359941</Val>
</DBL>
<DBL>
<Name></Name>
<Val>1.16018474327943E-4</Val>
</DBL>
<DBL>
<Name></Name>
<Val>3.51397413005198E-4</Val>
</DBL>
<DBL>
<Name></Name>
<Val>3.16842742747056E-5</Val>
</DBL>
<DBL>
<Name></Name>
<Val>4.09837293010404E-4</Val>
</DBL>
<DBL>
<Name></Name>
<Val>1.00764656505788E-2</Val>
</DBL>
<DBL>
<Name></Name>
<Val>1.17522560774595E-2</Val>
</DBL>
<DBL>
<Name></Name>
<Val>8.60184875306228E-3</Val>
</DBL>
<DBL>
<Name></Name>
<Val>8.14385668312829E-2</Val>
</DBL>
<DBL>
<Name></Name>
<Val>0.24666162147702</Val>
</DBL>
<DBL>
<Name></Name>
<Val>0.64056030375598</Val>
</DBL>
<DBL>
<Name></Name>
<Val>1.16018463677576E-4</Val>
</DBL>
<DBL>
<Name></Name>
<Val>3.51397390438366E-4</Val>
</DBL>
<DBL>
<Name></Name>
<Val>3.16842731397285E-5</Val>
</DBL>
<DBL>
<Name></Name>
<Val>4.09837290366002E-4</Val>
</DBL>
<DBL>
<Name></Name>
<Val>1.00764656192264E-2</Val>
</DBL>
<DBL>
<Name></Name>
<Val>1.17522560648416E-2</Val>
</DBL>
<DBL>
<Name></Name>
<Val>8.60184874602008E-3</Val>
</DBL>
<DBL>
<Name></Name>
<Val>8.14385667954478E-2</Val>
</DBL>
<DBL>
<Name></Name>
<Val>0.24666162148117</Val>
</DBL>
<DBL>
<Name></Name>
<Val>0.64056030387567</Val>
</DBL>
<DBL>
<Name></Name>
<Val>1.16018455535451E-4</Val>
</DBL>
<DBL>
<Name></Name>
<Val>3.51397373186197E-4</Val>
</DBL>
<DBL>
<Name></Name>
<Val>3.16842722720473E-5</Val>
</DBL>
<DBL>
<Name></Name>
<Val>4.09837288344377E-4</Val>
</DBL>
<DBL>
<Name></Name>
<Val>1.00764655952578E-2</Val>
</DBL>
<DBL>
<Name></Name>
<Val>1.17522560551953E-2</Val>
</DBL>
<DBL>
<Name></Name>
<Val>8.60184874063639E-3</Val>
</DBL>
<DBL>
<Name></Name>
<Val>8.14385667680521E-2</Val>
</DBL>
<DBL>
<Name></Name>
<Val>0.24666162148435</Val>
</DBL>
<DBL>
<Name></Name>
<Val>0.64056030396717</Val>
</DBL>
<DBL>
<Name></Name>
<Val>1.16018449310859E-4</Val>
</DBL>
<DBL>
<Name></Name>
<Val>3.51397359997045E-4</Val>
</DBL>
<DBL>
<Name></Name>
<Val>3.16842716087116E-5</Val>
</DBL>
<DBL>
<Name></Name>
<Val>4.09837286798861E-4</Val>
</DBL>
<DBL>
<Name></Name>
<Val>1.00764655769339E-2</Val>
</DBL>
<DBL>
<Name></Name>
<Val>1.17522560478208E-2</Val>
</DBL>
<DBL>
<Name></Name>
<Val>8.60184873652058E-3</Val>
</DBL>
<DBL>
<Name></Name>
<Val>8.14385667471082E-2</Val>
</DBL>
<DBL>
<Name></Name>
<Val>0.24666162148677</Val>
</DBL>
<DBL>
<Name></Name>
<Val>0.64056030403713</Val>
</DBL>
<DBL>
<Name></Name>
<Val>1.16018444552207E-4</Val>
</DBL>
<DBL>
<Name></Name>
<Val>3.51397349914040E-4</Val>
</DBL>
<DBL>
<Name></Name>
<Val>3.16842711015966E-5</Val>
</DBL>
<DBL>
<Name></Name>
<Val>4.09837285617325E-4</Val>
</DBL>
<DBL>
<Name></Name>
<Val>1.00764655629255E-2</Val>
</DBL>
<DBL>
<Name></Name>
<Val>1.17522560421830E-2</Val>
</DBL>
<DBL>
<Name></Name>
<Val>8.60184873337409E-3</Val>
</DBL>
<DBL>
<Name></Name>
<Val>8.14385667310969E-2</Val>
</DBL>
<DBL>
<Name></Name>
<Val>0.24666162148863</Val>
</DBL>
<DBL>
<Name></Name>
<Val>0.64056030409061</Val>
</DBL>
<DBL>
<Name></Name>
<Val>1.16018440914253E-4</Val>
</DBL>
<DBL>
<Name></Name>
<Val>3.51397342205660E-4</Val>
</DBL>
<DBL>
<Name></Name>
<Val>3.16842707139111E-5</Val>
</DBL>
<DBL>
<Name></Name>
<Val>4.09837284714050E-4</Val>
</DBL>
<DBL>
<Name></Name>
<Val>1.00764655522161E-2</Val>
</DBL>
<DBL>
<Name></Name>
<Val>1.17522560378730E-2</Val>
</DBL>
<DBL>
<Name></Name>
<Val>8.60184873096861E-3</Val>
</DBL>
<DBL>
<Name></Name>
<Val>8.14385667188563E-2</Val>
</DBL>
<DBL>
<Name></Name>
<Val>0.24666162149005</Val>
</DBL>
<DBL>
<Name></Name>
<Val>0.64056030413149</Val>
</DBL>
<DBL>
<Name></Name>
<Val>1.16018438133066E-4</Val>
</DBL>
<DBL>
<Name></Name>
<Val>3.51397336312662E-4</Val>
</DBL>
<DBL>
<Name></Name>
<Val>3.16842704175285E-5</Val>
</DBL>
<DBL>
<Name></Name>
<Val>4.09837284023503E-4</Val>
</DBL>
<DBL>
<Name></Name>
<Val>1.00764655440289E-2</Val>
</DBL>
<DBL>
<Name></Name>
<Val>1.17522560345780E-2</Val>
</DBL>
<DBL>
<Name></Name>
<Val>8.60184872912965E-3</Val>
</DBL>
<DBL>
<Name></Name>
<Val>8.14385667094984E-2</Val>
</DBL>
<DBL>
<Name></Name>
<Val>0.24666162149113</Val>
</DBL>
<DBL>
<Name></Name>
<Val>0.64056030416275</Val>
</DBL>
<DBL>
<Name></Name>
<Val>1.16018436006869E-4</Val>
</DBL>
<DBL>
<Name></Name>
<Val>3.51397331807511E-4</Val>
</DBL>
<DBL>
<Name></Name>
<Val>3.16842701909462E-5</Val>
</DBL>
<DBL>
<Name></Name>
<Val>4.09837283495585E-4</Val>
</DBL>
<DBL>
<Name></Name>
<Val>1.00764655377698E-2</Val>
</DBL>
<DBL>
<Name></Name>
<Val>1.17522560320590E-2</Val>
</DBL>
<DBL>
<Name></Name>
<Val>8.60184872772378E-3</Val>
</DBL>
<DBL>
<Name></Name>
<Val>8.14385667023445E-2</Val>
</DBL>
<DBL>
<Name></Name>
<Val>0.24666162149196</Val>
</DBL>
<DBL>
<Name></Name>
<Val>0.64056030418664</Val>
</DBL>
<DBL>
<Name></Name>
<Val>1.16018434381409E-4</Val>
</DBL>
<DBL>
<Name></Name>
<Val>3.51397328363358E-4</Val>
</DBL>
<DBL>
<Name></Name>
<Val>3.16842700177259E-5</Val>
</DBL>
<DBL>
<Name></Name>
<Val>4.09837283091996E-4</Val>
</DBL>
<DBL>
<Name></Name>
<Val>1.00764655329848E-2</Val>
</DBL>
<DBL>
<Name></Name>
<Val>1.17522560301333E-2</Val>
</DBL>
<DBL>
<Name></Name>
<Val>8.60184872664900E-3</Val>
</DBL>
<DBL>
<Name></Name>
<Val>8.14385666968753E-2</Val>
</DBL>
<DBL>
<Name></Name>
<Val>0.24666162149259</Val>
</DBL>
<DBL>
<Name></Name>
<Val>0.64056030420491</Val>
</DBL>
<DBL>
<Name></Name>
<Val>1.16018433138756E-4</Val>
</DBL>
<DBL>
<Name></Name>
<Val>3.51397325730329E-4</Val>
</DBL>
<DBL>
<Name></Name>
<Val>3.16842698853002E-5</Val>
</DBL>
<DBL>
<Name></Name>
<Val>4.09837282783455E-4</Val>
</DBL>
<DBL>
<Name></Name>
<Val>1.00764655293267E-2</Val>
</DBL>
<DBL>
<Name></Name>
<Val>1.17522560286610E-2</Val>
</DBL>
<DBL>
<Name></Name>
<Val>8.60184872582733E-3</Val>
</DBL>
<DBL>
<Name></Name>
<Val>8.14385666926942E-2</Val>
</DBL>
<DBL>
<Name></Name>
<Val>0.24666162149308</Val>
</DBL>
<DBL>
<Name></Name>
<Val>0.64056030421887</Val>
</DBL>
<DBL>
<Name></Name>
<Val>1.16018432188758E-4</Val>
</DBL>
<DBL>
<Name></Name>
<Val>3.51397323717398E-4</Val>
</DBL>
<DBL>
<Name></Name>
<Val>3.16842697840618E-5</Val>
</DBL>
<DBL>
<Name></Name>
<Val>4.09837282547578E-4</Val>
</DBL>
<DBL>
<Name></Name>
<Val>1.00764655265301E-2</Val>
</DBL>
<DBL>
<Name></Name>
<Val>1.17522560275355E-2</Val>
</DBL>
<DBL>
<Name></Name>
<Val>8.60184872519917E-3</Val>
</DBL>
<DBL>
<Name></Name>
<Val>8.14385666894977E-2</Val>
</DBL>
<DBL>
<Name></Name>
<Val>0.24666162149345</Val>
</DBL>
<DBL>
<Name></Name>
<Val>0.64056030422955</Val>
</DBL>
<DBL>
<Name></Name>
<Val>1.16018431462492E-4</Val>
</DBL>
<DBL>
<Name></Name>
<Val>3.51397322178529E-4</Val>
</DBL>
<DBL>
<Name></Name>
<Val>3.16842697066658E-5</Val>
</DBL>
<DBL>
<Name></Name>
<Val>4.09837282367252E-4</Val>
</DBL>
<DBL>
<Name></Name>
<Val>1.00764655243922E-2</Val>
</DBL>
<DBL>
<Name></Name>
<Val>1.17522560266751E-2</Val>
</DBL>
<DBL>
<Name></Name>
<Val>8.60184872471895E-3</Val>
</DBL>
<DBL>
<Name></Name>
<Val>8.14385666870540E-2</Val>
</DBL>
<DBL>
<Name></Name>
<Val>0.24666162149373</Val>
</DBL>
<DBL>
<Name></Name>
<Val>0.64056030423771</Val>
</DBL>
<DBL>
<Name></Name>
<Val>1.16018430907267E-4</Val>
</DBL>
<DBL>
<Name></Name>
<Val>3.51397321002074E-4</Val>
</DBL>
<DBL>
<Name></Name>
<Val>3.16842696474972E-5</Val>
</DBL>
<DBL>
<Name></Name>
<Val>4.09837282229393E-4</Val>
</DBL>
<DBL>
<Name></Name>
<Val>1.00764655227577E-2</Val>
</DBL>
<DBL>
<Name></Name>
<Val>1.17522560260173E-2</Val>
</DBL>
<DBL>
<Name></Name>
<Val>8.60184872435183E-3</Val>
</DBL>
<DBL>
<Name></Name>
<Val>8.14385666851858E-2</Val>
</DBL>
<DBL>
<Name></Name>
<Val>0.24666162149395</Val>
</DBL>
<DBL>
<Name></Name>
<Val>0.64056030424395</Val>
</DBL>
<DBL>
<Name></Name>
<Val>1.16018430482801E-4</Val>
</DBL>
<DBL>
<Name></Name>
<Val>3.51397320102684E-4</Val>
</DBL>
<DBL>
<Name></Name>
<Val>3.16842696022632E-5</Val>
</DBL>
<DBL>
<Name></Name>
<Val>4.09837282124002E-4</Val>
</DBL>
<DBL>
<Name></Name>
<Val>1.00764655215082E-2</Val>
</DBL>
<DBL>
<Name></Name>
<Val>1.17522560255144E-2</Val>
</DBL>
<DBL>
<Name></Name>
<Val>8.60184872407116E-3</Val>
</DBL>
<DBL>
<Name></Name>
<Val>8.14385666837576E-2</Val>
</DBL>
<DBL>
<Name></Name>
<Val>0.24666162149411</Val>
</DBL>
<DBL>
<Name></Name>
<Val>0.64056030424872</Val>
</DBL>
<DBL>
<Name></Name>
<Val>1.16018430158301E-4</Val>
</DBL>
<DBL>
<Name></Name>
<Val>3.51397319415107E-4</Val>
</DBL>
<DBL>
<Name></Name>
<Val>3.16842695676822E-5</Val>
</DBL>
<DBL>
<Name></Name>
<Val>4.09837282043431E-4</Val>
</DBL>
<DBL>
<Name></Name>
<Val>1.00764655205529E-2</Val>
</DBL>
<DBL>
<Name></Name>
<Val>1.17522560251300E-2</Val>
</DBL>
<DBL>
<Name></Name>
<Val>8.60184872385660E-3</Val>
</DBL>
<DBL>
<Name></Name>
<Val>8.14385666826658E-2</Val>
</DBL>
<DBL>
<Name></Name>
<Val>0.24666162149424</Val>
</DBL>
<DBL>
<Name></Name>
<Val>0.64056030425237</Val>
</DBL>
</Array>
<Array>
<Name>StateAdjacencyMatrix</Name>
<Dimsize>10</Dimsize>
<Dimsize>10</Dimsize>
<String>
<Name></Name>
<Val>@</Val>
</String>
<String>
<Name></Name>
<Val>B</Val>
</String>
<String>
<Name></Name>
<Val>@</Val>
</String>
<String>
<Name></Name>
<Val>@</Val>
</String>
<String>
<Name></Name>
<Val>@</Val>
</String>
<String>
<Name></Name>
<Val>@</Val>
</String>
<String>
<Name></Name>
<Val>@</Val>
</String>
<String>
<Name></Name>
<Val>@</Val>
</String>
<String>
<Name></Name>
<Val>@</Val>
</String>
<String>
<Name></Name>
<Val>@</Val>
</String>
<String>
<Name></Name>
<Val>C</Val>
</String>
<String>
<Name></Name>
<Val>@</Val>
</String>
<String>
<Name></Name>
<Val>B</Val>
</String>
<String>
<Name></Name>
<Val>@</Val>
</String>
<String>
<Name></Name>
<Val>@</Val>
</String>
<String>
<Name></Name>
<Val>@</Val>
</String>
<String>
<Name></Name>
<Val>@</Val>
</String>
<String>
<Name></Name>
<Val>@</Val>
</String>
<String>
<Name></Name>
<Val>@</Val>
</String>
<String>
<Name></Name>
<Val>@</Val>
</String>
<String>
<Name></Name>
<Val>@</Val>
</String>
<String>
<Name></Name>
<Val>D</Val>
</String>
<String>
<Name></Name>
<Val>@</Val>
</String>
<String>
<Name></Name>
<Val>D</Val>
</String>
<String>
<Name></Name>
<Val>@</Val>
</String>
<String>
<Name></Name>
<Val>@</Val>
</String>
<String>
<Name></Name>
<Val>@</Val>
</String>
<String>
<Name></Name>
<Val>@</Val>
</String>
<String>
<Name></Name>
<Val>@</Val>
</String>
<String>
<Name></Name>
<Val>@</Val>
</String>
<String>
<Name></Name>
<Val>@</Val>
</String>
<String>
<Name></Name>
<Val>@</Val>
</String>
<String>
<Name></Name>
<Val>A</Val>
</String>
<String>
<Name></Name>
<Val>@</Val>
</String>
<String>
<Name></Name>
<Val>E</Val>
</String>
<String>
<Name></Name>
<Val>@</Val>
</String>
<String>
<Name></Name>
<Val>@</Val>
</String>
<String>
<Name></Name>
<Val>@</Val>
</String>
<String>
<Name></Name>
<Val>@</Val>
</String>
<String>
<Name></Name>
<Val>@</Val>
</String>
<String>
<Name></Name>
<Val>@</Val>
</String>
<String>
<Name></Name>
<Val>@</Val>
</String>
<String>
<Name></Name>
<Val>@</Val>
</String>
<String>
<Name></Name>
<Val>C</Val>
</String>
<String>
<Name></Name>
<Val>@</Val>
</String>
<String>
<Name></Name>
<Val>B</Val>
</String>
<String>
<Name></Name>
<Val>@</Val>
</String>
<String>
<Name></Name>
<Val>@</Val>
</String>
<String>
<Name></Name>
<Val>@</Val>
</String>
<String>
<Name></Name>
<Val>@</Val>
</String>
<String>
<Name></Name>
<Val>@</Val>
</String>
<String>
<Name></Name>
<Val>@</Val>
</String>
<String>
<Name></Name>
<Val>@</Val>
</String>
<String>
<Name></Name>
<Val>@</Val>
</String>
<String>
<Name></Name>
<Val>A</Val>
</String>
<String>
<Name></Name>
<Val>@</Val>
</String>
<String>
<Name></Name>
<Val>E</Val>
</String>
<String>
<Name></Name>
<Val>@</Val>
</String>
<String>
<Name></Name>
<Val>@</Val>
</String>
<String>
<Name></Name>
<Val>@</Val>
</String>
<String>
<Name></Name>
<Val>@</Val>
</String>
<String>
<Name></Name>
<Val>@</Val>
</String>
<String>
<Name></Name>
<Val>@</Val>
</String>
<String>
<Name></Name>
<Val>@</Val>
</String>
<String>
<Name></Name>
<Val>@</Val>
</String>
<String>
<Name></Name>
<Val>D</Val>
</String>
<String>
<Name></Name>
<Val>@</Val>
</String>
<String>
<Name></Name>
<Val>E</Val>
</String>
<String>
<Name></Name>
<Val>@</Val>
</String>
<String>
<Name></Name>
<Val>@</Val>
</String>
<String>
<Name></Name>
<Val>@</Val>
</String>
<String>
<Name></Name>
<Val>@</Val>
</String>
<String>
<Name></Name>
<Val>@</Val>
</String>
<String>
<Name></Name>
<Val>@</Val>
</String>
<String>
<Name></Name>
<Val>@</Val>
</String>
<String>
<Name></Name>
<Val>@</Val>
</String>
<String>
<Name></Name>
<Val>A</Val>
</String>
<String>
<Name></Name>
<Val>@</Val>
</String>
<String>
<Name></Name>
<Val>B</Val>
</String>
<String>
<Name></Name>
<Val>@</Val>
</String>
<String>
<Name></Name>
<Val>@</Val>
</String>
<String>
<Name></Name>
<Val>@</Val>
</String>
<String>
<Name></Name>
<Val>@</Val>
</String>
<String>
<Name></Name>
<Val>@</Val>
</String>
<String>
<Name></Name>
<Val>@</Val>
</String>
<String>
<Name></Name>
<Val>@</Val>
</String>
<String>
<Name></Name>
<Val>@</Val>
</String>
<String>
<Name></Name>
<Val>C</Val>
</String>
<String>
<Name></Name>
<Val>@</Val>
</String>
<String>
<Name></Name>
<Val>A</Val>
</String>
<String>
<Name></Name>
<Val>@</Val>
</String>
<String>
<Name></Name>
<Val>@</Val>
</String>
<String>
<Name></Name>
<Val>@</Val>
</String>
<String>
<Name></Name>
<Val>@</Val>
</String>
<String>
<Name></Name>
<Val>@</Val>
</String>
<String>
<Name></Name>
<Val>@</Val>
</String>
<String>
<Name></Name>
<Val>@</Val>
</String>
<String>
<Name></Name>
<Val>@</Val>
</String>
<String>
<Name></Name>
<Val>C</Val>
</String>
<String>
<Name></Name>
<Val>@</Val>
</String>
</Array>
<Cluster>
<Name>IntegrationParams</Name>
<NumElts>4</NumElts>
<DBL>
<Name>time start</Name>
<Val>0.00000000000000</Val>
</DBL>
<DBL>
<Name>time end</Name>
<Val>999.00000000000000</Val>
</DBL>
<DBL>
<Name>h (step rate)</Name>
<Val>0.10000000000000</Val>
</DBL>
<Array>
<Name>X0</Name>
<Dimsize>10</Dimsize>
<I32>
<Name></Name>
<Val>1</Val>
</I32>
<I32>
<Name></Name>
<Val>0</Val>
</I32>
<I32>
<Name></Name>
<Val>0</Val>
</I32>
<I32>
<Name></Name>
<Val>0</Val>
</I32>
<I32>
<Name></Name>
<Val>0</Val>
</I32>
<I32>
<Name></Name>
<Val>0</Val>
</I32>
<I32>
<Name></Name>
<Val>0</Val>
</I32>
<I32>
<Name></Name>
<Val>0</Val>
</I32>
<I32>
<Name></Name>
<Val>0</Val>
</I32>
<I32>
<Name></Name>
<Val>0</Val>
</I32>
</Array>
</Cluster>
<Array>
<Name>StateNames</Name>
<Dimsize>10</Dimsize>
<String>
<Name>string</Name>
<Val>a</Val>
</String>
<String>
<Name>string</Name>
<Val>b</Val>
</String>
<String>
<Name>string</Name>
<Val>c</Val>
</String>
<String>
<Name>string</Name>
<Val>d</Val>
</String>
<String>
<Name>string</Name>
<Val>e</Val>
</String>
<String>
<Name>string</Name>
<Val>f</Val>
</String>
<String>
<Name>string</Name>
<Val>g</Val>
</String>
<String>
<Name>string</Name>
<Val>h</Val>
</String>
<String>
<Name>string</Name>
<Val>i</Val>
</String>
<String>
<Name>string</Name>
<Val>j</Val>
</String>
</Array>
</Cluster>
</LVData>