<?xml version='1.0' standalone='yes' ?>
<LVData xmlns="http://www.ni.com/LVData">
<Version>10.0.1</Version>
<Cluster>
<Name>ModelData</Name>
<NumElts>7</NumElts>
<Array>
<Name>Transitions</Name>
<Dimsize>3</Dimsize>
<Dimsize>2</Dimsize>
<String>
<Name>string</Name>
<Val>A</Val>
</String>
<String>
<Name>string</Name>
<Val>A</Val>
</String>
<String>
<Name>string</Name>
<Val>B</Val>
</String>
<String>
<Name>string</Name>
<Val>B</Val>
</String>
<String>
<Name>string</Name>
<Val>C</Val>
</String>
<String>
<Name>string</Name>
<Val>C</Val>
</String>
</Array>
<Array>
<Name>RealValues</Name>
<Dimsize>3</Dimsize>
<Dimsize>2</Dimsize>
<String>
<Name>string</Name>
<Val>A</Val>
</String>
<String>
<Name>string</Name>
<Val>0,095141</Val>
</String>
<String>
<Name>string</Name>
<Val>B</Val>
</String>
<String>
<Name>string</Name>
<Val>0,005667</Val>
</String>
<String>
<Name>string</Name>
<Val>C</Val>
</String>
<String>
<Name>string</Name>
<Val>0,077842</Val>
</String>
</Array>
<Array>
<Name>Times</Name>
<Dimsize>100</Dimsize>
<DBL>
<Name></Name>
<Val>0.00000000000000</Val>
</DBL>
<DBL>
<Name></Name>
<Val>10.00000000000000</Val>
</DBL>
<DBL>
<Name></Name>
<Val>20.00000000000000</Val>
</DBL>
<DBL>
<Name></Name>
<Val>30.00000000000000</Val>
</DBL>
<DBL>
<Name></Name>
<Val>40.00000000000000</Val>
</DBL>
<DBL>
<Name></Name>
<Val>50.00000000000000</Val>
</DBL>
<DBL>
<Name></Name>
<Val>60.00000000000000</Val>
</DBL>
<DBL>
<Name></Name>
<Val>70.00000000000000</Val>
</DBL>
<DBL>
<Name></Name>
<Val>80.00000000000000</Val>
</DBL>
<DBL>
<Name></Name>
<Val>90.00000000000000</Val>
</DBL>
<DBL>
<Name></Name>
<Val>100.00000000000000</Val>
</DBL>
<DBL>
<Name></Name>
<Val>110.00000000000000</Val>
</DBL>
<DBL>
<Name></Name>
<Val>120.00000000000000</Val>
</DBL>
<DBL>
<Name></Name>
<Val>130.00000000000000</Val>
</DBL>
<DBL>
<Name></Name>
<Val>140.00000000000000</Val>
</DBL>
<DBL>
<Name></Name>
<Val>150.00000000000000</Val>
</DBL>
<DBL>
<Name></Name>
<Val>160.00000000000000</Val>
</DBL>
<DBL>
<Name></Name>
<Val>170.00000000000000</Val>
</DBL>
<DBL>
<Name></Name>
<Val>180.00000000000000</Val>
</DBL>
<DBL>
<Name></Name>
<Val>190.00000000000000</Val>
</DBL>
<DBL>
<Name></Name>
<Val>200.00000000000000</Val>
</DBL>
<DBL>
<Name></Name>
<Val>210.00000000000000</Val>
</DBL>
<DBL>
<Name></Name>
<Val>220.00000000000000</Val>
</DBL>
<DBL>
<Name></Name>
<Val>230.00000000000000</Val>
</DBL>
<DBL>
<Name></Name>
<Val>240.00000000000000</Val>
</DBL>
<DBL>
<Name></Name>
<Val>250.00000000000000</Val>
</DBL>
<DBL>
<Name></Name>
<Val>260.00000000000000</Val>
</DBL>
<DBL>
<Name></Name>
<Val>270.00000000000000</Val>
</DBL>
<DBL>
<Name></Name>
<Val>280.00000000000000</Val>
</DBL>
<DBL>
<Name></Name>
<Val>290.00000000000000</Val>
</DBL>
<DBL>
<Name></Name>
<Val>300.00000000000000</Val>
</DBL>
<DBL>
<Name></Name>
<Val>310.00000000000000</Val>
</DBL>
<DBL>
<Name></Name>
<Val>320.00000000000000</Val>
</DBL>
<DBL>
<Name></Name>
<Val>330.00000000000000</Val>
</DBL>
<DBL>
<Name></Name>
<Val>340.00000000000000</Val>
</DBL>
<DBL>
<Name></Name>
<Val>350.00000000000000</Val>
</DBL>
<DBL>
<Name></Name>
<Val>360.00000000000000</Val>
</DBL>
<DBL>
<Name></Name>
<Val>370.00000000000000</Val>
</DBL>
<DBL>
<Name></Name>
<Val>380.00000000000000</Val>
</DBL>
<DBL>
<Name></Name>
<Val>390.00000000000000</Val>
</DBL>
<DBL>
<Name></Name>
<Val>400.00000000000000</Val>
</DBL>
<DBL>
<Name></Name>
<Val>410.00000000000000</Val>
</DBL>
<DBL>
<Name></Name>
<Val>420.00000000000000</Val>
</DBL>
<DBL>
<Name></Name>
<Val>430.00000000000000</Val>
</DBL>
<DBL>
<Name></Name>
<Val>440.00000000000000</Val>
</DBL>
<DBL>
<Name></Name>
<Val>450.00000000000000</Val>
</DBL>
<DBL>
<Name></Name>
<Val>460.00000000000000</Val>
</DBL>
<DBL>
<Name></Name>
<Val>470.00000000000000</Val>
</DBL>
<DBL>
<Name></Name>
<Val>480.00000000000000</Val>
</DBL>
<DBL>
<Name></Name>
<Val>490.00000000000000</Val>
</DBL>
<DBL>
<Name></Name>
<Val>500.00000000000000</Val>
</DBL>
<DBL>
<Name></Name>
<Val>510.00000000000000</Val>
</DBL>
<DBL>
<Name></Name>
<Val>520.00000000000000</Val>
</DBL>
<DBL>
<Name></Name>
<Val>530.00000000000000</Val>
</DBL>
<DBL>
<Name></Name>
<Val>540.00000000000000</Val>
</DBL>
<DBL>
<Name></Name>
<Val>550.00000000000000</Val>
</DBL>
<DBL>
<Name></Name>
<Val>560.00000000000000</Val>
</DBL>
<DBL>
<Name></Name>
<Val>570.00000000000000</Val>
</DBL>
<DBL>
<Name></Name>
<Val>580.00000000000000</Val>
</DBL>
<DBL>
<Name></Name>
<Val>590.00000000000000</Val>
</DBL>
<DBL>
<Name></Name>
<Val>600.00000000000000</Val>
</DBL>
<DBL>
<Name></Name>
<Val>610.00000000000000</Val>
</DBL>
<DBL>
<Name></Name>
<Val>620.00000000000000</Val>
</DBL>
<DBL>
<Name></Name>
<Val>630.00000000000000</Val>
</DBL>
<DBL>
<Name></Name>
<Val>640.00000000000000</Val>
</DBL>
<DBL>
<Name></Name>
<Val>650.00000000000000</Val>
</DBL>
<DBL>
<Name></Name>
<Val>660.00000000000000</Val>
</DBL>
<DBL>
<Name></Name>
<Val>670.00000000000000</Val>
</DBL>
<DBL>
<Name></Name>
<Val>680.00000000000000</Val>
</DBL>
<DBL>
<Name></Name>
<Val>690.00000000000000</Val>
</DBL>
<DBL>
<Name></Name>
<Val>700.00000000000000</Val>
</DBL>
<DBL>
<Name></Name>
<Val>710.00000000000000</Val>
</DBL>
<DBL>
<Name></Name>
<Val>720.00000000000000</Val>
</DBL>
<DBL>
<Name></Name>
<Val>730.00000000000000</Val>
</DBL>
<DBL>
<Name></Name>
<Val>740.00000000000000</Val>
</DBL>
<DBL>
<Name></Name>
<Val>750.00000000000000</Val>
</DBL>
<DBL>
<Name></Name>
<Val>760.00000000000000</Val>
</DBL>
<DBL>
<Name></Name>
<Val>770.00000000000000</Val>
</DBL>
<DBL>
<Name></Name>
<Val>780.00000000000000</Val>
</DBL>
<DBL>
<Name></Name>
<Val>790.00000000000000</Val>
</DBL>
<DBL>
<Name></Name>
<Val>800.00000000000000</Val>
</DBL>
<DBL>
<Name></Name>
<Val>810.00000000000000</Val>
</DBL>
<DBL>
<Name></Name>
<Val>820.00000000000000</Val>
</DBL>
<DBL>
<Name></Name>
<Val>830.00000000000000</Val>
</DBL>
<DBL>
<Name></Name>
<Val>840.00000000000000</Val>
</DBL>
<DBL>
<Name></Name>
<Val>850.00000000000000</Val>
</DBL>
<DBL>
<Name></Name>
<Val>860.00000000000000</Val>
</DBL>
<DBL>
<Name></Name>
<Val>870.00000000000000</Val>
</DBL>
<DBL>
<Name></Name>
<Val>880.00000000000000</Val>
</DBL>
<DBL>
<Name></Name>
<Val>890.00000000000000</Val>
</DBL>
<DBL>
<Name></Name>
<Val>900.00000000000000</Val>
</DBL>
<DBL>
<Name></Name>
<Val>910.00000000000000</Val>
</DBL>
<DBL>
<Name></Name>
<Val>920.00000000000000</Val>
</DBL>
<DBL>
<Name></Name>
<Val>930.00000000000000</Val>
</DBL>
<DBL>
<Name></Name>
<Val>940.00000000000000</Val>
</DBL>
<DBL>
<Name></Name>
<Val>950.00000000000000</Val>
</DBL>
<DBL>
<Name></Name>
<Val>960.00000000000000</Val>
</DBL>
<DBL>
<Name></Name>
<Val>970.00000000000000</Val>
</DBL>
<DBL>
<Name></Name>
<Val>980.00000000000000</Val>
</DBL>
<DBL>
<Name></Name>
<Val>990.00000000000000</Val>
</DBL>
</Array>
<Array>
<Name>RealSolution</Name>
<Dimsize>100</Dimsize>
<Dimsize>10</Dimsize>
<DBL>
<Name></Name>
<Val>1.00000000000000</Val>
</DBL>
<DBL>
<Name></Name>
<Val>0.00000000000000</Val>
</DBL>
<DBL>
<Name></Name>
<Val>0.00000000000000</Val>
</DBL>
<DBL>
<Name></Name>
<Val>0.00000000000000</Val>
</DBL>
<DBL>
<Name></Name>
<Val>0.00000000000000</Val>
</DBL>
<DBL>
<Name></Name>
<Val>0.00000000000000</Val>
</DBL>
<DBL>
<Name></Name>
<Val>0.00000000000000</Val>
</DBL>
<DBL>
<Name></Name>
<Val>0.00000000000000</Val>
</DBL>
<DBL>
<Name></Name>
<Val>0.00000000000000</Val>
</DBL>
<DBL>
<Name></Name>
<Val>0.00000000000000</Val>
</DBL>
<DBL>
<Name></Name>
<Val>0.59883885833952</Val>
</DBL>
<DBL>
<Name></Name>
<Val>0.28511448566605</Val>
</DBL>
<DBL>
<Name></Name>
<Val>8.62320250261829E-2</Val>
</DBL>
<DBL>
<Name></Name>
<Val>2.27818838535728E-2</Val>
</DBL>
<DBL>
<Name></Name>
<Val>5.92625510548215E-3</Val>
</DBL>
<DBL>
<Name></Name>
<Val>9.77425075889224E-4</Val>
</DBL>
<DBL>
<Name></Name>
<Val>1.27939731891670E-4</Val>
</DBL>
<DBL>
<Name></Name>
<Val>1.11894084423008E-6</Val>
</DBL>
<DBL>
<Name></Name>
<Val>7.64400781837599E-9</Val>
</DBL>
<DBL>
<Name></Name>
<Val>6.16563330303701E-10</Val>
</DBL>
<DBL>
<Name></Name>
<Val>0.46985025023811</Val>
</DBL>
<DBL>
<Name></Name>
<Val>0.29406833027420</Val>
</DBL>
<DBL>
<Name></Name>
<Val>0.13534731073309</Val>
</DBL>
<DBL>
<Name></Name>
<Val>5.60404256320864E-2</Val>
</DBL>
<DBL>
<Name></Name>
<Val>3.05322530817763E-2</Val>
</DBL>
<DBL>
<Name></Name>
<Val>1.10881098136932E-2</Val>
</DBL>
<DBL>
<Name></Name>
<Val>3.01102058249519E-3</Val>
</DBL>
<DBL>
<Name></Name>
<Val>6.12631353870940E-5</Val>
</DBL>
<DBL>
<Name></Name>
<Val>8.89047247083648E-7</Val>
</DBL>
<DBL>
<Name></Name>
<Val>1.47461912281131E-7</Val>
</DBL>
<DBL>
<Name></Name>
<Val>0.40319890708691</Val>
</DBL>
<DBL>
<Name></Name>
<Val>0.27480064619487</Val>
</DBL>
<DBL>
<Name></Name>
<Val>0.14695733817084</Val>
</DBL>
<DBL>
<Name></Name>
<Val>7.11301306019903E-2</Val>
</DBL>
<DBL>
<Name></Name>
<Val>5.66922638745616E-2</Val>
</DBL>
<DBL>
<Name></Name>
<Val>3.33550990741937E-2</Val>
</DBL>
<DBL>
<Name></Name>
<Val>1.33948579253013E-2</Val>
</DBL>
<DBL>
<Name></Name>
<Val>4.57919175753232E-4</Val>
</DBL>
<DBL>
<Name></Name>
<Val>1.03122753779570E-5</Val>
</DBL>
<DBL>
<Name></Name>
<Val>2.52562019487305E-6</Val>
</DBL>
<DBL>
<Name></Name>
<Val>0.35859423247868</Val>
</DBL>
<DBL>
<Name></Name>
<Val>0.25301413451032</Val>
</DBL>
<DBL>
<Name></Name>
<Val>0.14405646576405</Val>
</DBL>
<DBL>
<Name></Name>
<Val>7.43520162841494E-2</Val>
</DBL>
<DBL>
<Name></Name>
<Val>7.40075422872071E-2</Val>
</DBL>
<DBL>
<Name></Name>
<Val>6.23395874628833E-2</Val>
</DBL>
<DBL>
<Name></Name>
<Val>3.19723939207461E-2</Val>
</DBL>
<DBL>
<Name></Name>
<Val>1.59868973174737E-3</Val>
</DBL>
<DBL>
<Name></Name>
<Val>4.93540930473324E-5</Val>
</DBL>
<DBL>
<Name></Name>
<Val>1.55834671668318E-5</Val>
</DBL>
<DBL>
<Name></Name>
<Val>0.32403643633674</Val>
</DBL>
<DBL>
<Name></Name>
<Val>0.23220079232116</Val>
</DBL>
<DBL>
<Name></Name>
<Val>0.13597093322441</Val>
</DBL>
<DBL>
<Name></Name>
<Val>7.22660050442248E-2</Val>
</DBL>
<DBL>
<Name></Name>
<Val>8.25577460582543E-2</Val>
</DBL>
<DBL>
<Name></Name>
<Val>9.29276024850675E-2</Val>
</DBL>
<DBL>
<Name></Name>
<Val>5.60540108435236E-2</Val>
</DBL>
<DBL>
<Name></Name>
<Val>3.78029618383080E-3</Val>
</DBL>
<DBL>
<Name></Name>
<Val>1.49652745340337E-4</Val>
</DBL>
<DBL>
<Name></Name>
<Val>5.65247574544993E-5</Val>
</DBL>
<DBL>
<Name></Name>
<Val>0.29498110137415</Val>
</DBL>
<DBL>
<Name></Name>
<Val>0.21291378663474</Val>
</DBL>
<DBL>
<Name></Name>
<Val>0.12633393956263</Val>
</DBL>
<DBL>
<Name></Name>
<Val>6.81253188831647E-2</Val>
</DBL>
<DBL>
<Name></Name>
<Val>8.52039201870924E-2</Val>
</DBL>
<DBL>
<Name></Name>
<Val>0.12235407251769</Val>
</DBL>
<DBL>
<Name></Name>
<Val>8.24900831056465E-2</Val>
</DBL>
<DBL>
<Name></Name>
<Val>7.10297444534968E-3</Val>
</DBL>
<DBL>
<Name></Name>
<Val>3.45757159668953E-4</Val>
</DBL>
<DBL>
<Name></Name>
<Val>1.49046129861163E-4</Val>
</DBL>
<DBL>
<Name></Name>
<Val>0.26947984496030</Val>
</DBL>
<DBL>
<Name></Name>
<Val>0.19518640646302</Val>
</DBL>
<DBL>
<Name></Name>
<Val>0.11657036342423</Val>
</DBL>
<DBL>
<Name></Name>
<Val>6.33511490666236E-2</Val>
</DBL>
<DBL>
<Name></Name>
<Val>8.44771079345250E-2</Val>
</DBL>
<DBL>
<Name></Name>
<Val>0.14946017200164</Val>
</DBL>
<DBL>
<Name></Name>
<Val>0.10897710981383</Val>
</DBL>
<DBL>
<Name></Name>
<Val>1.15097238261044E-2</Val>
</DBL>
<DBL>
<Name></Name>
<Val>6.69166719430531E-4</Val>
</DBL>
<DBL>
<Name></Name>
<Val>3.18955790290977E-4</Val>
</DBL>
<DBL>
<Name></Name>
<Val>0.24661074256192</Val>
</DBL>
<DBL>
<Name></Name>
<Val>0.17893476617272</Val>
</DBL>
<DBL>
<Name></Name>
<Val>0.10722696212640</Val>
</DBL>
<DBL>
<Name></Name>
<Val>5.85415134013546E-2</Val>
</DBL>
<DBL>
<Name></Name>
<Val>8.20294145217750E-2</Val>
</DBL>
<DBL>
<Name></Name>
<Val>0.17389643147032</Val>
</DBL>
<DBL>
<Name></Name>
<Val>0.13416994097198</Val>
</DBL>
<DBL>
<Name></Name>
<Val>1.68544450050232E-2</Val>
</DBL>
<DBL>
<Name></Name>
<Val>1.14540343024943E-3</Val>
</DBL>
<DBL>
<Name></Name>
<Val>5.90380338263479E-4</Val>
</DBL>
<DBL>
<Name></Name>
<Val>0.22588412995562</Val>
</DBL>
<DBL>
<Name></Name>
<Val>0.16404865552466</Val>
</DBL>
<DBL>
<Name></Name>
<Val>9.84948331649281E-2</Val>
</DBL>
<DBL>
<Name></Name>
<Val>5.39388292939100E-2</Val>
</DBL>
<DBL>
<Name></Name>
<Val>7.88117629653965E-2</Val>
</DBL>
<DBL>
<Name></Name>
<Val>0.19567303447943</Val>
</DBL>
<DBL>
<Name></Name>
<Val>0.15741617612599</Val>
</DBL>
<DBL>
<Name></Name>
<Val>2.29558681936910E-2</Val>
</DBL>
<DBL>
<Name></Name>
<Val>1.79321510319971E-3</Val>
</DBL>
<DBL>
<Name></Name>
<Val>9.83495193171628E-4</Val>
</DBL>
<DBL>
<Name></Name>
<Val>0.20700173940351</Val>
</DBL>
<DBL>
<Name></Name>
<Val>0.15041676470576</Val>
</DBL>
<DBL>
<Name></Name>
<Val>9.04199237862979E-2</Val>
</DBL>
<DBL>
<Name></Name>
<Val>4.96323559976377E-2</Val>
</DBL>
<DBL>
<Name></Name>
<Val>7.53334191725128E-2</Val>
</DBL>
<DBL>
<Name></Name>
<Val>0.21494548727945</Val>
</DBL>
<DBL>
<Name></Name>
<Val>0.17848143849389</Val>
</DBL>
<DBL>
<Name></Name>
<Val>2.96303737964389E-2</Val>
</DBL>
<DBL>
<Name></Name>
<Val>2.62489071663492E-3</Val>
</DBL>
<DBL>
<Name></Name>
<Val>1.51360664786347E-3</Val>
</DBL>
<DBL>
<Name></Name>
<Val>0.18975539368144</Val>
</DBL>
<DBL>
<Name></Name>
<Val>0.13793401197645</Val>
</DBL>
<DBL>
<Name></Name>
<Val>8.29894892797340E-2</Val>
</DBL>
<DBL>
<Name></Name>
<Val>4.56453599109862E-2</Val>
</DBL>
<DBL>
<Name></Name>
<Val>7.18525485128663E-2</Val>
</DBL>
<DBL>
<Name></Name>
<Val>0.23191895910123</Val>
</DBL>
<DBL>
<Name></Name>
<Val>0.19735734050146</Val>
</DBL>
<DBL>
<Name></Name>
<Val>3.67087425835294E-2</Val>
</DBL>
<DBL>
<Name></Name>
<Val>3.64704270550302E-3</Val>
</DBL>
<DBL>
<Name></Name>
<Val>2.19111174680536E-3</Val>
</DBL>
<DBL>
<Name></Name>
<Val>0.17398309720217</Val>
</DBL>
<DBL>
<Name></Name>
<Val>0.12650332120667</Val>
</DBL>
<DBL>
<Name></Name>
<Val>7.61681484872601E-2</Val>
</DBL>
<DBL>
<Name></Name>
<Val>4.19730066348542E-2</Val>
</DBL>
<DBL>
<Name></Name>
<Val>6.84924491615678E-2</Val>
</DBL>
<DBL>
<Name></Name>
<Val>0.24680709607164</Val>
</DBL>
<DBL>
<Name></Name>
<Val>0.21414639045915</Val>
</DBL>
<DBL>
<Name></Name>
<Val>4.40430457972322E-2</Val>
</DBL>
<DBL>
<Name></Name>
<Val>4.86152089930922E-3</Val>
</DBL>
<DBL>
<Name></Name>
<Val>3.02192408014329E-3</Val>
</DBL>
<DBL>
<Name></Name>
<Val>0.15954935620266</Val>
</DBL>
<DBL>
<Name></Name>
<Val>0.11603564543169</Val>
</DBL>
<DBL>
<Name></Name>
<Val>6.99130742361059E-2</Val>
</DBL>
<DBL>
<Name></Name>
<Val>3.85990192200279E-2</Val>
</DBL>
<DBL>
<Name></Name>
<Val>6.53066372302087E-2</Val>
</DBL>
<DBL>
<Name></Name>
<Val>0.25981503241536</Val>
</DBL>
<DBL>
<Name></Name>
<Val>0.22899865101157</Val>
</DBL>
<DBL>
<Name></Name>
<Val>5.15081861076731E-2</Val>
</DBL>
<DBL>
<Name></Name>
<Val>6.26630313689603E-3</Val>
</DBL>
<DBL>
<Name></Name>
<Val>4.00809500779789E-3</Val>
</DBL>
<DBL>
<Name></Name>
<Val>0.14633595980149</Val>
</DBL>
<DBL>
<Name></Name>
<Val>0.10644947613615</Val>
</DBL>
<DBL>
<Name></Name>
<Val>6.41803942869838E-2</Val>
</DBL>
<DBL>
<Name></Name>
<Val>3.55030541886173E-2</Val>
</DBL>
<DBL>
<Name></Name>
<Val>6.23135777013891E-2</Val>
</DBL>
<DBL>
<Name></Name>
<Val>0.27113302562938</Val>
</DBL>
<DBL>
<Name></Name>
<Val>0.24207890905243</Val>
</DBL>
<DBL>
<Name></Name>
<Val>5.90008261331275E-2</Val>
</DBL>
<DBL>
<Name></Name>
<Val>7.85629954770642E-3</Val>
</DBL>
<DBL>
<Name></Name>
<Val>5.14847752272601E-3</Val>
</DBL>
<DBL>
<Name></Name>
<Val>0.13423738216450</Val>
</DBL>
<DBL>
<Name></Name>
<Val>9.76702406684381E-2</Val>
</DBL>
<DBL>
<Name></Name>
<Val>5.89278309835713E-2</Val>
</DBL>
<DBL>
<Name></Name>
<Val>3.26639605490626E-2</Val>
</DBL>
<DBL>
<Name></Name>
<Val>5.95146614815807E-2</Val>
</DBL>
<DBL>
<Name></Name>
<Val>0.28093471327374</Val>
</DBL>
<DBL>
<Name></Name>
<Val>0.25355059165811</Val>
</DBL>
<DBL>
<Name></Name>
<Val>6.64372116760125E-2</Val>
</DBL>
<DBL>
<Name></Name>
<Val>9.62405125070524E-3</Val>
</DBL>
<DBL>
<Name></Name>
<Val>6.43935629427535E-3</Val>
</DBL>
<DBL>
<Name></Name>
<Val>0.12315827955873</Val>
</DBL>
<DBL>
<Name></Name>
<Val>8.96297110757326E-2</Val>
</DBL>
<DBL>
<Name></Name>
<Val>5.41157114935199E-2</Val>
</DBL>
<DBL>
<Name></Name>
<Val>3.00611901068323E-2</Val>
</DBL>
<DBL>
<Name></Name>
<Val>5.69033145111136E-2</Val>
</DBL>
<DBL>
<Name></Name>
<Val>0.28937733617564</Val>
</DBL>
<DBL>
<Name></Name>
<Val>0.26356845812407</Val>
</DBL>
<DBL>
<Name></Name>
<Val>7.37506639369397E-2</Val>
</DBL>
<DBL>
<Name></Name>
<Val>1.15603238710967E-2</Val>
</DBL>
<DBL>
<Name></Name>
<Val>7.87501114631697E-3</Val>
</DBL>
<DBL>
<Name></Name>
<Val>0.11301196841669</Val>
</DBL>
<DBL>
<Name></Name>
<Val>8.22654566818133E-2</Val>
</DBL>
<DBL>
<Name></Name>
<Val>4.97072683298367E-2</Val>
</DBL>
<DBL>
<Name></Name>
<Val>2.76753706411693E-2</Val>
</DBL>
<DBL>
<Name></Name>
<Val>5.44695359947284E-2</Val>
</DBL>
<DBL>
<Name></Name>
<Val>0.29660274947898</Val>
</DBL>
<DBL>
<Name></Name>
<Val>0.27227573010734</Val>
</DBL>
<DBL>
<Name></Name>
<Val>8.08891117573715E-2</Val>
</DBL>
<DBL>
<Name></Name>
<Val>1.36546043593561E-2</Val>
</DBL>
<DBL>
<Name></Name>
<Val>9.44820423270923E-3</Val>
</DBL>
<DBL>
<Name></Name>
<Val>0.10371938379502</Val>
</DBL>
<DBL>
<Name></Name>
<Val>7.55203447936931E-2</Val>
</DBL>
<DBL>
<Name></Name>
<Val>4.56686331544241E-2</Val>
</DBL>
<DBL>
<Name></Name>
<Val>2.54884992515878E-2</Val>
</DBL>
<DBL>
<Name></Name>
<Val>5.22021224904089E-2</Val>
</DBL>
<DBL>
<Name></Name>
<Val>0.30273869880985</Val>
</DBL>
<DBL>
<Name></Name>
<Val>0.27980338852118</Val>
</DBL>
<DBL>
<Name></Name>
<Val>8.78128245269882E-2</Val>
</DBL>
<DBL>
<Name></Name>
<Val>1.58955122941971E-2</Val>
</DBL>
<DBL>
<Name></Name>
<Val>1.11505923626449E-2</Val>
</DBL>
<DBL>
<Name></Name>
<Val>9.52082886293774E-2</Val>
</DBL>
<DBL>
<Name></Name>
<Val>6.93420864072788E-2</Val>
</DBL>
<DBL>
<Name></Name>
<Val>4.19687027013491E-2</Val>
</DBL>
<DBL>
<Name></Name>
<Val>2.34839649242394E-2</Val>
</DBL>
<DBL>
<Name></Name>
<Val>5.00897353225544E-2</Val>
</DBL>
<DBL>
<Name></Name>
<Val>0.30790013270752</Val>
</DBL>
<DBL>
<Name></Name>
<Val>0.28627048006446</Val>
</DBL>
<DBL>
<Name></Name>
<Val>9.44924013100886E-2</Val>
</DBL>
<DBL>
<Name></Name>
<Val>1.82711371253851E-2</Val>
</DBL>
<DBL>
<Name></Name>
<Val>1.29730708077427E-2</Val>
</DBL>
<DBL>
<Name></Name>
<Val>8.74126259628102E-2</Val>
</DBL>
<DBL>
<Name></Name>
<Val>6.36828224519218E-2</Val>
</DBL>
<DBL>
<Name></Name>
<Val>3.85789567888380E-2</Val>
</DBL>
<DBL>
<Name></Name>
<Val>2.16464966425908E-2</Val>
</DBL>
<DBL>
<Name></Name>
<Val>4.81213955638604E-2</Val>
</DBL>
<DBL>
<Name></Name>
<Val>0.31219045507725</Val>
</DBL>
<DBL>
<Name></Name>
<Val>0.29178485706806</Val>
</DBL>
<DBL>
<Name></Name>
<Val>0.10090702177547</Val>
</DBL>
<DBL>
<Name></Name>
<Val>2.07693120654969E-2</Val>
</DBL>
<DBL>
<Name></Name>
<Val>1.49060566037033E-2</Val>
</DBL>
<DBL>
<Name></Name>
<Val>8.02719619113012E-2</Val>
</DBL>
<DBL>
<Name></Name>
<Val>5.84987464074705E-2</Val>
</DBL>
<DBL>
<Name></Name>
<Val>3.54732641447664E-2</Val>
</DBL>
<DBL>
<Name></Name>
<Val>1.99620815815115E-2</Val>
</DBL>
<DBL>
<Name></Name>
<Val>4.62866982187209E-2</Val>
</DBL>
<DBL>
<Name></Name>
<Val>0.31570268135503</Val>
</DBL>
<DBL>
<Name></Name>
<Val>0.29644407018758</Val>
</DBL>
<DBL>
<Name></Name>
<Val>0.10704294246336</Val>
</DBL>
<DBL>
<Name></Name>
<Val>2.33778342246776E-2</Val>
</DBL>
<DBL>
<Name></Name>
<Val>1.69397195055868E-2</Val>
</DBL>
<DBL>
<Name></Name>
<Val>7.37309929047425E-2</Val>
</DBL>
<DBL>
<Name></Name>
<Val>5.37497596950682E-2</Val>
</DBL>
<DBL>
<Name></Name>
<Val>3.26276917366313E-2</Val>
</DBL>
<DBL>
<Name></Name>
<Val>1.84178739101954E-2</Val>
</DBL>
<DBL>
<Name></Name>
<Val>4.45758900221332E-2</Val>
</DBL>
<DBL>
<Name></Name>
<Val>0.31852048893033</Val>
</DBL>
<DBL>
<Name></Name>
<Val>0.30033628158344</Val>
</DBL>
<DBL>
<Name></Name>
<Val>0.11289221359979</Val>
</DBL>
<DBL>
<Name></Name>
<Val>2.60846393957316E-2</Val>
</DBL>
<DBL>
<Name></Name>
<Val>1.90641682219417E-2</Val>
</DBL>
<DBL>
<Name></Name>
<Val>6.77391028986365E-2</Val>
</DBL>
<DBL>
<Name></Name>
<Val>4.93991567471910E-2</Val>
</DBL>
<DBL>
<Name></Name>
<Val>3.00203241537943E-2</Val>
</DBL>
<DBL>
<Name></Name>
<Val>1.70021035176640E-2</Val>
</DBL>
<DBL>
<Name></Name>
<Val>4.29798819465532E-2</Val>
</DBL>
<DBL>
<Name></Name>
<Val>0.32071916407077</Val>
</DBL>
<DBL>
<Name></Name>
<Val>0.30354113927798</Val>
</DBL>
<DBL>
<Name></Name>
<Val>0.11845158985755</Val>
</DBL>
<DBL>
<Name></Name>
<Val>2.88779387666144E-2</Val>
</DBL>
<DBL>
<Name></Name>
<Val>2.12695987632359E-2</Val>
</DBL>
<DBL>
<Name></Name>
<Val>6.22499621098836E-2</Val>
</DBL>
<DBL>
<Name></Name>
<Val>4.54133370574120E-2</Val>
</DBL>
<DBL>
<Name></Name>
<Val>2.76310954081379E-2</Val>
</DBL>
<DBL>
<Name></Name>
<Val>1.57039887205744E-2</Val>
</DBL>
<DBL>
<Name></Name>
<Val>4.14902312531986E-2</Val>
</DBL>
<DBL>
<Name></Name>
<Val>0.32236645232987</Val>
</DBL>
<DBL>
<Name></Name>
<Val>0.30613058884063</Val>
</DBL>
<DBL>
<Name></Name>
<Val>0.12372160957091</Val>
</DBL>
<DBL>
<Name></Name>
<Val>3.17463238127473E-2</Val>
</DBL>
<DBL>
<Name></Name>
<Val>2.35464108966295E-2</Val>
</DBL>
<DBL>
<Name></Name>
<Val>5.72211617391167E-2</Val>
</DBL>
<DBL>
<Name></Name>
<Val>4.17615418177281E-2</Val>
</DBL>
<DBL>
<Name></Name>
<Val>2.54416336211688E-2</Val>
</DBL>
<DBL>
<Name></Name>
<Val>1.45136545524898E-2</Val>
</DBL>
<DBL>
<Name></Name>
<Val>4.00991100873524E-2</Val>
</DBL>
<DBL>
<Name></Name>
<Val>0.32352332097986</Val>
</DBL>
<DBL>
<Name></Name>
<Val>0.30816961540526</Val>
</DBL>
<DBL>
<Name></Name>
<Val>0.12870581918848</Val>
</DBL>
<DBL>
<Name></Name>
<Val>3.46788447155461E-2</Val>
</DBL>
<DBL>
<Name></Name>
<Val>2.58852978929977E-2</Val>
</DBL>
<DBL>
<Name></Name>
<Val>5.26138806536035E-2</Val>
</DBL>
<DBL>
<Name></Name>
<Val>3.84156129981269E-2</Val>
</DBL>
<DBL>
<Name></Name>
<Val>2.34351182260414E-2</Val>
</DBL>
<DBL>
<Name></Name>
<Val>1.34220570902972E-2</Val>
</DBL>
<DBL>
<Name></Name>
<Val>3.87992688725431E-2</Val>
</DBL>
<DBL>
<Name></Name>
<Val>0.32424464215390</Val>
</DBL>
<DBL>
<Name></Name>
<Val>0.30971691675888</Val>
</DBL>
<DBL>
<Name></Name>
<Val>0.13341012236394</Val>
</DBL>
<DBL>
<Name></Name>
<Val>3.76650668630877E-2</Val>
</DBL>
<DBL>
<Name></Name>
<Val>2.82773140195847E-2</Val>
</DBL>
<DBL>
<Name></Name>
<Val>4.83925808442684E-2</Val>
</DBL>
<DBL>
<Name></Name>
<Val>3.53497729291741E-2</Val>
</DBL>
<DBL>
<Name></Name>
<Val>2.15961489656617E-2</Val>
</DBL>
<DBL>
<Name></Name>
<Val>1.24209137530612E-2</Val>
</DBL>
<DBL>
<Name></Name>
<Val>3.75839984808878E-2</Val>
</DBL>
<DBL>
<Name></Name>
<Val>0.32457980492119</Val>
</DBL>
<DBL>
<Name></Name>
<Val>0.31082551155761</Val>
</DBL>
<DBL>
<Name></Name>
<Val>0.13784223566061</Val>
</DBL>
<DBL>
<Name></Name>
<Val>4.06951093044814E-2</Val>
</DBL>
<DBL>
<Name></Name>
<Val>3.07139235830529E-2</Val>
</DBL>
<DBL>
<Name></Name>
<Val>4.45247289802443E-2</Val>
</DBL>
<DBL>
<Name></Name>
<Val>3.25404226261653E-2</Val>
</DBL>
<DBL>
<Name></Name>
<Val>1.99106258489423E-2</Val>
</DBL>
<DBL>
<Name></Name>
<Val>1.15026392831263E-2</Val>
</DBL>
<DBL>
<Name></Name>
<Val>3.64470930668313E-2</Val>
</DBL>
<DBL>
<Name></Name>
<Val>0.32457326383407</Val>
</DBL>
<DBL>
<Name></Name>
<Val>0.31154328793347</Val>
</DBL>
<DBL>
<Name></Name>
<Val>0.14201123522593</Val>
</DBL>
<DBL>
<Name></Name>
<Val>4.37596684397401E-2</Val>
</DBL>
<DBL>
<Name></Name>
<Val>3.31870347614774E-2</Val>
</DBL>
<DBL>
<Name></Name>
<Val>4.09805417275133E-2</Val>
</DBL>
<DBL>
<Name></Name>
<Val>2.99659572502898E-2</Val>
</DBL>
<DBL>
<Name></Name>
<Val>1.83656392126150E-2</Val>
</DBL>
<DBL>
<Name></Name>
<Val>1.06602870328663E-2</Val>
</DBL>
<DBL>
<Name></Name>
<Val>3.53828144305026E-2</Val>
</DBL>
<DBL>
<Name></Name>
<Val>0.32426503074909</Val>
</DBL>
<DBL>
<Name></Name>
<Val>0.31191349798153</Val>
</DBL>
<DBL>
<Name></Name>
<Val>0.14592718092179</Val>
</DBL>
<DBL>
<Name></Name>
<Val>4.68500297202251E-2</Val>
</DBL>
<DBL>
<Name></Name>
<Val>3.56890209735801E-2</Val>
</DBL>
<DBL>
<Name></Name>
<Val>3.77327527529912E-2</Val>
</DBL>
<DBL>
<Name></Name>
<Val>2.76065972427576E-2</Val>
</DBL>
<DBL>
<Name></Name>
<Val>1.69493690674968E-2</Val>
</DBL>
<DBL>
<Name></Name>
<Val>9.88749515892277E-3</Val>
</DBL>
<DBL>
<Name></Name>
<Val>3.43858582778786E-2</Val>
</DBL>
<DBL>
<Name></Name>
<Val>0.32369111601027</Val>
</DBL>
<DBL>
<Name></Name>
<Val>0.31197520340591</Val>
</DBL>
<DBL>
<Name></Name>
<Val>0.14960080627234</Val>
</DBL>
<DBL>
<Name></Name>
<Val>4.99580697003051E-2</Val>
</DBL>
<DBL>
<Name></Name>
<Val>3.82127321111295E-2</Val>
</DBL>
<DBL>
<Name></Name>
<Val>3.47563995400111E-2</Val>
</DBL>
<DBL>
<Name></Name>
<Val>2.54442337947880E-2</Val>
</DBL>
<DBL>
<Name></Name>
<Val>1.56509929583672E-2</Val>
</DBL>
<DBL>
<Name></Name>
<Val>9.17843733369286E-3</Val>
</DBL>
<DBL>
<Name></Name>
<Val>3.34513225008790E-2</Val>
</DBL>
<DBL>
<Name></Name>
<Val>0.32288392442263</Val>
</DBL>
<DBL>
<Name></Name>
<Val>0.31176367721642</Val>
</DBL>
<DBL>
<Name></Name>
<Val>0.15304326422646</Val>
</DBL>
<DBL>
<Name></Name>
<Val>5.30762504090500E-2</Val>
</DBL>
<DBL>
<Name></Name>
<Val>4.07514975977139E-2</Val>
</DBL>
<DBL>
<Name></Name>
<Val>3.20286283145293E-2</Val>
</DBL>
<DBL>
<Name></Name>
<Val>2.34622874316169E-2</Val>
</DBL>
<DBL>
<Name></Name>
<Val>1.44606016228577E-2</Val>
</DBL>
<DBL>
<Name></Name>
<Val>8.52777760437857E-3</Val>
</DBL>
<DBL>
<Name></Name>
<Val>3.25746774812492E-2</Val>
</DBL>
<DBL>
<Name></Name>
<Val>0.32187261084633</Val>
</DBL>
<DBL>
<Name></Name>
<Val>0.31131076592798</Val>
</DBL>
<DBL>
<Name></Name>
<Val>0.15626592015167</Val>
</DBL>
<DBL>
<Name></Name>
<Val>5.61976076930423E-2</Val>
</DBL>
<DBL>
<Name></Name>
<Val>4.32991229263497E-2</Val>
</DBL>
<DBL>
<Name></Name>
<Val>2.95285155332417E-2</Val>
</DBL>
<DBL>
<Name></Name>
<Val>2.16455785936414E-2</Val>
</DBL>
<DBL>
<Name></Name>
<Val>1.33691217911172E-2</Val>
</DBL>
<DBL>
<Name></Name>
<Val>7.93062905514461E-3</Val>
</DBL>
<DBL>
<Name></Name>
<Val>3.17517383641568E-2</Val>
</DBL>
<DBL>
<Name></Name>
<Val>0.32068339970738</Val>
</DBL>
<DBL>
<Name></Name>
<Val>0.31064521627798</Val>
</DBL>
<DBL>
<Name></Name>
<Val>0.15928018470444</Val>
</DBL>
<DBL>
<Name></Name>
<Val>5.93157349102554E-2</Val>
</DBL>
<DBL>
<Name></Name>
<Val>4.58498810626402E-2</Val>
</DBL>
<DBL>
<Name></Name>
<Val>2.72369045204032E-2</Val>
</DBL>
<DBL>
<Name></Name>
<Val>1.99802091935511E-2</Val>
</DBL>
<DBL>
<Name></Name>
<Val>1.23682455219250E-2</Val>
</DBL>
<DBL>
<Name></Name>
<Val>7.38251595412372E-3</Val>
</DBL>
<DBL>
<Name></Name>
<Val>3.09786392198907E-2</Val>
</DBL>
<DBL>
<Name></Name>
<Val>0.31933987224508</Val>
</DBL>
<DBL>
<Name></Name>
<Val>0.30979297006625</Val>
</DBL>
<DBL>
<Name></Name>
<Val>0.16209738028151</Val>
</DBL>
<DBL>
<Name></Name>
<Val>6.24247631239337E-2</Val>
</DBL>
<DBL>
<Name></Name>
<Val>4.83984998733275E-2</Val>
</DBL>
<DBL>
<Name></Name>
<Val>2.51362559625218E-2</Val>
</DBL>
<DBL>
<Name></Name>
<Val>1.84534542156888E-2</Val>
</DBL>
<DBL>
<Name></Name>
<Val>1.14503655213594E-2</Val>
</DBL>
<DBL>
<Name></Name>
<Val>6.87933909248158E-3</Val>
</DBL>
<DBL>
<Name></Name>
<Val>3.02518089997286E-2</Val>
</DBL>
<DBL>
<Name></Name>
<Val>0.31786322489415</Val>
</DBL>
<DBL>
<Name></Name>
<Val>0.30877743034720</Val>
</DBL>
<DBL>
<Name></Name>
<Val>0.16472863567129</Val>
</DBL>
<DBL>
<Name></Name>
<Val>6.55193387488900E-2</Val>
</DBL>
<DBL>
<Name></Name>
<Val>5.09401465466897E-2</Val>
</DBL>
<DBL>
<Name></Name>
<Val>2.32105110811997E-2</Val>
</DBL>
<DBL>
<Name></Name>
<Val>1.70536625037147E-2</Val>
</DBL>
<DBL>
<Name></Name>
<Val>1.06085159367952E-2</Val>
</DBL>
<DBL>
<Name></Name>
<Val>6.41734404679645E-3</Val>
</DBL>
<DBL>
<Name></Name>
<Val>2.95679491874949E-2</Val>
</DBL>
<DBL>
<Name></Name>
<Val>0.31627250182566</Val>
</DBL>
<DBL>
<Name></Name>
<Val>0.30761970186482</Val>
</DBL>
<DBL>
<Name></Name>
<Val>0.16718480431112</Val>
</DBL>
<DBL>
<Name></Name>
<Val>6.85945994357344E-2</Val>
</DBL>
<DBL>
<Name></Name>
<Val>5.34704098066579E-2</Val>
</DBL>
<DBL>
<Name></Name>
<Val>2.14449664055627E-2</Val>
</DBL>
<DBL>
<Name></Name>
<Val>1.57701659555872E-2</Val>
</DBL>
<DBL>
<Name></Name>
<Val>9.83631816193909E-3</Val>
</DBL>
<DBL>
<Name></Name>
<Val>5.99309211836898E-3</Val>
</DBL>
<DBL>
<Name></Name>
<Val>2.89240130478339E-2</Val>
</DBL>
<DBL>
<Name></Name>
<Val>0.31458480433918</Val>
</DBL>
<DBL>
<Name></Name>
<Val>0.30633880831790</Val>
</DBL>
<DBL>
<Name></Name>
<Val>0.16947640223385</Val>
</DBL>
<DBL>
<Name></Name>
<Val>7.16461488370768E-2</Val>
</DBL>
<DBL>
<Name></Name>
<Val>5.59852805827036E-2</Val>
</DBL>
<DBL>
<Name></Name>
<Val>1.98261591580130E-2</Val>
</DBL>
<DBL>
<Name></Name>
<Val>1.45931964115352E-2</Val>
</DBL>
<DBL>
<Name></Name>
<Val>9.12793122800872E-3</Val>
</DBL>
<DBL>
<Name></Name>
<Val>5.60343372371780E-3</Val>
</DBL>
<DBL>
<Name></Name>
<Val>2.83171863739151E-2</Val>
</DBL>
<DBL>
<Name></Name>
<Val>0.31281547950517</Val>
</DBL>
<DBL>
<Name></Name>
<Val>0.30495188877156</Val>
</DBL>
<DBL>
<Name></Name>
<Val>0.17161356236904</Val>
</DBL>
<DBL>
<Name></Name>
<Val>7.46700307800593E-2</Val>
</DBL>
<DBL>
<Name></Name>
<Val>5.84811316789782E-2</Val>
</DBL>
<DBL>
<Name></Name>
<Val>1.83417623513179E-2</Val>
</DBL>
<DBL>
<Name></Name>
<Val>1.35138095816305E-2</Val>
</DBL>
<DBL>
<Name></Name>
<Val>8.47800639224443E-3</Val>
</DBL>
<DBL>
<Name></Name>
<Val>5.24548402949539E-3</Val>
</DBL>
<DBL>
<Name></Name>
<Val>2.77448696401795E-2</Val>
</DBL>
<DBL>
<Name></Name>
<Val>0.31097829019609</Val>
</DBL>
<DBL>
<Name></Name>
<Val>0.30347437528956</Val>
</DBL>
<DBL>
<Name></Name>
<Val>0.17360600236509</Val>
</DBL>
<DBL>
<Name></Name>
<Val>7.76627032685580E-2</Val>
</DBL>
<DBL>
<Name></Name>
<Val>6.09546968858330E-2</Val>
</DBL>
<DBL>
<Name></Name>
<Val>1.69804887720367E-2</Val>
</DBL>
<DBL>
<Name></Name>
<Val>1.25238154152709E-2</Val>
</DBL>
<DBL>
<Name></Name>
<Val>7.88164556797787E-3</Val>
</DBL>
<DBL>
<Name></Name>
<Val>4.91660064247422E-3</Val>
</DBL>
<DBL>
<Name></Name>
<Val>2.72046614693148E-2</Val>
</DBL>
<DBL>
<Name></Name>
<Val>0.30908556841439</Val>
</DBL>
<DBL>
<Name></Name>
<Val>0.30192015364592</Val>
</DBL>
<DBL>
<Name></Name>
<Val>0.17546300352716</Val>
</DBL>
<DBL>
<Name></Name>
<Val>8.06210126533466E-2</Val>
</DBL>
<DBL>
<Name></Name>
<Val>6.34030498921128E-2</Val>
</DBL>
<DBL>
<Name></Name>
<Val>1.57320030956606E-2</Val>
</DBL>
<DBL>
<Name></Name>
<Val>1.16157143658132E-2</Val>
</DBL>
<DBL>
<Name></Name>
<Val>7.33436327070788E-3</Val>
</DBL>
<DBL>
<Name></Name>
<Val>4.61436318121701E-3</Val>
</DBL>
<DBL>
<Name></Name>
<Val>2.66943433266069E-2</Val>
</DBL>
<DBL>
<Name></Name>
<Val>0.30714835362029</Val>
</DBL>
<DBL>
<Name></Name>
<Val>0.30030170878255</Val>
</DBL>
<DBL>
<Name></Name>
<Val>0.17719339883482</Val>
</DBL>
<DBL>
<Name></Name>
<Val>8.35421682371064E-2</Val>
</DBL>
<DBL>
<Name></Name>
<Val>6.58235832852330E-2</Val>
</DBL>
<DBL>
<Name></Name>
<Val>1.45868414431580E-2</Val>
</DBL>
<DBL>
<Name></Name>
<Val>1.07826390501543E-2</Val>
</DBL>
<DBL>
<Name></Name>
<Val>6.83205178228820E-3</Val>
</DBL>
<DBL>
<Name></Name>
<Val>4.33655457067054E-3</Val>
</DBL>
<DBL>
<Name></Name>
<Val>2.62118653589794E-2</Val>
</DBL>
<DBL>
<Name></Name>
<Val>0.30517651758090</Val>
</DBL>
<DBL>
<Name></Name>
<Val>0.29863025650788</Val>
</DBL>
<DBL>
<Name></Name>
<Val>0.17880556831847</Val>
</DBL>
<DBL>
<Name></Name>
<Val>8.64237175214172E-2</Val>
</DBL>
<DBL>
<Name></Name>
<Val>6.82139878660909E-2</Val>
</DBL>
<DBL>
<Name></Name>
<Val>1.35363377474286E-2</Val>
</DBL>
<DBL>
<Name></Name>
<Val>1.00183008456425E-2</Val>
</DBL>
<DBL>
<Name></Name>
<Val>6.37094926063069E-3</Val>
</DBL>
<DBL>
<Name></Name>
<Val>4.08114391431721E-3</Val>
</DBL>
<DBL>
<Name></Name>
<Val>2.57553333002846E-2</Val>
</DBL>
<DBL>
<Name></Name>
<Val>0.30317887710063</Val>
</DBL>
<DBL>
<Name></Name>
<Val>0.29691586277860</Val>
</DBL>
<DBL>
<Name></Name>
<Val>0.18030744034379</Val>
</DBL>
<DBL>
<Name></Name>
<Val>8.92635222530350E-2</Val>
</DBL>
<DBL>
<Name></Name>
<Val>7.05722324556457E-2</Val>
</DBL>
<DBL>
<Name></Name>
<Val>1.25725563519333E-2</Val>
</DBL>
<DBL>
<Name></Name>
<Val>9.31694100563233E-3</Val>
</DBL>
<DBL>
<Name></Name>
<Val>5.94761054547098E-3</Val>
</DBL>
<DBL>
<Name></Name>
<Val>3.84627081078497E-3</Val>
</DBL>
<DBL>
<Name></Name>
<Val>2.53229963686707E-2</Val>
</DBL>
<DBL>
<Name></Name>
<Val>0.30116329584928</Val>
</DBL>
<DBL>
<Name></Name>
<Val>0.29516755177005</Val>
</DBL>
<DBL>
<Name></Name>
<Val>0.18170649758469</Val>
</DBL>
<DBL>
<Name></Name>
<Val>9.20597353853859E-2</Val>
</DBL>
<DBL>
<Name></Name>
<Val>7.28965443281052E-2</Val>
</DBL>
<DBL>
<Name></Name>
<Val>1.16882303129391E-2</Val>
</DBL>
<DBL>
<Name></Name>
<Val>8.67328591060554E-3</Val>
</DBL>
<DBL>
<Name></Name>
<Val>5.55888043191638E-3</Val>
</DBL>
<DBL>
<Name></Name>
<Val>3.63023099304811E-3</Val>
</DBL>
<DBL>
<Name></Name>
<Val>2.49132360860685E-2</Val>
</DBL>
<DBL>
<Name></Name>
<Val>0.29913677637662</Val>
</DBL>
<DBL>
<Name></Name>
<Val>0.29339340381873</Val>
</DBL>
<DBL>
<Name></Name>
<Val>0.18300978666223</Val>
</DBL>
<DBL>
<Name></Name>
<Val>9.48107790370136E-2</Val>
</DBL>
<DBL>
<Name></Name>
<Val>7.51853903708284E-2</Val>
</DBL>
<DBL>
<Name></Name>
<Val>1.08767049217771E-2</Val>
</DBL>
<DBL>
<Name></Name>
<Val>8.08250610434786E-3</Val>
</DBL>
<DBL>
<Name></Name>
<Val>5.20186920286544E-3</Val>
</DBL>
<DBL>
<Name></Name>
<Val>3.43146317863530E-3</Val>
</DBL>
<DBL>
<Name></Name>
<Val>2.45245559539655E-2</Val>
</DBL>
<DBL>
<Name></Name>
<Val>0.29710554328872</Val>
</DBL>
<DBL>
<Name></Name>
<Val>0.29160064421144</Val>
</DBL>
<DBL>
<Name></Name>
<Val>0.18422393059539</Val>
</DBL>
<DBL>
<Name></Name>
<Val>9.75153235006131E-2</Val>
</DBL>
<DBL>
<Name></Name>
<Val>7.74374590422503E-2</Val>
</DBL>
<DBL>
<Name></Name>
<Val>1.01318860046341E-2</Val>
</DBL>
<DBL>
<Name></Name>
<Val>7.54017879445617E-3</Val>
</DBL>
<DBL>
<Name></Name>
<Val>4.87393022910980E-3</Val>
</DBL>
<DBL>
<Name></Name>
<Val>3.24853702867779E-3</Val>
</DBL>
<DBL>
<Name></Name>
<Val>2.41555719236547E-2</Val>
</DBL>
<DBL>
<Name></Name>
<Val>0.29507511845988</Val>
</DBL>
<DBL>
<Name></Name>
<Val>0.28979572369789</Val>
</DBL>
<DBL>
<Name></Name>
<Val>0.18535514335292</Val>
</DBL>
<DBL>
<Name></Name>
<Val>0.10017226733334</Val>
</DBL>
<DBL>
<Name></Name>
<Val>7.96516431754289E-2</Val>
</DBL>
<DBL>
<Name></Name>
<Val>9.44819259500498E-3</Val>
</DBL>
<DBL>
<Name></Name>
<Val>7.04225352369592E-3</Val>
</DBL>
<DBL>
<Name></Name>
<Val>4.57263946214229E-3</Val>
</DBL>
<DBL>
<Name></Name>
<Val>3.08014212225194E-3</Val>
</DBL>
<DBL>
<Name></Name>
<Val>2.38050036030185E-2</Val>
</DBL>
<DBL>
<Name></Name>
<Val>0.29305038906417</Val>
</DBL>
<DBL>
<Name></Name>
<Val>0.28798439151618</Val>
</DBL>
<DBL>
<Name></Name>
<Val>0.18640924591758</Val>
</DBL>
<DBL>
<Name></Name>
<Val>0.10278071854053</Val>
</DBL>
<DBL>
<Name></Name>
<Val>8.18270236554383E-2</Val>
</DBL>
<DBL>
<Name></Name>
<Val>8.82051360833611E-3</Val>
</DBL>
<DBL>
<Name></Name>
<Val>6.58502074365046E-3</Val>
</DBL>
<DBL>
<Name></Name>
<Val>4.29577665953013E-3</Val>
</DBL>
<DBL>
<Name></Name>
<Val>2.92507786036443E-3</Val>
</DBL>
<DBL>
<Name></Name>
<Val>2.34716661456327E-2</Val>
</DBL>
<DBL>
<Name></Name>
<Val>0.29103566912967</Val>
</DBL>
<DBL>
<Name></Name>
<Val>0.28617176164265</Val>
</DBL>
<DBL>
<Name></Name>
<Val>0.18739168337715</Val>
</DBL>
<DBL>
<Name></Name>
<Val>0.10533997684990</Val>
</DBL>
<DBL>
<Name></Name>
<Val>8.39628539831077E-2</Val>
</DBL>
<DBL>
<Name></Name>
<Val>8.24416817985072E-3</Val>
</DBL>
<DBL>
<Name></Name>
<Val>6.16508304490156E-3</Val>
</DBL>
<DBL>
<Name></Name>
<Val>4.04130819628497E-3</Val>
</DBL>
<DBL>
<Name></Name>
<Val>2.78224422115576E-3</Val>
</DBL>
<DBL>
<Name></Name>
<Val>2.31544627715397E-2</Val>
</DBL>
<DBL>
<Name></Name>
<Val>0.28903475524728</Val>
</DBL>
<DBL>
<Name></Name>
<Val>0.28436237290718</Val>
</DBL>
<DBL>
<Name></Name>
<Val>0.18830754264499</Val>
</DBL>
<DBL>
<Name></Name>
<Val>0.10784951706186</Val>
</DBL>
<DBL>
<Name></Name>
<Val>8.60585457249645E-2</Val>
</DBL>
<DBL>
<Name></Name>
<Val>7.71486935533365E-3</Val>
</DBL>
<DBL>
<Name></Name>
<Val>5.77932881883649E-3</Val>
</DBL>
<DBL>
<Name></Name>
<Val>3.80737132808214E-3</Val>
</DBL>
<DBL>
<Name></Name>
<Val>2.65063329451534E-3</Val>
</DBL>
<DBL>
<Name></Name>
<Val>2.28523778724311E-2</Val>
</DBL>
<DBL>
<Name></Name>
<Val>0.28705097700142</Val>
</DBL>
<DBL>
<Name></Name>
<Val>0.28256024355207</Val>
</DBL>
<DBL>
<Name></Name>
<Val>0.18916157048646</Val>
</DBL>
<DBL>
<Name></Name>
<Val>0.11030897345167</Val>
</DBL>
<DBL>
<Name></Name>
<Val>8.81136548391884E-2</Val>
</DBL>
<DBL>
<Name></Name>
<Val>7.22869085098155E-3</Val>
</DBL>
<DBL>
<Name></Name>
<Val>5.42490814525709E-3</Val>
</DBL>
<DBL>
<Name></Name>
<Val>3.59225978354577E-3</Val>
</DBL>
<DBL>
<Name></Name>
<Val>2.52932153036068E-3</Val>
</DBL>
<DBL>
<Name></Name>
<Val>2.25644706572020E-2</Val>
</DBL>
<DBL>
<Name></Name>
<Val>0.28508724263277</Val>
</DBL>
<DBL>
<Name></Name>
<Val>0.28076892075668</Val>
</DBL>
<DBL>
<Name></Name>
<Val>0.18995819159081</Val>
</DBL>
<DBL>
<Name></Name>
<Val>0.11271812519288</Val>
</DBL>
<DBL>
<Name></Name>
<Val>9.01278688595102E-2</Val>
</DBL>
<DBL>
<Name></Name>
<Val>6.78203662251368E-3</Val>
</DBL>
<DBL>
<Name></Name>
<Val>5.09921071742291E-3</Val>
</DBL>
<DBL>
<Name></Name>
<Val>3.39441057321670E-3</Val>
</DBL>
<DBL>
<Name></Name>
<Val>2.41746264038055E-3</Val>
</DBL>
<DBL>
<Name></Name>
<Val>2.22898692968895E-2</Val>
</DBL>
<DBL>
<Name></Name>
<Val>0.28314608039215</Val>
</DBL>
<DBL>
<Name></Name>
<Val>0.27899152559865</Val>
</DBL>
<DBL>
<Name></Name>
<Val>0.19070152648026</Val>
</DBL>
<DBL>
<Name></Name>
<Val>0.11507688276559</Val>
</DBL>
<DBL>
<Name></Name>
<Val>9.21009949129231E-2</Val>
</DBL>
<DBL>
<Name></Name>
<Val>6.37161300577600E-3</Val>
</DBL>
<DBL>
<Name></Name>
<Val>4.79984563213203E-3</Val>
</DBL>
<DBL>
<Name></Name>
<Val>3.21239191233678E-3</Val>
</DBL>
<DBL>
<Name></Name>
<Val>2.31428109812168E-3</Val>
</DBL>
<DBL>
<Name></Name>
<Val>2.20277655308848E-2</Val>
</DBL>
<DBL>
<Name></Name>
<Val>0.28122967599845</Val>
</DBL>
<DBL>
<Name></Name>
<Val>0.27723079387754</Val>
</DBL>
<DBL>
<Name></Name>
<Val>0.19139540909274</Val>
</DBL>
<DBL>
<Name></Name>
<Val>0.11738527530949</Val>
</DBL>
<DBL>
<Name></Name>
<Val>9.40329485425315E-2</Val>
</DBL>
<DBL>
<Name></Name>
<Val>5.99440321123438E-3</Val>
</DBL>
<DBL>
<Name></Name>
<Val>4.52462288705683E-3</Val>
</DBL>
<DBL>
<Name></Name>
<Val>3.04489216329256E-3</Val>
</DBL>
<DBL>
<Name></Name>
<Val>2.21906618694927E-3</Val>
</DBL>
<DBL>
<Name></Name>
<Val>2.17774096990203E-2</Val>
</DBL>
<DBL>
<Name></Name>
<Val>0.27933990657286</Val>
</DBL>
<DBL>
<Name></Name>
<Val>0.27548911318543</Val>
</DBL>
<DBL>
<Name></Name>
<Val>0.19204340391139</Val>
</DBL>
<DBL>
<Name></Name>
<Val>0.11964343887921</Val>
</DBL>
<DBL>
<Name></Name>
<Val>9.59237433035624E-2</Val>
</DBL>
<DBL>
<Name></Name>
<Val>5.64764397320066E-3</Val>
</DBL>
<DBL>
<Name></Name>
<Val>4.27153644092349E-3</Val>
</DBL>
<DBL>
<Name></Name>
<Val>2.89070971153180E-3</Val>
</DBL>
<DBL>
<Name></Name>
<Val>2.13116654966985E-3</Val>
</DBL>
<DBL>
<Name></Name>
<Val>2.15381061666813E-2</Val>
</DBL>
<DBL>
<Name></Name>
<Val>0.27747837138447</Val>
</DBL>
<DBL>
<Name></Name>
<Val>0.27376855657238</Val>
</DBL>
<DBL>
<Name></Name>
<Val>0.19264882254508</Val>
</DBL>
<DBL>
<Name></Name>
<Val>0.12185160555775</Val>
</DBL>
<DBL>
<Name></Name>
<Val>9.77734810983039E-2</Val>
</DBL>
<DBL>
<Name></Name>
<Val>5.32880417151553E-3</Val>
</DBL>
<DBL>
<Name></Name>
<Val>4.03874870435936E-3</Val>
</DBL>
<DBL>
<Name></Name>
<Val>2.74874369606043E-3</Val>
</DBL>
<DBL>
<Name></Name>
<Val>2.04998519750409E-3</Val>
</DBL>
<DBL>
<Name></Name>
<Val>2.13092091124786E-2</Val>
</DBL>
<DBL>
<Name></Name>
<Val>0.27564641970962</Val>
</DBL>
<DBL>
<Name></Name>
<Val>0.27207091312134</Val>
</DBL>
<DBL>
<Name></Name>
<Val>0.19321473968975</Val>
</DBL>
<DBL>
<Name></Name>
<Val>0.12401009338305</Val>
</DBL>
<DBL>
<Name></Name>
<Val>9.95823432143221E-2</Val>
</DBL>
<DBL>
<Name></Name>
<Val>5.03556525885697E-3</Val>
</DBL>
<DBL>
<Name></Name>
<Val>3.82457634042895E-3</Val>
</DBL>
<DBL>
<Name></Name>
<Val>2.61798552230396E-3</Val>
</DBL>
<DBL>
<Name></Name>
<Val>1.97497493966684E-3</Val>
</DBL>
<DBL>
<Name></Name>
<Val>2.10901186502597E-2</Val>
</DBL>
<DBL>
<Name></Name>
<Val>0.27384517607766</Val>
</DBL>
<DBL>
<Name></Name>
<Val>0.27039771571726</Val>
</DBL>
<DBL>
<Name></Name>
<Val>0.19374400842125</Val>
</DBL>
<DBL>
<Name></Name>
<Val>0.12611929704273</Val>
</DBL>
<DBL>
<Name></Name>
<Val>0.10135058202958</Val>
</DBL>
<DBL>
<Name></Name>
<Val>4.76580334097729E-3</Val>
</DBL>
<DBL>
<Name></Name>
<Val>3.62747726412446E-3</Val>
</DBL>
<DBL>
<Name></Name>
<Val>2.49751109122657E-3</Val>
</DBL>
<DBL>
<Name></Name>
<Val>1.90563419808059E-3</Val>
</DBL>
<DBL>
<Name></Name>
<Val>2.08802772593244E-2</Val>
</DBL>
<DBL>
<Name></Name>
<Val>0.27207556314924</Val>
</DBL>
<DBL>
<Name></Name>
<Val>0.26875026626840</Val>
</DBL>
<DBL>
<Name></Name>
<Val>0.19423927478831</Val>
</DBL>
<DBL>
<Name></Name>
<Val>0.12817967929241</Val>
</DBL>
<DBL>
<Name></Name>
<Val>0.10307851334791</Val>
</DBL>
<DBL>
<Name></Name>
<Val>4.51757277010418E-3</Val>
</DBL>
<DBL>
<Name></Name>
<Val>3.44603873945342E-3</Val>
</DBL>
<DBL>
<Name></Name>
<Val>2.38647368419414E-3</Val>
</DBL>
<DBL>
<Name></Name>
<Val>1.84150317474122E-3</Val>
</DBL>
<DBL>
<Name></Name>
<Val>2.06791664986641E-2</Val>
</DBL>
<DBL>
<Name></Name>
<Val>0.27033832244932</Val>
</DBL>
<DBL>
<Name></Name>
<Val>0.26712965861316</Val>
</DBL>
<DBL>
<Name></Name>
<Val>0.19470299168786</Val>
</DBL>
<DBL>
<Name></Name>
<Val>0.13019176305392</Val>
</DBL>
<DBL>
<Name></Name>
<Val>0.10476650932858</Val>
</DBL>
<DBL>
<Name></Name>
<Val>4.28909112357714E-3</Val>
</DBL>
<DBL>
<Name></Name>
<Val>3.27896648134613E-3</Val>
</DBL>
<DBL>
<Name></Name>
<Val>2.28409744818503E-3</Val>
</DBL>
<DBL>
<Name></Name>
<Val>1.78216034199519E-3</Val>
</DBL>
<DBL>
<Name></Name>
<Val>2.04863039828656E-2</Val>
</DBL>
<DBL>
<Name></Name>
<Val>0.26863403315571</Val>
</DBL>
<DBL>
<Name></Name>
<Val>0.26553679932432</Val>
</DBL>
<DBL>
<Name></Name>
<Val>0.19513743201686</Val>
</DBL>
<DBL>
<Name></Name>
<Val>0.13215612415081</Val>
</DBL>
<DBL>
<Name></Name>
<Val>0.10641499197433</Val>
</DBL>
<DBL>
<Name></Name>
<Val>4.07872545062139E-3</Val>
</DBL>
<DBL>
<Name></Name>
<Val>3.12507467745846E-3</Val>
</DBL>
<DBL>
<Name></Name>
<Val>2.18967143063786E-3</Val>
</DBL>
<DBL>
<Name></Name>
<Val>1.72721922849642E-3</Val>
</DBL>
<DBL>
<Name></Name>
<Val>2.03012405990126E-2</Val>
</DBL>
<DBL>
<Name></Name>
<Val>0.26696312912474</Val>
</DBL>
<DBL>
<Name></Name>
<Val>0.26397242660239</Val>
</DBL>
<DBL>
<Name></Name>
<Val>0.19554470110366</Val>
</DBL>
<DBL>
<Name></Name>
<Val>0.13407338463995</Val>
</DBL>
<DBL>
<Name></Name>
<Val>0.10802442714303</Val>
</DBL>
<DBL>
<Name></Name>
<Val>3.88497968007347E-3</Val>
</DBL>
<DBL>
<Name></Name>
<Val>2.98327685213239E-3</Val>
</DBL>
<DBL>
<Name></Name>
<Val>2.10254411751295E-3</Val>
</DBL>
<DBL>
<Name></Name>
<Val>1.67632547590853E-3</Val>
</DBL>
<DBL>
<Name></Name>
<Val>2.01235579454977E-2</Val>
</DBL>
<DBL>
<Name></Name>
<Val>0.26532591431793</Val>
</DBL>
<DBL>
<Name></Name>
<Val>0.26243712743219</Val>
</DBL>
<DBL>
<Name></Name>
<Val>0.19592674842951</Val>
</DBL>
<DBL>
<Name></Name>
<Val>0.13594420669971</Val>
</DBL>
<DBL>
<Name></Name>
<Val>0.10959531904954</Val>
</DBL>
<DBL>
<Name></Name>
<Val>3.70648309094423E-3</Val>
</DBL>
<DBL>
<Name></Name>
<Val>2.85257750135414E-3</Val>
</DBL>
<DBL>
<Name></Name>
<Val>2.02211843206956E-3</Val>
</DBL>
<DBL>
<Name></Name>
<Val>1.62915414352133E-3</Val>
</DBL>
<DBL>
<Name></Name>
<Val>1.99528659751184E-2</Val>
</DBL>
<DBL>
<Name></Name>
<Val>0.26372257677843</Val>
</DBL>
<DBL>
<Name></Name>
<Val>0.26093135316049</Val>
</DBL>
<DBL>
<Name></Name>
<Val>0.19628537865616</Val>
</DBL>
<DBL>
<Name></Name>
<Val>0.13776928703681</Val>
</DBL>
<DBL>
<Name></Name>
<Val>0.11112820522510</Val>
</DBL>
<DBL>
<Name></Name>
<Val>3.54197975600732E-3</Val>
</DBL>
<DBL>
<Name></Name>
<Val>2.73206443356953E-3</Val>
</DBL>
<DBL>
<Name></Name>
<Val>1.94784715545329E-3</Val>
</DBL>
<DBL>
<Name></Name>
<Val>1.58540723987674E-3</Val>
</DBL>
<DBL>
<Name></Name>
<Val>1.97888008261949E-2</Val>
</DBL>
<DBL>
<Name></Name>
<Val>0.26215320129143</Val>
</DBL>
<DBL>
<Name></Name>
<Val>0.25945543363793</Val>
</DBL>
<DBL>
<Name></Name>
<Val>0.19662226198036</Val>
</DBL>
<DBL>
<Name></Name>
<Val>0.13954935177567</Val>
</DBL>
<DBL>
<Name></Name>
<Val>0.11262365190351</Val>
</DBL>
<DBL>
<Name></Name>
<Val>3.39031887619950E-3</Val>
</DBL>
<DBL>
<Name></Name>
<Val>2.62090175672665E-3</Val>
</DBL>
<DBL>
<Name></Name>
<Val>1.87922873347664E-3</Val>
</DBL>
<DBL>
<Name></Name>
<Val>1.54481146226280E-3</Val>
</DBL>
<DBL>
<Name></Name>
<Val>1.96310228267060E-2</Val>
</DBL>
<DBL>
<Name></Name>
<Val>0.26061778085031</Val>
</DBL>
<DBL>
<Name></Name>
<Val>0.25800959005541</Val>
</DBL>
<DBL>
<Name></Name>
<Val>0.19693894383858</Val>
</DBL>
<DBL>
<Name></Name>
<Val>0.14128515179606</Val>
</DBL>
<DBL>
<Name></Name>
<Val>0.11408224980428</Val>
</DBL>
<DBL>
<Name></Name>
<Val>3.25044593057395E-3</Val>
</DBL>
<DBL>
<Name></Name>
<Val>2.51832345695836E-3</Val>
</DBL>
<DBL>
<Name></Name>
<Val>1.81580343698626E-3</Val>
</DBL>
<DBL>
<Name></Name>
<Val>1.50711612654872E-3</Val>
</DBL>
<DBL>
<Name></Name>
<Val>1.94792146576078E-2</Val>
</DBL>
<DBL>
<Name></Name>
<Val>0.25911622703867</Val>
</DBL>
<DBL>
<Name></Name>
<Val>0.25659394659291</Val>
</DBL>
<DBL>
<Name></Name>
<Val>0.19723685398840</Val>
</DBL>
<DBL>
<Name></Name>
<Val>0.14297745848652</Val>
</DBL>
<DBL>
<Name></Name>
<Val>0.11550461028484</Val>
</DBL>
<DBL>
<Name></Name>
<Val>3.12139457291306E-3</Val>
</DBL>
<DBL>
<Name></Name>
<Val>2.42362751893366E-3</Val>
</DBL>
<DBL>
<Name></Name>
<Val>1.75714984596539E-3</Val>
</DBL>
<DBL>
<Name></Name>
<Val>1.47209127131309E-3</Val>
</DBL>
<DBL>
<Name></Name>
<Val>1.93330796625852E-2</Val>
</DBL>
<DBL>
<Name></Name>
<Val>0.25764837942830</Val>
</DBL>
<DBL>
<Name></Name>
<Val>0.25520854098819</Val>
</DBL>
<DBL>
<Name></Name>
<Val>0.19751731499386</Val>
</DBL>
<DBL>
<Name></Name>
<Val>0.14462705988297</Val>
</DBL>
<DBL>
<Name></Name>
<Val>0.11689136183497</Val>
</DBL>
<DBL>
<Name></Name>
<Val>3.00227921193307E-3</Val>
</DBL>
<DBL>
<Name></Name>
<Val>2.33617054213167E-3</Val>
</DBL>
<DBL>
<Name></Name>
<Val>1.70288163004304E-3</Val>
</DBL>
<DBL>
<Name></Name>
<Val>1.43952592157036E-3</Val>
</DBL>
<DBL>
<Name></Name>
<Val>1.91923402924859E-2</Val>
</DBL>
<DBL>
<Name></Name>
<Val>0.25621401408345</Val>
</DBL>
<DBL>
<Name></Name>
<Val>0.25385333412275</Val>
</DBL>
<DBL>
<Name></Name>
<Val>0.19778155014344</Val>
</DBL>
<DBL>
<Name></Name>
<Val>0.14623475716366</Val>
</DBL>
<DBL>
<Name></Name>
<Val>0.11824314688854</Val>
</DBL>
<DBL>
<Name></Name>
<Val>2.89228821734591E-3</Val>
</DBL>
<DBL>
<Name></Name>
<Val>2.25536281115961E-3</Val>
</DBL>
<DBL>
<Name></Name>
<Val>1.65264460038988E-3</Val>
</DBL>
<DBL>
<Name></Name>
<Val>1.40922649864074E-3</Val>
</DBL>
<DBL>
<Name></Name>
<Val>1.90567366736132E-2</Val>
</DBL>
<DBL>
<Name></Name>
<Val>0.25481285125361</Val>
</DBL>
<DBL>
<Name></Name>
<Val>0.25252821871375</Val>
</DBL>
<DBL>
<Name></Name>
<Val>0.19803069082960</Val>
</DBL>
<DBL>
<Name></Name>
<Val>0.14780136147327</Val>
</DBL>
<DBL>
<Name></Name>
<Val>0.11956061892862</Val>
</DBL>
<DBL>
<Name></Name>
<Val>2.79067769892476E-3</Val>
</DBL>
<DBL>
<Name></Name>
<Val>2.18066378177596E-3</Val>
</DBL>
<DBL>
<Name></Name>
<Val>1.60611401009508E-3</Val>
</DBL>
<DBL>
<Name></Name>
<Val>1.38101536384336E-3</Val>
</DBL>
<DBL>
<Name></Name>
<Val>1.89260252899108E-2</Val>
</DBL>
<DBL>
<Name></Name>
<Val>0.25344456232929</Val>
</DBL>
<DBL>
<Name></Name>
<Val>0.25123302719241</Val>
</DBL>
<DBL>
<Name></Name>
<Val>0.19826578341879</Val>
</DBL>
<DBL>
<Name></Name>
<Val>0.14932769105100</Val>
</DBL>
<DBL>
<Name></Name>
<Val>0.12084443986395</Val>
</DBL>
<DBL>
<Name></Name>
<Val>2.69676581018756E-3</Val>
</DBL>
<DBL>
<Name></Name>
<Val>2.11157794752036E-3</Val>
</DBL>
<DBL>
<Name></Name>
<Val>1.56299208205298E-3</Val>
</DBL>
<DBL>
<Name></Name>
<Val>1.35472948473165E-3</Val>
</DBL>
<DBL>
<Name></Name>
<Val>1.87999777698659E-2</Val>
</DBL>
<DBL>
<Name></Name>
<Val>0.25210877612835</Val>
</DBL>
<DBL>
<Name></Name>
<Val>0.24996753884216</Val>
</DBL>
<DBL>
<Name></Name>
<Val>0.19848779564072</Val>
</DBL>
<DBL>
<Name></Name>
<Val>0.15081456863865</Val>
</DBL>
<DBL>
<Name></Name>
<Val>0.12209527765576</Val>
</DBL>
<DBL>
<Name></Name>
<Val>2.60992753240271E-3</Val>
</DBL>
<DBL>
<Name></Name>
<Val>2.04765105481821E-3</Val>
</DBL>
<DBL>
<Name></Name>
<Val>1.52300574515993E-3</Val>
</DBL>
<DBL>
<Name></Name>
<Val>1.33021921354162E-3</Val>
</DBL>
<DBL>
<Name></Name>
<Val>1.86783797696830E-2</Val>
</DBL>
<DBL>
<Name></Name>
<Val>0.25080508457424</Val>
</DBL>
<DBL>
<Name></Name>
<Val>0.24873148626327</Val>
</DBL>
<DBL>
<Name></Name>
<Val>0.19869762252481</Val>
</DBL>
<DBL>
<Name></Name>
<Val>0.15226281914668</Val>
</DBL>
<DBL>
<Name></Name>
<Val>0.12331380417540</Val>
</DBL>
<DBL>
<Name></Name>
<Val>2.52958989836478E-3</Val>
</DBL>
<DBL>
<Name></Name>
<Val>1.98846663714290E-3</Val>
</DBL>
<DBL>
<Name></Name>
<Val>1.48590456124352E-3</Val>
</DBL>
<DBL>
<Name></Name>
<Val>1.30734716839481E-3</Val>
</DBL>
<DBL>
<Name></Name>
<Val>1.85610299449600E-2</Val>
</DBL>
<DBL>
<Name></Name>
<Val>0.24953304782191</Val>
</DBL>
<DBL>
<Name></Name>
<Val>0.24752456122440</Val>
</DBL>
<DBL>
<Name></Name>
<Val>0.19889609191134</Val>
</DBL>
<DBL>
<Name></Name>
<Val>0.15367326755756</Val>
</DBL>
<DBL>
<Name></Name>
<Val>0.12450069327468</Val>
</DBL>
<DBL>
<Name></Name>
<Val>2.45522761881500E-3</Val>
</DBL>
<DBL>
<Name></Name>
<Val>1.93364284130425E-3</Val>
</DBL>
<DBL>
<Name></Name>
<Val>1.45145882663041E-3</Val>
</DBL>
<DBL>
<Name></Name>
<Val>1.28598720859533E-3</Val>
</DBL>
<DBL>
<Name></Name>
<Val>1.84477390037170E-2</Val>
</DBL>
<DBL>
<Name></Name>
<Val>0.24829219888188</Val>
</DBL>
<DBL>
<Name></Name>
<Val>0.24634641995652</Val>
</DBL>
<DBL>
<Name></Name>
<Val>0.19908396956374</Val>
</DBL>
<DBL>
<Name></Name>
<Val>0.15504673704704</Val>
</DBL>
<DBL>
<Name></Name>
<Val>0.12565661905176</Val>
</DBL>
<DBL>
<Name></Name>
<Val>2.38635907751818E-3</Val>
</DBL>
<DBL>
<Name></Name>
<Val>1.88282952120709E-3</Val>
</DBL>
<DBL>
<Name></Name>
<Val>1.41945783361872E-3</Val>
</DBL>
<DBL>
<Name></Name>
<Val>1.26602349609106E-3</Val>
</DBL>
<DBL>
<Name></Name>
<Val>1.83383288342030E-2</Val>
</DBL>
<DBL>
<Name></Name>
<Val>0.24708204778850</Val>
</DBL>
<DBL>
<Name></Name>
<Val>0.24519668793912</Val>
</DBL>
<DBL>
<Name></Name>
<Val>0.19926196390729</Val>
</DBL>
<DBL>
<Name></Name>
<Val>0.15638404730560</Val>
</DBL>
<DBL>
<Name></Name>
<Val>0.12678225429684</Val>
</DBL>
<DBL>
<Name></Name>
<Val>2.32254266387944E-3</Val>
</DBL>
<DBL>
<Name></Name>
<Val>1.83570557650670E-3</Val>
</DBL>
<DBL>
<Name></Name>
<Val>1.38970827836442E-3</Val>
</DBL>
<DBL>
<Name></Name>
<Val>1.24734963583768E-3</Val>
</DBL>
<DBL>
<Name></Name>
<Val>1.82326317014348E-2</Val>
</DBL>
<DBL>
<Name></Name>
<Val>0.24590208535417</Val>
</DBL>
<DBL>
<Name></Name>
<Val>0.24407496422468</Val>
</DBL>
<DBL>
<Name></Name>
<Val>0.19943073041884</Val>
</DBL>
<DBL>
<Name></Name>
<Val>0.15768601304338</Val>
</DBL>
<DBL>
<Name></Name>
<Val>0.12787826910291</Val>
</DBL>
<DBL>
<Name></Name>
<Val>2.26337341461292E-3</Val>
</DBL>
<DBL>
<Name></Name>
<Val>1.79197651549454E-3</Val>
</DBL>
<DBL>
<Name></Name>
<Val>1.36203280283091E-3</Val>
</DBL>
<DBL>
<Name></Name>
<Val>1.22986788841673E-3</Val>
</DBL>
<DBL>
<Name></Name>
<Val>1.81304895069073E-2</Val>
</DBL>
<DBL>
<Name></Name>
<Val>0.24475178654737</Val>
</DBL>
<DBL>
<Name></Name>
<Val>0.24298082534281</Val>
</DBL>
<DBL>
<Name></Name>
<Val>0.19959087569057</Val>
</DBL>
<DBL>
<Name></Name>
<Val>0.15895344266318</Val>
</DBL>
<DBL>
<Name></Name>
<Val>0.12894532962782</Val>
</DBL>
<DBL>
<Name></Name>
<Val>2.20847993838096E-3</Val>
</DBL>
<DBL>
<Name></Name>
<Val>1.75137222329351E-3</Val>
</DBL>
<DBL>
<Name></Name>
<Val>1.33626865949308E-3</Val>
</DBL>
<DBL>
<Name></Name>
<Val>1.21348844881946E-3</Val>
</DBL>
<DBL>
<Name></Name>
<Val>1.80317531063680E-2</Val>
</DBL>
<DBL>
<Name></Name>
<Val>0.24363061352915</Val>
</DBL>
<DBL>
<Name></Name>
<Val>0.24191382882218</Val>
</DBL>
<DBL>
<Name></Name>
<Val>0.19974296118996</Val>
</DBL>
<DBL>
<Name></Name>
<Val>0.16018713708729</Val>
</DBL>
<DBL>
<Name></Name>
<Val>0.12998409699506</Val>
</DBL>
<DBL>
<Name></Name>
<Val>2.15752159952545E-3</Val>
</DBL>
<DBL>
<Name></Name>
<Val>1.71364491803957E-3</Val>
</DBL>
<DBL>
<Name></Name>
<Val>1.31226648844253E-3</Val>
</DBL>
<DBL>
<Name></Name>
<Val>1.19812878582194E-3</Val>
</DBL>
<DBL>
<Name></Name>
<Val>1.79362816809547E-2</Val>
</DBL>
<DBL>
<Name></Name>
<Val>0.24253801837934</Val>
</DBL>
<DBL>
<Name></Name>
<Val>0.24087351636453</Val>
</DBL>
<DBL>
<Name></Name>
<Val>0.19988750673690</Val>
</DBL>
<DBL>
<Name></Name>
<Val>0.16138788872496</Val>
</DBL>
<DBL>
<Name></Name>
<Val>0.13099522632149</Val>
</DBL>
<DBL>
<Name></Name>
<Val>2.11018593902956E-3</Val>
</DBL>
<DBL>
<Name></Name>
<Val>1.67856727918975E-3</Val>
</DBL>
<DBL>
<Name></Name>
<Val>1.28988919741403E-3</Val>
</DBL>
<DBL>
<Name></Name>
<Val>1.18371303684656E-3</Val>
</DBL>
<DBL>
<Name></Name>
<Val>1.78439421573838E-2</Val>
</DBL>
<DBL>
<Name></Name>
<Val>0.24147344554098</Val>
</DBL>
<DBL>
<Name></Name>
<Val>0.23985941670239</Val>
</DBL>
<DBL>
<Name></Name>
<Val>0.20002499371759</Val>
</DBL>
<DBL>
<Name></Name>
<Val>0.16255648056813</Val>
</DBL>
<DBL>
<Name></Name>
<Val>0.13197936586104</Val>
</DBL>
<DBL>
<Name></Name>
<Val>2.06618631269452E-3</Val>
</DBL>
<DBL>
<Name></Name>
<Val>1.64593073343580E-3</Val>
</DBL>
<DBL>
<Name></Name>
<Val>1.26901093605394E-3</Val>
</DBL>
<DBL>
<Name></Name>
<Val>1.17017145363611E-3</Val>
</DBL>
<DBL>
<Name></Name>
<Val>1.77546086732187E-2</Val>
</DBL>
<DBL>
<Name></Name>
<Val>0.24043633400907</Val>
</DBL>
<DBL>
<Name></Name>
<Val>0.23887104816900</Val>
</DBL>
<DBL>
<Name></Name>
<Val>0.20015586805395</Val>
</DBL>
<DBL>
<Name></Name>
<Val>0.16369368540449</Val>
</DBL>
<DBL>
<Name></Name>
<Val>0.13293715625445</Val>
</DBL>
<DBL>
<Name></Name>
<Val>2.02525972820616E-3</Val>
</DBL>
<DBL>
<Name></Name>
<Val>1.61554388492854E-3</Val>
</DBL>
<DBL>
<Name></Name>
<Val>1.24951615648385E-3</Val>
</DBL>
<DBL>
<Name></Name>
<Val>1.15743989446005E-3</Val>
</DBL>
<DBL>
<Name></Name>
<Val>1.76681620835777E-2</Val>
</DBL>
<DBL>
<Name></Name>
<Val>0.23942611928704</Val>
</DBL>
<DBL>
<Name></Name>
<Val>0.23790792100664</Val>
</DBL>
<DBL>
<Name></Name>
<Val>0.20028054294597</Val>
</DBL>
<DBL>
<Name></Name>
<Val>0.16480026513702</Val>
</DBL>
<DBL>
<Name></Name>
<Val>0.13386922987567</Val>
</DBL>
<DBL>
<Name></Name>
<Val>1.98716486431348E-3</Val>
</DBL>
<DBL>
<Name></Name>
<Val>1.58723107764093E-3</Val>
</DBL>
<DBL>
<Name></Name>
<Val>1.23129875288306E-3</Val>
</DBL>
<DBL>
<Name></Name>
<Val>1.14545935893422E-3</Val>
</DBL>
<DBL>
<Name></Name>
<Val>1.75844895059294E-2</Val>
</DBL>
<DBL>
<Name></Name>
<Val>0.23844223513256</Val>
</DBL>
<DBL>
<Name></Name>
<Val>0.23696953943712</Val>
</DBL>
<DBL>
<Name></Name>
<Val>0.20039940140348</Val>
</DBL>
<DBL>
<Name></Name>
<Val>0.16587697020078</Val>
</DBL>
<DBL>
<Name></Name>
<Val>0.13477621026635</Val>
</DBL>
<DBL>
<Name></Name>
<Val>1.95168025675789E-3</Val>
</DBL>
<DBL>
<Name></Name>
<Val>1.56083107872499E-3</Val>
</DBL>
<DBL>
<Name></Name>
<Val>1.21426127342819E-3</Val>
</DBL>
<DBL>
<Name></Name>
<Val>1.13417556186510E-3</Val>
</DBL>
<DBL>
<Name></Name>
<Val>1.75034838999035E-2</Val>
</DBL>
<DBL>
<Name></Name>
<Val>0.23748411511214</Val>
</DBL>
<DBL>
<Name></Name>
<Val>0.23605540351602</Val>
</DBL>
<DBL>
<Name></Name>
<Val>0.20051279858264</Val>
</DBL>
<DBL>
<Name></Name>
<Val>0.16692453906796</Val>
</DBL>
<DBL>
<Name></Name>
<Val>0.13565871165056</Val>
</DBL>
<DBL>
<Name></Name>
<Val>1.91860263688880E-3</Val>
</DBL>
<DBL>
<Name></Name>
<Val>1.53619587265887E-3</Val>
</DBL>
<DBL>
<Name></Name>
<Val>1.19831419848998E-3</Val>
</DBL>
<DBL>
<Name></Name>
<Val>1.12353854283254E-3</Val>
</DBL>
<DBL>
<Name></Name>
<Val>1.74250436792896E-2</Val>
</DBL>
<DBL>
<Name></Name>
<Val>0.23655119398231</Val>
</DBL>
<DBL>
<Name></Name>
<Val>0.23516501079046</Val>
</DBL>
<DBL>
<Name></Name>
<Val>0.20062106394171</Val>
</DBL>
<DBL>
<Name></Name>
<Val>0.16794369783297</Val>
</DBL>
<DBL>
<Name></Name>
<Val>0.13651733852239</Val>
</DBL>
<DBL>
<Name></Name>
<Val>1.88774541008862E-3</Val>
</DBL>
<DBL>
<Name></Name>
<Val>1.51318955684161E-3</Val>
</DBL>
<DBL>
<Name></Name>
<Val>1.18337527950220E-3</Val>
</DBL>
<DBL>
<Name></Name>
<Val>1.11350230850217E-3</Val>
</DBL>
<DBL>
<Name></Name>
<Val>1.73490723536295E-2</Val>
</DBL>
<DBL>
<Name></Name>
<Val>0.23564290891362</Val>
</DBL>
<DBL>
<Name></Name>
<Val>0.23429785777848</Val>
</DBL>
<DBL>
<Name></Name>
<Val>0.20072450322928</Val>
</DBL>
<DBL>
<Name></Name>
<Val>0.16893515987029</Val>
</DBL>
<DBL>
<Name></Name>
<Val>0.13735268529976</Val>
</DBL>
<DBL>
<Name></Name>
<Val>1.85893726221706E-3</Val>
</DBL>
<DBL>
<Name></Name>
<Val>1.49168733008147E-3</Val>
</DBL>
<DBL>
<Name></Name>
<Val>1.16936893338894E-3</Val>
</DBL>
<DBL>
<Name></Name>
<Val>1.10402450491178E-3</Val>
</DBL>
<DBL>
<Name></Name>
<Val>1.72754781970211E-2</Val>
</DBL>
<DBL>
<Name></Name>
<Val>0.23475870057206</Val>
</DBL>
<DBL>
<Name></Name>
<Val>0.23345344128627</Val>
</DBL>
<DBL>
<Name></Name>
<Val>0.20082340031778</Val>
</DBL>
<DBL>
<Name></Name>
<Val>0.16989962555800</Val>
</DBL>
<DBL>
<Name></Name>
<Val>0.13816533603826</Val>
</DBL>
<DBL>
<Name></Name>
<Val>1.83202088327992E-3</Val>
</DBL>
<DBL>
<Name></Name>
<Val>1.47157456614620E-3</Val>
</DBL>
<DBL>
<Name></Name>
<Val>1.15622568786803E-3</Val>
</DBL>
<DBL>
<Name></Name>
<Val>1.09506611720901E-3</Val>
</DBL>
<DBL>
<Name></Name>
<Val>1.72041739419441E-2</Val>
</DBL>
<DBL>
<Name></Name>
<Val>0.23389801407140</Val>
</DBL>
<DBL>
<Name></Name>
<Val>0.23263125957827</Val>
</DBL>
<DBL>
<Name></Name>
<Val>0.20091801889372</Val>
</DBL>
<DBL>
<Name></Name>
<Val>0.17083778206084</Val>
</DBL>
<DBL>
<Name></Name>
<Val>0.13895586419932</Val>
</DBL>
<DBL>
<Name></Name>
<Val>1.80685179843874E-3</Val>
</DBL>
<DBL>
<Name></Name>
<Val>1.45274596520386E-3</Val>
</DBL>
<DBL>
<Name></Name>
<Val>1.14388167334326E-3</Val>
</DBL>
<DBL>
<Name></Name>
<Val>1.08659119452965E-3</Val>
</DBL>
<DBL>
<Name></Name>
<Val>1.71350764960982E-2</Val>
</DBL>
<DBL>
<Name></Name>
<Val>0.23306029980857</Val>
</DBL>
<DBL>
<Name></Name>
<Val>0.23183081341378</Val>
</DBL>
<DBL>
<Name></Name>
<Val>0.20100860401568</Val>
</DBL>
<DBL>
<Name></Name>
<Val>0.17175030316682</Val>
</DBL>
<DBL>
<Name></Name>
<Val>0.13972483246754</Val>
</DBL>
<DBL>
<Name></Name>
<Val>1.78329729731176E-3</Val>
</DBL>
<DBL>
<Name></Name>
<Val>1.43510477658886E-3</Val>
</DBL>
<DBL>
<Name></Name>
<Val>1.13227815745990E-3</Val>
</DBL>
<DBL>
<Name></Name>
<Val>1.07856659790120E-3</Val>
</DBL>
<DBL>
<Name></Name>
<Val>1.70681066804082E-2</Val>
</DBL>
<DBL>
<Name></Name>
<Val>0.23224501419325</Val>
</DBL>
<DBL>
<Name></Name>
<Val>0.23105160696243</Val>
</DBL>
<DBL>
<Name></Name>
<Val>0.20109538355001</Val>
</DBL>
<DBL>
<Name></Name>
<Val>0.17263784917226</Val>
</DBL>
<DBL>
<Name></Name>
<Val>0.14047279261239</Val>
</DBL>
<DBL>
<Name></Name>
<Val>1.76123545328030E-3</Val>
</DBL>
<DBL>
<Name></Name>
<Val>1.41856208688098E-3</Val>
</DBL>
<DBL>
<Name></Name>
<Val>1.12136111872916E-3</Val>
</DBL>
<DBL>
<Name></Name>
<Val>1.07096176923430E-3</Val>
</DBL>
<DBL>
<Name></Name>
<Val>1.70031889865011E-2</Val>
</DBL>
<DBL>
<Name></Name>
<Val>0.23145162028171</Val>
</DBL>
<DBL>
<Name></Name>
<Val>0.23029314860984</Val>
</DBL>
<DBL>
<Name></Name>
<Val>0.20117856949376</Val>
</DBL>
<DBL>
<Name></Name>
<Val>0.17350106681024</Val>
</DBL>
<DBL>
<Name></Name>
<Val>0.14120028538983</Val>
</DBL>
<DBL>
<Name></Name>
<Val>1.74055422521414E-3</Val>
</DBL>
<DBL>
<Name></Name>
<Val>1.40303616779331E-3</Val>
</DBL>
<DBL>
<Name></Name>
<Val>1.11108085593047E-3</Val>
</DBL>
<DBL>
<Name></Name>
<Val>1.06374851962807E-3</Val>
</DBL>
<DBL>
<Name></Name>
<Val>1.69402513520991E-2</Val>
</DBL>
<DBL>
<Name></Name>
<Val>0.23067958832408</Val>
</DBL>
<DBL>
<Name></Name>
<Val>0.22955495166380</Val>
</DBL>
<DBL>
<Name></Name>
<Val>0.20125835919345</Val>
</DBL>
<DBL>
<Name></Name>
<Val>0.17434058921807</Val>
</DBL>
<DBL>
<Name></Name>
<Val>0.14190784047994</Val>
</DBL>
<DBL>
<Name></Name>
<Val>1.72115063466931E-3</Val>
</DBL>
<DBL>
<Name></Name>
<Val>1.38845187882884E-3</Val>
</DBL>
<DBL>
<Name></Name>
<Val>1.10139163027789E-3</Val>
</DBL>
<DBL>
<Name></Name>
<Val>1.05690083536486E-3</Val>
</DBL>
<DBL>
<Name></Name>
<Val>1.68792249528990E-2</Val>
</DBL>
<DBL>
<Name></Name>
<Val>0.22992839623348</Val>
</DBL>
<DBL>
<Name></Name>
<Val>0.22883653497030</Val>
</DBL>
<DBL>
<Name></Name>
<Val>0.20133493646776</Val>
</DBL>
<DBL>
<Name></Name>
<Val>0.17515703593963</Val>
</DBL>
<DBL>
<Name></Name>
<Val>0.14259597645680</Val>
</DBL>
<DBL>
<Name></Name>
<Val>1.70293001219818E-3</Val>
</DBL>
<DBL>
<Name></Name>
<Val>1.37474012009092E-3</Val>
</DBL>
<DBL>
<Name></Name>
<Val>1.09225133759146E-3</Val>
</DBL>
<DBL>
<Name></Name>
<Val>1.05039470010699E-3</Val>
</DBL>
<DBL>
<Name></Name>
<Val>1.68200440096269E-2</Val>
</DBL>
<DBL>
<Name></Name>
<Val>0.22919752998456</Val>
</DBL>
<DBL>
<Name></Name>
<Val>0.22813742344802</Val>
</DBL>
<DBL>
<Name></Name>
<Val>0.20140847264161</Val>
</DBL>
<DBL>
<Name></Name>
<Val>0.17595101295898</Val>
</DBL>
<DBL>
<Name></Name>
<Val>0.14326520078721</Val>
</DBL>
<DBL>
<Name></Name>
<Val>1.68580530694802E-3</Val>
</DBL>
<DBL>
<Name></Name>
<Val>1.36183733102223E-3</Val>
</DBL>
<DBL>
<Name></Name>
<Val>1.08362120794681E-3</Val>
</DBL>
<DBL>
<Name></Name>
<Val>1.04420793193308E-3</Val>
</DBL>
<DBL>
<Name></Name>
<Val>1.67626456090620E-2</Val>
</DBL>
<DBL>
<Name></Name>
<Val>0.22848648394844</Val>
</DBL>
<DBL>
<Name></Name>
<Val>0.22745714854907</Val>
</DBL>
<DBL>
<Name></Name>
<Val>0.20147912749863</Val>
</DBL>
<DBL>
<Name></Name>
<Val>0.17672311276164</Val>
</DBL>
<DBL>
<Name></Name>
<Val>0.14391600985531</Val>
</DBL>
<DBL>
<Name></Name>
<Val>1.66969645421591E-3</Val>
</DBL>
<DBL>
<Name></Name>
<Val>1.34968503120310E-3</Val>
</DBL>
<DBL>
<Name></Name>
<Val>1.07546553048934E-3</Val>
</DBL>
<DBL>
<Name></Name>
<Val>1.03832003396672E-3</Val>
</DBL>
<DBL>
<Name></Name>
<Val>1.67069695379230E-2</Val>
</DBL>
<DBL>
<Name></Name>
<Val>0.22779476117021</Val>
</DBL>
<DBL>
<Name></Name>
<Val>0.22679524865300</Val>
</DBL>
<DBL>
<Name></Name>
<Val>0.20154705015825</Val>
</DBL>
<DBL>
<Name></Name>
<Val>0.17747391442060</Val>
</DBL>
<DBL>
<Name></Name>
<Val>0.14454888901015</Val>
</DBL>
<DBL>
<Name></Name>
<Val>1.65452979607730E-3</Val>
</DBL>
<DBL>
<Name></Name>
<Val>1.33822939966664E-3</Val>
</DBL>
<DBL>
<Name></Name>
<Val>1.06775140129482E-3</Val>
</DBL>
<DBL>
<Name></Name>
<Val>1.03271205745513E-3</Val>
</DBL>
<DBL>
<Name></Name>
<Val>1.66529581286024E-2</Val>
</DBL>
<DBL>
<Name></Name>
<Val>0.22712187359494</Val>
</DBL>
<DBL>
<Name></Name>
<Val>0.22615126940069</Val>
</DBL>
<DBL>
<Name></Name>
<Val>0.20161237988350</Val>
</DBL>
<DBL>
<Name></Name>
<Val>0.17820398370408</Val>
</DBL>
<DBL>
<Name></Name>
<Val>0.14516431263371</Val>
</DBL>
<DBL>
<Name></Name>
<Val>1.64023755061778E-3</Val>
</DBL>
<DBL>
<Name></Name>
<Val>1.32742088948680E-3</Val>
</DBL>
<DBL>
<Name></Name>
<Val>1.06044849233627E-3</Val>
</DBL>
<DBL>
<Name></Name>
<Val>1.02736647625173E-3</Val>
</DBL>
<DBL>
<Name></Name>
<Val>1.66005561158142E-2</Val>
</DBL>
<DBL>
<Name></Name>
<Val>0.22646734224720</Val>
</DBL>
<DBL>
<Name></Name>
<Val>0.22552476397388</Val>
</DBL>
<DBL>
<Name></Name>
<Val>0.20167524682492</Val>
</DBL>
<DBL>
<Name></Name>
<Val>0.17891387320257</Val>
</DBL>
<DBL>
<Name></Name>
<Val>0.14576274422693</Val>
</DBL>
</Array>
<Array>
<Name>StateAdjacencyMatrix</Name>
<Dimsize>10</Dimsize>
<Dimsize>10</Dimsize>
<String>
<Name></Name>
<Val>@</Val>
</String>
<String>
<Name></Name>
<Val>C</Val>
</String>
<String>
<Name></Name>
<Val>@</Val>
</String>
<String>
<Name></Name>
<Val>@</Val>
</String>
<String>
<Name></Name>
<Val>@</Val>
</String>
<String>
<Name></Name>
<Val>@</Val>
</String>
<String>
<Name></Name>
<Val>@</Val>
</String>
<String>
<Name></Name>
<Val>@</Val>
</String>
<String>
<Name></Name>
<Val>@</Val>
</String>
<String>
<Name></Name>
<Val>@</Val>
</String>
<String>
<Name></Name>
<Val>A</Val>
</String>
<String>
<Name></Name>
<Val>@</Val>
</String>
<String>
<Name></Name>
<Val>C</Val>
</String>
<String>
<Name></Name>
<Val>@</Val>
</String>
<String>
<Name></Name>
<Val>@</Val>
</String>
<String>
<Name></Name>
<Val>@</Val>
</String>
<String>
<Name></Name>
<Val>@</Val>
</String>
<String>
<Name></Name>
<Val>@</Val>
</String>
<String>
<Name></Name>
<Val>@</Val>
</String>
<String>
<Name></Name>
<Val>@</Val>
</String>
<String>
<Name></Name>
<Val>@</Val>
</String>
<String>
<Name></Name>
<Val>A</Val>
</String>
<String>
<Name></Name>
<Val>@</Val>
</String>
<String>
<Name></Name>
<Val>A</Val>
</String>
<String>
<Name></Name>
<Val>@</Val>
</String>
<String>
<Name></Name>
<Val>@</Val>
</String>
<String>
<Name></Name>
<Val>@</Val>
</String>
<String>
<Name></Name>
<Val>@</Val>
</String>
<String>
<Name></Name>
<Val>@</Val>
</String>
<String>
<Name></Name>
<Val>@</Val>
</String>
<String>
<Name></Name>
<Val>@</Val>
</String>
<String>
<Name></Name>
<Val>@</Val>
</String>
<String>
<Name></Name>
<Val>A</Val>
</String>
<String>
<Name></Name>
<Val>@</Val>
</String>
<String>
<Name></Name>
<Val>A</Val>
</String>
<String>
<Name></Name>
<Val>@</Val>
</String>
<String>
<Name></Name>
<Val>@</Val>
</String>
<String>
<Name></Name>
<Val>@</Val>
</String>
<String>
<Name></Name>
<Val>@</Val>
</String>
<String>
<Name></Name>
<Val>@</Val>
</String>
<String>
<Name></Name>
<Val>@</Val>
</String>
<String>
<Name></Name>
<Val>@</Val>
</String>
<String>
<Name></Name>
<Val>@</Val>
</String>
<String>
<Name></Name>
<Val>B</Val>
</String>
<String>
<Name></Name>
<Val>@</Val>
</String>
<String>
<Name></Name>
<Val>C</Val>
</String>
<String>
<Name></Name>
<Val>@</Val>
</String>
<String>
<Name></Name>
<Val>@</Val>
</String>
<String>
<Name></Name>
<Val>@</Val>
</String>
<String>
<Name></Name>
<Val>@</Val>
</String>
<String>
<Name></Name>
<Val>@</Val>
</String>
<String>
<Name></Name>
<Val>@</Val>
</String>
<String>
<Name></Name>
<Val>@</Val>
</String>
<String>
<Name></Name>
<Val>@</Val>
</String>
<String>
<Name></Name>
<Val>B</Val>
</String>
<String>
<Name></Name>
<Val>@</Val>
</String>
<String>
<Name></Name>
<Val>C</Val>
</String>
<String>
<Name></Name>
<Val>@</Val>
</String>
<String>
<Name></Name>
<Val>@</Val>
</String>
<String>
<Name></Name>
<Val>@</Val>
</String>
<String>
<Name></Name>
<Val>@</Val>
</String>
<String>
<Name></Name>
<Val>@</Val>
</String>
<String>
<Name></Name>
<Val>@</Val>
</String>
<String>
<Name></Name>
<Val>@</Val>
</String>
<String>
<Name></Name>
<Val>@</Val>
</String>
<String>
<Name></Name>
<Val>C</Val>
</String>
<String>
<Name></Name>
<Val>@</Val>
</String>
<String>
<Name></Name>
<Val>B</Val>
</String>
<String>
<Name></Name>
<Val>@</Val>
</String>
<String>
<Name></Name>
<Val>@</Val>
</String>
<String>
<Name></Name>
<Val>@</Val>
</String>
<String>
<Name></Name>
<Val>@</Val>
</String>
<String>
<Name></Name>
<Val>@</Val>
</String>
<String>
<Name></Name>
<Val>@</Val>
</String>
<String>
<Name></Name>
<Val>@</Val>
</String>
<String>
<Name></Name>
<Val>@</Val>
</String>
<String>
<Name></Name>
<Val>B</Val>
</String>
<String>
<Name></Name>
<Val>@</Val>
</String>
<String>
<Name></Name>
<Val>B</Val>
</String>
<String>
<Name></Name>
<Val>@</Val>
</String>
<String>
<Name></Name>
<Val>@</Val>
</String>
<String>
<Name></Name>
<Val>@</Val>
</String>
<String>
<Name></Name>
<Val>@</Val>
</String>
<String>
<Name></Name>
<Val>@</Val>
</String>
<String>
<Name></Name>
<Val>@</Val>
</String>
<String>
<Name></Name>
<Val>@</Val>
</String>
<String>
<Name></Name>
<Val>@</Val>
</String>
<String>
<Name></Name>
<Val>B</Val>
</String>
<String>
<Name></Name>
<Val>@</Val>
</String>
<String>
<Name></Name>
<Val>C</Val>
</String>
<String>
<Name></Name>
<Val>@</Val>
</String>
<String>
<Name></Name>
<Val>@</Val>
</String>
<String>
<Name></Name>
<Val>@</Val>
</String>
<String>
<Name></Name>
<Val>@</Val>
</String>
<String>
<Name></Name>
<Val>@</Val>
</String>
<String>
<Name></Name>
<Val>@</Val>
</String>
<String>
<Name></Name>
<Val>@</Val>
</String>
<String>
<Name></Name>
<Val>@</Val>
</String>
<String>
<Name></Name>
<Val>A</Val>
</String>
<String>
<Name></Name>
<Val>@</Val>
</String>
</Array>
<Cluster>
<Name>IntegrationParams</Name>
<NumElts>4</NumElts>
<DBL>
<Name>time start</Name>
<Val>0.00000000000000</Val>
</DBL>
<DBL>
<Name>time end</Name>
<Val>999.00000000000000</Val>
</DBL>
<DBL>
<Name>h (step rate)</Name>
<Val>0.10000000000000</Val>
</DBL>
<Array>
<Name>X0</Name>
<Dimsize>10</Dimsize>
<I32>
<Name></Name>
<Val>1</Val>
</I32>
<I32>
<Name></Name>
<Val>0</Val>
</I32>
<I32>
<Name></Name>
<Val>0</Val>
</I32>
<I32>
<Name></Name>
<Val>0</Val>
</I32>
<I32>
<Name></Name>
<Val>0</Val>
</I32>
<I32>
<Name></Name>
<Val>0</Val>
</I32>
<I32>
<Name></Name>
<Val>0</Val>
</I32>
<I32>
<Name></Name>
<Val>0</Val>
</I32>
<I32>
<Name></Name>
<Val>0</Val>
</I32>
<I32>
<Name></Name>
<Val>0</Val>
</I32>
</Array>
</Cluster>
<Array>
<Name>StateNames</Name>
<Dimsize>10</Dimsize>
<String>
<Name>string</Name>
<Val>a</Val>
</String>
<String>
<Name>string</Name>
<Val>b</Val>
</String>
<String>
<Name>string</Name>
<Val>c</Val>
</String>
<String>
<Name>string</Name>
<Val>d</Val>
</String>
<String>
<Name>string</Name>
<Val>e</Val>
</String>
<String>
<Name>string</Name>
<Val>f</Val>
</String>
<String>
<Name>string</Name>
<Val>g</Val>
</String>
<String>
<Name>string</Name>
<Val>h</Val>
</String>
<String>
<Name>string</Name>
<Val>i</Val>
</String>
<String>
<Name>string</Name>
<Val>j</Val>
</String>
</Array>
</Cluster>
</LVData>