<?xml version='1.0' standalone='yes' ?>
<LVData xmlns="http://www.ni.com/LVData">
<Version>10.0.1</Version>
<Cluster>
<Name>ModelData</Name>
<NumElts>7</NumElts>
<Array>
<Name>Transitions</Name>
<Dimsize>16</Dimsize>
<Dimsize>2</Dimsize>
<String>
<Name>string</Name>
<Val>A</Val>
</String>
<String>
<Name>string</Name>
<Val>A</Val>
</String>
<String>
<Name>string</Name>
<Val>B</Val>
</String>
<String>
<Name>string</Name>
<Val>B</Val>
</String>
<String>
<Name>string</Name>
<Val>C</Val>
</String>
<String>
<Name>string</Name>
<Val>C</Val>
</String>
<String>
<Name>string</Name>
<Val>D</Val>
</String>
<String>
<Name>string</Name>
<Val>D</Val>
</String>
<String>
<Name>string</Name>
<Val>E</Val>
</String>
<String>
<Name>string</Name>
<Val>E</Val>
</String>
<String>
<Name>string</Name>
<Val>F</Val>
</String>
<String>
<Name>string</Name>
<Val>F</Val>
</String>
<String>
<Name>string</Name>
<Val>G</Val>
</String>
<String>
<Name>string</Name>
<Val>G</Val>
</String>
<String>
<Name>string</Name>
<Val>H</Val>
</String>
<String>
<Name>string</Name>
<Val>H</Val>
</String>
<String>
<Name>string</Name>
<Val>I</Val>
</String>
<String>
<Name>string</Name>
<Val>I</Val>
</String>
<String>
<Name>string</Name>
<Val>J</Val>
</String>
<String>
<Name>string</Name>
<Val>J</Val>
</String>
<String>
<Name>string</Name>
<Val>K</Val>
</String>
<String>
<Name>string</Name>
<Val>K</Val>
</String>
<String>
<Name>string</Name>
<Val>L</Val>
</String>
<String>
<Name>string</Name>
<Val>L</Val>
</String>
<String>
<Name>string</Name>
<Val>M</Val>
</String>
<String>
<Name>string</Name>
<Val>M</Val>
</String>
<String>
<Name>string</Name>
<Val>N</Val>
</String>
<String>
<Name>string</Name>
<Val>N</Val>
</String>
<String>
<Name>string</Name>
<Val>O</Val>
</String>
<String>
<Name>string</Name>
<Val>O</Val>
</String>
<String>
<Name>string</Name>
<Val>P</Val>
</String>
<String>
<Name>string</Name>
<Val>P</Val>
</String>
</Array>
<Array>
<Name>RealValues</Name>
<Dimsize>16</Dimsize>
<Dimsize>2</Dimsize>
<String>
<Name>string</Name>
<Val>A</Val>
</String>
<String>
<Name>string</Name>
<Val>0,033494</Val>
</String>
<String>
<Name>string</Name>
<Val>B</Val>
</String>
<String>
<Name>string</Name>
<Val>0,003620</Val>
</String>
<String>
<Name>string</Name>
<Val>C</Val>
</String>
<String>
<Name>string</Name>
<Val>0,089651</Val>
</String>
<String>
<Name>string</Name>
<Val>D</Val>
</String>
<String>
<Name>string</Name>
<Val>0,087289</Val>
</String>
<String>
<Name>string</Name>
<Val>E</Val>
</String>
<String>
<Name>string</Name>
<Val>0,215758</Val>
</String>
<String>
<Name>string</Name>
<Val>F</Val>
</String>
<String>
<Name>string</Name>
<Val>0,002571</Val>
</String>
<String>
<Name>string</Name>
<Val>G</Val>
</String>
<String>
<Name>string</Name>
<Val>0,066790</Val>
</String>
<String>
<Name>string</Name>
<Val>H</Val>
</String>
<String>
<Name>string</Name>
<Val>0,034496</Val>
</String>
<String>
<Name>string</Name>
<Val>I</Val>
</String>
<String>
<Name>string</Name>
<Val>0,082386</Val>
</String>
<String>
<Name>string</Name>
<Val>J</Val>
</String>
<String>
<Name>string</Name>
<Val>0,081393</Val>
</String>
<String>
<Name>string</Name>
<Val>K</Val>
</String>
<String>
<Name>string</Name>
<Val>0,002266</Val>
</String>
<String>
<Name>string</Name>
<Val>L</Val>
</String>
<String>
<Name>string</Name>
<Val>0,160340</Val>
</String>
<String>
<Name>string</Name>
<Val>M</Val>
</String>
<String>
<Name>string</Name>
<Val>0,061749</Val>
</String>
<String>
<Name>string</Name>
<Val>N</Val>
</String>
<String>
<Name>string</Name>
<Val>0,005080</Val>
</String>
<String>
<Name>string</Name>
<Val>O</Val>
</String>
<String>
<Name>string</Name>
<Val>0,095677</Val>
</String>
<String>
<Name>string</Name>
<Val>P</Val>
</String>
<String>
<Name>string</Name>
<Val>0,006844</Val>
</String>
</Array>
<Array>
<Name>Times</Name>
<Dimsize>100</Dimsize>
<DBL>
<Name></Name>
<Val>0.00000000000000</Val>
</DBL>
<DBL>
<Name></Name>
<Val>10.00000000000000</Val>
</DBL>
<DBL>
<Name></Name>
<Val>20.00000000000000</Val>
</DBL>
<DBL>
<Name></Name>
<Val>30.00000000000000</Val>
</DBL>
<DBL>
<Name></Name>
<Val>40.00000000000000</Val>
</DBL>
<DBL>
<Name></Name>
<Val>50.00000000000000</Val>
</DBL>
<DBL>
<Name></Name>
<Val>60.00000000000000</Val>
</DBL>
<DBL>
<Name></Name>
<Val>70.00000000000000</Val>
</DBL>
<DBL>
<Name></Name>
<Val>80.00000000000000</Val>
</DBL>
<DBL>
<Name></Name>
<Val>90.00000000000000</Val>
</DBL>
<DBL>
<Name></Name>
<Val>100.00000000000000</Val>
</DBL>
<DBL>
<Name></Name>
<Val>110.00000000000000</Val>
</DBL>
<DBL>
<Name></Name>
<Val>120.00000000000000</Val>
</DBL>
<DBL>
<Name></Name>
<Val>130.00000000000000</Val>
</DBL>
<DBL>
<Name></Name>
<Val>140.00000000000000</Val>
</DBL>
<DBL>
<Name></Name>
<Val>150.00000000000000</Val>
</DBL>
<DBL>
<Name></Name>
<Val>160.00000000000000</Val>
</DBL>
<DBL>
<Name></Name>
<Val>170.00000000000000</Val>
</DBL>
<DBL>
<Name></Name>
<Val>180.00000000000000</Val>
</DBL>
<DBL>
<Name></Name>
<Val>190.00000000000000</Val>
</DBL>
<DBL>
<Name></Name>
<Val>200.00000000000000</Val>
</DBL>
<DBL>
<Name></Name>
<Val>210.00000000000000</Val>
</DBL>
<DBL>
<Name></Name>
<Val>220.00000000000000</Val>
</DBL>
<DBL>
<Name></Name>
<Val>230.00000000000000</Val>
</DBL>
<DBL>
<Name></Name>
<Val>240.00000000000000</Val>
</DBL>
<DBL>
<Name></Name>
<Val>250.00000000000000</Val>
</DBL>
<DBL>
<Name></Name>
<Val>260.00000000000000</Val>
</DBL>
<DBL>
<Name></Name>
<Val>270.00000000000000</Val>
</DBL>
<DBL>
<Name></Name>
<Val>280.00000000000000</Val>
</DBL>
<DBL>
<Name></Name>
<Val>290.00000000000000</Val>
</DBL>
<DBL>
<Name></Name>
<Val>300.00000000000000</Val>
</DBL>
<DBL>
<Name></Name>
<Val>310.00000000000000</Val>
</DBL>
<DBL>
<Name></Name>
<Val>320.00000000000000</Val>
</DBL>
<DBL>
<Name></Name>
<Val>330.00000000000000</Val>
</DBL>
<DBL>
<Name></Name>
<Val>340.00000000000000</Val>
</DBL>
<DBL>
<Name></Name>
<Val>350.00000000000000</Val>
</DBL>
<DBL>
<Name></Name>
<Val>360.00000000000000</Val>
</DBL>
<DBL>
<Name></Name>
<Val>370.00000000000000</Val>
</DBL>
<DBL>
<Name></Name>
<Val>380.00000000000000</Val>
</DBL>
<DBL>
<Name></Name>
<Val>390.00000000000000</Val>
</DBL>
<DBL>
<Name></Name>
<Val>400.00000000000000</Val>
</DBL>
<DBL>
<Name></Name>
<Val>410.00000000000000</Val>
</DBL>
<DBL>
<Name></Name>
<Val>420.00000000000000</Val>
</DBL>
<DBL>
<Name></Name>
<Val>430.00000000000000</Val>
</DBL>
<DBL>
<Name></Name>
<Val>440.00000000000000</Val>
</DBL>
<DBL>
<Name></Name>
<Val>450.00000000000000</Val>
</DBL>
<DBL>
<Name></Name>
<Val>460.00000000000000</Val>
</DBL>
<DBL>
<Name></Name>
<Val>470.00000000000000</Val>
</DBL>
<DBL>
<Name></Name>
<Val>480.00000000000000</Val>
</DBL>
<DBL>
<Name></Name>
<Val>490.00000000000000</Val>
</DBL>
<DBL>
<Name></Name>
<Val>500.00000000000000</Val>
</DBL>
<DBL>
<Name></Name>
<Val>510.00000000000000</Val>
</DBL>
<DBL>
<Name></Name>
<Val>520.00000000000000</Val>
</DBL>
<DBL>
<Name></Name>
<Val>530.00000000000000</Val>
</DBL>
<DBL>
<Name></Name>
<Val>540.00000000000000</Val>
</DBL>
<DBL>
<Name></Name>
<Val>550.00000000000000</Val>
</DBL>
<DBL>
<Name></Name>
<Val>560.00000000000000</Val>
</DBL>
<DBL>
<Name></Name>
<Val>570.00000000000000</Val>
</DBL>
<DBL>
<Name></Name>
<Val>580.00000000000000</Val>
</DBL>
<DBL>
<Name></Name>
<Val>590.00000000000000</Val>
</DBL>
<DBL>
<Name></Name>
<Val>600.00000000000000</Val>
</DBL>
<DBL>
<Name></Name>
<Val>610.00000000000000</Val>
</DBL>
<DBL>
<Name></Name>
<Val>620.00000000000000</Val>
</DBL>
<DBL>
<Name></Name>
<Val>630.00000000000000</Val>
</DBL>
<DBL>
<Name></Name>
<Val>640.00000000000000</Val>
</DBL>
<DBL>
<Name></Name>
<Val>650.00000000000000</Val>
</DBL>
<DBL>
<Name></Name>
<Val>660.00000000000000</Val>
</DBL>
<DBL>
<Name></Name>
<Val>670.00000000000000</Val>
</DBL>
<DBL>
<Name></Name>
<Val>680.00000000000000</Val>
</DBL>
<DBL>
<Name></Name>
<Val>690.00000000000000</Val>
</DBL>
<DBL>
<Name></Name>
<Val>700.00000000000000</Val>
</DBL>
<DBL>
<Name></Name>
<Val>710.00000000000000</Val>
</DBL>
<DBL>
<Name></Name>
<Val>720.00000000000000</Val>
</DBL>
<DBL>
<Name></Name>
<Val>730.00000000000000</Val>
</DBL>
<DBL>
<Name></Name>
<Val>740.00000000000000</Val>
</DBL>
<DBL>
<Name></Name>
<Val>750.00000000000000</Val>
</DBL>
<DBL>
<Name></Name>
<Val>760.00000000000000</Val>
</DBL>
<DBL>
<Name></Name>
<Val>770.00000000000000</Val>
</DBL>
<DBL>
<Name></Name>
<Val>780.00000000000000</Val>
</DBL>
<DBL>
<Name></Name>
<Val>790.00000000000000</Val>
</DBL>
<DBL>
<Name></Name>
<Val>800.00000000000000</Val>
</DBL>
<DBL>
<Name></Name>
<Val>810.00000000000000</Val>
</DBL>
<DBL>
<Name></Name>
<Val>820.00000000000000</Val>
</DBL>
<DBL>
<Name></Name>
<Val>830.00000000000000</Val>
</DBL>
<DBL>
<Name></Name>
<Val>840.00000000000000</Val>
</DBL>
<DBL>
<Name></Name>
<Val>850.00000000000000</Val>
</DBL>
<DBL>
<Name></Name>
<Val>860.00000000000000</Val>
</DBL>
<DBL>
<Name></Name>
<Val>870.00000000000000</Val>
</DBL>
<DBL>
<Name></Name>
<Val>880.00000000000000</Val>
</DBL>
<DBL>
<Name></Name>
<Val>890.00000000000000</Val>
</DBL>
<DBL>
<Name></Name>
<Val>900.00000000000000</Val>
</DBL>
<DBL>
<Name></Name>
<Val>910.00000000000000</Val>
</DBL>
<DBL>
<Name></Name>
<Val>920.00000000000000</Val>
</DBL>
<DBL>
<Name></Name>
<Val>930.00000000000000</Val>
</DBL>
<DBL>
<Name></Name>
<Val>940.00000000000000</Val>
</DBL>
<DBL>
<Name></Name>
<Val>950.00000000000000</Val>
</DBL>
<DBL>
<Name></Name>
<Val>960.00000000000000</Val>
</DBL>
<DBL>
<Name></Name>
<Val>970.00000000000000</Val>
</DBL>
<DBL>
<Name></Name>
<Val>980.00000000000000</Val>
</DBL>
<DBL>
<Name></Name>
<Val>990.00000000000000</Val>
</DBL>
</Array>
<Array>
<Name>RealSolution</Name>
<Dimsize>100</Dimsize>
<Dimsize>10</Dimsize>
<DBL>
<Name></Name>
<Val>1.00000000000000</Val>
</DBL>
<DBL>
<Name></Name>
<Val>0.00000000000000</Val>
</DBL>
<DBL>
<Name></Name>
<Val>0.00000000000000</Val>
</DBL>
<DBL>
<Name></Name>
<Val>0.00000000000000</Val>
</DBL>
<DBL>
<Name></Name>
<Val>0.00000000000000</Val>
</DBL>
<DBL>
<Name></Name>
<Val>0.00000000000000</Val>
</DBL>
<DBL>
<Name></Name>
<Val>0.00000000000000</Val>
</DBL>
<DBL>
<Name></Name>
<Val>0.00000000000000</Val>
</DBL>
<DBL>
<Name></Name>
<Val>0.00000000000000</Val>
</DBL>
<DBL>
<Name></Name>
<Val>0.00000000000000</Val>
</DBL>
<DBL>
<Name></Name>
<Val>0.71094436785555</Val>
</DBL>
<DBL>
<Name></Name>
<Val>0.24390490664690</Val>
</DBL>
<DBL>
<Name></Name>
<Val>3.62374850731525E-2</Val>
</DBL>
<DBL>
<Name></Name>
<Val>8.14749190701866E-3</Val>
</DBL>
<DBL>
<Name></Name>
<Val>6.78355141414047E-4</Val>
</DBL>
<DBL>
<Name></Name>
<Val>7.95331884605458E-5</Val>
</DBL>
<DBL>
<Name></Name>
<Val>7.81790223189421E-6</Val>
</DBL>
<DBL>
<Name></Name>
<Val>3.82689804489789E-8</Val>
</DBL>
<DBL>
<Name></Name>
<Val>4.00792780984992E-9</Val>
</DBL>
<DBL>
<Name></Name>
<Val>8.36297577383568E-12</Val>
</DBL>
<DBL>
<Name></Name>
<Val>0.50988715204521</Val>
</DBL>
<DBL>
<Name></Name>
<Val>0.34592974321352</Val>
</DBL>
<DBL>
<Name></Name>
<Val>0.10238303343121</Val>
</DBL>
<DBL>
<Name></Name>
<Val>3.44779695735937E-2</Val>
</DBL>
<DBL>
<Name></Name>
<Val>5.82239605262310E-3</Val>
</DBL>
<DBL>
<Name></Name>
<Val>1.25259766428507E-3</Val>
</DBL>
<DBL>
<Name></Name>
<Val>2.44126322352197E-4</Val>
</DBL>
<DBL>
<Name></Name>
<Val>2.45777240951716E-6</Val>
</DBL>
<DBL>
<Name></Name>
<Val>5.21920568887213E-7</Val>
</DBL>
<DBL>
<Name></Name>
<Val>2.00422049105780E-9</Val>
</DBL>
<DBL>
<Name></Name>
<Val>0.36882351126907</Val>
</DBL>
<DBL>
<Name></Name>
<Val>0.37046007823793</Val>
</DBL>
<DBL>
<Name></Name>
<Val>0.16978002700216</Val>
</DBL>
<DBL>
<Name></Name>
<Val>6.73944859488218E-2</Val>
</DBL>
<DBL>
<Name></Name>
<Val>1.70844270642061E-2</Val>
</DBL>
<DBL>
<Name></Name>
<Val>5.02535604047659E-3</Val>
</DBL>
<DBL>
<Name></Name>
<Val>1.40401479376290E-3</Val>
</DBL>
<DBL>
<Name></Name>
<Val>2.14129404838396E-5</Val>
</DBL>
<DBL>
<Name></Name>
<Val>6.65233097150965E-6</Val>
</DBL>
<DBL>
<Name></Name>
<Val>3.43721217485157E-8</Val>
</DBL>
<DBL>
<Name></Name>
<Val>0.26900434633676</Val>
</DBL>
<DBL>
<Name></Name>
<Val>0.35519876779954</Val>
</DBL>
<DBL>
<Name></Name>
<Val>0.22748742583884</Val>
</DBL>
<DBL>
<Name></Name>
<Val>9.86007327850683E-2</Val>
</DBL>
<DBL>
<Name></Name>
<Val>3.33713833725633E-2</Val>
</DBL>
<DBL>
<Name></Name>
<Val>1.20048789425566E-2</Val>
</DBL>
<DBL>
<Name></Name>
<Val>4.21143003455478E-3</Val>
</DBL>
<DBL>
<Name></Name>
<Val>8.64328295532997E-5</Val>
</DBL>
<DBL>
<Name></Name>
<Val>3.43898283098527E-5</Val>
</DBL>
<DBL>
<Name></Name>
<Val>2.12232254382784E-7</Val>
</DBL>
<DBL>
<Name></Name>
<Val>0.19778135755750</Val>
</DBL>
<DBL>
<Name></Name>
<Val>0.32176329346558</Val>
</DBL>
<DBL>
<Name></Name>
<Val>0.27180573172990</Val>
</DBL>
<DBL>
<Name></Name>
<Val>0.12439567856307</Val>
</DBL>
<DBL>
<Name></Name>
<Val>5.29071208753809E-2</Val>
</DBL>
<DBL>
<Name></Name>
<Val>2.19823951227329E-2</Val>
</DBL>
<DBL>
<Name></Name>
<Val>9.01862436106469E-3</Val>
</DBL>
<DBL>
<Name></Name>
<Val>2.34093521818207E-4</Val>
</DBL>
<DBL>
<Name></Name>
<Val>1.10935170221261E-4</Val>
</DBL>
<DBL>
<Name></Name>
<Val>7.69632733035843E-7</Val>
</DBL>
<DBL>
<Name></Name>
<Val>0.14655378681347</Val>
</DBL>
<DBL>
<Name></Name>
<Val>0.28215454838393</Val>
</DBL>
<DBL>
<Name></Name>
<Val>0.30261661459413</Val>
</DBL>
<DBL>
<Name></Name>
<Val>0.14370541568398</Val>
</DBL>
<DBL>
<Name></Name>
<Val>7.40754092108305E-2</Val>
</DBL>
<DBL>
<Name></Name>
<Val>3.43434122715332E-2</Val>
</DBL>
<DBL>
<Name></Name>
<Val>1.57808910622109E-2</Val>
</DBL>
<DBL>
<Name></Name>
<Val>4.98787332565613E-4</Val>
</DBL>
<DBL>
<Name></Name>
<Val>2.69108448014920E-4</Val>
</DBL>
<DBL>
<Name></Name>
<Val>2.02619933418730E-6</Val>
</DBL>
<DBL>
<Name></Name>
<Val>0.10942497385877</Val>
</DBL>
<DBL>
<Name></Name>
<Val>0.24270386855084</Val>
</DBL>
<DBL>
<Name></Name>
<Val>0.32145116037972</Val>
</DBL>
<DBL>
<Name></Name>
<Val>0.15678603155522</Val>
</DBL>
<DBL>
<Name></Name>
<Val>9.56400653537509E-2</Val>
</DBL>
<DBL>
<Name></Name>
<Val>4.83518513421003E-2</Val>
</DBL>
<DBL>
<Name></Name>
<Val>2.41894950449516E-2</Val>
</DBL>
<DBL>
<Name></Name>
<Val>9.07432844139508E-4</Val>
</DBL>
<DBL>
<Name></Name>
<Val>5.40798822131024E-4</Val>
</DBL>
<DBL>
<Name></Name>
<Val>4.32224838516035E-6</Val>
</DBL>
<DBL>
<Name></Name>
<Val>8.23182869566092E-2</Val>
</DBL>
<DBL>
<Name></Name>
<Val>0.20646483580016</Val>
</DBL>
<DBL>
<Name></Name>
<Val>0.33043973062365</Val>
</DBL>
<DBL>
<Name></Name>
<Val>0.16448206649551</Val>
</DBL>
<DBL>
<Name></Name>
<Val>0.11674018331441</Val>
</DBL>
<DBL>
<Name></Name>
<Val>6.33036050099662E-2</Val>
</DBL>
<DBL>
<Name></Name>
<Val>3.38133320190121E-2</Val>
</DBL>
<DBL>
<Name></Name>
<Val>1.47768107299421E-3</Val>
</DBL>
<DBL>
<Name></Name>
<Val>9.52317484437866E-4</Val>
</DBL>
<DBL>
<Name></Name>
<Val>7.96122325803533E-6</Val>
</DBL>
<DBL>
<Name></Name>
<Val>6.23916896616355E-2</Val>
</DBL>
<DBL>
<Name></Name>
<Val>0.17464874324381</Val>
</DBL>
<DBL>
<Name></Name>
<Val>0.33176603544304</Val>
</DBL>
<DBL>
<Name></Name>
<Val>0.16782279773712</Val>
</DBL>
<DBL>
<Name></Name>
<Val>0.13681948748926</Val>
</DBL>
<DBL>
<Name></Name>
<Val>7.85964603114127E-2</Val>
</DBL>
<DBL>
<Name></Name>
<Val>4.42012536505803E-2</Val>
</DBL>
<DBL>
<Name></Name>
<Val>2.21820980273339E-3</Val>
</DBL>
<DBL>
<Name></Name>
<Val>1.52214773635335E-3</Val>
</DBL>
<DBL>
<Name></Name>
<Val>1.31749240520448E-5</Val>
</DBL>
<DBL>
<Name></Name>
<Val>4.76474208607649E-2</Val>
</DBL>
<DBL>
<Name></Name>
<Val>0.14747506205095</Val>
</DBL>
<DBL>
<Name></Name>
<Val>0.32740810814763</Val>
</DBL>
<DBL>
<Name></Name>
<Val>0.16781575050404</Val>
</DBL>
<DBL>
<Name></Name>
<Val>0.15554854079005</Val>
</DBL>
<DBL>
<Name></Name>
<Val>9.37523449808790E-2</Val>
</DBL>
<DBL>
<Name></Name>
<Val>5.49420903646756E-2</Val>
</DBL>
<DBL>
<Name></Name>
<Val>3.13001842855740E-3</Val>
</DBL>
<DBL>
<Name></Name>
<Val>2.26055322762954E-3</Val>
</DBL>
<DBL>
<Name></Name>
<Val>2.01106448286060E-5</Val>
</DBL>
<DBL>
<Name></Name>
<Val>3.66698606009939E-2</Val>
</DBL>
<DBL>
<Name></Name>
<Val>0.12466651401558</Val>
</DBL>
<DBL>
<Name></Name>
<Val>0.31903804693237</Val>
</DBL>
<DBL>
<Name></Name>
<Val>0.16535242388389</Val>
</DBL>
<DBL>
<Name></Name>
<Val>0.17275860876749</Val>
</DBL>
<DBL>
<Name></Name>
<Val>0.10841455529078</Val>
</DBL>
<DBL>
<Name></Name>
<Val>6.56927748250410E-2</Val>
</DBL>
<DBL>
<Name></Name>
<Val>4.20806156726752E-3</Val>
</DBL>
<DBL>
<Name></Name>
<Val>3.17032053698223E-3</Val>
</DBL>
<DBL>
<Name></Name>
<Val>2.88335795936290E-5</Val>
</DBL>
<DBL>
<Name></Name>
<Val>2.84481271087442E-2</Val>
</DBL>
<DBL>
<Name></Name>
<Val>0.10573016265851</Val>
</DBL>
<DBL>
<Name></Name>
<Val>0.30800562576176</Val>
</DBL>
<DBL>
<Name></Name>
<Val>0.16117567640530</Val>
</DBL>
<DBL>
<Name></Name>
<Val>0.18839076119455</Val>
</DBL>
<DBL>
<Name></Name>
<Val>0.12233336434805</Val>
</DBL>
<DBL>
<Name></Name>
<Val>7.61860319814999E-2</Val>
</DBL>
<DBL>
<Name></Name>
<Val>5.44286456740711E-3</Val>
</DBL>
<DBL>
<Name></Name>
<Val>4.24804823173078E-3</Val>
</DBL>
<DBL>
<Name></Name>
<Val>3.93377424472077E-5</Val>
</DBL>
<DBL>
<Name></Name>
<Val>2.22550544355814E-2</Val>
</DBL>
<DBL>
<Name></Name>
<Val>9.01111818574826E-2</Val>
</DBL>
<DBL>
<Name></Name>
<Val>0.29536276084091</Val>
</DBL>
<DBL>
<Name></Name>
<Val>0.15587918147230</Val>
</DBL>
<DBL>
<Name></Name>
<Val>0.20245860706505</Val>
</DBL>
<DBL>
<Name></Name>
<Val>0.13534755708650</Val>
</DBL>
<DBL>
<Name></Name>
<Val>8.62265534624830E-2</Val>
</DBL>
<DBL>
<Name></Name>
<Val>6.82195202761783E-3</Val>
</DBL>
<DBL>
<Name></Name>
<Val>5.48559136659452E-3</Val>
</DBL>
<DBL>
<Name></Name>
<Val>5.15603854975689E-5</Val>
</DBL>
<DBL>
<Name></Name>
<Val>1.75639545603089E-2</Val>
</DBL>
<DBL>
<Name></Name>
<Val>7.72720668394950E-2</Val>
</DBL>
<DBL>
<Name></Name>
<Val>0.28190478774161</Val>
</DBL>
<DBL>
<Name></Name>
<Val>0.14992200384735</Val>
</DBL>
<DBL>
<Name></Name>
<Val>0.21502179169711</Val>
</DBL>
<DBL>
<Name></Name>
<Val>0.14736588593593</Val>
</DBL>
<DBL>
<Name></Name>
<Val>9.56816486957410E-2</Val>
</DBL>
<DBL>
<Name></Name>
<Val>8.33102802842321E-3</Val>
</DBL>
<DBL>
<Name></Name>
<Val>6.87143588996229E-3</Val>
</DBL>
<DBL>
<Name></Name>
<Val>6.53967640708516E-5</Val>
</DBL>
<DBL>
<Name></Name>
<Val>1.39908933945357E-2</Val>
</DBL>
<DBL>
<Name></Name>
<Val>6.67291490851983E-2</Val>
</DBL>
<DBL>
<Name></Name>
<Val>0.26821566125930</Val>
</DBL>
<DBL>
<Name></Name>
<Val>0.14364888963152</Val>
</DBL>
<DBL>
<Name></Name>
<Val>0.22616751277262</Val>
</DBL>
<DBL>
<Name></Name>
<Val>0.15835035573630</Val>
</DBL>
<DBL>
<Name></Name>
<Val>0.10447002747925</Val>
</DBL>
<DBL>
<Name></Name>
<Val>9.95490426199235E-3</Val>
</DBL>
<DBL>
<Name></Name>
<Val>8.39189283780535E-3</Val>
</DBL>
<DBL>
<Name></Name>
<Val>8.07135414877229E-5</Val>
</DBL>
<DBL>
<Name></Name>
<Val>1.12543313997080E-2</Val>
</DBL>
<DBL>
<Name></Name>
<Val>5.80654460020230E-2</Val>
</DBL>
<DBL>
<Name></Name>
<Val>0.25471064270816</Val>
</DBL>
<DBL>
<Name></Name>
<Val>0.13731129723676</Val>
</DBL>
<DBL>
<Name></Name>
<Val>0.23599783305350</Val>
</DBL>
<DBL>
<Name></Name>
<Val>0.16830206835579</Val>
</DBL>
<DBL>
<Name></Name>
<Val>0.11255074705776</Val>
</DBL>
<DBL>
<Name></Name>
<Val>1.16781999927568E-2</Val>
</DBL>
<DBL>
<Name></Name>
<Val>1.00320741071571E-2</Val>
</DBL>
<DBL>
<Name></Name>
<Val>9.73600863850696E-5</Val>
</DBL>
<DBL>
<Name></Name>
<Val>9.14667864220430E-3</Val>
</DBL>
<DBL>
<Name></Name>
<Val>5.09310478359799E-2</Val>
</DBL>
<DBL>
<Name></Name>
<Val>0.24167367975773</Val>
</DBL>
<DBL>
<Name></Name>
<Val>0.13108675394295</Val>
</DBL>
<DBL>
<Name></Name>
<Val>0.24462111229488</Val>
</DBL>
<DBL>
<Name></Name>
<Val>0.17724972648678</Val>
</DBL>
<DBL>
<Name></Name>
<Val>0.11991332272489</Val>
</DBL>
<DBL>
<Name></Name>
<Val>1.34858486380124E-2</Val>
</DBL>
<DBL>
<Name></Name>
<Val>1.17766521851106E-2</Val>
</DBL>
<DBL>
<Name></Name>
<Val>1.15177491467862E-4</Val>
</DBL>
<DBL>
<Name></Name>
<Val>7.51409207399289E-3</Val>
</DBL>
<DBL>
<Name></Name>
<Val>4.50375047341635E-2</Val>
</DBL>
<DBL>
<Name></Name>
<Val>0.22928866152128</Val>
</DBL>
<DBL>
<Name></Name>
<Val>0.12509555550126</Val>
</DBL>
<DBL>
<Name></Name>
<Val>0.25214633586302</Val>
</DBL>
<DBL>
<Name></Name>
<Val>0.18524058626568</Val>
</DBL>
<DBL>
<Name></Name>
<Val>0.12656938467067</Val>
</DBL>
<DBL>
<Name></Name>
<Val>1.53634475205032E-2</Val>
</DBL>
<DBL>
<Name></Name>
<Val>1.36104263967418E-2</Val>
</DBL>
<DBL>
<Name></Name>
<Val>1.34005452679986E-4</Val>
</DBL>
<DBL>
<Name></Name>
<Val>6.24202143601221E-3</Val>
</DBL>
<DBL>
<Name></Name>
<Val>4.01498361349195E-2</Val>
</DBL>
<DBL>
<Name></Name>
<Val>0.21766474142694</Val>
</DBL>
<DBL>
<Name></Name>
<Val>0.11941459496364</Val>
</DBL>
<DBL>
<Name></Name>
<Val>0.25867946537669</Val>
</DBL>
<DBL>
<Name></Name>
<Val>0.19233352088200</Val>
</DBL>
<DBL>
<Name></Name>
<Val>0.13254592177528</Val>
</DBL>
<DBL>
<Name></Name>
<Val>1.72974846108061E-2</Val>
</DBL>
<DBL>
<Name></Name>
<Val>1.55187261037895E-2</Val>
</DBL>
<DBL>
<Name></Name>
<Val>1.53687289918771E-4</Val>
</DBL>
<DBL>
<Name></Name>
<Val>5.24479684745027E-3</Val>
</DBL>
<DBL>
<Name></Name>
<Val>3.60781046468925E-2</Val>
</DBL>
<DBL>
<Name></Name>
<Val>0.20685637961647</Val>
</DBL>
<DBL>
<Name></Name>
<Val>0.11408849035998</Val>
</DBL>
<DBL>
<Name></Name>
<Val>0.26432119151151</Val>
</DBL>
<DBL>
<Name></Name>
<Val>0.19859382868855</Val>
</DBL>
<DBL>
<Name></Name>
<Val>0.13787998117937</Val>
</DBL>
<DBL>
<Name></Name>
<Val>1.92754714644692E-2</Val>
</DBL>
<DBL>
<Name></Name>
<Val>1.74876822512951E-2</Val>
</DBL>
<DBL>
<Name></Name>
<Val>1.74073434011687E-4</Val>
</DBL>
<DBL>
<Name></Name>
<Val>4.45808005667674E-3</Val>
</DBL>
<DBL>
<Name></Name>
<Val>3.26695209980609E-2</Val>
</DBL>
<DBL>
<Name></Name>
<Val>0.19687891304750</Val>
</DBL>
<DBL>
<Name></Name>
<Val>0.10913834649885</Val>
</DBL>
<DBL>
<Name></Name>
<Val>0.26916565181498</Val>
</DBL>
<DBL>
<Name></Name>
<Val>0.20408944039567</Val>
</DBL>
<DBL>
<Name></Name>
<Val>0.14261462087637</Val>
</DBL>
<DBL>
<Name></Name>
<Val>2.12860064916441E-2</Val>
</DBL>
<DBL>
<Name></Name>
<Val>1.95043961251575E-2</Val>
</DBL>
<DBL>
<Name></Name>
<Val>1.95023695079695E-4</Val>
</DBL>
<DBL>
<Name></Name>
<Val>3.83335968681444E-3</Val>
</DBL>
<DBL>
<Name></Name>
<Val>2.98014946036903E-2</Val>
</DBL>
<DBL>
<Name></Name>
<Val>0.18772046018931</Val>
</DBL>
<DBL>
<Name></Name>
<Val>0.10456853339388</Val>
</DBL>
<DBL>
<Name></Name>
<Val>0.27329980599423</Val>
</DBL>
<DBL>
<Name></Name>
<Val>0.20888822269686</Val>
</DBL>
<DBL>
<Name></Name>
<Val>0.14679589677317</Val>
</DBL>
<DBL>
<Name></Name>
<Val>2.33187878960470E-2</Val>
</DBL>
<DBL>
<Name></Name>
<Val>2.15570301734844E-2</Val>
</DBL>
<DBL>
<Name></Name>
<Val>2.16408592516993E-4</Val>
</DBL>
<DBL>
<Name></Name>
<Val>3.33391555104526E-3</Val>
</DBL>
<DBL>
<Name></Name>
<Val>2.73757438152437E-2</Val>
</DBL>
<DBL>
<Name></Name>
<Val>0.17935089136734</Val>
</DBL>
<DBL>
<Name></Name>
<Val>0.10037185058135</Val>
</DBL>
<DBL>
<Name></Name>
<Val>0.27680325267198</Val>
</DBL>
<DBL>
<Name></Name>
<Val>0.21305612476419</Val>
</DBL>
<DBL>
<Name></Name>
<Val>0.15047067847037</Val>
</DBL>
<DBL>
<Name></Name>
<Val>2.53645914033661E-2</Val>
</DBL>
<DBL>
<Name></Name>
<Val>2.36348413922865E-2</Val>
</DBL>
<DBL>
<Name></Name>
<Val>2.38109982823899E-4</Val>
</DBL>
<DBL>
<Name></Name>
<Val>2.93184562501296E-3</Val>
</DBL>
<DBL>
<Name></Name>
<Val>2.53134263502420E-2</Val>
</DBL>
<DBL>
<Name></Name>
<Val>0.17172849166897</Val>
</DBL>
<DBL>
<Name></Name>
<Val>9.65334059259050E-2</Val>
</DBL>
<DBL>
<Name></Name>
<Val>0.27974833617227</Val>
</DBL>
<DBL>
<Name></Name>
<Val>0.21665596157237</Val>
</DBL>
<DBL>
<Name></Name>
<Val>0.15368511347826</Val>
</DBL>
<DBL>
<Name></Name>
<Val>2.74152243631966E-2</Val>
</DBL>
<DBL>
<Name></Name>
<Val>2.57281736665420E-2</Val>
</DBL>
<DBL>
<Name></Name>
<Val>2.60021177237896E-4</Val>
</DBL>
<DBL>
<Name></Name>
<Val>2.60586624029451E-3</Val>
</DBL>
<DBL>
<Name></Name>
<Val>2.35511806798500E-2</Val>
</DBL>
<DBL>
<Name></Name>
<Val>0.16480483538324</Val>
</DBL>
<DBL>
<Name></Name>
<Val>9.30334875902855E-2</Val>
</DBL>
<DBL>
<Name></Name>
<Val>0.28220043747094</Val>
</DBL>
<DBL>
<Name></Name>
<Val>0.21974667034570</Val>
</DBL>
<DBL>
<Name></Name>
<Val>0.15648358880116</Val>
</DBL>
<DBL>
<Name></Name>
<Val>2.94634649353680E-2</Val>
</DBL>
<DBL>
<Name></Name>
<Val>2.78284218523345E-2</Val>
</DBL>
<DBL>
<Name></Name>
<Val>2.82046700832786E-4</Val>
</DBL>
<DBL>
<Name></Name>
<Val>2.33967792242109E-3</Val>
</DBL>
<DBL>
<Name></Name>
<Val>2.20379456556875E-2</Val>
</DBL>
<DBL>
<Name></Name>
<Val>0.15852829118143</Val>
</DBL>
<DBL>
<Name></Name>
<Val>8.98496581439175E-2</Val>
</DBL>
<DBL>
<Name></Name>
<Val>0.28421837565735</Val>
</DBL>
<DBL>
<Name></Name>
<Val>0.22238291233437</Val>
</DBL>
<DBL>
<Name></Name>
<Val>0.15890806713984</Val>
</DBL>
<DBL>
<Name></Name>
<Val>3.15029927905430E-2</Val>
</DBL>
<DBL>
<Name></Name>
<Val>2.99279773642192E-2</Val>
</DBL>
<DBL>
<Name></Name>
<Val>3.04101810216975E-4</Val>
</DBL>
<DBL>
<Name></Name>
<Val>2.12074703286534E-3</Val>
</DBL>
<DBL>
<Name></Name>
<Val>2.07324263063967E-2</Val>
</DBL>
<DBL>
<Name></Name>
<Val>0.15284649057765</Val>
</DBL>
<DBL>
<Name></Name>
<Val>8.69582547780622E-2</Val>
</DBL>
<DBL>
<Name></Name>
<Val>0.28585486904966</Val>
</DBL>
<DBL>
<Name></Name>
<Val>0.22461492161884</Val>
</DBL>
<DBL>
<Name></Name>
<Val>0.16099770022261</Val>
</DBL>
<DBL>
<Name></Name>
<Val>3.35283159770752E-2</Val>
</DBL>
<DBL>
<Name></Name>
<Val>3.20201625783762E-2</Val>
</DBL>
<DBL>
<Name></Name>
<Val>3.26111858457630E-4</Val>
</DBL>
<DBL>
<Name></Name>
<Val>1.93939440305098E-3</Val>
</DBL>
<DBL>
<Name></Name>
<Val>1.96010858320675E-2</Val>
</DBL>
<DBL>
<Name></Name>
<Val>0.14770801977396</Val>
</DBL>
<DBL>
<Name></Name>
<Val>8.43354409731878E-2</Val>
</DBL>
<DBL>
<Name></Name>
<Val>0.28715702125182</Val>
</DBL>
<DBL>
<Name></Name>
<Val>0.22648852631037</Val>
</DBL>
<DBL>
<Name></Name>
<Val>0.16278864322488</Val>
</DBL>
<DBL>
<Name></Name>
<Val>3.55346972416077E-2</Val>
</DBL>
<DBL>
<Name></Name>
<Val>3.40991594160829E-2</Val>
</DBL>
<DBL>
<Name></Name>
<Val>3.48011572971592E-4</Val>
</DBL>
<DBL>
<Name></Name>
<Val>1.78811151208058E-3</Val>
</DBL>
<DBL>
<Name></Name>
<Val>1.86165602916035E-2</Val>
</DBL>
<DBL>
<Name></Name>
<Val>0.14306353602333</Val>
</DBL>
<DBL>
<Name></Name>
<Val>8.19579229450583E-2</Val>
</DBL>
<DBL>
<Name></Name>
<Val>0.28816680887097</Val>
</DBL>
<DBL>
<Name></Name>
<Val>0.22804528618340</Val>
</DBL>
<DBL>
<Name></Name>
<Val>0.16431401186394</Val>
</DBL>
<DBL>
<Name></Name>
<Val>3.75180820581388E-2</Val>
</DBL>
<DBL>
<Name></Name>
<Val>3.61599359573332E-2</Val>
</DBL>
<DBL>
<Name></Name>
<Val>3.69744294134106E-4</Val>
</DBL>
<DBL>
<Name></Name>
<Val>1.66104591442497E-3</Val>
</DBL>
<DBL>
<Name></Name>
<Val>1.77564095489363E-2</Val>
</DBL>
<DBL>
<Name></Name>
<Val>0.13886646253430</Val>
</DBL>
<DBL>
<Name></Name>
<Val>7.98034182762213E-2</Val>
</DBL>
<DBL>
<Name></Name>
<Val>0.28892155569285</Val>
</DBL>
<DBL>
<Name></Name>
<Val>0.22932270529631</Val>
</DBL>
<DBL>
<Name></Name>
<Val>0.16560393790528</Val>
</DBL>
<DBL>
<Name></Name>
<Val>3.94750298490092E-2</Val>
</DBL>
<DBL>
<Name></Name>
<Val>3.81981737742038E-2</Val>
</DBL>
<DBL>
<Name></Name>
<Val>3.91261208459298E-4</Val>
</DBL>
<DBL>
<Name></Name>
<Val>1.55361295726166E-3</Val>
</DBL>
<DBL>
<Name></Name>
<Val>1.70021338708459E-2</Val>
</DBL>
<DBL>
<Name></Name>
<Val>0.13507337884208</Val>
</DBL>
<DBL>
<Name></Name>
<Val>7.78509435201908E-2</Val>
</DBL>
<DBL>
<Name></Name>
<Val>0.28945438380129</Val>
</DBL>
<DBL>
<Name></Name>
<Val>0.23035448932224</Val>
</DBL>
<DBL>
<Name></Name>
<Val>0.16668568997552</Val>
</DBL>
<DBL>
<Name></Name>
<Val>4.14026493131879E-2</Val>
</DBL>
<DBL>
<Name></Name>
<Val>4.02101977977496E-2</Val>
</DBL>
<DBL>
<Name></Name>
<Val>4.12520599634216E-4</Val>
</DBL>
<DBL>
<Name></Name>
<Val>1.46220200299672E-3</Val>
</DBL>
<DBL>
<Name></Name>
<Val>1.63383993840602E-2</Val>
</DBL>
<DBL>
<Name></Name>
<Val>0.13164419468357</Val>
</DBL>
<DBL>
<Name></Name>
<Val>7.60809713801298E-2</Val>
</DBL>
<DBL>
<Name></Name>
<Val>0.28979463610805</Val>
</DBL>
<DBL>
<Name></Name>
<Val>0.23117082580949</Val>
</DBL>
<DBL>
<Name></Name>
<Val>0.16758383525330</Val>
</DBL>
<DBL>
<Name></Name>
<Val>4.32985383651398E-2</Val>
</DBL>
<DBL>
<Name></Name>
<Val>4.21929098804890E-2</Val>
</DBL>
<DBL>
<Name></Name>
<Val>4.33487132760581E-4</Val>
</DBL>
<DBL>
<Name></Name>
<Val>1.38395355884089E-3</Val>
</DBL>
<DBL>
<Name></Name>
<Val>1.57524272178260E-2</Val>
</DBL>
<DBL>
<Name></Name>
<Val>0.12854217312596</Val>
</DBL>
<DBL>
<Name></Name>
<Val>7.44754954928651E-2</Val>
</DBL>
<DBL>
<Name></Name>
<Val>0.28996826751797</Val>
</DBL>
<DBL>
<Name></Name>
<Val>0.23179867199787</Val>
</DBL>
<DBL>
<Name></Name>
<Val>0.16832042427465</Val>
</DBL>
<DBL>
<Name></Name>
<Val>4.51607288939447E-2</Val>
</DBL>
<DBL>
<Name></Name>
<Val>4.41437267387806E-2</Val>
</DBL>
<DBL>
<Name></Name>
<Val>4.54131181300025E-4</Val>
</DBL>
<DBL>
<Name></Name>
<Val>1.31658973866368E-3</Val>
</DBL>
<DBL>
<Name></Name>
<Val>1.52335106901842E-2</Val>
</DBL>
<DBL>
<Name></Name>
<Val>0.12573385163795</Val>
</DBL>
<DBL>
<Name></Name>
<Val>7.30180311706836E-2</Val>
</DBL>
<DBL>
<Name></Name>
<Val>0.28999820383847</Val>
</DBL>
<DBL>
<Name></Name>
<Val>0.23226203960288</Val>
</DBL>
<DBL>
<Name></Name>
<Val>0.16891518615637</Val>
</DBL>
<DBL>
<Name></Name>
<Val>4.69876363477998E-2</Val>
</DBL>
<DBL>
<Name></Name>
<Val>4.60605226150343E-2</Val>
</DBL>
<DBL>
<Name></Name>
<Val>4.74428201957095E-4</Val>
</DBL>
<DBL>
<Name></Name>
<Val>1.25828493185517E-3</Val>
</DBL>
<DBL>
<Name></Name>
<Val>1.47726325819127E-2</Val>
</DBL>
<DBL>
<Name></Name>
<Val>0.12318889682385</Val>
</DBL>
<DBL>
<Name></Name>
<Val>7.16935730578758E-2</Val>
</DBL>
<DBL>
<Name></Name>
<Val>0.28990466880325</Val>
</DBL>
<DBL>
<Name></Name>
<Val>0.23258226951960</Val>
</DBL>
<DBL>
<Name></Name>
<Val>0.16938572535469</Val>
</DBL>
<DBL>
<Name></Name>
<Val>4.87780140108054E-2</Val>
</DBL>
<DBL>
<Name></Name>
<Val>4.79415767564769E-2</Val>
</DBL>
<DBL>
<Name></Name>
<Val>4.94358159690940E-4</Val>
</DBL>
<DBL>
<Name></Name>
<Val>1.20756685239507E-3</Val>
</DBL>
<DBL>
<Name></Name>
<Val>1.43621606619767E-2</Val>
</DBL>
<DBL>
<Name></Name>
<Val>0.12087991874500</Val>
</DBL>
<DBL>
<Name></Name>
<Val>7.04885250459616E-2</Val>
</DBL>
<DBL>
<Name></Name>
<Val>0.28970548039522</Val>
</DBL>
<DBL>
<Name></Name>
<Val>0.23277829198917</Val>
</DBL>
<DBL>
<Name></Name>
<Val>0.16974771391799</Val>
</DBL>
<DBL>
<Name></Name>
<Val>5.05309117495241E-2</Val>
</DBL>
<DBL>
<Name></Name>
<Val>4.97855256398348E-2</Val>
</DBL>
<DBL>
<Name></Name>
<Val>5.13905002922210E-4</Val>
</DBL>
<DBL>
<Name></Name>
<Val>1.16324059413121E-3</Val>
</DBL>
<DBL>
<Name></Name>
<Val>1.39956044566861E-2</Val>
</DBL>
<DBL>
<Name></Name>
<Val>0.11878226340150</Val>
</DBL>
<DBL>
<Name></Name>
<Val>6.93906135582001E-2</Val>
</DBL>
<DBL>
<Name></Name>
<Val>0.28941631815539</Val>
</DBL>
<DBL>
<Name></Name>
<Val>0.23286686964419</Val>
</DBL>
<DBL>
<Name></Name>
<Val>0.17001507528917</Val>
</DBL>
<DBL>
<Name></Name>
<Val>5.22456389529216E-2</Val>
</DBL>
<DBL>
<Name></Name>
<Val>5.15913197602437E-2</Val>
</DBL>
<DBL>
<Name></Name>
<Val>5.33056187563084E-4</Val>
</DBL>
<DBL>
<Name></Name>
<Val>1.12433014723786E-3</Val>
</DBL>
<DBL>
<Name></Name>
<Val>1.36674200382532E-2</Val>
</DBL>
<DBL>
<Name></Name>
<Val>0.11687379646368</Val>
</DBL>
<DBL>
<Name></Name>
<Val>6.83887921409877E-2</Val>
</DBL>
<DBL>
<Name></Name>
<Val>0.28905096344449</Val>
</DBL>
<DBL>
<Name></Name>
<Val>0.23286282218317</Val>
</DBL>
<DBL>
<Name></Name>
<Val>0.17020015724077</Val>
</DBL>
<DBL>
<Name></Name>
<Val>5.39217313609049E-2</Val>
</DBL>
<DBL>
<Name></Name>
<Val>5.33581847329283E-2</Val>
</DBL>
<DBL>
<Name></Name>
<Val>5.51802247566102E-4</Val>
</DBL>
<DBL>
<Name></Name>
<Val>1.09003319794766E-3</Val>
</DBL>
<DBL>
<Name></Name>
<Val>1.33728525583097E-2</Val>
</DBL>
<DBL>
<Name></Name>
<Val>0.11513468728176</Val>
</DBL>
<DBL>
<Name></Name>
<Val>6.74731429366389E-2</Val>
</DBL>
<DBL>
<Name></Name>
<Val>0.28862151475084</Val>
</DBL>
<DBL>
<Name></Name>
<Val>0.23277923235701</Val>
</DBL>
<DBL>
<Name></Name>
<Val>0.17031389262578</Val>
</DBL>
<DBL>
<Name></Name>
<Val>5.55589214662466E-2</Val>
</DBL>
<DBL>
<Name></Name>
<Val>5.50855864163309E-2</Val>
</DBL>
<DBL>
<Name></Name>
<Val>5.70136409124208E-4</Val>
</DBL>
<DBL>
<Name></Name>
<Val>1.05968605777817E-3</Val>
</DBL>
<DBL>
<Name></Name>
<Val>1.31078085434947E-2</Val>
</DBL>
<DBL>
<Name></Name>
<Val>0.11354719921604</Val>
</DBL>
<DBL>
<Name></Name>
<Val>6.66347788641788E-2</Val>
</DBL>
<DBL>
<Name></Name>
<Val>0.28813858016064</Val>
</DBL>
<DBL>
<Name></Name>
<Val>0.23262763358518</Val>
</DBL>
<DBL>
<Name></Name>
<Val>0.17036594740389</Val>
</DBL>
<DBL>
<Name></Name>
<Val>5.71571121766349E-2</Val>
</DBL>
<DBL>
<Name></Name>
<Val>5.67731997467927E-2</Val>
</DBL>
<DBL>
<Name></Name>
<Val>5.88054245356446E-4</Val>
</DBL>
<DBL>
<Name></Name>
<Val>1.03273633716519E-3</Val>
</DBL>
<DBL>
<Name></Name>
<Val>1.28687517458944E-2</Val>
</DBL>
<DBL>
<Name></Name>
<Val>0.11209549015443</Val>
</DBL>
<DBL>
<Name></Name>
<Val>6.58657490519175E-2</Val>
</DBL>
<DBL>
<Name></Name>
<Val>0.28761144905929</Val>
</DBL>
<DBL>
<Name></Name>
<Val>0.23241817993642</Val>
</DBL>
<DBL>
<Name></Name>
<Val>0.17036485594168</Val>
</DBL>
<DBL>
<Name></Name>
<Val>5.87163534338020E-2</Val>
</DBL>
<DBL>
<Name></Name>
<Val>5.84208809711942E-2</Val>
</DBL>
<DBL>
<Name></Name>
<Val>6.05553368203033E-4</Val>
</DBL>
<DBL>
<Name></Name>
<Val>1.00872155641319E-3</Val>
</DBL>
<DBL>
<Name></Name>
<Val>1.26526177148455E-2</Val>
</DBL>
<DBL>
<Name></Name>
<Val>0.11076542551516</Val>
</DBL>
<DBL>
<Name></Name>
<Val>6.51589491324785E-2</Val>
</DBL>
<DBL>
<Name></Name>
<Val>0.28704824504067</Val>
</DBL>
<DBL>
<Name></Name>
<Val>0.23215979946741</Val>
</DBL>
<DBL>
<Name></Name>
<Val>0.17031814394625</Val>
</DBL>
<DBL>
<Name></Name>
<Val>6.02368215021389E-2</Val>
</DBL>
<DBL>
<Name></Name>
<Val>6.00286429703728E-2</Val>
</DBL>
<DBL>
<Name></Name>
<Val>6.22633154272022E-4</Val>
</DBL>
<DBL>
<Name></Name>
<Val>9.87252322210434E-4</Val>
</DBL>
<DBL>
<Name></Name>
<Val>1.24567433185236E-2</Val>
</DBL>
<DBL>
<Name></Name>
<Val>0.10954440491611</Val>
</DBL>
<DBL>
<Name></Name>
<Val>6.45080373396419E-2</Val>
</DBL>
<DBL>
<Name></Name>
<Val>0.28645606188311</Val>
</DBL>
<DBL>
<Name></Name>
<Val>0.23186033205757</Val>
</DBL>
<DBL>
<Name></Name>
<Val>0.17023243962445</Val>
</DBL>
<DBL>
<Name></Name>
<Val>6.17188006577516E-2</Val>
</DBL>
<DBL>
<Name></Name>
<Val>6.15966333791535E-2</Val>
</DBL>
<DBL>
<Name></Name>
<Val>6.39294501484601E-4</Val>
</DBL>
<DBL>
<Name></Name>
<Val>9.67999026359541E-4</Val>
</DBL>
<DBL>
<Name></Name>
<Val>1.22788082645256E-2</Val>
</DBL>
<DBL>
<Name></Name>
<Val>0.10842120291124</Val>
</DBL>
<DBL>
<Name></Name>
<Val>6.39073568699873E-2</Val>
</DBL>
<DBL>
<Name></Name>
<Val>0.28584108431766</Val>
</DBL>
<DBL>
<Name></Name>
<Val>0.23152665294322</Val>
</DBL>
<DBL>
<Name></Name>
<Val>0.17011357379858</Val>
</DBL>
<DBL>
<Name></Name>
<Val>6.31626670289887E-2</Val>
</DBL>
<DBL>
<Name></Name>
<Val>6.31251152259188E-2</Val>
</DBL>
<DBL>
<Name></Name>
<Val>6.55539613525922E-4</Val>
</DBL>
<DBL>
<Name></Name>
<Val>9.50681271491646E-4</Val>
</DBL>
<DBL>
<Name></Name>
<Val>1.21167863033900E-2</Val>
</DBL>
<DBL>
<Name></Name>
<Val>0.10738582366045</Val>
</DBL>
<DBL>
<Name></Name>
<Val>6.33518646402818E-2</Val>
</DBL>
<DBL>
<Name></Name>
<Val>0.28520869517650</Val>
</DBL>
<DBL>
<Name></Name>
<Val>0.23116478316267</Val>
</DBL>
<DBL>
<Name></Name>
<Val>0.16996666978194</Val>
</DBL>
<DBL>
<Name></Name>
<Val>6.45688743600047E-2</Val>
</DBL>
<DBL>
<Name></Name>
<Val>6.46144498339694E-2</Val>
</DBL>
<DBL>
<Name></Name>
<Val>6.71371809300545E-4</Val>
</DBL>
<DBL>
<Name></Name>
<Val>9.35059416274877E-4</Val>
</DBL>
<DBL>
<Name></Name>
<Val>1.19689042904002E-2</Val>
</DBL>
<DBL>
<Name></Name>
<Val>0.10642936904619</Val>
</DBL>
<DBL>
<Name></Name>
<Val>6.28370663457225E-2</Val>
</DBL>
<DBL>
<Name></Name>
<Val>0.28456357037132</Val>
</DBL>
<DBL>
<Name></Name>
<Val>0.23077998809586</Val>
</DBL>
<DBL>
<Name></Name>
<Val>0.16979622384302</Val>
</DBL>
<DBL>
<Name></Name>
<Val>6.59379414891826E-2</Val>
</DBL>
<DBL>
<Name></Name>
<Val>6.60650817472142E-2</Val>
</DBL>
<DBL>
<Name></Name>
<Val>6.86795354800045E-4</Val>
</DBL>
<DBL>
<Name></Name>
<Val>9.20927774907729E-4</Val>
</DBL>
<DBL>
<Name></Name>
<Val>1.18336076620842E-2</Val>
</DBL>
<DBL>
<Name></Name>
<Val>0.10554391952783</Val>
</DBL>
<DBL>
<Name></Name>
<Val>6.23589575758598E-2</Val>
</DBL>
<DBL>
<Name></Name>
<Val>0.28390976301781</Val>
</DBL>
<DBL>
<Name></Name>
<Val>0.23037686522902</Val>
</DBL>
<DBL>
<Name></Name>
<Val>0.16960617708070</Val>
</DBL>
<DBL>
<Name></Name>
<Val>6.72704413537258E-2</Val>
</DBL>
<DBL>
<Name></Name>
<Val>6.74775254630643E-2</Val>
</DBL>
<DBL>
<Name></Name>
<Val>7.01815315003725E-4</Val>
</DBL>
<DBL>
<Name></Name>
<Val>9.08109113686244E-4</Val>
</DBL>
<DBL>
<Name></Name>
<Val>1.17095311799675E-2</Val>
</DBL>
<DBL>
<Name></Name>
<Val>0.10472242689662</Val>
</DBL>
<DBL>
<Name></Name>
<Val>6.19139706528741E-2</Val>
</DBL>
<DBL>
<Name></Name>
<Val>0.28325077789581</Val>
</DBL>
<DBL>
<Name></Name>
<Val>0.22995942220707</Val>
</DBL>
<DBL>
<Name></Name>
<Val>0.16939997950495</Val>
</DBL>
<DBL>
<Name></Name>
<Val>6.85669913501599E-2</Val>
</DBL>
<DBL>
<Name></Name>
<Val>6.88523537752165E-2</Val>
</DBL>
<DBL>
<Name></Name>
<Val>7.16437423643997E-4</Val>
</DBL>
<DBL>
<Name></Name>
<Val>8.96450169550583E-4</Val>
</DBL>
<DBL>
<Name></Name>
<Val>1.15954740249117E-2</Val>
</DBL>
<DBL>
<Name></Name>
<Val>0.10395861803240</Val>
</DBL>
<DBL>
<Name></Name>
<Val>6.14989268048927E-2</Val>
</DBL>
<DBL>
<Name></Name>
<Val>0.28258963731568</Val>
</DBL>
<DBL>
<Name></Name>
<Val>0.22953114616162</Val>
</DBL>
<DBL>
<Name></Name>
<Val>0.16918064707653</Val>
</DBL>
<DBL>
<Name></Name>
<Val>6.98282448976628E-2</Val>
</DBL>
<DBL>
<Name></Name>
<Val>7.01901875478856E-2</Val>
</DBL>
<DBL>
<Name></Name>
<Val>7.30667968870785E-4</Val>
</DBL>
<DBL>
<Name></Name>
<Val>8.85817978067946E-4</Val>
</DBL>
<DBL>
<Name></Name>
<Val>1.14903785057783E-2</Val>
</DBL>
<DBL>
<Name></Name>
<Val>0.10324690874763</Val>
</DBL>
<DBL>
<Name></Name>
<Val>6.11109932633860E-2</Val>
</DBL>
<DBL>
<Name></Name>
<Val>0.28192893935159</Val>
</DBL>
<DBL>
<Name></Name>
<Val>0.22909506522295</Val>
</DBL>
<DBL>
<Name></Name>
<Val>0.16895081240978</Val>
</DBL>
<DBL>
<Name></Name>
<Val>7.10548840670143E-2</Val>
</DBL>
<DBL>
<Name></Name>
<Val>7.14916867607716E-2</Val>
</DBL>
<DBL>
<Name></Name>
<Val>7.44513693041091E-4</Val>
</DBL>
<DBL>
<Name></Name>
<Val>8.76096846051557E-4</Val>
</DBL>
<DBL>
<Name></Name>
<Val>1.13933117877038E-2</Val>
</DBL>
<DBL>
<Name></Name>
<Val>0.10258232682021</Val>
</DBL>
<DBL>
<Name></Name>
<Val>6.07476448696384E-2</Val>
</DBL>
<DBL>
<Name></Name>
<Val>0.28127090930156</Val>
</DBL>
<DBL>
<Name></Name>
<Val>0.22865380304667</Val>
</DBL>
<DBL>
<Name></Name>
<Val>0.16871276979015</Val>
</DBL>
<DBL>
<Name></Name>
<Val>7.22476131524833E-2</Val>
</DBL>
<DBL>
<Name></Name>
<Val>7.27575426804888E-2</Val>
</DBL>
<DBL>
<Name></Name>
<Val>7.57981705038717E-4</Val>
</DBL>
<DBL>
<Name></Name>
<Val>8.67185840534898E-4</Val>
</DBL>
<DBL>
<Name></Name>
<Val>1.13034501567979E-2</Val>
</DBL>
<DBL>
<Name></Name>
<Val>0.10196044335278</Val>
</DBL>
<DBL>
<Name></Name>
<Val>6.04066297844627E-2</Val>
</DBL>
<DBL>
<Name></Name>
<Val>0.28061744514237</Val>
</DBL>
<DBL>
<Name></Name>
<Val>0.22820962710905</Val>
</DBL>
<DBL>
<Name></Name>
<Val>0.16846851510381</Val>
</DBL>
<DBL>
<Name></Name>
<Val>7.34071530771999E-2</Val>
</DBL>
<DBL>
<Name></Name>
<Val>7.39884710293060E-2</Val>
</DBL>
<DBL>
<Name></Name>
<Val>7.71079403694430E-4</Val>
</DBL>
<DBL>
<Name></Name>
<Val>8.58996693822421E-4</Val>
</DBL>
<DBL>
<Name></Name>
<Val>1.12200654263381E-2</Val>
</DBL>
<DBL>
<Name></Name>
<Val>0.10137731164493</Val>
</DBL>
<DBL>
<Name></Name>
<Val>6.00859389130570E-2</Val>
</DBL>
<DBL>
<Name></Name>
<Val>0.27997015766362</Val>
</DBL>
<DBL>
<Name></Name>
<Val>0.22776449145294</Val>
</DBL>
<DBL>
<Name></Name>
<Val>0.16821978122389</Val>
</DBL>
<DBL>
<Name></Name>
<Val>7.45342365345297E-2</Val>
</DBL>
<DBL>
<Name></Name>
<Val>7.51852060358475E-2</Val>
</DBL>
<DBL>
<Name></Name>
<Val>7.83814411028167E-4</Val>
</DBL>
<DBL>
<Name></Name>
<Val>8.51452045866343E-4</Val>
</DBL>
<DBL>
<Name></Name>
<Val>1.11425131597416E-2</Val>
</DBL>
<DBL>
<Name></Name>
<Val>0.10082941282087</Val>
</DBL>
<DBL>
<Name></Name>
<Val>5.97837786798384E-2</Val>
</DBL>
<DBL>
<Name></Name>
<Val>0.27933040589071</Val>
</DBL>
<DBL>
<Name></Name>
<Val>0.22732007449830</Val>
</DBL>
<DBL>
<Name></Name>
<Val>0.16796806934679</Val>
</DBL>
<DBL>
<Name></Name>
<Val>7.56296037787672E-2</Val>
</DBL>
<DBL>
<Name></Name>
<Val>7.63484952649359E-2</Val>
</DBL>
<DBL>
<Name></Name>
<Val>7.96194514172650E-4</Val>
</DBL>
<DBL>
<Name></Name>
<Val>8.44483961819569E-4</Val>
</DBL>
<DBL>
<Name></Name>
<Val>1.10702224417293E-2</Val>
</DBL>
<DBL>
<Name></Name>
<Val>0.10031360751391</Val>
</DBL>
<DBL>
<Name></Name>
<Val>5.94985468138494E-2</Val>
</DBL>
<DBL>
<Name></Name>
<Val>0.27869932833823</Val>
</DBL>
<DBL>
<Name></Name>
<Val>0.22687781246844</Val>
</DBL>
<DBL>
<Name></Name>
<Val>0.16771467672381</Val>
</DBL>
<DBL>
<Name></Name>
<Val>7.66939989881658E-2</Val>
</DBL>
<DBL>
<Name></Name>
<Val>7.74790951350757E-2</Val>
</DBL>
<DBL>
<Name></Name>
<Val>8.08227614962561E-4</Val>
</DBL>
<DBL>
<Name></Name>
<Val>8.38032675457058E-4</Val>
</DBL>
<DBL>
<Name></Name>
<Val>1.10026869742375E-2</Val>
</DBL>
<DBL>
<Name></Name>
<Val>9.98270929684242E-2</Val>
</DBL>
<DBL>
<Name></Name>
<Val>5.92288108322240E-2</Val>
</DBL>
<DBL>
<Name></Name>
<Val>0.27807787057505</Val>
</DBL>
<DBL>
<Name></Name>
<Val>0.22643892892550</Val>
</DBL>
<DBL>
<Name></Name>
<Val>0.16746072118854</Val>
</DBL>
<DBL>
<Name></Name>
<Val>7.77281671320109E-2</Val>
</DBL>
<DBL>
<Name></Name>
<Val>7.85777670422667E-2</Val>
</DBL>
<DBL>
<Name></Name>
<Val>8.19921686285880E-4</Val>
</DBL>
<DBL>
<Name></Name>
<Val>8.32045519128844E-4</Val>
</DBL>
<DBL>
<Name></Name>
<Val>1.09394573101374E-2</Val>
</DBL>
<DBL>
<Name></Name>
<Val>9.93673649780262E-2</Val>
</DBL>
<DBL>
<Name></Name>
<Val>5.89732889360985E-2</Val>
</DBL>
<DBL>
<Name></Name>
<Val>0.27746680952798</Val>
</DBL>
<DBL>
<Name></Name>
<Val>0.22600446085597</Val>
</DBL>
<DBL>
<Name></Name>
<Val>0.16720716283906</Val>
</DBL>
<DBL>
<Name></Name>
<Val>7.87328512812182E-2</Val>
</DBL>
<DBL>
<Name></Name>
<Val>7.96452740179780E-2</Val>
</DBL>
<DBL>
<Name></Name>
<Val>8.31284734395120E-4</Val>
</DBL>
<DBL>
<Name></Name>
<Val>8.26476008680028E-4</Val>
</DBL>
<DBL>
<Name></Name>
<Val>1.08801340675274E-2</Val>
</DBL>
<DBL>
<Name></Name>
<Val>9.89321841337837E-2</Val>
</DBL>
<DBL>
<Name></Name>
<Val>5.87308330594638E-2</Val>
</DBL>
<DBL>
<Name></Name>
<Val>0.27686677490253</Val>
</DBL>
<DBL>
<Name></Name>
<Val>0.22557528169941</Val>
</DBL>
<DBL>
<Name></Name>
<Val>0.16695482319598</Val>
</DBL>
<DBL>
<Name></Name>
<Val>7.97087903088640E-2</Val>
</DBL>
<DBL>
<Name></Name>
<Val>8.06823778572931E-2</Val>
</DBL>
<DBL>
<Name></Name>
<Val>8.42324766466741E-4</Val>
</DBL>
<DBL>
<Name></Name>
<Val>8.21283057857408E-4</Val>
</DBL>
<DBL>
<Name></Name>
<Val>1.08243619916726E-2</Val>
</DBL>
<DBL>
<Name></Name>
<Val>9.85195459082892E-2</Val>
</DBL>
<DBL>
<Name></Name>
<Val>5.85004138363066E-2</Val>
</DBL>
<DBL>
<Name></Name>
<Val>0.27627826805600</Val>
</DBL>
<DBL>
<Name></Name>
<Val>0.22515212167031</Val>
</DBL>
<DBL>
<Name></Name>
<Val>0.16670440212301</Val>
</DBL>
<DBL>
<Name></Name>
<Val>8.06567169332332E-2</Val>
</DBL>
<DBL>
<Name></Name>
<Val>8.16898366605457E-2</Val>
</DBL>
<DBL>
<Name></Name>
<Val>8.53049762778026E-4</Val>
</DBL>
<DBL>
<Name></Name>
<Val>8.16430301507809E-4</Val>
</DBL>
<DBL>
<Name></Name>
<Val>1.07718247516860E-2</Val>
</DBL>
<DBL>
<Name></Name>
<Val>9.81276541496293E-2</Val>
</DBL>
<DBL>
<Name></Name>
<Val>5.82811072746826E-2</Val>
</DBL>
<DBL>
<Name></Name>
<Val>0.27570167862004</Val>
</DBL>
<DBL>
<Name></Name>
<Val>0.22473558568430</Val>
</DBL>
<DBL>
<Name></Name>
<Val>0.16645649276548</Val>
</DBL>
<DBL>
<Name></Name>
<Val>8.15773560614586E-2</Val>
</DBL>
<DBL>
<Name></Name>
<Val>8.26684027382736E-2</Val>
</DBL>
<DBL>
<Name></Name>
<Val>8.63467652942928E-4</Val>
</DBL>
<DBL>
<Name></Name>
<Val>8.11885510655820E-4</Val>
</DBL>
<DBL>
<Name></Name>
<Val>1.07222403756343E-2</Val>
</DBL>
<DBL>
<Name></Name>
<Val>9.77548976036219E-2</Val>
</DBL>
<DBL>
<Name></Name>
<Val>5.80720829479515E-2</Val>
</DBL>
<DBL>
<Name></Name>
<Val>0.27513729913544</Val>
</DBL>
<DBL>
<Name></Name>
<Val>0.22432616916520</Val>
</DBL>
<DBL>
<Name></Name>
<Val>0.16621159473396</Val>
</DBL>
<DBL>
<Name></Name>
<Val>8.24714233967008E-2</Val>
</DBL>
<DBL>
<Name></Name>
<Val>8.36188208351185E-2</Val>
</DBL>
<DBL>
<Name></Name>
<Val>8.73586295712748E-4</Val>
</DBL>
<DBL>
<Name></Name>
<Val>8.07620085554607E-4</Val>
</DBL>
<DBL>
<Name></Name>
<Val>1.06753572415627E-2</Val>
</DBL>
<DBL>
<Name></Name>
<Val>9.73998291232110E-2</Val>
</DBL>
<DBL>
<Name></Name>
<Val>5.78725935332363E-2</Val>
</DBL>
<DBL>
<Name></Name>
<Val>0.27458533793164</Val>
</DBL>
<DBL>
<Name></Name>
<Val>0.22392427197813</Val>
</DBL>
<DBL>
<Name></Name>
<Val>0.16597012573517</Val>
</DBL>
<DBL>
<Name></Name>
<Val>8.33396242761514E-2</Val>
</DBL>
<DBL>
<Name></Name>
<Val>8.45418266334465E-2</Val>
</DBL>
<DBL>
<Name></Name>
<Val>8.83413461904729E-4</Val>
</DBL>
<DBL>
<Name></Name>
<Val>8.03608615205648E-4</Val>
</DBL>
<DBL>
<Name></Name>
<Val>1.06309505535172E-2</Val>
</DBL>
<DBL>
<Name></Name>
<Val>9.70611472606953E-2</Val>
</DBL>
<DBL>
<Name></Name>
<Val>5.76819655452645E-2</Val>
</DBL>
<DBL>
<Name></Name>
<Val>0.27404593045677</Val>
</DBL>
<DBL>
<Name></Name>
<Val>0.22353021070619</Val>
</DBL>
<DBL>
<Name></Name>
<Val>0.16573243182926</Val>
</DBL>
<DBL>
<Name></Name>
<Val>8.41826527109735E-2</Val>
</DBL>
<DBL>
<Name></Name>
<Val>8.54381455020420E-2</Val>
</DBL>
<DBL>
<Name></Name>
<Val>8.92956820072490E-4</Val>
</DBL>
<DBL>
<Name></Name>
<Val>7.99828493774250E-4</Val>
</DBL>
<DBL>
<Name></Name>
<Val>1.05888192413881E-2</Val>
</DBL>
<DBL>
<Name></Name>
<Val>9.67376799717122E-2</Val>
</DBL>
<DBL>
<Name></Name>
<Val>5.74995911301598E-2</Val>
</DBL>
<DBL>
<Name></Name>
<Val>0.27351914923999</Val>
</DBL>
<DBL>
<Name></Name>
<Val>0.22314422946357</Val>
</DBL>
<DBL>
<Name></Name>
<Val>0.16549879647285</Val>
</DBL>
<DBL>
<Name></Name>
<Val>8.50011906026978E-2</Val>
</DBL>
<DBL>
<Name></Name>
<Val>8.63084914592809E-2</Val>
</DBL>
<DBL>
<Name></Name>
<Val>9.02223924577332E-4</Val>
</DBL>
<DBL>
<Name></Name>
<Val>7.96259585889153E-4</Val>
</DBL>
<DBL>
<Name></Name>
<Val>1.05487832316584E-2</Val>
</DBL>
<DBL>
<Name></Name>
<Val>9.64283701898354E-2</Val>
</DBL>
<DBL>
<Name></Name>
<Val>5.73249207985814E-2</Val>
</DBL>
<DBL>
<Name></Name>
<Val>0.27300501264687</Val>
</DBL>
<DBL>
<Name></Name>
<Val>0.22276650941550</Val>
</DBL>
<DBL>
<Name></Name>
<Val>0.16526944848852</Val>
</DBL>
<DBL>
<Name></Name>
<Val>8.57959071136015E-2</Val>
</DBL>
<DBL>
<Name></Name>
<Val>8.71535663237887E-2</Val>
</DBL>
<DBL>
<Name></Name>
<Val>9.11222205759462E-4</Val>
</DBL>
<DBL>
<Name></Name>
<Val>7.92883934085158E-4</Val>
</DBL>
<DBL>
<Name></Name>
<Val>1.05106810431563E-2</Val>
</DBL>
<DBL>
<Name></Name>
<Val>9.61322630575121E-2</Val>
</DBL>
<DBL>
<Name></Name>
<Val>5.71574569909460E-2</Val>
</DBL>
<DBL>
<Name></Name>
<Val>0.27250349256991</Val>
</DBL>
<DBL>
<Name></Name>
<Val>0.22239717715643</Val>
</DBL>
<DBL>
<Name></Name>
<Val>0.16504456908598</Val>
</DBL>
<DBL>
<Name></Name>
<Val>8.65674581712621E-2</Val>
</DBL>
<DBL>
<Name></Name>
<Val>8.79740590287712E-2</Val>
</DBL>
<DBL>
<Name></Name>
<Val>9.19958961943611E-4</Val>
</DBL>
<DBL>
<Name></Name>
<Val>7.89685502687769E-4</Val>
</DBL>
<DBL>
<Name></Name>
<Val>1.04743676679095E-2</Val>
</DBL>
<DBL>
<Name></Name>
<Val>9.58484946231209E-2</Val>
</DBL>
<DBL>
<Name></Name>
<Val>5.69967483794334E-2</Val>
</DBL>
<DBL>
<Name></Name>
<Val>0.27201452117972</Val>
</DBL>
<DBL>
<Name></Name>
<Val>0.22203631207988</Val>
</DBL>
<DBL>
<Name></Name>
<Val>0.16482429804535</Val>
</DBL>
<DBL>
<Name></Name>
<Val>8.73164860898313E-2</Val>
</DBL>
<DBL>
<Name></Name>
<Val>8.87706450790235E-2</Val>
</DBL>
<DBL>
<Name></Name>
<Val>9.28441353044912E-4</Val>
</DBL>
<DBL>
<Name></Name>
<Val>7.86649953295720E-4</Val>
</DBL>
<DBL>
<Name></Name>
<Val>1.04397127023383E-2</Val>
</DBL>
<DBL>
<Name></Name>
<Val>9.55762818354185E-2</Val>
</DBL>
<DBL>
<Name></Name>
<Val>5.68423848221897E-2</Val>
</DBL>
<DBL>
<Name></Name>
<Val>0.27153799684770</Val>
</DBL>
<DBL>
<Name></Name>
<Val>0.22168395285825</Val>
</DBL>
<DBL>
<Name></Name>
<Val>0.16460873916044</Val>
</DBL>
<DBL>
<Name></Name>
<Val>8.80436192926629E-2</Val>
</DBL>
<DBL>
<Name></Name>
<Val>8.95439861321229E-2</Val>
</DBL>
<DBL>
<Name></Name>
<Val>9.36676395568650E-4</Val>
</DBL>
<DBL>
<Name></Name>
<Val>7.83764447727183E-4</Val>
</DBL>
<DBL>
<Name></Name>
<Val>1.04065986984486E-2</Val>
</DBL>
<DBL>
<Name></Name>
<Val>9.53149136858027E-2</Val>
</DBL>
<DBL>
<Name></Name>
<Val>5.66939928947008E-2</Val>
</DBL>
<DBL>
<Name></Name>
<Val>0.27107378933814</Val>
</DBL>
<DBL>
<Name></Name>
<Val>0.22134010313727</Val>
</DBL>
<DBL>
<Name></Name>
<Val>0.16439796502881</Val>
</DBL>
<DBL>
<Name></Name>
<Val>8.87494721227643E-2</Val>
</DBL>
<DBL>
<Name></Name>
<Val>9.02947296875075E-2</Val>
</DBL>
<DBL>
<Name></Name>
<Val>9.44670958822092E-4</Val>
</DBL>
<DBL>
<Name></Name>
<Val>7.81017474887303E-4</Val>
</DBL>
<DBL>
<Name></Name>
<Val>1.03749197085049E-2</Val>
</DBL>
<DBL>
<Name></Name>
<Val>9.50637433658801E-2</Val>
</DBL>
<DBL>
<Name></Name>
<Val>5.65512319318368E-2</Val>
</DBL>
<DBL>
<Name></Name>
<Val>0.27062174435631</Val>
</DBL>
<DBL>
<Name></Name>
<Val>0.22100473653719</Val>
</DBL>
<DBL>
<Name></Name>
<Val>0.16419202126495</Val>
</DBL>
<DBL>
<Name></Name>
<Val>8.94346447291705E-2</Val>
</DBL>
<DBL>
<Name></Name>
<Val>9.10235088691001E-2</Val>
</DBL>
<DBL>
<Name></Name>
<Val>9.52431762178294E-4</Val>
</DBL>
<DBL>
<Name></Name>
<Val>7.78398698510704E-4</Val>
</DBL>
<DBL>
<Name></Name>
<Val>1.03445799999669E-2</Val>
</DBL>
<DBL>
<Name></Name>
<Val>9.48221813229962E-2</Val>
</DBL>
<DBL>
<Name></Name>
<Val>5.64137905216561E-2</Val>
</DBL>
<DBL>
<Name></Name>
<Val>0.27018168752881</Val>
</DBL>
<DBL>
<Name></Name>
<Val>0.22067780104268</Val>
</DBL>
<DBL>
<Name></Name>
<Val>0.16399093020449</Val>
</DBL>
<DBL>
<Name></Name>
<Val>9.00997230187748E-2</Val>
</DBL>
<DBL>
<Name></Name>
<Val>9.17309422888547E-2</Val>
</DBL>
<DBL>
<Name></Name>
<Val>9.59965373250967E-4</Val>
</DBL>
<DBL>
<Name></Name>
<Val>7.75898823150635E-4</Val>
</DBL>
<DBL>
<Name></Name>
<Val>1.03154929203468E-2</Val>
</DBL>
<DBL>
<Name></Name>
<Val>9.45896891098603E-2</Val>
</DBL>
<DBL>
<Name></Name>
<Val>5.62813833988021E-2</Val>
</DBL>
<DBL>
<Name></Name>
<Val>0.26975342788375</Val>
</DBL>
<DBL>
<Name></Name>
<Val>0.22035922285344</Val>
</DBL>
<DBL>
<Name></Name>
<Val>0.16379469415925</Val>
</DBL>
<DBL>
<Name></Name>
<Val>9.07452786644191E-2</Val>
</DBL>
<DBL>
<Name></Name>
<Val>9.24176339801254E-2</Val>
</DBL>
<DBL>
<Name></Name>
<Val>9.67278206856471E-4</Val>
</DBL>
<DBL>
<Name></Name>
<Val>7.73509476140384E-4</Val>
</DBL>
<DBL>
<Name></Name>
<Val>1.02875798941345E-2</Val>
</DBL>
<DBL>
<Name></Name>
<Val>9.43657739363559E-2</Val>
</DBL>
<DBL>
<Name></Name>
<Val>5.61537486913218E-2</Val>
</DBL>
<DBL>
<Name></Name>
<Val>0.26933676089006</Val>
</DBL>
<DBL>
<Name></Name>
<Val>0.22004890975920</Val>
</DBL>
<DBL>
<Name></Name>
<Val>0.16360329827587</Val>
</DBL>
<DBL>
<Name></Name>
<Val>9.13718691611663E-2</Val>
</DBL>
<DBL>
<Name></Name>
<Val>9.30841733910998E-2</Val>
</DBL>
<DBL>
<Name></Name>
<Val>9.74376524653917E-4</Val>
</DBL>
<DBL>
<Name></Name>
<Val>7.71223103553762E-4</Val>
</DBL>
<DBL>
<Name></Name>
<Val>1.02607695361189E-2</Val>
</DBL>
<DBL>
<Name></Name>
<Val>9.41499838422352E-2</Val>
</DBL>
<DBL>
<Name></Name>
<Val>5.60306454800465E-2</Val>
</DBL>
<DBL>
<Name></Name>
<Val>0.26893147110872</Val>
</DBL>
<DBL>
<Name></Name>
<Val>0.21974675409556</Val>
</DBL>
<DBL>
<Name></Name>
<Val>0.16341671304500</Val>
</DBL>
<DBL>
<Name></Name>
<Val>9.19800379236642E-2</Val>
</DBL>
<DBL>
<Name></Name>
<Val>9.37311354297295E-2</Val>
</DBL>
<DBL>
<Name></Name>
<Val>9.81266435367661E-4</Val>
</DBL>
<DBL>
<Name></Name>
<Val>7.69032878448770E-4</Val>
</DBL>
<DBL>
<Name></Name>
<Val>1.02349968673274E-2</Val>
</DBL>
<DBL>
<Name></Name>
<Val>9.39419034187896E-2</Val>
</DBL>
<DBL>
<Name></Name>
<Val>5.59118516343960E-2</Val>
</DBL>
<DBL>
<Name></Name>
<Val>0.26853733450209</Val>
</DBL>
<DBL>
<Name></Name>
<Val>0.21945263533030</Val>
</DBL>
<DBL>
<Name></Name>
<Val>0.16323489650213</Val>
</DBL>
<DBL>
<Name></Name>
<Val>9.25703144183821E-2</Val>
</DBL>
<DBL>
<Name></Name>
<Val>9.43590805526285E-2</Val>
</DBL>
<DBL>
<Name></Name>
<Val>9.87953895508047E-4</Val>
</DBL>
<DBL>
<Name></Name>
<Val>7.66932619899279E-4</Val>
</DBL>
<DBL>
<Name></Name>
<Val>1.02102026214723E-2</Val>
</DBL>
<DBL>
<Name></Name>
<Val>9.37411500159190E-2</Val>
</DBL>
<DBL>
<Name></Name>
<Val>5.57971618926387E-2</Val>
</DBL>
<DBL>
<Name></Name>
<Val>0.26815412044240</Val>
</DBL>
<DBL>
<Name></Name>
<Val>0.21916642232396</Val>
</DBL>
<DBL>
<Name></Name>
<Val>0.16305779615657</Val>
</DBL>
<DBL>
<Name></Name>
<Val>9.31432143252706E-2</Val>
</DBL>
<DBL>
<Name></Name>
<Val>9.49685548913430E-2</Val>
</DBL>
<DBL>
<Name></Name>
<Val>9.94444710516622E-4</Val>
</DBL>
<DBL>
<Name></Name>
<Val>7.64916721509534E-4</Val>
</DBL>
<DBL>
<Name></Name>
<Val>1.01863326312409E-2</Val>
</DBL>
<DBL>
<Name></Name>
<Val>9.35473703783886E-2</Val>
</DBL>
<DBL>
<Name></Name>
<Val>5.56863861583457E-2</Val>
</DBL>
<DBL>
<Name></Name>
<Val>0.26778159345547</Val>
</DBL>
<DBL>
<Name></Name>
<Val>0.21888797530369</Val>
</DBL>
<DBL>
<Name></Name>
<Val>0.16288535068081</Val>
</DBL>
<DBL>
<Name></Name>
<Val>9.36992397240721E-2</Val>
</DBL>
<DBL>
<Name></Name>
<Val>9.55600904102035E-2</Val>
</DBL>
<DBL>
<Name></Name>
<Val>1.00074453627111E-3</Val>
</DBL>
<DBL>
<Name></Name>
<Val>7.62980088270349E-4</Val>
</DBL>
<DBL>
<Name></Name>
<Val>1.01633372850470E-2</Val>
</DBL>
<DBL>
<Name></Name>
<Val>9.33602376615855E-2</Val>
</DBL>
<DBL>
<Name></Name>
<Val>5.55793479880491E-2</Val>
</DBL>
<DBL>
<Name></Name>
<Val>0.26741951473142</Val>
</DBL>
<DBL>
<Name></Name>
<Val>0.21861714758427</Val>
</DBL>
<DBL>
<Name></Name>
<Val>0.16271749138866</Val>
</DBL>
<DBL>
<Name></Name>
<Val>9.42388793011059E-2</Val>
</DBL>
<DBL>
<Name></Name>
<Val>9.61342050906921E-2</Val>
</DBL>
<DBL>
<Name></Name>
<Val>1.00685888089338E-3</Val>
</DBL>
<DBL>
<Name></Name>
<Val>7.61118080757923E-4</Val>
</DBL>
<DBL>
<Name></Name>
<Val>1.01411710459751E-2</Val>
</DBL>
<DBL>
<Name></Name>
<Val>9.31794487828597E-2</Val>
</DBL>
<DBL>
<Name></Name>
<Val>5.54758832480154E-2</Val>
</DBL>
<DBL>
<Name></Name>
<Val>0.26706764343069</Val>
</DBL>
<DBL>
<Name></Name>
<Val>0.21835378706683</Val>
</DBL>
<DBL>
<Name></Name>
<Val>0.16255414352729</Val>
</DBL>
<DBL>
<Name></Name>
<Val>9.47626085728818E-2</Val>
</DBL>
<DBL>
<Name></Name>
<Val>9.66914031378892E-2</Val>
</DBL>
<DBL>
<Name></Name>
<Val>1.01279310681088E-3</Val>
</DBL>
<DBL>
<Name></Name>
<Val>7.59326465799531E-4</Val>
</DBL>
<DBL>
<Name></Name>
<Val>1.01197920256345E-2</Val>
</DBL>
<DBL>
<Name></Name>
<Val>9.30047220696361E-2</Val>
</DBL>
<DBL>
<Name></Name>
<Val>5.53758389206082E-2</Val>
</DBL>
<DBL>
<Name></Name>
<Val>0.26672573780999</Val>
</DBL>
<DBL>
<Name></Name>
<Val>0.21809773754156</Val>
</DBL>
<DBL>
<Name></Name>
<Val>0.16239522740527</Val>
</DBL>
<DBL>
<Name></Name>
<Val>9.52708901233539E-2</Val>
</DBL>
<DBL>
<Name></Name>
<Val>9.72321752051243E-2</Val>
</DBL>
<DBL>
<Name></Name>
<Val>1.01855243302794E-3</Val>
</DBL>
<DBL>
<Name></Name>
<Val>7.57601372837660E-4</Val>
</DBL>
<DBL>
<Name></Name>
<Val>1.00991616065035E-2</Val>
</DBL>
<DBL>
<Name></Name>
<Val>9.28357951699971E-2</Val>
</DBL>
<DBL>
<Name></Name>
<Val>5.52790720429837E-2</Val>
</DBL>
<DBL>
<Name></Name>
<Val>0.26639355619015</Val>
</DBL>
<DBL>
<Name></Name>
<Val>0.21784883981827</Val>
</DBL>
<DBL>
<Name></Name>
<Val>0.16224065937620</Val>
</DBL>
<DBL>
<Name></Name>
<Val>9.57641738520425E-2</Val>
</DBL>
<DBL>
<Name></Name>
<Val>9.77569986334429E-2</Val>
</DBL>
<DBL>
<Name></Name>
<Val>1.02414193756918E-3</Val>
</DBL>
<DBL>
<Name></Name>
<Val>7.55939255317693E-4</Val>
</DBL>
<DBL>
<Name></Name>
<Val>1.00792441071013E-2</Val>
</DBL>
<DBL>
<Name></Name>
<Val>9.26724231954266E-2</Val>
</DBL>
<DBL>
<Name></Name>
<Val>5.51854487628661E-2</Val>
</DBL>
<DBL>
<Name></Name>
<Val>0.26607085778510</Val>
</DBL>
<DBL>
<Name></Name>
<Val>0.21760693270529</Val>
</DBL>
<DBL>
<Name></Name>
<Val>0.16209035269529</Val>
</DBL>
<DBL>
<Name></Name>
<Val>9.62428972306052E-2</Val>
</DBL>
<DBL>
<Name></Name>
<Val>9.82663377029410E-2</Val>
</DBL>
<DBL>
<Name></Name>
<Val>1.02956656006181E-3</Val>
</DBL>
<DBL>
<Name></Name>
<Val>7.54336856505967E-4</Val>
</DBL>
<DBL>
<Name></Name>
<Val>1.00600064849970E-2</Val>
</DBL>
<DBL>
<Name></Name>
<Val>9.25143770689313E-2</Val>
</DBL>
<DBL>
<Name></Name>
<Val>5.50948434979261E-2</Val>
</DBL>
<DBL>
<Name></Name>
<Val>0.26575740340902</Val>
</DBL>
<DBL>
<Name></Name>
<Val>0.21737185385515</Val>
</DBL>
<DBL>
<Name></Name>
<Val>0.16194421826389</Val>
</DBL>
<DBL>
<Name></Name>
<Val>9.67074855657572E-2</Val>
</DBL>
<DBL>
<Name></Name>
<Val>9.87606438933940E-2</Val>
</DBL>
<DBL>
<Name></Name>
<Val>1.03483110442799E-3</Val>
</DBL>
<DBL>
<Name></Name>
<Val>7.52791179216436E-4</Val>
</DBL>
<DBL>
<Name></Name>
<Val>1.00414180732509E-2</Val>
</DBL>
<DBL>
<Name></Name>
<Val>9.23614420548726E-2</Val>
</DBL>
<DBL>
<Name></Name>
<Val>5.50071381868488E-2</Val>
</DBL>
<DBL>
<Name></Name>
<Val>0.26545295607668</Val>
</DBL>
<DBL>
<Name></Name>
<Val>0.21714344049317</Val>
</DBL>
<DBL>
<Name></Name>
<Val>0.16180216527563</Val>
</DBL>
<DBL>
<Name></Name>
<Val>9.71583522667225E-2</Val>
</DBL>
<DBL>
<Name></Name>
<Val>9.92403561519453E-2</Val>
</DBL>
<DBL>
<Name></Name>
<Val>1.03994024166223E-3</Val>
</DBL>
<DBL>
<Name></Name>
<Val>7.51299458986790E-4</Val>
</DBL>
<DBL>
<Name></Name>
<Val>1.00234503464022E-2</Val>
</DBL>
<DBL>
<Name></Name>
<Val>9.22134164495975E-2</Val>
</DBL>
<DBL>
<Name></Name>
<Val>5.49222216215658E-2</Val>
</DBL>
<DBL>
<Name></Name>
<Val>0.26515728151012</Val>
</DBL>
<DBL>
<Name></Name>
<Val>0.21692153004312</Val>
</DBL>
<DBL>
<Name></Name>
<Val>0.16166410177597</Val>
</DBL>
<DBL>
<Name></Name>
<Val>9.75958991156362E-2</Val>
</DBL>
<DBL>
<Name></Name>
<Val>9.97059011659176E-2</Val>
</DBL>
<DBL>
<Name></Name>
<Val>1.04489851267192E-3</Val>
</DBL>
<DBL>
<Name></Name>
<Val>7.49859140299710E-4</Val>
</DBL>
<DBL>
<Name></Name>
<Val>1.00060767125756E-2</Val>
</DBL>
<DBL>
<Name></Name>
<Val>9.20701104143876E-2</Val>
</DBL>
<DBL>
<Name></Name>
<Val>5.48399888513484E-2</Val>
</DBL>
<DBL>
<Name></Name>
<Val>0.26487014856343</Val>
</DBL>
<DBL>
<Name></Name>
<Val>0.21670596066266</Val>
</DBL>
<DBL>
<Name></Name>
<Val>0.16152993514552</Val>
</DBL>
<DBL>
<Name></Name>
<Val>9.80205165395400E-2</Val>
</DBL>
<DBL>
<Name></Name>
<Val>0.10015769363906</Val>
</DBL>
<DBL>
<Name></Name>
<Val>1.04971033116213E-3</Val>
</DBL>
<DBL>
<Name></Name>
<Val>7.48467855493093E-4</Val>
</DBL>
<DBL>
<Name></Name>
<Val>9.98927232867941E-3</Val>
</DBL>
<DBL>
<Name></Name>
<Val>9.19313449343995E-2</Val>
</DBL>
<DBL>
<Name></Name>
<Val>5.47603406505407E-2</Val>
</DBL>
<DBL>
<Name></Name>
<Val>0.26459132957574</Val>
</DBL>
<DBL>
<Name></Name>
<Val>0.21649657169950</Val>
</DBL>
<DBL>
<Name></Name>
<Val>0.16139957251648</Val>
</DBL>
<DBL>
<Name></Name>
<Val>9.84325838827994E-2</Val>
</DBL>
<DBL>
<Name></Name>
<Val>0.10059613656981</Val>
</DBL>
<DBL>
<Name></Name>
<Val>1.05437998654841E-3</Val>
</DBL>
<DBL>
<Name></Name>
<Val>7.47123406045380E-4</Val>
</DBL>
<DBL>
<Name></Name>
<Val>9.97301393602365E-3</Val>
</DBL>
<DBL>
<Name></Name>
<Val>9.17969508891668E-2</Val>
</DBL>
<DBL>
<Name></Name>
<Val>5.46831830426669E-2</Val>
</DBL>
<DBL>
<Name></Name>
<Val>0.26432060066160</Val>
</DBL>
<DBL>
<Name></Name>
<Val>0.21629320407810</Val>
</DBL>
<DBL>
<Name></Name>
<Val>0.16127292113032</Val>
</DBL>
<DBL>
<Name></Name>
<Val>9.88324696789350E-2</Val>
</DBL>
<DBL>
<Name></Name>
<Val>0.10102162153025</Val>
</DBL>
<DBL>
<Name></Name>
<Val>1.05891164688337E-3</Val>
</DBL>
<DBL>
<Name></Name>
<Val>7.45823745959285E-4</Val>
</DBL>
<DBL>
<Name></Name>
<Val>9.95727971400102E-3</Val>
</DBL>
<DBL>
<Name></Name>
<Val>9.16667682219122E-2</Val>
</DBL>
<DBL>
<Name></Name>
<Val>5.46084268744917E-2</Val>
</DBL>
<DBL>
<Name></Name>
<Val>0.26405774194674</Val>
</DBL>
<DBL>
<Name></Name>
<Val>0.21609570062553</Val>
</DBL>
<DBL>
<Name></Name>
<Val>0.16114988864381</Val>
</DBL>
<DBL>
<Name></Name>
<Val>9.92205319210135E-2</Val>
</DBL>
<DBL>
<Name></Name>
<Val>0.10143452894476</Val>
</DBL>
<DBL>
<Name></Name>
<Val>1.06330936178498E-3</Val>
</DBL>
<DBL>
<Name></Name>
<Val>7.44566966999915E-4</Val>
</DBL>
<DBL>
<Name></Name>
<Val>9.94204914974680E-3</Val>
</DBL>
<DBL>
<Name></Name>
<Val>9.15406451964013E-2</Val>
</DBL>
<DBL>
<Name></Name>
<Val>5.45359874343573E-2</Val>
</DBL>
<DBL>
<Name></Name>
<Val>0.26380253775601</Val>
</DBL>
<DBL>
<Name></Name>
<Val>0.21590390634402</Val>
</DBL>
<DBL>
<Name></Name>
<Val>0.16103038338979</Val>
</DBL>
<DBL>
<Name></Name>
<Val>9.95971183298620E-2</Val>
</DBL>
<DBL>
<Name></Name>
<Val>0.10183522836745</Val>
</DBL>
<DBL>
<Name></Name>
<Val>1.06757706535618E-3</Val>
</DBL>
<DBL>
<Name></Name>
<Val>7.43351285572076E-4</Val>
</DBL>
<DBL>
<Name></Name>
<Val>9.92730292193986E-3</Val>
</DBL>
<DBL>
<Name></Name>
<Val>9.14184377313795E-2</Val>
</DBL>
<DBL>
<Name></Name>
<Val>5.44657841097812E-2</Val>
</DBL>
<DBL>
<Name></Name>
<Val>0.26355477675995</Val>
</DBL>
<DBL>
<Name></Name>
<Val>0.21571766863702</Val>
</DBL>
<DBL>
<Name></Name>
<Val>0.16091431459827</Val>
</DBL>
<DBL>
<Name></Name>
<Val>9.99625666194913E-2</Val>
</DBL>
<DBL>
<Name></Name>
<Val>0.10222407875750</Val>
</DBL>
<DBL>
<Name></Name>
<Val>1.07171857908692E-3</Val>
</DBL>
<DBL>
<Name></Name>
<Val>7.42175031046860E-4</Val>
</DBL>
<DBL>
<Name></Name>
<Val>9.91302279712015E-3</Val>
</DBL>
<DBL>
<Name></Name>
<Val>9.13000088037889E-2</Val>
</DBL>
<DBL>
<Name></Name>
<Val>5.43977400798790E-2</Val>
</DBL>
<DBL>
<Name></Name>
<Val>0.26331425208527</Val>
</DBL>
<DBL>
<Name></Name>
<Val>0.21553683749441</Val>
</DBL>
<DBL>
<Name></Name>
<Val>0.16080159258273</Val>
</DBL>
<DBL>
<Name></Name>
<Val>0.10031720475921</Val>
</DBL>
<DBL>
<Name></Name>
<Val>0.10260142875182</Val>
</DBL>
<DBL>
<Name></Name>
<Val>1.07573761473106E-3</Val>
</DBL>
<DBL>
<Name></Name>
<Val>7.41036635369970E-4</Val>
</DBL>
<DBL>
<Name></Name>
<Val>9.89919153708857E-3</Val>
</DBL>
<DBL>
<Name></Name>
<Val>9.11852279129847E-2</Val>
</DBL>
<DBL>
<Name></Name>
<Val>5.43317820386922E-2</Val>
</DBL>
<DBL>
<Name></Name>
<Val>0.26308076139398</Val>
</DBL>
<DBL>
<Name></Name>
<Val>0.21536126564236</Val>
</DBL>
<DBL>
<Name></Name>
<Val>0.16069212889593</Val>
</DBL>
<DBL>
<Name></Name>
<Val>0.10066135123196</Val>
</DBL>
<DBL>
<Name></Name>
<Val>0.10296761693447</Val>
</DBL>
<DBL>
<Name></Name>
<Val>1.07963777715180E-3</Val>
</DBL>
<DBL>
<Name></Name>
<Val>7.39934623803858E-4</Val>
</DBL>
<DBL>
<Name></Name>
<Val>9.88579281612190E-3</Val>
</DBL>
<DBL>
<Name></Name>
<Val>9.10739705990737E-2</Val>
</DBL>
<DBL>
<Name></Name>
<Val>5.42678399459539E-2</Val>
</DBL>
<DBL>
<Name></Name>
<Val>0.26285410693559</Val>
</DBL>
<DBL>
<Name></Name>
<Val>0.21519080866211</Val>
</DBL>
<DBL>
<Name></Name>
<Val>0.16058583645922</Val>
</DBL>
<DBL>
<Name></Name>
<Val>0.10099531528863</Val>
</DBL>
<DBL>
<Name></Name>
<Val>0.10332297210236</Val>
</DBL>
<DBL>
<Name></Name>
<Val>1.08342256713022E-3</Val>
</DBL>
<DBL>
<Name></Name>
<Val>7.38867606673136E-4</Val>
</DBL>
<DBL>
<Name></Name>
<Val>9.87281114688333E-3</Val>
</DBL>
<DBL>
<Name></Name>
<Val>9.09661180092924E-2</Val>
</DBL>
<DBL>
<Name></Name>
<Val>5.42058468022281E-2</Val>
</DBL>
<DBL>
<Name></Name>
<Val>0.26263409557575</Val>
</DBL>
<DBL>
<Name></Name>
<Val>0.21502532508193</Val>
</DBL>
<DBL>
<Name></Name>
<Val>0.16048262966846</Val>
</DBL>
<DBL>
<Name></Name>
<Val>0.10131939719784</Val>
</DBL>
<DBL>
<Name></Name>
<Val>0.10366781352680</Val>
</DBL>
<DBL>
<Name></Name>
<Val>1.08709538413252E-3</Val>
</DBL>
<DBL>
<Name></Name>
<Val>7.37834271997986E-4</Val>
</DBL>
<DBL>
<Name></Name>
<Val>9.86023181403960E-3</Val>
</DBL>
<DBL>
<Name></Name>
<Val>9.08615565070494E-2</Val>
</DBL>
<DBL>
<Name></Name>
<Val>5.41457384457096E-2</Val>
</DBL>
<DBL>
<Name></Name>
<Val>0.26242053880496</Val>
</DBL>
<DBL>
<Name></Name>
<Val>0.21486467644561</Val>
</DBL>
<DBL>
<Name></Name>
<Val>0.16038242447974</Val>
</DBL>
<DBL>
<Name></Name>
<Val>0.10163388849121</Val>
</DBL>
<DBL>
<Name></Name>
<Val>0.10400245121065</Val>
</DBL>
<DBL>
<Name></Name>
<Val>1.09065952903228E-3</Val>
</DBL>
<DBL>
<Name></Name>
<Val>7.36833378913742E-4</Val>
</DBL>
<DBL>
<Name></Name>
<Val>9.84804081471050E-3</Val>
</DBL>
<DBL>
<Name></Name>
<Val>9.07601773188769E-2</Val>
</DBL>
<DBL>
<Name></Name>
<Val>5.40874533682899E-2</Val>
</DBL>
<DBL>
<Name></Name>
<Val>0.26221325272983</Val>
</DBL>
<DBL>
<Name></Name>
<Val>0.21470872736075</Val>
</DBL>
<DBL>
<Name></Name>
<Val>0.16028513847734</Val>
</DBL>
<DBL>
<Name></Name>
<Val>0.10193907220372</Val>
</DBL>
<DBL>
<Name></Name>
<Val>0.10432718614077</Val>
</DBL>
<DBL>
<Name></Name>
<Val>1.09411820678468E-3</Val>
</DBL>
<DBL>
<Name></Name>
<Val>7.35863751786790E-4</Val>
</DBL>
<DBL>
<Name></Name>
<Val>9.83622480497859E-3</Val>
</DBL>
<DBL>
<Name></Name>
<Val>9.06618762150852E-2</Val>
</DBL>
<DBL>
<Name></Name>
<Val>5.40309325487639E-2</Val>
</DBL>
<DBL>
<Name></Name>
<Val>0.26201205804971</Val>
</DBL>
<DBL>
<Name></Name>
<Val>0.21455734552944</Val>
</DBL>
<DBL>
<Name></Name>
<Val>0.16019069092640</Val>
</DBL>
<DBL>
<Name></Name>
<Val>0.10223522310916</Val>
</DBL>
<DBL>
<Name></Name>
<Val>0.10464231053562</Val>
</DBL>
<DBL>
<Name></Name>
<Val>1.09747452905037E-3</Val>
</DBL>
<DBL>
<Name></Name>
<Val>7.34924274947324E-4</Val>
</DBL>
<DBL>
<Name></Name>
<Val>9.82477105177601E-3</Val>
</DBL>
<DBL>
<Name></Name>
<Val>9.05665532204020E-2</Val>
</DBL>
<DBL>
<Name></Name>
<Val>5.39761193013043E-2</Val>
</DBL>
<DBL>
<Name></Name>
<Val>0.26181678002063</Val>
</DBL>
<DBL>
<Name></Name>
<Val>0.21441040176388</Val>
</DBL>
<DBL>
<Name></Name>
<Val>0.16009900281210</Val>
</DBL>
<DBL>
<Name></Name>
<Val>0.10252260795050</Val>
</DBL>
<DBL>
<Name></Name>
<Val>0.10494810808769</Val>
</DBL>
<DBL>
<Name></Name>
<Val>1.10073151676706E-3</Val>
</DBL>
</Array>
<Array>
<Name>StateAdjacencyMatrix</Name>
<Dimsize>10</Dimsize>
<Dimsize>10</Dimsize>
<String>
<Name></Name>
<Val>@</Val>
</String>
<String>
<Name></Name>
<Val>H</Val>
</String>
<String>
<Name></Name>
<Val>@</Val>
</String>
<String>
<Name></Name>
<Val>@</Val>
</String>
<String>
<Name></Name>
<Val>@</Val>
</String>
<String>
<Name></Name>
<Val>@</Val>
</String>
<String>
<Name></Name>
<Val>@</Val>
</String>
<String>
<Name></Name>
<Val>@</Val>
</String>
<String>
<Name></Name>
<Val>@</Val>
</String>
<String>
<Name></Name>
<Val>@</Val>
</String>
<String>
<Name></Name>
<Val>F</Val>
</String>
<String>
<Name></Name>
<Val>@</Val>
</String>
<String>
<Name></Name>
<Val>A</Val>
</String>
<String>
<Name></Name>
<Val>@</Val>
</String>
<String>
<Name></Name>
<Val>@</Val>
</String>
<String>
<Name></Name>
<Val>@</Val>
</String>
<String>
<Name></Name>
<Val>@</Val>
</String>
<String>
<Name></Name>
<Val>@</Val>
</String>
<String>
<Name></Name>
<Val>@</Val>
</String>
<String>
<Name></Name>
<Val>@</Val>
</String>
<String>
<Name></Name>
<Val>@</Val>
</String>
<String>
<Name></Name>
<Val>B</Val>
</String>
<String>
<Name></Name>
<Val>@</Val>
</String>
<String>
<Name></Name>
<Val>O</Val>
</String>
<String>
<Name></Name>
<Val>@</Val>
</String>
<String>
<Name></Name>
<Val>@</Val>
</String>
<String>
<Name></Name>
<Val>@</Val>
</String>
<String>
<Name></Name>
<Val>@</Val>
</String>
<String>
<Name></Name>
<Val>@</Val>
</String>
<String>
<Name></Name>
<Val>@</Val>
</String>
<String>
<Name></Name>
<Val>@</Val>
</String>
<String>
<Name></Name>
<Val>@</Val>
</String>
<String>
<Name></Name>
<Val>L</Val>
</String>
<String>
<Name></Name>
<Val>@</Val>
</String>
<String>
<Name></Name>
<Val>A</Val>
</String>
<String>
<Name></Name>
<Val>@</Val>
</String>
<String>
<Name></Name>
<Val>@</Val>
</String>
<String>
<Name></Name>
<Val>@</Val>
</String>
<String>
<Name></Name>
<Val>@</Val>
</String>
<String>
<Name></Name>
<Val>@</Val>
</String>
<String>
<Name></Name>
<Val>@</Val>
</String>
<String>
<Name></Name>
<Val>@</Val>
</String>
<String>
<Name></Name>
<Val>@</Val>
</String>
<String>
<Name></Name>
<Val>P</Val>
</String>
<String>
<Name></Name>
<Val>@</Val>
</String>
<String>
<Name></Name>
<Val>G</Val>
</String>
<String>
<Name></Name>
<Val>@</Val>
</String>
<String>
<Name></Name>
<Val>@</Val>
</String>
<String>
<Name></Name>
<Val>@</Val>
</String>
<String>
<Name></Name>
<Val>@</Val>
</String>
<String>
<Name></Name>
<Val>@</Val>
</String>
<String>
<Name></Name>
<Val>@</Val>
</String>
<String>
<Name></Name>
<Val>@</Val>
</String>
<String>
<Name></Name>
<Val>@</Val>
</String>
<String>
<Name></Name>
<Val>J</Val>
</String>
<String>
<Name></Name>
<Val>@</Val>
</String>
<String>
<Name></Name>
<Val>M</Val>
</String>
<String>
<Name></Name>
<Val>@</Val>
</String>
<String>
<Name></Name>
<Val>@</Val>
</String>
<String>
<Name></Name>
<Val>@</Val>
</String>
<String>
<Name></Name>
<Val>@</Val>
</String>
<String>
<Name></Name>
<Val>@</Val>
</String>
<String>
<Name></Name>
<Val>@</Val>
</String>
<String>
<Name></Name>
<Val>@</Val>
</String>
<String>
<Name></Name>
<Val>@</Val>
</String>
<String>
<Name></Name>
<Val>I</Val>
</String>
<String>
<Name></Name>
<Val>@</Val>
</String>
<String>
<Name></Name>
<Val>B</Val>
</String>
<String>
<Name></Name>
<Val>@</Val>
</String>
<String>
<Name></Name>
<Val>@</Val>
</String>
<String>
<Name></Name>
<Val>@</Val>
</String>
<String>
<Name></Name>
<Val>@</Val>
</String>
<String>
<Name></Name>
<Val>@</Val>
</String>
<String>
<Name></Name>
<Val>@</Val>
</String>
<String>
<Name></Name>
<Val>@</Val>
</String>
<String>
<Name></Name>
<Val>@</Val>
</String>
<String>
<Name></Name>
<Val>N</Val>
</String>
<String>
<Name></Name>
<Val>@</Val>
</String>
<String>
<Name></Name>
<Val>C</Val>
</String>
<String>
<Name></Name>
<Val>@</Val>
</String>
<String>
<Name></Name>
<Val>@</Val>
</String>
<String>
<Name></Name>
<Val>@</Val>
</String>
<String>
<Name></Name>
<Val>@</Val>
</String>
<String>
<Name></Name>
<Val>@</Val>
</String>
<String>
<Name></Name>
<Val>@</Val>
</String>
<String>
<Name></Name>
<Val>@</Val>
</String>
<String>
<Name></Name>
<Val>@</Val>
</String>
<String>
<Name></Name>
<Val>D</Val>
</String>
<String>
<Name></Name>
<Val>@</Val>
</String>
<String>
<Name></Name>
<Val>K</Val>
</String>
<String>
<Name></Name>
<Val>@</Val>
</String>
<String>
<Name></Name>
<Val>@</Val>
</String>
<String>
<Name></Name>
<Val>@</Val>
</String>
<String>
<Name></Name>
<Val>@</Val>
</String>
<String>
<Name></Name>
<Val>@</Val>
</String>
<String>
<Name></Name>
<Val>@</Val>
</String>
<String>
<Name></Name>
<Val>@</Val>
</String>
<String>
<Name></Name>
<Val>@</Val>
</String>
<String>
<Name></Name>
<Val>E</Val>
</String>
<String>
<Name></Name>
<Val>@</Val>
</String>
</Array>
<Cluster>
<Name>IntegrationParams</Name>
<NumElts>4</NumElts>
<DBL>
<Name>time start</Name>
<Val>0.00000000000000</Val>
</DBL>
<DBL>
<Name>time end</Name>
<Val>999.00000000000000</Val>
</DBL>
<DBL>
<Name>h (step rate)</Name>
<Val>0.10000000000000</Val>
</DBL>
<Array>
<Name>X0</Name>
<Dimsize>10</Dimsize>
<I32>
<Name></Name>
<Val>1</Val>
</I32>
<I32>
<Name></Name>
<Val>0</Val>
</I32>
<I32>
<Name></Name>
<Val>0</Val>
</I32>
<I32>
<Name></Name>
<Val>0</Val>
</I32>
<I32>
<Name></Name>
<Val>0</Val>
</I32>
<I32>
<Name></Name>
<Val>0</Val>
</I32>
<I32>
<Name></Name>
<Val>0</Val>
</I32>
<I32>
<Name></Name>
<Val>0</Val>
</I32>
<I32>
<Name></Name>
<Val>0</Val>
</I32>
<I32>
<Name></Name>
<Val>0</Val>
</I32>
</Array>
</Cluster>
<Array>
<Name>StateNames</Name>
<Dimsize>10</Dimsize>
<String>
<Name>string</Name>
<Val>a</Val>
</String>
<String>
<Name>string</Name>
<Val>b</Val>
</String>
<String>
<Name>string</Name>
<Val>c</Val>
</String>
<String>
<Name>string</Name>
<Val>d</Val>
</String>
<String>
<Name>string</Name>
<Val>e</Val>
</String>
<String>
<Name>string</Name>
<Val>f</Val>
</String>
<String>
<Name>string</Name>
<Val>g</Val>
</String>
<String>
<Name>string</Name>
<Val>h</Val>
</String>
<String>
<Name>string</Name>
<Val>i</Val>
</String>
<String>
<Name>string</Name>
<Val>j</Val>
</String>
</Array>
</Cluster>
</LVData>