<?xml version='1.0' standalone='yes' ?>
<LVData xmlns="http://www.ni.com/LVData">
<Version>10.0.1</Version>
<Cluster>
<Name>ModelData</Name>
<NumElts>7</NumElts>
<Array>
<Name>Transitions</Name>
<Dimsize>17</Dimsize>
<Dimsize>2</Dimsize>
<String>
<Name>string</Name>
<Val>A</Val>
</String>
<String>
<Name>string</Name>
<Val>A</Val>
</String>
<String>
<Name>string</Name>
<Val>B</Val>
</String>
<String>
<Name>string</Name>
<Val>B</Val>
</String>
<String>
<Name>string</Name>
<Val>C</Val>
</String>
<String>
<Name>string</Name>
<Val>C</Val>
</String>
<String>
<Name>string</Name>
<Val>D</Val>
</String>
<String>
<Name>string</Name>
<Val>D</Val>
</String>
<String>
<Name>string</Name>
<Val>E</Val>
</String>
<String>
<Name>string</Name>
<Val>E</Val>
</String>
<String>
<Name>string</Name>
<Val>F</Val>
</String>
<String>
<Name>string</Name>
<Val>F</Val>
</String>
<String>
<Name>string</Name>
<Val>G</Val>
</String>
<String>
<Name>string</Name>
<Val>G</Val>
</String>
<String>
<Name>string</Name>
<Val>H</Val>
</String>
<String>
<Name>string</Name>
<Val>H</Val>
</String>
<String>
<Name>string</Name>
<Val>I</Val>
</String>
<String>
<Name>string</Name>
<Val>I</Val>
</String>
<String>
<Name>string</Name>
<Val>J</Val>
</String>
<String>
<Name>string</Name>
<Val>J</Val>
</String>
<String>
<Name>string</Name>
<Val>K</Val>
</String>
<String>
<Name>string</Name>
<Val>K</Val>
</String>
<String>
<Name>string</Name>
<Val>L</Val>
</String>
<String>
<Name>string</Name>
<Val>L</Val>
</String>
<String>
<Name>string</Name>
<Val>M</Val>
</String>
<String>
<Name>string</Name>
<Val>M</Val>
</String>
<String>
<Name>string</Name>
<Val>N</Val>
</String>
<String>
<Name>string</Name>
<Val>N</Val>
</String>
<String>
<Name>string</Name>
<Val>O</Val>
</String>
<String>
<Name>string</Name>
<Val>O</Val>
</String>
<String>
<Name>string</Name>
<Val>P</Val>
</String>
<String>
<Name>string</Name>
<Val>P</Val>
</String>
<String>
<Name>string</Name>
<Val>Q</Val>
</String>
<String>
<Name>string</Name>
<Val>Q</Val>
</String>
</Array>
<Array>
<Name>RealValues</Name>
<Dimsize>17</Dimsize>
<Dimsize>2</Dimsize>
<String>
<Name>string</Name>
<Val>A</Val>
</String>
<String>
<Name>string</Name>
<Val>0,042076</Val>
</String>
<String>
<Name>string</Name>
<Val>B</Val>
</String>
<String>
<Name>string</Name>
<Val>0,026419</Val>
</String>
<String>
<Name>string</Name>
<Val>C</Val>
</String>
<String>
<Name>string</Name>
<Val>0,003094</Val>
</String>
<String>
<Name>string</Name>
<Val>D</Val>
</String>
<String>
<Name>string</Name>
<Val>0,058152</Val>
</String>
<String>
<Name>string</Name>
<Val>E</Val>
</String>
<String>
<Name>string</Name>
<Val>0,726627</Val>
</String>
<String>
<Name>string</Name>
<Val>F</Val>
</String>
<String>
<Name>string</Name>
<Val>0,058679</Val>
</String>
<String>
<Name>string</Name>
<Val>G</Val>
</String>
<String>
<Name>string</Name>
<Val>0,026490</Val>
</String>
<String>
<Name>string</Name>
<Val>H</Val>
</String>
<String>
<Name>string</Name>
<Val>0,007399</Val>
</String>
<String>
<Name>string</Name>
<Val>I</Val>
</String>
<String>
<Name>string</Name>
<Val>0,006102</Val>
</String>
<String>
<Name>string</Name>
<Val>J</Val>
</String>
<String>
<Name>string</Name>
<Val>0,081272</Val>
</String>
<String>
<Name>string</Name>
<Val>K</Val>
</String>
<String>
<Name>string</Name>
<Val>0,856100</Val>
</String>
<String>
<Name>string</Name>
<Val>L</Val>
</String>
<String>
<Name>string</Name>
<Val>0,081123</Val>
</String>
<String>
<Name>string</Name>
<Val>M</Val>
</String>
<String>
<Name>string</Name>
<Val>0,073487</Val>
</String>
<String>
<Name>string</Name>
<Val>N</Val>
</String>
<String>
<Name>string</Name>
<Val>0,004537</Val>
</String>
<String>
<Name>string</Name>
<Val>O</Val>
</String>
<String>
<Name>string</Name>
<Val>0,000702</Val>
</String>
<String>
<Name>string</Name>
<Val>P</Val>
</String>
<String>
<Name>string</Name>
<Val>0,011566</Val>
</String>
<String>
<Name>string</Name>
<Val>Q</Val>
</String>
<String>
<Name>string</Name>
<Val>0,020233</Val>
</String>
</Array>
<Array>
<Name>Times</Name>
<Dimsize>100</Dimsize>
<DBL>
<Name></Name>
<Val>0.00000000000000</Val>
</DBL>
<DBL>
<Name></Name>
<Val>10.00000000000000</Val>
</DBL>
<DBL>
<Name></Name>
<Val>20.00000000000000</Val>
</DBL>
<DBL>
<Name></Name>
<Val>30.00000000000000</Val>
</DBL>
<DBL>
<Name></Name>
<Val>40.00000000000000</Val>
</DBL>
<DBL>
<Name></Name>
<Val>50.00000000000000</Val>
</DBL>
<DBL>
<Name></Name>
<Val>60.00000000000000</Val>
</DBL>
<DBL>
<Name></Name>
<Val>70.00000000000000</Val>
</DBL>
<DBL>
<Name></Name>
<Val>80.00000000000000</Val>
</DBL>
<DBL>
<Name></Name>
<Val>90.00000000000000</Val>
</DBL>
<DBL>
<Name></Name>
<Val>100.00000000000000</Val>
</DBL>
<DBL>
<Name></Name>
<Val>110.00000000000000</Val>
</DBL>
<DBL>
<Name></Name>
<Val>120.00000000000000</Val>
</DBL>
<DBL>
<Name></Name>
<Val>130.00000000000000</Val>
</DBL>
<DBL>
<Name></Name>
<Val>140.00000000000000</Val>
</DBL>
<DBL>
<Name></Name>
<Val>150.00000000000000</Val>
</DBL>
<DBL>
<Name></Name>
<Val>160.00000000000000</Val>
</DBL>
<DBL>
<Name></Name>
<Val>170.00000000000000</Val>
</DBL>
<DBL>
<Name></Name>
<Val>180.00000000000000</Val>
</DBL>
<DBL>
<Name></Name>
<Val>190.00000000000000</Val>
</DBL>
<DBL>
<Name></Name>
<Val>200.00000000000000</Val>
</DBL>
<DBL>
<Name></Name>
<Val>210.00000000000000</Val>
</DBL>
<DBL>
<Name></Name>
<Val>220.00000000000000</Val>
</DBL>
<DBL>
<Name></Name>
<Val>230.00000000000000</Val>
</DBL>
<DBL>
<Name></Name>
<Val>240.00000000000000</Val>
</DBL>
<DBL>
<Name></Name>
<Val>250.00000000000000</Val>
</DBL>
<DBL>
<Name></Name>
<Val>260.00000000000000</Val>
</DBL>
<DBL>
<Name></Name>
<Val>270.00000000000000</Val>
</DBL>
<DBL>
<Name></Name>
<Val>280.00000000000000</Val>
</DBL>
<DBL>
<Name></Name>
<Val>290.00000000000000</Val>
</DBL>
<DBL>
<Name></Name>
<Val>300.00000000000000</Val>
</DBL>
<DBL>
<Name></Name>
<Val>310.00000000000000</Val>
</DBL>
<DBL>
<Name></Name>
<Val>320.00000000000000</Val>
</DBL>
<DBL>
<Name></Name>
<Val>330.00000000000000</Val>
</DBL>
<DBL>
<Name></Name>
<Val>340.00000000000000</Val>
</DBL>
<DBL>
<Name></Name>
<Val>350.00000000000000</Val>
</DBL>
<DBL>
<Name></Name>
<Val>360.00000000000000</Val>
</DBL>
<DBL>
<Name></Name>
<Val>370.00000000000000</Val>
</DBL>
<DBL>
<Name></Name>
<Val>380.00000000000000</Val>
</DBL>
<DBL>
<Name></Name>
<Val>390.00000000000000</Val>
</DBL>
<DBL>
<Name></Name>
<Val>400.00000000000000</Val>
</DBL>
<DBL>
<Name></Name>
<Val>410.00000000000000</Val>
</DBL>
<DBL>
<Name></Name>
<Val>420.00000000000000</Val>
</DBL>
<DBL>
<Name></Name>
<Val>430.00000000000000</Val>
</DBL>
<DBL>
<Name></Name>
<Val>440.00000000000000</Val>
</DBL>
<DBL>
<Name></Name>
<Val>450.00000000000000</Val>
</DBL>
<DBL>
<Name></Name>
<Val>460.00000000000000</Val>
</DBL>
<DBL>
<Name></Name>
<Val>470.00000000000000</Val>
</DBL>
<DBL>
<Name></Name>
<Val>480.00000000000000</Val>
</DBL>
<DBL>
<Name></Name>
<Val>490.00000000000000</Val>
</DBL>
<DBL>
<Name></Name>
<Val>500.00000000000000</Val>
</DBL>
<DBL>
<Name></Name>
<Val>510.00000000000000</Val>
</DBL>
<DBL>
<Name></Name>
<Val>520.00000000000000</Val>
</DBL>
<DBL>
<Name></Name>
<Val>530.00000000000000</Val>
</DBL>
<DBL>
<Name></Name>
<Val>540.00000000000000</Val>
</DBL>
<DBL>
<Name></Name>
<Val>550.00000000000000</Val>
</DBL>
<DBL>
<Name></Name>
<Val>560.00000000000000</Val>
</DBL>
<DBL>
<Name></Name>
<Val>570.00000000000000</Val>
</DBL>
<DBL>
<Name></Name>
<Val>580.00000000000000</Val>
</DBL>
<DBL>
<Name></Name>
<Val>590.00000000000000</Val>
</DBL>
<DBL>
<Name></Name>
<Val>600.00000000000000</Val>
</DBL>
<DBL>
<Name></Name>
<Val>610.00000000000000</Val>
</DBL>
<DBL>
<Name></Name>
<Val>620.00000000000000</Val>
</DBL>
<DBL>
<Name></Name>
<Val>630.00000000000000</Val>
</DBL>
<DBL>
<Name></Name>
<Val>640.00000000000000</Val>
</DBL>
<DBL>
<Name></Name>
<Val>650.00000000000000</Val>
</DBL>
<DBL>
<Name></Name>
<Val>660.00000000000000</Val>
</DBL>
<DBL>
<Name></Name>
<Val>670.00000000000000</Val>
</DBL>
<DBL>
<Name></Name>
<Val>680.00000000000000</Val>
</DBL>
<DBL>
<Name></Name>
<Val>690.00000000000000</Val>
</DBL>
<DBL>
<Name></Name>
<Val>700.00000000000000</Val>
</DBL>
<DBL>
<Name></Name>
<Val>710.00000000000000</Val>
</DBL>
<DBL>
<Name></Name>
<Val>720.00000000000000</Val>
</DBL>
<DBL>
<Name></Name>
<Val>730.00000000000000</Val>
</DBL>
<DBL>
<Name></Name>
<Val>740.00000000000000</Val>
</DBL>
<DBL>
<Name></Name>
<Val>750.00000000000000</Val>
</DBL>
<DBL>
<Name></Name>
<Val>760.00000000000000</Val>
</DBL>
<DBL>
<Name></Name>
<Val>770.00000000000000</Val>
</DBL>
<DBL>
<Name></Name>
<Val>780.00000000000000</Val>
</DBL>
<DBL>
<Name></Name>
<Val>790.00000000000000</Val>
</DBL>
<DBL>
<Name></Name>
<Val>800.00000000000000</Val>
</DBL>
<DBL>
<Name></Name>
<Val>810.00000000000000</Val>
</DBL>
<DBL>
<Name></Name>
<Val>820.00000000000000</Val>
</DBL>
<DBL>
<Name></Name>
<Val>830.00000000000000</Val>
</DBL>
<DBL>
<Name></Name>
<Val>840.00000000000000</Val>
</DBL>
<DBL>
<Name></Name>
<Val>850.00000000000000</Val>
</DBL>
<DBL>
<Name></Name>
<Val>860.00000000000000</Val>
</DBL>
<DBL>
<Name></Name>
<Val>870.00000000000000</Val>
</DBL>
<DBL>
<Name></Name>
<Val>880.00000000000000</Val>
</DBL>
<DBL>
<Name></Name>
<Val>890.00000000000000</Val>
</DBL>
<DBL>
<Name></Name>
<Val>900.00000000000000</Val>
</DBL>
<DBL>
<Name></Name>
<Val>910.00000000000000</Val>
</DBL>
<DBL>
<Name></Name>
<Val>920.00000000000000</Val>
</DBL>
<DBL>
<Name></Name>
<Val>930.00000000000000</Val>
</DBL>
<DBL>
<Name></Name>
<Val>940.00000000000000</Val>
</DBL>
<DBL>
<Name></Name>
<Val>950.00000000000000</Val>
</DBL>
<DBL>
<Name></Name>
<Val>960.00000000000000</Val>
</DBL>
<DBL>
<Name></Name>
<Val>970.00000000000000</Val>
</DBL>
<DBL>
<Name></Name>
<Val>980.00000000000000</Val>
</DBL>
<DBL>
<Name></Name>
<Val>990.00000000000000</Val>
</DBL>
</Array>
<Array>
<Name>RealSolution</Name>
<Dimsize>100</Dimsize>
<Dimsize>10</Dimsize>
<DBL>
<Name></Name>
<Val>1.00000000000000</Val>
</DBL>
<DBL>
<Name></Name>
<Val>0.00000000000000</Val>
</DBL>
<DBL>
<Name></Name>
<Val>0.00000000000000</Val>
</DBL>
<DBL>
<Name></Name>
<Val>0.00000000000000</Val>
</DBL>
<DBL>
<Name></Name>
<Val>0.00000000000000</Val>
</DBL>
<DBL>
<Name></Name>
<Val>0.00000000000000</Val>
</DBL>
<DBL>
<Name></Name>
<Val>0.00000000000000</Val>
</DBL>
<DBL>
<Name></Name>
<Val>0.00000000000000</Val>
</DBL>
<DBL>
<Name></Name>
<Val>0.00000000000000</Val>
</DBL>
<DBL>
<Name></Name>
<Val>0.00000000000000</Val>
</DBL>
<DBL>
<Name></Name>
<Val>0.66525493446084</Val>
</DBL>
<DBL>
<Name></Name>
<Val>0.32284055434733</Val>
</DBL>
<DBL>
<Name></Name>
<Val>2.70018809411121E-3</Val>
</DBL>
<DBL>
<Name></Name>
<Val>7.76773398385458E-3</Val>
</DBL>
<DBL>
<Name></Name>
<Val>1.35795680534050E-3</Val>
</DBL>
<DBL>
<Name></Name>
<Val>7.10640463943205E-5</Val>
</DBL>
<DBL>
<Name></Name>
<Val>7.56084702749561E-6</Val>
</DBL>
<DBL>
<Name></Name>
<Val>7.35790107820113E-9</Val>
</DBL>
<DBL>
<Name></Name>
<Val>5.25902444722414E-11</Val>
</DBL>
<DBL>
<Name></Name>
<Val>4.61374399480707E-12</Val>
</DBL>
<DBL>
<Name></Name>
<Val>0.45769152182603</Val>
</DBL>
<DBL>
<Name></Name>
<Val>0.50227978660228</Val>
</DBL>
<DBL>
<Name></Name>
<Val>4.56981157060363E-3</Val>
</DBL>
<DBL>
<Name></Name>
<Val>2.48722392876251E-2</Val>
</DBL>
<DBL>
<Name></Name>
<Val>9.43333867130067E-3</Val>
</DBL>
<DBL>
<Name></Name>
<Val>9.36875471657335E-4</Val>
</DBL>
<DBL>
<Name></Name>
<Val>2.16001294885110E-4</Val>
</DBL>
<DBL>
<Name></Name>
<Val>4.20490002064593E-7</Val>
</DBL>
<DBL>
<Name></Name>
<Val>3.99556820704503E-9</Val>
</DBL>
<DBL>
<Name></Name>
<Val>7.90053724349643E-10</Val>
</DBL>
<DBL>
<Name></Name>
<Val>0.32801952648893</Val>
</DBL>
<DBL>
<Name></Name>
<Val>0.59514323514785</Val>
</DBL>
<DBL>
<Name></Name>
<Val>5.59679812065296E-3</Val>
</DBL>
<DBL>
<Name></Name>
<Val>4.17218620314049E-2</Val>
</DBL>
<DBL>
<Name></Name>
<Val>2.48467358161377E-2</Val>
</DBL>
<DBL>
<Name></Name>
<Val>3.43440631599324E-3</Val>
</DBL>
<DBL>
<Name></Name>
<Val>1.23391510463182E-3</Val>
</DBL>
<DBL>
<Name></Name>
<Val>3.47273859790955E-6</Val>
</DBL>
<DBL>
<Name></Name>
<Val>3.66450009140197E-8</Val>
</DBL>
<DBL>
<Name></Name>
<Val>1.15908022830872E-8</Val>
</DBL>
<DBL>
<Name></Name>
<Val>0.24610812255596</Val>
</DBL>
<DBL>
<Name></Name>
<Val>0.63604704519051</Val>
</DBL>
<DBL>
<Name></Name>
<Val>6.09688249532620E-3</Val>
</DBL>
<DBL>
<Name></Name>
<Val>5.50140274363351E-2</Val>
</DBL>
<DBL>
<Name></Name>
<Val>4.51960058820471E-2</Val>
</DBL>
<DBL>
<Name></Name>
<Val>7.73949371170143E-3</Val>
</DBL>
<DBL>
<Name></Name>
<Val>3.78467678264796E-3</Val>
</DBL>
<DBL>
<Name></Name>
<Val>1.35287241923101E-5</Val>
</DBL>
<DBL>
<Name></Name>
<Val>1.50753161660573E-7</Val>
</DBL>
<DBL>
<Name></Name>
<Val>6.64681178070296E-8</Val>
</DBL>
<DBL>
<Name></Name>
<Val>0.19353443574002</Val>
</DBL>
<DBL>
<Name></Name>
<Val>0.64608165803381</Val>
</DBL>
<DBL>
<Name></Name>
<Val>6.27186949142970E-3</Val>
</DBL>
<DBL>
<Name></Name>
<Val>6.42762069992803E-2</Val>
</DBL>
<DBL>
<Name></Name>
<Val>6.78464490537400E-2</Val>
</DBL>
<DBL>
<Name></Name>
<Val>1.35754336217476E-2</Val>
</DBL>
<DBL>
<Name></Name>
<Val>8.37782816680560E-3</Val>
</DBL>
<DBL>
<Name></Name>
<Val>3.54770142378078E-5</Val>
</DBL>
<DBL>
<Name></Name>
<Val>4.08851966492198E-7</Val>
</DBL>
<DBL>
<Name></Name>
<Val>2.33026952729959E-7</Val>
</DBL>
<DBL>
<Name></Name>
<Val>0.15903082790205</Val>
</DBL>
<DBL>
<Name></Name>
<Val>0.63808107003977</Val>
</DBL>
<DBL>
<Name></Name>
<Val>6.24968631056581E-3</Val>
</DBL>
<DBL>
<Name></Name>
<Val>7.00616166597977E-2</Val>
</DBL>
<DBL>
<Name></Name>
<Val>9.07790896042201E-2</Val>
</DBL>
<DBL>
<Name></Name>
<Val>2.05118750166771E-2</Val>
</DBL>
<DBL>
<Name></Name>
<Val>1.52112847425064E-2</Val>
</DBL>
<DBL>
<Name></Name>
<Val>7.30827101633280E-5</Val>
</DBL>
<DBL>
<Name></Name>
<Val>8.61895027536259E-7</Val>
</DBL>
<DBL>
<Name></Name>
<Val>6.05119218860101E-7</Val>
</DBL>
<DBL>
<Name></Name>
<Val>0.13570291761035</Val>
</DBL>
<DBL>
<Name></Name>
<Val>0.61983960372313</Val>
</DBL>
<DBL>
<Name></Name>
<Val>6.11086064793216E-3</Val>
</DBL>
<DBL>
<Name></Name>
<Val>7.31703590652719E-2</Val>
</DBL>
<DBL>
<Name></Name>
<Val>0.11269740066722</Val>
</DBL>
<DBL>
<Name></Name>
<Val>2.81322375623089E-2</Val>
</DBL>
<DBL>
<Name></Name>
<Val>2.42155787133443E-2</Val>
</DBL>
<DBL>
<Name></Name>
<Val>1.28218078615419E-4</Val>
</DBL>
<DBL>
<Name></Name>
<Val>1.53807196190238E-6</Val>
</DBL>
<DBL>
<Name></Name>
<Val>1.28585987068834E-6</Val>
</DBL>
<DBL>
<Name></Name>
<Val>0.11932951558537</Val>
</DBL>
<DBL>
<Name></Name>
<Val>0.59607594470417</Val>
</DBL>
<DBL>
<Name></Name>
<Val>5.90574115982085E-3</Val>
</DBL>
<DBL>
<Name></Name>
<Val>7.43472039000535E-2</Val>
</DBL>
<DBL>
<Name></Name>
<Val>0.13289432639148</Val>
</DBL>
<DBL>
<Name></Name>
<Val>3.60979279762863E-2</Val>
</DBL>
<DBL>
<Name></Name>
<Val>3.51436477293078E-2</Val>
</DBL>
<DBL>
<Name></Name>
<Val>2.00880804316188E-4</Val>
</DBL>
<DBL>
<Name></Name>
<Val>2.44178011775437E-6</Val>
</DBL>
<DBL>
<Name></Name>
<Val>2.36996907460106E-6</Val>
</DBL>
<DBL>
<Name></Name>
<Val>0.10732365393306</Val>
</DBL>
<DBL>
<Name></Name>
<Val>0.56963242371230</Val>
</DBL>
<DBL>
<Name></Name>
<Val>5.66558054557886E-3</Val>
</DBL>
<DBL>
<Name></Name>
<Val>7.41904784885624E-2</Val>
</DBL>
<DBL>
<Name></Name>
<Val>0.15107565007122</Val>
</DBL>
<DBL>
<Name></Name>
<Val>4.41587618338007E-2</Val>
</DBL>
<DBL>
<Name></Name>
<Val>4.76563345288153E-2</Val>
</DBL>
<DBL>
<Name></Name>
<Val>2.89627638477297E-4</Val>
</DBL>
<DBL>
<Name></Name>
<Val>3.55836045555572E-6</Val>
</DBL>
<DBL>
<Name></Name>
<Val>3.93088773016877E-6</Val>
</DBL>
<DBL>
<Name></Name>
<Val>9.80975958112438E-2</Val>
</DBL>
<DBL>
<Name></Name>
<Val>0.54220736378122</Val>
</DBL>
<DBL>
<Name></Name>
<Val>5.40961066307759E-3</Val>
</DBL>
<DBL>
<Name></Name>
<Val>7.31469918377871E-2</Val>
</DBL>
<DBL>
<Name></Name>
<Val>0.16720754718777</Val>
</DBL>
<DBL>
<Name></Name>
<Val>5.21414743076704E-2</Val>
</DBL>
<DBL>
<Name></Name>
<Val>6.13864243964817E-2</Val>
</DBL>
<DBL>
<Name></Name>
<Val>3.92117143665243E-4</Val>
</DBL>
<DBL>
<Name></Name>
<Val>4.86066445141589E-6</Val>
</DBL>
<DBL>
<Name></Name>
<Val>6.01420662811695E-6</Val>
</DBL>
<DBL>
<Name></Name>
<Val>9.06747229080272E-2</Val>
</DBL>
<DBL>
<Name></Name>
<Val>0.51480229304987</Val>
</DBL>
<DBL>
<Name></Name>
<Val>5.14952993639633E-3</Val>
</DBL>
<DBL>
<Name></Name>
<Val>7.15364273364465E-2</Val>
</DBL>
<DBL>
<Name></Name>
<Val>0.18140419670822</Val>
</DBL>
<DBL>
<Name></Name>
<Val>5.99324018678104E-2</Val>
</DBL>
<DBL>
<Name></Name>
<Val>7.59798844385258E-2</Val>
</DBL>
<DBL>
<Name></Name>
<Val>5.05592004518772E-4</Val>
</DBL>
<DBL>
<Name></Name>
<Val>6.31515255202920E-6</Val>
</DBL>
<DBL>
<Name></Name>
<Val>8.63659763346468E-6</Val>
</DBL>
<DBL>
<Name></Name>
<Val>8.44523009724836E-2</Val>
</DBL>
<DBL>
<Name></Name>
<Val>0.48799502033670</Val>
</DBL>
<DBL>
<Name></Name>
<Val>4.89233474896727E-3</Val>
</DBL>
<DBL>
<Name></Name>
<Val>6.95812841006123E-2</Val>
</DBL>
<DBL>
<Name></Name>
<Val>0.19385224990376</Val>
</DBL>
<DBL>
<Name></Name>
<Val>6.74611384408772E-2</Val>
</DBL>
<DBL>
<Name></Name>
<Val>9.11187588009363E-2</Val>
</DBL>
<DBL>
<Name></Name>
<Val>6.27237566395188E-4</Val>
</DBL>
<DBL>
<Name></Name>
<Val>7.88658341531265E-6</Val>
</DBL>
<DBL>
<Name></Name>
<Val>1.17885458472829E-5</Val>
</DBL>
<DBL>
<Name></Name>
<Val>7.90564580580456E-2</Val>
</DBL>
<DBL>
<Name></Name>
<Val>0.46210635243402</Val>
</DBL>
<DBL>
<Name></Name>
<Val>4.64209844433722E-3</Val>
</DBL>
<DBL>
<Name></Name>
<Val>6.74334667209495E-2</Val>
</DBL>
<DBL>
<Name></Name>
<Val>0.20476365054265</Val>
</DBL>
<DBL>
<Name></Name>
<Val>7.46873647943196E-2</Val>
</DBL>
<DBL>
<Name></Name>
<Val>0.10653121519963</Val>
</DBL>
<DBL>
<Name></Name>
<Val>7.54413477271644E-4</Val>
</DBL>
<DBL>
<Name></Name>
<Val>9.54115819174815E-6</Val>
</DBL>
<DBL>
<Name></Name>
<Val>1.54391705832417E-5</Val>
</DBL>
<DBL>
<Name></Name>
<Val>7.42535233409339E-2</Val>
</DBL>
<DBL>
<Name></Name>
<Val>0.43730184683023</Val>
</DBL>
<DBL>
<Name></Name>
<Val>4.40108525833916E-3</Val>
</DBL>
<DBL>
<Name></Name>
<Val>6.51951612252684E-2</Val>
</DBL>
<DBL>
<Name></Name>
<Val>0.21434830628571</Val>
</DBL>
<DBL>
<Name></Name>
<Val>8.15910477769649E-2</Val>
</DBL>
<DBL>
<Name></Name>
<Val>0.12199345785817</Val>
</DBL>
<DBL>
<Name></Name>
<Val>8.84781280946071E-4</Val>
</DBL>
<DBL>
<Name></Name>
<Val>1.12483523139736E-5</Val>
</DBL>
<DBL>
<Name></Name>
<Val>1.95417911228135E-5</Val>
</DBL>
<DBL>
<Name></Name>
<Val>6.98958152053104E-2</Val>
</DBL>
<DBL>
<Name></Name>
<Val>0.41365388246758</Val>
</DBL>
<DBL>
<Name></Name>
<Val>4.17044583625164E-3</Val>
</DBL>
<DBL>
<Name></Name>
<Val>6.29342137085671E-2</Val>
</DBL>
<DBL>
<Name></Name>
<Val>0.22279978813815</Val>
</DBL>
<DBL>
<Name></Name>
<Val>8.81654855255763E-2</Val>
</DBL>
<DBL>
<Name></Name>
<Val>0.13732699089881</Val>
</DBL>
<DBL>
<Name></Name>
<Val>1.01635710340783E-3</Val>
</DBL>
<DBL>
<Name></Name>
<Val>1.29817750463902E-5</Val>
</DBL>
<DBL>
<Name></Name>
<Val>2.40393413039816E-5</Val>
</DBL>
<DBL>
<Name></Name>
<Val>6.58884867764809E-2</Val>
</DBL>
<DBL>
<Name></Name>
<Val>0.39117949215995</Val>
</DBL>
<DBL>
<Name></Name>
<Val>3.95065045906896E-3</Val>
</DBL>
<DBL>
<Name></Name>
<Val>6.06950425226650E-2</Val>
</DBL>
<DBL>
<Name></Name>
<Val>0.23028911912041</Val>
</DBL>
<DBL>
<Name></Name>
<Val>9.44125235415343E-2</Val>
</DBL>
<DBL>
<Name></Name>
<Val>0.15239358122019</Val>
</DBL>
<DBL>
<Name></Name>
<Val>1.14751569588460E-3</Val>
</DBL>
<DBL>
<Name></Name>
<Val>1.47193781185654E-5</Val>
</DBL>
<DBL>
<Name></Name>
<Val>2.88691256954752E-5</Val>
</DBL>
<DBL>
<Name></Name>
<Val>6.21692437361499E-2</Val>
</DBL>
<DBL>
<Name></Name>
<Val>0.36986339093980</Val>
</DBL>
<DBL>
<Name></Name>
<Val>3.74175832038224E-3</Val>
</DBL>
<DBL>
<Name></Name>
<Val>5.85062027136952E-2</Val>
</DBL>
<DBL>
<Name></Name>
<Val>0.23696330069517</Val>
</DBL>
<DBL>
<Name></Name>
<Val>0.10033933496401</Val>
</DBL>
<DBL>
<Name></Name>
<Val>0.16708939253162</Val>
</DBL>
<DBL>
<Name></Name>
<Val>1.27696613427266E-3</Val>
</DBL>
<DBL>
<Name></Name>
<Val>1.64432690658972E-5</Val>
</DBL>
<DBL>
<Name></Name>
<Val>3.39666958385515E-5</Val>
</DBL>
<DBL>
<Name></Name>
<Val>5.86959314105267E-2</Val>
</DBL>
<DBL>
<Name></Name>
<Val>0.34967196388729</Val>
</DBL>
<DBL>
<Name></Name>
<Val>3.54358455574565E-3</Val>
</DBL>
<DBL>
<Name></Name>
<Val>5.63855538282455E-2</Val>
</DBL>
<DBL>
<Name></Name>
<Val>0.24294641111476</Val>
</DBL>
<DBL>
<Name></Name>
<Val>0.10595628831252</Val>
</DBL>
<DBL>
<Name></Name>
<Val>0.18133914536569</Val>
</DBL>
<DBL>
<Name></Name>
<Val>1.40371340133163E-3</Val>
</DBL>
<DBL>
<Name></Name>
<Val>1.81393128525349E-5</Val>
</DBL>
<DBL>
<Name></Name>
<Val>3.92688110267181E-5</Val>
</DBL>
<DBL>
<Name></Name>
<Val>5.54389330375073E-2</Val>
</DBL>
<DBL>
<Name></Name>
<Val>0.33056173460065</Val>
</DBL>
<DBL>
<Name></Name>
<Val>3.35580361599959E-3</Val>
</DBL>
<DBL>
<Name></Name>
<Val>5.43437600251578E-2</Val>
</DBL>
<DBL>
<Name></Name>
<Val>0.24834193627452</Val>
</DBL>
<DBL>
<Name></Name>
<Val>0.11127555337330</Val>
</DBL>
<DBL>
<Name></Name>
<Val>0.19509075181384</Val>
</DBL>
<DBL>
<Name></Name>
<Val>1.52701506023287E-3</Val>
</DBL>
<DBL>
<Name></Name>
<Val>1.97966437360598E-5</Val>
</DBL>
<DBL>
<Name></Name>
<Val>4.47155550626219E-5</Val>
</DBL>
<DBL>
<Name></Name>
<Val>5.23765098804247E-2</Val>
</DBL>
<DBL>
<Name></Name>
<Val>0.31248446551552</Val>
</DBL>
<DBL>
<Name></Name>
<Val>3.17801306143011E-3</Val>
</DBL>
<DBL>
<Name></Name>
<Val>5.23866504948330E-2</Val>
</DBL>
<DBL>
<Name></Name>
<Val>0.25323554277131</Val>
</DBL>
<DBL>
<Name></Name>
<Val>0.11631019984833</Val>
</DBL>
<DBL>
<Name></Name>
<Val>0.20831062101697</Val>
</DBL>
<DBL>
<Name></Name>
<Val>1.64633851672181E-3</Val>
</DBL>
<DBL>
<Name></Name>
<Val>2.14071626624407E-5</Val>
</DBL>
<DBL>
<Name></Name>
<Val>5.02517318041575E-5</Val>
</DBL>
<DBL>
<Name></Name>
<Val>4.94919404674704E-2</Val>
</DBL>
<DBL>
<Name></Name>
<Val>0.29539020428554</Val>
</DBL>
<DBL>
<Name></Name>
<Val>3.00977276921490E-3</Val>
</DBL>
<DBL>
<Name></Name>
<Val>5.05168097230993E-2</Val>
</DBL>
<DBL>
<Name></Name>
<Val>0.25769785390761</Val>
</DBL>
<DBL>
<Name></Name>
<Val>0.12107362110859</Val>
</DBL>
<DBL>
<Name></Name>
<Val>0.22097968317502</Val>
</DBL>
<DBL>
<Name></Name>
<Val>1.76132182256688E-3</Val>
</DBL>
<DBL>
<Name></Name>
<Val>2.29650627982633E-5</Val>
</DBL>
<DBL>
<Name></Name>
<Val>5.58276780855500E-5</Val>
</DBL>
<DBL>
<Name></Name>
<Val>4.67717603792281E-2</Val>
</DBL>
<DBL>
<Name></Name>
<Val>0.27922907903607</Val>
</DBL>
<DBL>
<Name></Name>
<Val>2.85062887663148E-3</Val>
</DBL>
<DBL>
<Name></Name>
<Val>4.87346505936645E-2</Val>
</DBL>
<DBL>
<Name></Name>
<Val>0.26178700586454</Val>
</DBL>
<DBL>
<Name></Name>
<Val>0.12557917065194</Val>
</DBL>
<DBL>
<Name></Name>
<Val>0.23309009923088</Val>
</DBL>
<DBL>
<Name></Name>
<Val>1.87173933505350E-3</Val>
</DBL>
<DBL>
<Name></Name>
<Val>2.44664042893878E-5</Val>
</DBL>
<DBL>
<Name></Name>
<Val>6.13996276958734E-5</Val>
</DBL>
<DBL>
<Name></Name>
<Val>4.42046754987061E-2</Val>
</DBL>
<DBL>
<Name></Name>
<Val>0.26395233283280</Val>
</DBL>
<DBL>
<Name></Name>
<Val>2.70012825141546E-3</Val>
</DBL>
<DBL>
<Name></Name>
<Val>4.70391410863935E-2</Val>
</DBL>
<DBL>
<Name></Name>
<Val>0.26555088968458</Val>
</DBL>
<DBL>
<Name></Name>
<Val>0.12983993690415</Val>
</DBL>
<DBL>
<Name></Name>
<Val>0.24464258469341</Val>
</DBL>
<DBL>
<Name></Name>
<Val>1.97747255788434E-3</Val>
</DBL>
<DBL>
<Name></Name>
<Val>2.59087459632772E-5</Val>
</DBL>
<DBL>
<Name></Name>
<Val>6.69297446988197E-5</Val>
</DBL>
<DBL>
<Name></Name>
<Val>4.17808875985137E-2</Val>
</DBL>
<DBL>
<Name></Name>
<Val>0.24951289678240</Val>
</DBL>
<DBL>
<Name></Name>
<Val>2.55782708530514E-3</Val>
</DBL>
<DBL>
<Name></Name>
<Val>4.54282988139897E-2</Val>
</DBL>
<DBL>
<Name></Name>
<Val>0.26902905727065</Val>
</DBL>
<DBL>
<Name></Name>
<Val>0.13386860761847</Val>
</DBL>
<DBL>
<Name></Name>
<Val>0.25564426213557</Val>
</DBL>
<DBL>
<Name></Name>
<Val>2.07848593625392E-3</Val>
</DBL>
<DBL>
<Name></Name>
<Val>2.72908339087491E-5</Val>
</DBL>
<DBL>
<Name></Name>
<Val>7.23859249273429E-5</Val>
</DBL>
<DBL>
<Name></Name>
<Val>3.94916725930170E-2</Val>
</DBL>
<DBL>
<Name></Name>
<Val>0.23586568452685</Val>
</DBL>
<DBL>
<Name></Name>
<Val>2.42329584356277E-3</Val>
</DBL>
<DBL>
<Name></Name>
<Val>4.38995294725400E-2</Val>
</DBL>
<DBL>
<Name></Name>
<Val>0.27225430780119</Val>
</DBL>
<DBL>
<Name></Name>
<Val>0.13767739211678</Val>
</DBL>
<DBL>
<Name></Name>
<Val>0.26610695675279</Val>
</DBL>
<DBL>
<Name></Name>
<Val>2.17480710577028E-3</Val>
</DBL>
<DBL>
<Name></Name>
<Val>2.86123427310248E-5</Val>
</DBL>
<DBL>
<Name></Name>
<Val>7.77414447537795E-5</Val>
</DBL>
<DBL>
<Name></Name>
<Val>3.73291138050326E-2</Val>
</DBL>
<DBL>
<Name></Name>
<Val>0.22296771961934</Val>
</DBL>
<DBL>
<Name></Name>
<Val>2.29612195736933E-3</Val>
</DBL>
<DBL>
<Name></Name>
<Val>4.24498597967611E-2</Val>
</DBL>
<DBL>
<Name></Name>
<Val>0.27525398868090</Val>
</DBL>
<DBL>
<Name></Name>
<Val>0.14127798076052</Val>
</DBL>
<DBL>
<Name></Name>
<Val>0.27604585620679</Val>
</DBL>
<DBL>
<Name></Name>
<Val>2.26651099167020E-3</Val>
</DBL>
<DBL>
<Name></Name>
<Val>2.98736634160176E-5</Val>
</DBL>
<DBL>
<Name></Name>
<Val>8.29745182037627E-5</Val>
</DBL>
<DBL>
<Name></Name>
<Val>3.52859305142935E-2</Val>
</DBL>
<DBL>
<Name></Name>
<Val>0.21077816372690</Val>
</DBL>
<DBL>
<Name></Name>
<Val>2.17591112127558E-3</Val>
</DBL>
<DBL>
<Name></Name>
<Val>4.10760987122304E-2</Val>
</DBL>
<DBL>
<Name></Name>
<Val>0.27805105115606</Val>
</DBL>
<DBL>
<Name></Name>
<Val>0.14468152829635</Val>
</DBL>
<DBL>
<Name></Name>
<Val>0.28547846578502</Val>
</DBL>
<DBL>
<Name></Name>
<Val>2.35370714863808E-3</Val>
</DBL>
<DBL>
<Name></Name>
<Val>3.10757312177333E-5</Val>
</DBL>
<DBL>
<Name></Name>
<Val>8.80678080141361E-5</Val>
</DBL>
<DBL>
<Name></Name>
<Val>3.33553652376527E-2</Val>
</DBL>
<DBL>
<Name></Name>
<Val>0.19925828700795</Val>
</DBL>
<DBL>
<Name></Name>
<Val>2.06228773235771E-3</Val>
</DBL>
<DBL>
<Name></Name>
<Val>3.97749492103862E-2</Val>
</DBL>
<DBL>
<Name></Name>
<Val>0.28066490040431</Val>
</DBL>
<DBL>
<Name></Name>
<Val>0.14789865242449</Val>
</DBL>
<DBL>
<Name></Name>
<Val>0.29442380039594</Val>
</DBL>
<DBL>
<Name></Name>
<Val>2.43652977618421E-3</Val>
</DBL>
<DBL>
<Name></Name>
<Val>3.22198872054569E-5</Val>
</DBL>
<DBL>
<Name></Name>
<Val>9.30079235359394E-5</Val>
</DBL>
<DBL>
<Name></Name>
<Val>3.15311073658966E-2</Val>
</DBL>
<DBL>
<Name></Name>
<Val>0.18837140577038</Val>
</DBL>
<DBL>
<Name></Name>
<Val>1.95489480563487E-3</Val>
</DBL>
<DBL>
<Name></Name>
<Val>3.85430860973060E-2</Val>
</DBL>
<DBL>
<Name></Name>
<Val>0.28311207647954</Val>
</DBL>
<DBL>
<Name></Name>
<Val>0.15093944197677</Val>
</DBL>
<DBL>
<Name></Name>
<Val>0.30290176489675</Val>
</DBL>
<DBL>
<Name></Name>
<Val>2.51512991173032E-3</Val>
</DBL>
<DBL>
<Name></Name>
<Val>3.33077676986536E-5</Val>
</DBL>
<DBL>
<Name></Name>
<Val>9.77849283025607E-5</Val>
</DBL>
<DBL>
<Name></Name>
<Val>2.98072394500684E-2</Val>
</DBL>
<DBL>
<Name></Name>
<Val>0.17808280260045</Val>
</DBL>
<DBL>
<Name></Name>
<Val>1.85339357470250E-3</Val>
</DBL>
<DBL>
<Name></Name>
<Val>3.73772098869273E-2</Val>
</DBL>
<DBL>
<Name></Name>
<Val>0.28540679781029</Val>
</DBL>
<DBL>
<Name></Name>
<Val>0.15381347105501</Val>
</DBL>
<DBL>
<Name></Name>
<Val>0.31093268315678</Val>
</DBL>
<DBL>
<Name></Name>
<Val>2.58966937690775E-3</Val>
</DBL>
<DBL>
<Name></Name>
<Val>3.43412165535459E-5</Val>
</DBL>
<DBL>
<Name></Name>
<Val>1.02391872302768E-4</Val>
</DBL>
<DBL>
<Name></Name>
<Val>2.81781977314915E-2</Val>
</DBL>
<DBL>
<Name></Name>
<Val>0.16835963810299</Val>
</DBL>
<DBL>
<Name></Name>
<Val>1.75746290833586E-3</Val>
</DBL>
<DBL>
<Name></Name>
<Val>3.62740838658409E-2</Val>
</DBL>
<DBL>
<Name></Name>
<Val>0.28756139403845</Val>
</DBL>
<DBL>
<Name></Name>
<Val>0.15652981674948</Val>
</DBL>
<DBL>
<Name></Name>
<Val>0.31853694390602</Val>
</DBL>
<DBL>
<Name></Name>
<Val>2.66031612322260E-3</Val>
</DBL>
<DBL>
<Name></Name>
<Val>3.53222160194611E-5</Val>
</DBL>
<DBL>
<Name></Name>
<Val>1.06824358145763E-4</Val>
</DBL>
<DBL>
<Name></Name>
<Val>2.66387417525679E-2</Val>
</DBL>
<DBL>
<Name></Name>
<Val>0.15917085970559</Val>
</DBL>
<DBL>
<Name></Name>
<Val>1.66679862501721E-3</Val>
</DBL>
<DBL>
<Name></Name>
<Val>3.52305591873888E-2</Val>
</DBL>
<DBL>
<Name></Name>
<Val>0.28958665036742</Val>
</DBL>
<DBL>
<Name></Name>
<Val>0.15909707888010</Val>
</DBL>
<DBL>
<Name></Name>
<Val>0.32573473781642</Val>
</DBL>
<DBL>
<Name></Name>
<Val>2.72724068689274E-3</Val>
</DBL>
<DBL>
<Name></Name>
<Val>3.62528325888888E-5</Val>
</DBL>
<DBL>
<Name></Name>
<Val>1.11080146014060E-4</Val>
</DBL>
<DBL>
<Name></Name>
<Val>2.51839298697175E-2</Val>
</DBL>
<DBL>
<Name></Name>
<Val>0.15048711073393</Val>
</DBL>
<DBL>
<Name></Name>
<Val>1.58111275679491E-3</Val>
</DBL>
<DBL>
<Name></Name>
<Val>3.42435913899447E-2</Val>
</DBL>
<DBL>
<Name></Name>
<Val>0.29149208149895</Val>
</DBL>
<DBL>
<Name></Name>
<Val>0.16152340073914</Val>
</DBL>
<DBL>
<Name></Name>
<Val>0.33254586551969</Val>
</DBL>
<DBL>
<Name></Name>
<Val>2.79061351770951E-3</Val>
</DBL>
<DBL>
<Name></Name>
<Val>3.71351748926967E-5</Val>
</DBL>
<DBL>
<Name></Name>
<Val>1.15158799239696E-4</Val>
</DBL>
<DBL>
<Name></Name>
<Val>2.38090987045137E-2</Val>
</DBL>
<DBL>
<Name></Name>
<Val>0.14228064160114</Val>
</DBL>
<DBL>
<Name></Name>
<Val>1.50013279469334E-3</Val>
</DBL>
<DBL>
<Name></Name>
<Val>3.33102507382651E-2</Val>
</DBL>
<DBL>
<Name></Name>
<Val>0.29328614974441</Val>
</DBL>
<DBL>
<Name></Name>
<Val>0.16381649016462</Val>
</DBL>
<DBL>
<Name></Name>
<Val>0.33898960052779</Val>
</DBL>
<DBL>
<Name></Name>
<Val>2.85060299311062E-3</Val>
</DBL>
<DBL>
<Name></Name>
<Val>3.79713612319269E-5</Val>
</DBL>
<DBL>
<Name></Name>
<Val>1.19061370228260E-4</Val>
</DBL>
<DBL>
<Name></Name>
<Val>2.25098453131011E-2</Val>
</DBL>
<DBL>
<Name></Name>
<Val>0.13452522412714</Val>
</DBL>
<DBL>
<Name></Name>
<Val>1.42360093578480E-3</Val>
</DBL>
<DBL>
<Name></Name>
<Val>3.24277281013022E-2</Val>
</DBL>
<DBL>
<Name></Name>
<Val>0.29497643898593</Val>
</DBL>
<DBL>
<Name></Name>
<Val>0.16598364050515</Val>
</DBL>
<DBL>
<Name></Name>
<Val>0.34508459444482</Val>
</DBL>
<DBL>
<Name></Name>
<Val>2.90737396691558E-3</Val>
</DBL>
<DBL>
<Name></Name>
<Val>3.87634947921850E-5</Val>
</DBL>
<DBL>
<Name></Name>
<Val>1.22790125061334E-4</Val>
</DBL>
<DBL>
<Name></Name>
<Val>2.12820113101452E-2</Val>
</DBL>
<DBL>
<Name></Name>
<Val>0.12719606950575</Val>
</DBL>
<DBL>
<Name></Name>
<Val>1.35127334435763E-3</Val>
</DBL>
<DBL>
<Name></Name>
<Val>3.15933376025769E-2</Val>
</DBL>
<DBL>
<Name></Name>
<Val>0.29656979377711</Val>
</DBL>
<DBL>
<Name></Name>
<Val>0.16803175119009</Val>
</DBL>
<DBL>
<Name></Name>
<Val>0.35084881458741</Val>
</DBL>
<DBL>
<Name></Name>
<Val>2.96108673334645E-3</Val>
</DBL>
<DBL>
<Name></Name>
<Val>3.95136449635315E-5</Val>
</DBL>
<DBL>
<Name></Name>
<Val>1.26348304245369E-4</Val>
</DBL>
<DBL>
<Name></Name>
<Val>2.01216684636121E-2</Val>
</DBL>
<DBL>
<Name></Name>
<Val>0.12026975013858</Val>
</DBL>
<DBL>
<Name></Name>
<Val>1.28291943472140E-3</Val>
</DBL>
<DBL>
<Name></Name>
<Val>3.08045169429194E-2</Val>
</DBL>
<DBL>
<Name></Name>
<Val>0.29807243094289</Val>
</DBL>
<DBL>
<Name></Name>
<Val>0.16996734772221</Val>
</DBL>
<DBL>
<Name></Name>
<Val>0.35629950629288</Val>
</DBL>
<DBL>
<Name></Name>
<Val>3.01189631209171E-3</Val>
</DBL>
<DBL>
<Name></Name>
<Val>4.02238334978746E-5</Val>
</DBL>
<DBL>
<Name></Name>
<Val>1.29739916597877E-4</Val>
</DBL>
<DBL>
<Name></Name>
<Val>1.90251054489618E-2</Val>
</DBL>
<DBL>
<Name></Name>
<Val>0.11372412537813</Val>
</DBL>
<DBL>
<Name></Name>
<Val>1.21832118005319E-3</Val>
</DBL>
<DBL>
<Name></Name>
<Val>3.00588260556212E-2</Val>
</DBL>
<DBL>
<Name></Name>
<Val>0.29949002948960</Val>
</DBL>
<DBL>
<Name></Name>
<Val>0.17179660097877</Val>
</DBL>
<DBL>
<Name></Name>
<Val>0.36145317390102</Val>
</DBL>
<DBL>
<Name></Name>
<Val>3.05995198028571E-3</Val>
</DBL>
<DBL>
<Name></Name>
<Val>4.08960244873405E-5</Val>
</DBL>
<DBL>
<Name></Name>
<Val>1.32969563057780E-4</Val>
</DBL>
<DBL>
<Name></Name>
<Val>1.79888155576414E-2</Val>
</DBL>
<DBL>
<Name></Name>
<Val>0.10753827111999</Val>
</DBL>
<DBL>
<Name></Name>
<Val>1.15727244966911E-3</Val>
</DBL>
<DBL>
<Name></Name>
<Val>2.93539445811807E-2</Val>
</DBL>
<DBL>
<Name></Name>
<Val>0.30082780340218</Val>
</DBL>
<DBL>
<Name></Name>
<Val>0.17352534575470</Val>
</DBL>
<DBL>
<Name></Name>
<Val>0.36632557573682</Val>
</DBL>
<DBL>
<Name></Name>
<Val>3.10539699327725E-3</Val>
</DBL>
<DBL>
<Name></Name>
<Val>4.15321173505340E-5</Val>
</DBL>
<DBL>
<Name></Name>
<Val>1.36042287190715E-4</Val>
</DBL>
<DBL>
<Name></Name>
<Val>1.70094852206598E-2</Val>
</DBL>
<DBL>
<Name></Name>
<Val>0.10169241312599</Val>
</DBL>
<DBL>
<Name></Name>
<Val>1.09957837579838E-3</Val>
</DBL>
<DBL>
<Name></Name>
<Val>2.86876685228668E-2</Val>
</DBL>
<DBL>
<Name></Name>
<Val>0.30209056092783</Val>
</DBL>
<DBL>
<Name></Name>
<Val>0.17515909851308</Val>
</DBL>
<DBL>
<Name></Name>
<Val>0.37093172947360</Val>
</DBL>
<DBL>
<Name></Name>
<Val>3.14836844873392E-3</Val>
</DBL>
<DBL>
<Name></Name>
<Val>4.21339421774707E-5</Val>
</DBL>
<DBL>
<Name></Name>
<Val>1.38963449268553E-4</Val>
</DBL>
<DBL>
<Name></Name>
<Val>1.60839832491393E-2</Val>
</DBL>
<DBL>
<Name></Name>
<Val>9.61678639300227E-2</Val>
</DBL>
<DBL>
<Name></Name>
<Val>1.04505475009117E-3</Val>
</DBL>
<DBL>
<Name></Name>
<Val>2.80579063517050E-2</Val>
</DBL>
<DBL>
<Name></Name>
<Val>0.30328275317253</Val>
</DBL>
<DBL>
<Name></Name>
<Val>0.17670307433092</Val>
</DBL>
<DBL>
<Name></Name>
<Val>0.37528592507906</Val>
</DBL>
<DBL>
<Name></Name>
<Val>3.18899725862941E-3</Val>
</DBL>
<DBL>
<Name></Name>
<Val>4.27032569155680E-5</Val>
</DBL>
<DBL>
<Name></Name>
<Val>1.41738620988669E-4</Val>
</DBL>
<DBL>
<Name></Name>
<Val>1.52093507196492E-2</Val>
</DBL>
<DBL>
<Name></Name>
<Val>9.09469631632932E-2</Val>
</DBL>
<DBL>
<Name></Name>
<Val>9.93527449544475E-4</Val>
</DBL>
<DBL>
<Name></Name>
<Val>2.74626747608028E-2</Val>
</DBL>
<DBL>
<Name></Name>
<Val>0.30440851422914</Val>
</DBL>
<DBL>
<Name></Name>
<Val>0.17816220304278</Val>
</DBL>
<DBL>
<Name></Name>
<Val>0.37940174318914</Val>
</DBL>
<DBL>
<Name></Name>
<Val>3.22740820153098E-3</Val>
</DBL>
<DBL>
<Name></Name>
<Val>4.32417459845392E-5</Val>
</DBL>
<DBL>
<Name></Name>
<Val>1.44373498129126E-4</Val>
</DBL>
<DBL>
<Name></Name>
<Val>1.43827914486774E-2</Val>
</DBL>
<DBL>
<Name></Name>
<Val>8.60130211315968E-2</Val>
</DBL>
<DBL>
<Name></Name>
<Val>9.44831891179644E-4</Val>
</DBL>
<DBL>
<Name></Name>
<Val>2.69000942176659E-2</Val>
</DBL>
<DBL>
<Name></Name>
<Val>0.30547169457746</Val>
</DBL>
<DBL>
<Name></Name>
<Val>0.17954114459545</Val>
</DBL>
<DBL>
<Name></Name>
<Val>0.38329207725551</Val>
</DBL>
<DBL>
<Name></Name>
<Val>3.26372003378355E-3</Val>
</DBL>
<DBL>
<Name></Name>
<Val>4.37510199924102E-5</Val>
</DBL>
<DBL>
<Name></Name>
<Val>1.46873828686954E-4</Val>
</DBL>
<DBL>
<Name></Name>
<Val>1.36016630113883E-2</Val>
</DBL>
<DBL>
<Name></Name>
<Val>8.13502654778611E-2</Val>
</DBL>
<DBL>
<Name></Name>
<Val>8.98812514584786E-4</Val>
</DBL>
<DBL>
<Name></Name>
<Val>2.63683844246620E-2</Val>
</DBL>
<DBL>
<Name></Name>
<Val>0.30647588912228</Val>
</DBL>
<DBL>
<Name></Name>
<Val>0.18084430363368</Val>
</DBL>
<DBL>
<Name></Name>
<Val>0.38696915820191</Val>
</DBL>
<DBL>
<Name></Name>
<Val>3.29804564302926E-3</Val>
</DBL>
<DBL>
<Name></Name>
<Val>4.42326162923095E-5</Val>
</DBL>
<DBL>
<Name></Name>
<Val>1.49245354302008E-4</Val>
</DBL>
<DBL>
<Name></Name>
<Val>1.28634682670283E-2</Val>
</DBL>
<DBL>
<Name></Name>
<Val>7.69437907675228E-2</Val>
</DBL>
<DBL>
<Name></Name>
<Val>8.55322291302174E-4</Val>
</DBL>
<DBL>
<Name></Name>
<Val>2.58658597687734E-2</Val>
</DBL>
<DBL>
<Name></Name>
<Val>0.30742446094146</Val>
</DBL>
<DBL>
<Name></Name>
<Val>0.18207584334178</Val>
</DBL>
<DBL>
<Name></Name>
<Val>0.39044458062766</Val>
</DBL>
<DBL>
<Name></Name>
<Val>3.33049223129031E-3</Val>
</DBL>
<DBL>
<Name></Name>
<Val>4.46880001735391E-5</Val>
</DBL>
<DBL>
<Name></Name>
<Val>1.51493763017427E-4</Val>
</DBL>
<DBL>
<Name></Name>
<Val>1.21658473583382E-2</Val>
</DBL>
<DBL>
<Name></Name>
<Val>7.27795108402305E-2</Val>
</DBL>
<DBL>
<Name></Name>
<Val>8.14222259965917E-4</Val>
</DBL>
<DBL>
<Name></Name>
<Val>2.53909248198390E-2</Val>
</DBL>
<DBL>
<Name></Name>
<Val>0.30832056158631</Val>
</DBL>
<DBL>
<Name></Name>
<Val>0.18323969856830</Val>
</DBL>
<DBL>
<Name></Name>
<Val>0.39372932983103</Val>
</DBL>
<DBL>
<Name></Name>
<Val>3.36116151780292E-3</Val>
</DBL>
<DBL>
<Name></Name>
<Val>4.51185665234220E-5</Val>
</DBL>
<DBL>
<Name></Name>
<Val>1.53624651662728E-4</Val>
</DBL>
<DBL>
<Name></Name>
<Val>1.15065701559309E-2</Val>
</DBL>
<DBL>
<Name></Name>
<Val>6.88441137781977E-2</Val>
</DBL>
<DBL>
<Name></Name>
<Val>7.75381086060474E-4</Val>
</DBL>
<DBL>
<Name></Name>
<Val>2.49420699198633E-2</Val>
</DBL>
<DBL>
<Name></Name>
<Val>0.30916714859685</Val>
</DBL>
<DBL>
<Name></Name>
<Val>0.18433958826335</Val>
</DBL>
<DBL>
<Name></Name>
<Val>0.39683380910746</Val>
</DBL>
<DBL>
<Name></Name>
<Val>3.39014995410027E-3</Val>
</DBL>
<DBL>
<Name></Name>
<Val>4.55256418307213E-5</Val>
</DBL>
<DBL>
<Name></Name>
<Val>1.55643496363067E-4</Val>
</DBL>
<DBL>
<Name></Name>
<Val>1.08835291213045E-2</Val>
</DBL>
<DBL>
<Name></Name>
<Val>6.51250193487086E-2</Val>
</DBL>
<DBL>
<Name></Name>
<Val>7.38674645162782E-4</Val>
</DBL>
<DBL>
<Name></Name>
<Val>2.45178668933772E-2</Val>
</DBL>
<DBL>
<Name></Name>
<Val>0.30996700075356</Val>
</DBL>
<DBL>
<Name></Name>
<Val>0.18537902725816</Val>
</DBL>
<DBL>
<Name></Name>
<Val>0.39976786691778</Val>
</DBL>
<DBL>
<Name></Name>
<Val>3.41754894564150E-3</Val>
</DBL>
<DBL>
<Name></Name>
<Val>4.59104864287984E-5</Val>
</DBL>
<DBL>
<Name></Name>
<Val>1.57555629876188E-4</Val>
</DBL>
<DBL>
<Name></Name>
<Val>1.02947325643019E-2</Val>
</DBL>
<DBL>
<Name></Name>
<Val>6.16103387855008E-2</Val>
</DBL>
<DBL>
<Name></Name>
<Val>7.03985628541488E-4</Val>
</DBL>
<DBL>
<Name></Name>
<Val>2.41169648992893E-2</Val>
</DBL>
<DBL>
<Name></Name>
<Val>0.31072273147751</Val>
</DBL>
<DBL>
<Name></Name>
<Val>0.18636133741737</Val>
</DBL>
<DBL>
<Name></Name>
<Val>0.40254082363027</Val>
</DBL>
<DBL>
<Name></Name>
<Val>3.44344507568446E-3</Val>
</DBL>
<DBL>
<Name></Name>
<Val>4.62742968984979E-5</Val>
</DBL>
<DBL>
<Name></Name>
<Val>1.59366224636550E-4</Val>
</DBL>
<DBL>
<Name></Name>
<Val>9.73829827258822E-3</Val>
</DBL>
<DBL>
<Name></Name>
<Val>5.82888367808279E-2</Val>
</DBL>
<DBL>
<Name></Name>
<Val>6.71203170009857E-4</Val>
</DBL>
<DBL>
<Name></Name>
<Val>2.37380864374582E-2</Val>
</DBL>
<DBL>
<Name></Name>
<Val>0.31143680070442</Val>
</DBL>
<DBL>
<Name></Name>
<Val>0.18728965819361</Val>
</DBL>
<DBL>
<Name></Name>
<Val>0.40516149762379</Val>
</DBL>
<DBL>
<Name></Name>
<Val>3.46792032818758E-3</Val>
</DBL>
<DBL>
<Name></Name>
<Val>4.66182085681544E-5</Val>
</DBL>
<DBL>
<Name></Name>
<Val>1.61080280544436E-4</Val>
</DBL>
<DBL>
<Name></Name>
<Val>9.21244749221952E-3</Val>
</DBL>
<DBL>
<Name></Name>
<Val>5.51498955668567E-2</Val>
</DBL>
<DBL>
<Name></Name>
<Val>6.40222492960338E-4</Val>
</DBL>
<DBL>
<Name></Name>
<Val>2.33800235177809E-2</Val>
</DBL>
<DBL>
<Name></Name>
<Val>0.31211152549104</Val>
</DBL>
<DBL>
<Name></Name>
<Val>0.18816695661399</Val>
</DBL>
<DBL>
<Name></Name>
<Val>0.40763823060304</Val>
</DBL>
<DBL>
<Name></Name>
<Val>3.49105230736966E-3</Val>
</DBL>
<DBL>
<Name></Name>
<Val>4.69432980619884E-5</Val>
</DBL>
<DBL>
<Name></Name>
<Val>1.62702616677459E-4</Val>
</DBL>
<DBL>
<Name></Name>
<Val>8.71549923969635E-3</Val>
</DBL>
<DBL>
<Name></Name>
<Val>5.21834809716110E-2</Val>
</DBL>
<DBL>
<Name></Name>
<Val>6.10944576545491E-4</Val>
</DBL>
<DBL>
<Name></Name>
<Val>2.30416339955243E-2</Val>
</DBL>
<DBL>
<Name></Name>
<Val>0.31274908955951</Val>
</DBL>
<DBL>
<Name></Name>
<Val>0.18899603672677</Val>
</DBL>
<DBL>
<Name></Name>
<Val>0.40997891202605</Val>
</DBL>
<DBL>
<Name></Name>
<Val>3.51291445220917E-3</Val>
</DBL>
<DBL>
<Name></Name>
<Val>4.72505858592089E-5</Val>
</DBL>
<DBL>
<Name></Name>
<Val>1.64237866224162E-4</Val>
</DBL>
<DBL>
<Name></Name>
<Val>8.24586492708076E-3</Val>
</DBL>
<DBL>
<Name></Name>
<Val>4.93801103409309E-2</Val>
</DBL>
<DBL>
<Name></Name>
<Val>5.83275840009938E-4</Val>
</DBL>
<DBL>
<Name></Name>
<Val>2.27218380735955E-2</Val>
</DBL>
<DBL>
<Name></Name>
<Val>0.31335155194371</Val>
</DBL>
<DBL>
<Name></Name>
<Val>0.18977954853584</Val>
</DBL>
<DBL>
<Name></Name>
<Val>0.41219100258129</Val>
</DBL>
<DBL>
<Name></Name>
<Val>3.53357624466836E-3</Val>
</DBL>
<DBL>
<Name></Name>
<Val>4.75410388349411E-5</Val>
</DBL>
<DBL>
<Name></Name>
<Val>1.65690474045825E-4</Val>
</DBL>
<DBL>
<Name></Name>
<Val>7.80204328283595E-3</Val>
</DBL>
<DBL>
<Name></Name>
<Val>4.67308222238520E-2</Val>
</DBL>
<DBL>
<Name></Name>
<Val>5.57127844219761E-4</Val>
</DBL>
<DBL>
<Name></Name>
<Val>2.24196149702241E-2</Val>
</DBL>
<DBL>
<Name></Name>
<Val>0.31392085486968</Val>
</DBL>
<DBL>
<Name></Name>
<Val>0.19051999644964</Val>
</DBL>
<DBL>
<Name></Name>
<Val>0.41428155667962</Val>
</DBL>
<DBL>
<Name></Name>
<Val>3.55310341081480E-3</Val>
</DBL>
<DBL>
<Name></Name>
<Val>4.78155727610975E-5</Val>
</DBL>
<DBL>
<Name></Name>
<Val>1.67064696364696E-4</Val>
</DBL>
<DBL>
<Name></Name>
<Val>7.38261555204523E-3</Val>
</DBL>
<DBL>
<Name></Name>
<Val>4.42271477244414E-2</Val>
</DBL>
<DBL>
<Name></Name>
<Val>5.32417009478220E-4</Val>
</DBL>
<DBL>
<Name></Name>
<Val>2.21339997489089E-2</Val>
</DBL>
<DBL>
<Name></Name>
<Val>0.31445883097625</Val>
</DBL>
<DBL>
<Name></Name>
<Val>0.19121974726979</Val>
</DBL>
<DBL>
<Name></Name>
<Val>0.41625724394787</Val>
</DBL>
<DBL>
<Name></Name>
<Val>3.57155811430999E-3</Val>
</DBL>
<DBL>
<Name></Name>
<Val>4.80750547508652E-5</Val>
</DBL>
<DBL>
<Name></Name>
<Val>1.68364602156286E-4</Val>
</DBL>
<DBL>
<Name></Name>
<Val>6.98624096059388E-3</Val>
</DBL>
<DBL>
<Name></Name>
<Val>4.18610834284533E-2</Val>
</DBL>
<DBL>
<Name></Name>
<Val>5.09064348759055E-4</Val>
</DBL>
<DBL>
<Name></Name>
<Val>2.18640803063360E-2</Val>
</DBL>
<DBL>
<Name></Name>
<Val>0.31496720996236</Val>
</DBL>
<DBL>
<Name></Name>
<Val>0.19188103774394</Val>
</DBL>
<DBL>
<Name></Name>
<Val>0.41812436972607</Val>
</DBL>
<DBL>
<Name></Name>
<Val>3.58899914196086E-3</Val>
</DBL>
<DBL>
<Name></Name>
<Val>4.83203056348970E-5</Val>
</DBL>
<DBL>
<Name></Name>
<Val>1.69594075891465E-4</Val>
</DBL>
<DBL>
<Name></Name>
<Val>6.61165242876364E-3</Val>
</DBL>
<DBL>
<Name></Name>
<Val>3.96250658182075E-2</Val>
</DBL>
<DBL>
<Name></Name>
<Val>4.86995215530474E-4</Val>
</DBL>
<DBL>
<Name></Name>
<Val>2.16089945131864E-2</Val>
</DBL>
<DBL>
<Name></Name>
<Val>0.31544762473140</Val>
</DBL>
<DBL>
<Name></Name>
<Val>0.19250598170586</Val>
</DBL>
<DBL>
<Name></Name>
<Val>0.41988889458227</Val>
</DBL>
<DBL>
<Name></Name>
<Val>3.60548208120114E-3</Val>
</DBL>
<DBL>
<Name></Name>
<Val>4.85521022607763E-5</Val>
</DBL>
<DBL>
<Name></Name>
<Val>1.70756821332375E-4</Val>
</DBL>
<DBL>
<Name></Name>
<Val>6.25765252050200E-3</Val>
</DBL>
<DBL>
<Name></Name>
<Val>3.75119470938603E-2</Val>
</DBL>
<DBL>
<Name></Name>
<Val>4.66139065383801E-4</Val>
</DBL>
<DBL>
<Name></Name>
<Val>2.13679275022298E-2</Val>
</DBL>
<DBL>
<Name></Name>
<Val>0.31590161709062</Val>
</DBL>
<DBL>
<Name></Name>
<Val>0.19309657682509</Val>
</DBL>
<DBL>
<Name></Name>
<Val>0.42155645286698</Val>
</DBL>
<DBL>
<Name></Name>
<Val>3.62105948949863E-3</Val>
</DBL>
<DBL>
<Name></Name>
<Val>4.87711797100793E-5</Val>
</DBL>
<DBL>
<Name></Name>
<Val>1.71856366135769E-4</Val>
</DBL>
<DBL>
<Name></Name>
<Val>5.92310961539197E-3</Val>
</DBL>
<DBL>
<Name></Name>
<Val>3.55149723237361E-2</Val>
</DBL>
<DBL>
<Name></Name>
<Val>4.46429230720384E-4</Val>
</DBL>
<DBL>
<Name></Name>
<Val>2.11401090977900E-2</Val>
</DBL>
<DBL>
<Name></Name>
<Val>0.31633064305386</Val>
</DBL>
<DBL>
<Name></Name>
<Val>0.19365471098700</Val>
</DBL>
<DBL>
<Name></Name>
<Val>0.42313237033524</Val>
</DBL>
<DBL>
<Name></Name>
<Val>3.63578105577929E-3</Val>
</DBL>
<DBL>
<Name></Name>
<Val>4.89782334295207E-5</Val>
</DBL>
<DBL>
<Name></Name>
<Val>1.72896067059585E-4</Val>
</DBL>
<DBL>
<Name></Name>
<Val>5.60695429106697E-3</Val>
</DBL>
<DBL>
<Name></Name>
<Val>3.36277578506486E-2</Val>
</DBL>
<DBL>
<Name></Name>
<Val>4.27802707788670E-4</Val>
</DBL>
<DBL>
<Name></Name>
<Val>2.09248113805107E-2</Val>
</DBL>
<DBL>
<Name></Name>
<Val>0.31673607778760</Val>
</DBL>
<DBL>
<Name></Name>
<Val>0.19418216832335</Val>
</DBL>
<DBL>
<Name></Name>
<Val>0.42462168086812</Val>
</DBL>
<DBL>
<Name></Name>
<Val>3.64969375402946E-3</Val>
</DBL>
<DBL>
<Name></Name>
<Val>4.91739212743576E-5</Val>
</DBL>
<DBL>
<Name></Name>
<Val>1.73879115604228E-4</Val>
</DBL>
<DBL>
<Name></Name>
<Val>5.30817590449326E-3</Val>
</DBL>
<DBL>
<Name></Name>
<Val>3.18442708851573E-2</Val>
</DBL>
<DBL>
<Name></Name>
<Val>4.10199955400103E-4</Val>
</DBL>
<DBL>
<Name></Name>
<Val>2.07213463813051E-2</Val>
</DBL>
<DBL>
<Name></Name>
<Val>0.31711922023452</Val>
</DBL>
<DBL>
<Name></Name>
<Val>0.19468063491219</Val>
</DBL>
<DBL>
<Name></Name>
<Val>0.42602914232824</Val>
</DBL>
<DBL>
<Name></Name>
<Val>3.66284198928692E-3</Val>
</DBL>
<DBL>
<Name></Name>
<Val>4.93588654635407E-5</Val>
</DBL>
<DBL>
<Name></Name>
<Val>1.74808543950194E-4</Val>
</DBL>
<DBL>
<Name></Name>
<Val>5.02581936118128E-3</Val>
</DBL>
<DBL>
<Name></Name>
<Val>3.01588102205050E-2</Val>
</DBL>
<DBL>
<Name></Name>
<Val>3.93564704687769E-4</Val>
</DBL>
<DBL>
<Name></Name>
<Val>2.05290638984213E-2</Val>
</DBL>
<DBL>
<Name></Name>
<Val>0.31748129744325</Val>
</DBL>
<DBL>
<Name></Name>
<Val>0.19515170416515</Val>
</DBL>
<DBL>
<Name></Name>
<Val>0.42735925158501</Val>
</DBL>
<DBL>
<Name></Name>
<Val>3.67526773626651E-3</Val>
</DBL>
<DBL>
<Name></Name>
<Val>4.95336544471160E-5</Val>
</DBL>
<DBL>
<Name></Name>
<Val>1.75687231079065E-4</Val>
</DBL>
<DBL>
<Name></Name>
<Val>4.75898206199101E-3</Val>
</DBL>
<DBL>
<Name></Name>
<Val>2.85659880075741E-2</Val>
</DBL>
<DBL>
<Name></Name>
<Val>3.77843779305366E-4</Val>
</DBL>
<DBL>
<Name></Name>
<Val>2.03473494316555E-2</Val>
</DBL>
<DBL>
<Name></Name>
<Val>0.31782346862946</Val>
</DBL>
<DBL>
<Name></Name>
<Val>0.19559688191918</Val>
</DBL>
<DBL>
<Name></Name>
<Val>0.42861625874627</Val>
</DBL>
<DBL>
<Name></Name>
<Val>3.68701067088872E-3</Val>
</DBL>
<DBL>
<Name></Name>
<Val>4.96988446871483E-5</Val>
</DBL>
<DBL>
<Name></Name>
<Val>1.76517908986218E-4</Val>
</DBL>
<DBL>
<Name></Name>
<Val>4.50681101776540E-3</Val>
</DBL>
<DBL>
<Name></Name>
<Val>2.70607125315873E-2</Val>
</DBL>
<DBL>
<Name></Name>
<Val>3.62986925496185E-4</Val>
</DBL>
<DBL>
<Name></Name>
<Val>2.01756222279017E-2</Val>
</DBL>
<DBL>
<Name></Name>
<Val>0.31814682898952</Val>
</DBL>
<DBL>
<Name></Name>
<Val>0.19601759124875</Val>
</DBL>
<DBL>
<Name></Name>
<Val>0.42980418063272</Val>
</DBL>
<DBL>
<Name></Name>
<Val>3.69810829499353E-3</Val>
</DBL>
<DBL>
<Name></Name>
<Val>4.98549623540204E-5</Val>
</DBL>
<DBL>
<Name></Name>
<Val>1.77303168911440E-4</Val>
</DBL>
<DBL>
<Name></Name>
<Val>4.26850012256432E-3</Val>
</DBL>
<DBL>
<Name></Name>
<Val>2.56381719354879E-2</Val>
</DBL>
<DBL>
<Name></Name>
<Val>3.48946651492367E-4</Val>
</DBL>
<DBL>
<Name></Name>
<Val>2.00133334324032E-2</Val>
</DBL>
<DBL>
<Name></Name>
<Val>0.31845241328595</Val>
</DBL>
<DBL>
<Name></Name>
<Val>0.19641517701385</Val>
</DBL>
<DBL>
<Name></Name>
<Val>0.43092681353126</Val>
</DBL>
<DBL>
<Name></Name>
<Val>3.70859605452887E-3</Val>
</DBL>
<DBL>
<Name></Name>
<Val>5.00025049403884E-5</Val>
</DBL>
<DBL>
<Name></Name>
<Val>1.78045467528590E-4</Val>
</DBL>
<DBL>
<Name></Name>
<Val>4.04328757677919E-3</Val>
</DBL>
<DBL>
<Name></Name>
<Val>2.42938188379583E-2</Val>
</DBL>
<DBL>
<Name></Name>
<Val>3.35678075733745E-4</Val>
</DBL>
<DBL>
<Name></Name>
<Val>1.98599643402763E-2</Val>
</DBL>
<DBL>
<Name></Name>
<Val>0.31874119922107</Val>
</DBL>
<DBL>
<Name></Name>
<Val>0.19679091015829</Val>
</DBL>
<DBL>
<Name></Name>
<Val>0.43198774526255</Val>
</DBL>
<DBL>
<Name></Name>
<Val>3.71850745150498E-3</Val>
</DBL>
<DBL>
<Name></Name>
<Val>5.01419427953763E-5</Val>
</DBL>
<DBL>
<Name></Name>
<Val>1.78747133047832E-4</Val>
</DBL>
<DBL>
<Name></Name>
<Val>3.83045345188833E-3</Val>
</DBL>
<DBL>
<Name></Name>
<Val>2.30233557969012E-2</Val>
</DBL>
<DBL>
<Name></Name>
<Val>3.23138783423191E-4</Val>
</DBL>
<DBL>
<Name></Name>
<Val>1.97150247430899E-2</Val>
</DBL>
<DBL>
<Name></Name>
<Val>0.31901411061388</Val>
</DBL>
<DBL>
<Name></Name>
<Val>0.19714599177186</Val>
</DBL>
<DBL>
<Name></Name>
<Val>0.43299036659718</Val>
</DBL>
<DBL>
<Name></Name>
<Val>3.72787415000372E-3</Val>
</DBL>
<DBL>
<Name></Name>
<Val>5.02737205818053E-5</Val>
</DBL>
<DBL>
<Name></Name>
<Val>1.79410371194313E-4</Val>
</DBL>
<DBL>
<Name></Name>
<Val>3.62931738906659E-3</Val>
</DBL>
<DBL>
<Name></Name>
<Val>2.18227215719101E-2</Val>
</DBL>
<DBL>
<Name></Name>
<Val>3.11288690961548E-4</Val>
</DBL>
<DBL>
<Name></Name>
<Val>1.95780513655075E-2</Val>
</DBL>
<DBL>
<Name></Name>
<Val>0.31927202039336</Val>
</DBL>
<DBL>
<Name></Name>
<Val>0.19748155692939</Val>
</DBL>
<DBL>
<Name></Name>
<Val>0.43393788205358</Val>
</DBL>
<DBL>
<Name></Name>
<Val>3.73672607652745E-3</Val>
</DBL>
<DBL>
<Name></Name>
<Val>5.03982586593845E-5</Val>
</DBL>
<DBL>
<Name></Name>
<Val>1.80037271035665E-4</Val>
</DBL>
<DBL>
<Name></Name>
<Val>3.43923642429087E-3</Val>
</DBL>
<DBL>
<Name></Name>
<Val>2.06880781418098E-2</Val>
</DBL>
<DBL>
<Name></Name>
<Val>3.00089917830097E-4</Val>
</DBL>
<DBL>
<Name></Name>
<Val>1.94486063872195E-2</Val>
</DBL>
<DBL>
<Name></Name>
<Val>0.31951575342040</Val>
</DBL>
<DBL>
<Name></Name>
<Val>0.19779867831887</Val>
</DBL>
<DBL>
<Name></Name>
<Val>0.43483332010958</Val>
</DBL>
<DBL>
<Name></Name>
<Val>3.74509151496485E-3</Val>
</DBL>
<DBL>
<Name></Name>
<Val>5.05159543968622E-5</Val>
</DBL>
<DBL>
<Name></Name>
<Val>1.80629810637784E-4</Val>
</DBL>
<DBL>
<Name></Name>
<Val>3.25960293298817E-3</Val>
</DBL>
<DBL>
<Name></Name>
<Val>1.96157984357643E-2</Val>
</DBL>
<DBL>
<Name></Name>
<Val>2.89506665511971E-4</Val>
</DBL>
<DBL>
<Name></Name>
<Val>1.93262760456196E-2</Val>
</DBL>
<DBL>
<Name></Name>
<Val>0.31974608914910</Val>
</DBL>
<DBL>
<Name></Name>
<Val>0.19809836967025</Val>
</DBL>
<DBL>
<Name></Name>
<Val>0.43567954285838</Val>
</DBL>
<DBL>
<Name></Name>
<Val>3.75299719644290E-3</Val>
</DBL>
<DBL>
<Name></Name>
<Val>5.06271834161654E-5</Val>
</DBL>
<DBL>
<Name></Name>
<Val>1.81189862534074E-4</Val>
</DBL>
<DBL>
<Name></Name>
<Val>3.08984268765495E-3</Val>
</DBL>
<DBL>
<Name></Name>
<Val>1.86024547387303E-2</Val>
</DBL>
<DBL>
<Name></Name>
<Val>2.79505103066284E-4</Val>
</DBL>
<DBL>
<Name></Name>
<Val>1.92106693148954E-2</Val>
</DBL>
<DBL>
<Name></Name>
<Val>0.31996376413762</Val>
</DBL>
<DBL>
<Name></Name>
<Val>0.19838158899582</Val>
</DBL>
<DBL>
<Name></Name>
<Val>0.43647925513812</Val>
</DBL>
<DBL>
<Name></Name>
<Val>3.76046838432484E-3</Val>
</DBL>
<DBL>
<Name></Name>
<Val>5.07323007715437E-5</Val>
</DBL>
<DBL>
<Name></Name>
<Val>1.81719198998114E-4</Val>
</DBL>
<DBL>
<Name></Name>
<Val>2.92941302223795E-3</Val>
</DBL>
<DBL>
<Name></Name>
<Val>1.76448077341902E-2</Val>
</DBL>
<DBL>
<Name></Name>
<Val>2.70053258989767E-4</Val>
</DBL>
<DBL>
<Name></Name>
<Val>1.91014166574176E-2</Val>
</DBL>
<DBL>
<Name></Name>
<Val>0.32016947441777</Val>
</DBL>
<DBL>
<Name></Name>
<Val>0.19864924165251</Val>
</DBL>
<DBL>
<Name></Name>
<Val>0.43723501316311</Val>
</DBL>
<DBL>
<Name></Name>
<Val>3.76752895460410E-3</Val>
</DBL>
<DBL>
<Name></Name>
<Val>5.08316420666965E-5</Val>
</DBL>
<DBL>
<Name></Name>
<Val>1.82219497113514E-4</Val>
</DBL>
<DBL>
<Name></Name>
<Val>2.77780109740817E-3</Val>
</DBL>
<DBL>
<Name></Name>
<Val>1.67397961491361E-2</Val>
</DBL>
<DBL>
<Name></Name>
<Val>2.61120919020724E-4</Val>
</DBL>
<DBL>
<Name></Name>
<Val>1.89981688435222E-2</Val>
</DBL>
<DBL>
<Name></Name>
<Val>0.32036387773164</Val>
</DBL>
<DBL>
<Name></Name>
<Val>0.19890218323599</Val>
</DBL>
<DBL>
<Name></Name>
<Val>0.43794923268320</Val>
</DBL>
<DBL>
<Name></Name>
<Val>3.77420147193362E-3</Val>
</DBL>
<DBL>
<Name></Name>
<Val>5.09255245128049E-5</Val>
</DBL>
<DBL>
<Name></Name>
<Val>1.82692343637856E-4</Val>
</DBL>
<DBL>
<Name></Name>
<Val>2.63452226118219E-3</Val>
</DBL>
<DBL>
<Name></Name>
<Val>1.58845269682034E-2</Val>
</DBL>
<DBL>
<Name></Name>
<Val>2.52679529558979E-4</Val>
</DBL>
<DBL>
<Name></Name>
<Val>1.89005958359768E-2</Val>
</DBL>
<DBL>
<Name></Name>
<Val>0.32054759564345</Val>
</DBL>
<DBL>
<Name></Name>
<Val>0.19914122231561</Val>
</DBL>
<DBL>
<Name></Name>
<Val>0.43862419669691</Val>
</DBL>
<DBL>
<Name></Name>
<Val>3.78050726151997E-3</Val>
</DBL>
<DBL>
<Name></Name>
<Val>5.10142479303135E-5</Val>
</DBL>
<DBL>
<Name></Name>
<Val>1.83139239660083E-4</Val>
</DBL>
<DBL>
<Name></Name>
<Val>2.49911849965004E-3</Val>
</DBL>
<DBL>
<Name></Name>
<Val>1.50762661856699E-2</Val>
</DBL>
<DBL>
<Name></Name>
<Val>2.44702106393371E-4</Val>
</DBL>
<DBL>
<Name></Name>
<Val>1.88083857356167E-2</Val>
</DBL>
<DBL>
<Name></Name>
<Val>0.32072121553361</Val>
</DBL>
<DBL>
<Name></Name>
<Val>0.19936712301910</Val>
</DBL>
<DBL>
<Name></Name>
<Val>0.43926206274212</Val>
</DBL>
<DBL>
<Name></Name>
<Val>3.78646647710071E-3</Val>
</DBL>
<DBL>
<Name></Name>
<Val>5.10980956972239E-5</Val>
</DBL>
<DBL>
<Name></Name>
<Val>1.83561605052711E-4</Val>
</DBL>
<DBL>
<Name></Name>
<Val>2.37115697285687E-3</Val>
</DBL>
<DBL>
<Name></Name>
<Val>1.43124300657569E-2</Val>
</DBL>
<DBL>
<Name></Name>
<Val>2.37163148445251E-4</Val>
</DBL>
<DBL>
<Name></Name>
<Val>1.87212437848199E-2</Val>
</DBL>
<DBL>
<Name></Name>
<Val>0.32088529248205</Val>
</DBL>
<DBL>
<Name></Name>
<Val>0.19958060747520</Val>
</DBL>
<DBL>
<Name></Name>
<Val>0.43986486978729</Val>
</DBL>
<DBL>
<Name></Name>
<Val>3.79209816521369E-3</Val>
</DBL>
<DBL>
<Name></Name>
<Val>5.11773356465657E-5</Val>
</DBL>
<DBL>
<Name></Name>
<Val>1.83960782721761E-4</Val>
</DBL>
<DBL>
<Name></Name>
<Val>2.25022863115785E-3</Val>
</DBL>
<DBL>
<Name></Name>
<Val>1.35905768832956E-2</Val>
</DBL>
<DBL>
<Name></Name>
<Val>2.30038556252435E-4</Val>
</DBL>
<DBL>
<Name></Name>
<Val>1.86388914256668E-2</Val>
</DBL>
<DBL>
<Name></Name>
<Val>0.32104035104701</Val>
</DBL>
<DBL>
<Name></Name>
<Val>0.19978235812207</Val>
</DBL>
<DBL>
<Name></Name>
<Val>0.44043454474502</Val>
</DBL>
<DBL>
<Name></Name>
<Val>3.79742032595634E-3</Val>
</DBL>
<DBL>
<Name></Name>
<Val>5.12522209156147E-5</Val>
</DBL>
<DBL>
<Name></Name>
<Val>1.84338042658545E-4</Val>
</DBL>
<DBL>
<Name></Name>
<Val>2.13594690762321E-3</Val>
</DBL>
<DBL>
<Name></Name>
<Val>1.29083991183529E-2</Val>
</DBL>
<DBL>
<Name></Name>
<Val>2.23305554933145E-4</Val>
</DBL>
<DBL>
<Name></Name>
<Val>1.85610654097979E-2</Val>
</DBL>
<DBL>
<Name></Name>
<Val>0.32118688694533</Val>
</DBL>
<DBL>
<Name></Name>
<Val>0.19997301988880</Val>
</DBL>
<DBL>
<Name></Name>
<Val>0.44097290862819</Val>
</DBL>
<DBL>
<Name></Name>
<Val>3.80244997042376E-3</Val>
</DBL>
<DBL>
<Name></Name>
<Val>5.13229907493226E-5</Val>
</DBL>
<DBL>
<Name></Name>
<Val>1.84694585798351E-4</Val>
</DBL>
<DBL>
<Name></Name>
<Val>2.02794648231330E-3</Val>
</DBL>
<DBL>
<Name></Name>
<Val>1.22637160798693E-2</Val>
</DBL>
<DBL>
<Name></Name>
<Val>2.16942621383821E-4</Val>
</DBL>
<DBL>
<Name></Name>
<Val>1.84875169571437E-2</Val>
</DBL>
<DBL>
<Name></Name>
<Val>0.32132536863983</Val>
</DBL>
<DBL>
<Name></Name>
<Val>0.20015320225700</Val>
</DBL>
<DBL>
<Name></Name>
<Val>0.44148168236851</Val>
</DBL>
<DBL>
<Name></Name>
<Val>3.80720317500442E-3</Val>
</DBL>
<DBL>
<Name></Name>
<Val>5.13898712603247E-5</Val>
</DBL>
<DBL>
<Name></Name>
<Val>1.85031547691742E-4</Val>
</DBL>
<DBL>
<Name></Name>
<Val>1.92588211447342E-3</Val>
</DBL>
<DBL>
<Name></Name>
<Val>1.16544669347245E-2</Val>
</DBL>
<DBL>
<Name></Name>
<Val>2.10929415478133E-4</Val>
</DBL>
<DBL>
<Name></Name>
<Val>1.84180109608508E-2</Val>
</DBL>
<DBL>
<Name></Name>
<Val>0.32145623883890</Val>
</DBL>
<DBL>
<Name></Name>
<Val>0.20032348120914</Val>
</DBL>
<DBL>
<Name></Name>
<Val>0.44196249231558</Val>
</DBL>
<DBL>
<Name></Name>
<Val>3.81169513270348E-3</Val>
</DBL>
<DBL>
<Name></Name>
<Val>5.14530761477820E-5</Val>
</DBL>
<DBL>
<Name></Name>
<Val>1.85350001994693E-4</Val>
</DBL>
<DBL>
<Name></Name>
<Val>1.82942753891528E-3</Val>
</DBL>
<DBL>
<Name></Name>
<Val>1.10787041199508E-2</Val>
</DBL>
<DBL>
<Name></Name>
<Val>2.05246715047339E-4</Val>
</DBL>
<DBL>
<Name></Name>
<Val>1.83523252358757E-2</Val>
</DBL>
<DBL>
<Name></Name>
<Val>0.32157991591343</Val>
</DBL>
<DBL>
<Name></Name>
<Val>0.20048440106978</Val>
</DBL>
<DBL>
<Name></Name>
<Val>0.44241687543419</Val>
</DBL>
<DBL>
<Name></Name>
<Val>3.81594020165477E-3</Val>
</DBL>
<DBL>
<Name></Name>
<Val>5.15128073772189E-5</Val>
</DBL>
<DBL>
<Name></Name>
<Val>1.85650963784109E-4</Val>
</DBL>
<DBL>
<Name></Name>
<Val>1.73827442305700E-3</Val>
</DBL>
<DBL>
<Name></Name>
<Val>1.05345871170319E-2</Val>
</DBL>
<DBL>
<Name></Name>
<Val>1.99876354434193E-4</Val>
</DBL>
<DBL>
<Name></Name>
<Val>1.82902498088524E-2</Val>
</DBL>
<DBL>
<Name></Name>
<Val>0.32169679523543</Val>
</DBL>
<DBL>
<Name></Name>
<Val>0.20063647624554</Val>
</DBL>
<DBL>
<Name></Name>
<Val>0.44284628421615</Val>
</DBL>
<DBL>
<Name></Name>
<Val>3.81995195097419E-3</Val>
</DBL>
<DBL>
<Name></Name>
<Val>5.15692558234111E-5</Val>
</DBL>
<DBL>
<Name></Name>
<Val>1.85935392705471E-4</Val>
</DBL>
<DBL>
<Name></Name>
<Val>1.65213138128792E-3</Val>
</DBL>
<DBL>
<Name></Name>
<Val>1.00203765683877E-2</Val>
</DBL>
<DBL>
<Name></Name>
<Val>1.94801166424020E-4</Val>
</DBL>
<DBL>
<Name></Name>
<Val>1.82315862469721E-2</Val>
</DBL>
<DBL>
<Name></Name>
<Val>0.32180725044301</Val>
</DBL>
<DBL>
<Name></Name>
<Val>0.20078019286956</Val>
</DBL>
<DBL>
<Name></Name>
<Val>0.44325209132242</Val>
</DBL>
<DBL>
<Name></Name>
<Val>3.82374320409906E-3</Val>
</DBL>
<DBL>
<Name></Name>
<Val>5.16226018782846E-5</Val>
</DBL>
<DBL>
<Name></Name>
<Val>1.86204195959451E-4</Val>
</DBL>
<DBL>
<Name></Name>
<Val>1.57072304350707E-3</Val>
</DBL>
<DBL>
<Name></Name>
<Val>9.53442871723694E-3</Val>
</DBL>
<DBL>
<Name></Name>
<Val>1.90004927367358E-4</Val>
</DBL>
<DBL>
<Name></Name>
<Val>1.81761470237323E-2</Val>
</DBL>
<DBL>
<Name></Name>
<Val>0.32191163463549</Val>
</DBL>
<DBL>
<Name></Name>
<Val>0.20091601035548</Val>
</DBL>
<DBL>
<Name></Name>
<Val>0.44363559397027</Val>
</DBL>
<DBL>
<Name></Name>
<Val>3.82732607975060E-3</Val>
</DBL>
<DBL>
<Name></Name>
<Val>5.16730160256897E-5</Val>
</DBL>
<DBL>
<Name></Name>
<Val>1.86458231134375E-4</Val>
</DBL>
<DBL>
<Name></Name>
<Val>1.49378917485800E-3</Val>
</DBL>
<DBL>
<Name></Name>
<Val>9.07519015306250E-3</Val>
</DBL>
<DBL>
<Name></Name>
<Val>1.85472305318774E-4</Val>
</DBL>
<DBL>
<Name></Name>
<Val>1.81237549195364E-2</Val>
</DBL>
<DBL>
<Name></Name>
<Val>0.32201028150288</Val>
</DBL>
<DBL>
<Name></Name>
<Val>0.20104436286601</Val>
</DBL>
<DBL>
<Name></Name>
<Val>0.44399801807941</Val>
</DBL>
<DBL>
<Name></Name>
<Val>3.83071203064903E-3</Val>
</DBL>
<DBL>
<Name></Name>
<Val>5.17206593848205E-5</Val>
</DBL>
<DBL>
<Name></Name>
<Val>1.86698308891329E-4</Val>
</DBL>
<DBL>
<Name></Name>
<Val>1.42108384384589E-3</Val>
</DBL>
<DBL>
<Name></Name>
<Val>8.64119284588432E-3</Val>
</DBL>
<DBL>
<Name></Name>
<Val>1.81188811026084E-4</Val>
</DBL>
<DBL>
<Name></Name>
<Val>1.80742424552269E-2</Val>
</DBL>
<DBL>
<Name></Name>
<Val>0.32210350639300</Val>
</DBL>
<DBL>
<Name></Name>
<Val>0.20116566070084</Val>
</DBL>
<DBL>
<Name></Name>
<Val>0.44434052219034</Val>
</DBL>
<DBL>
<Name></Name>
<Val>3.83391188010415E-3</Val>
</DBL>
<DBL>
<Name></Name>
<Val>5.17656842239638E-5</Val>
</DBL>
<DBL>
<Name></Name>
<Val>1.86925195508640E-4</Val>
</DBL>
<DBL>
<Name></Name>
<Val>1.35237463617777E-3</Val>
</DBL>
<DBL>
<Name></Name>
<Val>8.23104945346448E-3</Val>
</DBL>
<DBL>
<Name></Name>
<Val>1.77140751613325E-4</Val>
</DBL>
<DBL>
<Name></Name>
<Val>1.80274513567468E-2</Val>
</DBL>
<DBL>
<Name></Name>
<Val>0.32219160731995</Val>
</DBL>
<DBL>
<Name></Name>
<Val>0.20128029160821</Val>
</DBL>
<DBL>
<Name></Name>
<Val>0.44466420116750</Val>
</DBL>
<DBL>
<Name></Name>
<Val>3.83693585659754E-3</Val>
</DBL>
<DBL>
<Name></Name>
<Val>5.18082344461739E-5</Val>
</DBL>
<DBL>
<Name></Name>
<Val>1.87139615292299E-4</Val>
</DBL>
<DBL>
<Name></Name>
<Val>1.28744191181260E-3</Val>
</DBL>
<DBL>
<Name></Name>
<Val>7.84344888644402E-3</Val>
</DBL>
<DBL>
<Name></Name>
<Val>1.73315186809431E-4</Val>
</DBL>
<DBL>
<Name></Name>
<Val>1.79832320492190E-2</Val>
</DBL>
<DBL>
<Name></Name>
<Val>0.32227486591710</Val>
</DBL>
<DBL>
<Name></Name>
<Val>0.20138862202444</Val>
</DBL>
<DBL>
<Name></Name>
<Val>0.44497008969880</Val>
</DBL>
<DBL>
<Name></Name>
<Val>3.83979362646623E-3</Val>
</DBL>
<DBL>
<Name></Name>
<Val>5.18484460483891E-5</Val>
</DBL>
<DBL>
<Name></Name>
<Val>1.87342252858725E-4</Val>
</DBL>
<DBL>
<Name></Name>
<Val>1.22607810284646E-3</Val>
</DBL>
<DBL>
<Name></Name>
<Val>7.47715211723440E-3</Val>
</DBL>
<DBL>
<Name></Name>
<Val>1.69699887582692E-4</Val>
</DBL>
<DBL>
<Name></Name>
<Val>1.79414431788275E-2</Val>
</DBL>
<DBL>
<Name></Name>
<Val>0.32235354833759</Val>
</DBL>
<DBL>
<Name></Name>
<Val>0.20149099824528</Val>
</DBL>
<DBL>
<Name></Name>
<Val>0.44525916560300</Val>
</DBL>
<DBL>
<Name></Name>
<Val>3.84249432479174E-3</Val>
</DBL>
<DBL>
<Name></Name>
<Val>5.18864475554259E-5</Val>
</DBL>
<DBL>
<Name></Name>
<Val>1.87533755296100E-4</Val>
</DBL>
<DBL>
<Name></Name>
<Val>1.16808704998816E-3</Val>
</DBL>
<DBL>
<Name></Name>
<Val>7.13098821926610E-3</Val>
</DBL>
<DBL>
<Name></Name>
<Val>1.66283297048789E-4</Val>
</DBL>
<DBL>
<Name></Name>
<Val>1.79019511609749E-2</Val>
</DBL>
<DBL>
<Name></Name>
<Val>0.32242790610533</Val>
</DBL>
<DBL>
<Name></Name>
<Val>0.20158774753292</Val>
</DBL>
<DBL>
<Name></Name>
<Val>0.44553235295524</Val>
</DBL>
<DBL>
<Name></Name>
<Val>3.84504658459293E-3</Val>
</DBL>
<DBL>
<Name></Name>
<Val>5.19223604302131E-5</Val>
</DBL>
<DBL>
<Name></Name>
<Val>1.87714734210254E-4</Val>
</DBL>
<DBL>
<Name></Name>
<Val>1.11328337550450E-3</Val>
</DBL>
<DBL>
<Name></Name>
<Val>6.80385062393320E-3</Val>
</DBL>
<DBL>
<Name></Name>
<Val>1.63054493527425E-4</Val>
</DBL>
<DBL>
<Name></Name>
<Val>1.78646297532712E-2</Val>
</DBL>
<DBL>
<Name></Name>
<Val>0.32249817691919</Val>
</DBL>
<DBL>
<Name></Name>
<Val>0.20167917916213</Val>
</DBL>
<DBL>
<Name></Name>
<Val>0.44579052504091</Val>
</DBL>
<DBL>
<Name></Name>
<Val>3.84745856441541E-3</Val>
</DBL>
<DBL>
<Name></Name>
<Val>5.19562994615550E-5</Val>
</DBL>
<DBL>
<Name></Name>
<Val>1.87885767660915E-4</Val>
</DBL>
<DBL>
<Name></Name>
<Val>1.06149189063038E-3</Val>
</DBL>
<DBL>
<Name></Name>
<Val>6.49469358326849E-3</Val>
</DBL>
<DBL>
<Name></Name>
<Val>1.60003155629477E-4</Val>
</DBL>
<DBL>
<Name></Name>
<Val>1.78293596519900E-2</Val>
</DBL>
<DBL>
<Name></Name>
<Val>0.32256458541299</Val>
</DBL>
<DBL>
<Name></Name>
<Val>0.20176558540892</Val>
</DBL>
<DBL>
<Name></Name>
<Val>0.44603450714704</Val>
</DBL>
<DBL>
<Name></Name>
<Val>3.84973797440569E-3</Val>
</DBL>
<DBL>
<Name></Name>
<Val>5.19883731306474E-5</Val>
</DBL>
<DBL>
<Name></Name>
<Val>1.88047401993855E-4</Val>
</DBL>
<DBL>
<Name></Name>
<Val>1.01254703554969E-3</Val>
</DBL>
<DBL>
<Name></Name>
<Val>6.20252882704176E-3</Val>
</DBL>
<DBL>
<Name></Name>
<Val>1.57119529263064E-4</Val>
</DBL>
<DBL>
<Name></Name>
<Val>1.77960281107040E-2</Val>
</DBL>
<DBL>
<Name></Name>
<Val>0.32262734387364</Val>
</DBL>
<DBL>
<Name></Name>
<Val>0.20184724248482</Val>
</DBL>
<DBL>
<Name></Name>
<Val>0.44626507920049</Val>
</DBL>
<DBL>
<Name></Name>
<Val>3.85189210095283E-3</Val>
</DBL>
<DBL>
<Name></Name>
<Val>5.20186839575011E-5</Val>
</DBL>
<DBL>
<Name></Name>
<Val>1.88200153574294E-4</Val>
</DBL>
<DBL>
<Name></Name>
<Val>9.66292350156688E-4</Val>
</DBL>
<DBL>
<Name></Name>
<Val>5.92642240359476E-3</Val>
</DBL>
<DBL>
<Name></Name>
<Val>1.54394396453060E-4</Val>
</DBL>
<DBL>
<Name></Name>
<Val>1.77645285798790E-2</Val>
</DBL>
<DBL>
<Name></Name>
<Val>0.32268665291984</Val>
</DBL>
<DBL>
<Name></Name>
<Val>0.20192441141990</Val>
</DBL>
<DBL>
<Name></Name>
<Val>0.44648297826095</Val>
</DBL>
<DBL>
<Name></Name>
<Val>3.85392782997653E-3</Val>
</DBL>
<DBL>
<Name></Name>
<Val>5.20473288283696E-5</Val>
</DBL>
<DBL>
<Name></Name>
<Val>1.88344510426637E-4</Val>
</DBL>
<DBL>
<Name></Name>
<Val>9.22579973906057E-4</Val>
</DBL>
<DBL>
<Name></Name>
<Val>5.66549169431437E-3</Val>
</DBL>
<DBL>
<Name></Name>
<Val>1.51819045874381E-4</Val>
</DBL>
<DBL>
<Name></Name>
<Val>1.77347603662766E-2</Val>
</DBL>
<DBL>
<Name></Name>
<Val>0.32274270214343</Val>
</DBL>
<DBL>
<Name></Name>
<Val>0.20199733889712</Val>
</DBL>
<DBL>
<Name></Name>
<Val>0.44668890087705</Val>
</DBL>
<DBL>
<Name></Name>
<Val>3.85585166893573E-3</Val>
</DBL>
<DBL>
<Name></Name>
<Val>5.20743993052174E-5</Val>
</DBL>
<DBL>
<Name></Name>
<Val>1.88480933785444E-4</Val>
</DBL>
<DBL>
<Name></Name>
<Val>8.81270173152837E-4</Val>
</DBL>
<DBL>
<Name></Name>
<Val>5.41890259220010E-3</Val>
</DBL>
<DBL>
<Name></Name>
<Val>1.49385245004856E-4</Val>
</DBL>
<DBL>
<Name></Name>
<Val>1.77066283110766E-2</Val>
</DBL>
<DBL>
<Name></Name>
<Val>0.32279567071554</Val>
</DBL>
<DBL>
<Name></Name>
<Val>0.20206625804095</Val>
</DBL>
<DBL>
<Name></Name>
<Val>0.44688350531297</Val>
</DBL>
<DBL>
<Name></Name>
<Val>3.85766976762790E-3</Val>
</DBL>
<DBL>
<Name></Name>
<Val>5.20999819182092E-5</Val>
</DBL>
<DBL>
<Name></Name>
<Val>1.88609859562277E-4</Val>
</DBL>
<DBL>
<Name></Name>
<Val>8.42230894471338E-4</Val>
</DBL>
<DBL>
<Name></Name>
<Val>5.18586683550678E-3</Val>
</DBL>
<DBL>
<Name></Name>
<Val>1.47085213808666E-4</Val>
</DBL>
<DBL>
<Name></Name>
<Val>1.76800424856893E-2</Val>
</DBL>
<DBL>
<Name></Name>
<Val>0.32284572795934</Val>
</DBL>
<DBL>
<Name></Name>
<Val>0.20213138916255</Val>
</DBL>
<DBL>
<Name></Name>
<Val>0.44706741365262</Val>
</DBL>
<DBL>
<Name></Name>
<Val>3.85938793784564E-3</Val>
</DBL>
<DBL>
<Name></Name>
<Val>5.21241584421487E-5</Val>
</DBL>
<DBL>
<Name></Name>
<Val>1.88731699732858E-4</Val>
</DBL>
<DBL>
<Name></Name>
<Val>8.05337342525092E-4</Val>
</DBL>
<DBL>
<Name></Name>
<Val>4.96563948793897E-3</Val>
</DBL>
<DBL>
<Name></Name>
<Val>1.44911599866220E-4</Val>
</DBL>
<DBL>
<Name></Name>
<Val>1.76549179042872E-2</Val>
</DBL>
<DBL>
<Name></Name>
<Val>0.32289303389135</Val>
</DBL>
<DBL>
<Name></Name>
<Val>0.20219294046407</Val>
</DBL>
<DBL>
<Name></Name>
<Val>0.44724121378821</Val>
</DBL>
<DBL>
<Name></Name>
<Val>3.86101167195310E-3</Val>
</DBL>
<DBL>
<Name></Name>
<Val>5.21470061577444E-5</Val>
</DBL>
<DBL>
<Name></Name>
<Val>1.88846843648770E-4</Val>
</DBL>
<DBL>
<Name></Name>
<Val>7.70471581138465E-4</Val>
</DBL>
<DBL>
<Name></Name>
<Val>4.75751655734223E-3</Val>
</DBL>
<DBL>
<Name></Name>
<Val>1.42857454870973E-4</Val>
</DBL>
<DBL>
<Name></Name>
<Val>1.76311742521361E-2</Val>
</DBL>
<DBL>
<Name></Name>
<Val>0.32293773973298</Val>
</DBL>
<DBL>
<Name></Name>
<Val>0.20225110870418</Val>
</DBL>
<DBL>
<Name></Name>
<Val>0.44740546129953</Val>
</DBL>
<DBL>
<Name></Name>
<Val>3.86254616044166E-3</Val>
</DBL>
<DBL>
<Name></Name>
<Val>5.21685980985328E-5</Val>
</DBL>
<DBL>
<Name></Name>
<Val>1.88955659277711E-4</Val>
</DBL>
</Array>
<Array>
<Name>StateAdjacencyMatrix</Name>
<Dimsize>10</Dimsize>
<Dimsize>10</Dimsize>
<String>
<Name></Name>
<Val>@</Val>
</String>
<String>
<Name></Name>
<Val>A</Val>
</String>
<String>
<Name></Name>
<Val>@</Val>
</String>
<String>
<Name></Name>
<Val>@</Val>
</String>
<String>
<Name></Name>
<Val>@</Val>
</String>
<String>
<Name></Name>
<Val>@</Val>
</String>
<String>
<Name></Name>
<Val>@</Val>
</String>
<String>
<Name></Name>
<Val>@</Val>
</String>
<String>
<Name></Name>
<Val>@</Val>
</String>
<String>
<Name></Name>
<Val>@</Val>
</String>
<String>
<Name></Name>
<Val>I</Val>
</String>
<String>
<Name></Name>
<Val>@</Val>
</String>
<String>
<Name></Name>
<Val>H</Val>
</String>
<String>
<Name></Name>
<Val>@</Val>
</String>
<String>
<Name></Name>
<Val>@</Val>
</String>
<String>
<Name></Name>
<Val>@</Val>
</String>
<String>
<Name></Name>
<Val>@</Val>
</String>
<String>
<Name></Name>
<Val>@</Val>
</String>
<String>
<Name></Name>
<Val>@</Val>
</String>
<String>
<Name></Name>
<Val>@</Val>
</String>
<String>
<Name></Name>
<Val>@</Val>
</String>
<String>
<Name></Name>
<Val>L</Val>
</String>
<String>
<Name></Name>
<Val>@</Val>
</String>
<String>
<Name></Name>
<Val>E</Val>
</String>
<String>
<Name></Name>
<Val>@</Val>
</String>
<String>
<Name></Name>
<Val>@</Val>
</String>
<String>
<Name></Name>
<Val>@</Val>
</String>
<String>
<Name></Name>
<Val>@</Val>
</String>
<String>
<Name></Name>
<Val>@</Val>
</String>
<String>
<Name></Name>
<Val>@</Val>
</String>
<String>
<Name></Name>
<Val>@</Val>
</String>
<String>
<Name></Name>
<Val>@</Val>
</String>
<String>
<Name></Name>
<Val>N</Val>
</String>
<String>
<Name></Name>
<Val>@</Val>
</String>
<String>
<Name></Name>
<Val>D</Val>
</String>
<String>
<Name></Name>
<Val>@</Val>
</String>
<String>
<Name></Name>
<Val>@</Val>
</String>
<String>
<Name></Name>
<Val>@</Val>
</String>
<String>
<Name></Name>
<Val>@</Val>
</String>
<String>
<Name></Name>
<Val>@</Val>
</String>
<String>
<Name></Name>
<Val>@</Val>
</String>
<String>
<Name></Name>
<Val>@</Val>
</String>
<String>
<Name></Name>
<Val>@</Val>
</String>
<String>
<Name></Name>
<Val>C</Val>
</String>
<String>
<Name></Name>
<Val>@</Val>
</String>
<String>
<Name></Name>
<Val>B</Val>
</String>
<String>
<Name></Name>
<Val>@</Val>
</String>
<String>
<Name></Name>
<Val>@</Val>
</String>
<String>
<Name></Name>
<Val>@</Val>
</String>
<String>
<Name></Name>
<Val>@</Val>
</String>
<String>
<Name></Name>
<Val>@</Val>
</String>
<String>
<Name></Name>
<Val>@</Val>
</String>
<String>
<Name></Name>
<Val>@</Val>
</String>
<String>
<Name></Name>
<Val>@</Val>
</String>
<String>
<Name></Name>
<Val>A</Val>
</String>
<String>
<Name></Name>
<Val>@</Val>
</String>
<String>
<Name></Name>
<Val>F</Val>
</String>
<String>
<Name></Name>
<Val>@</Val>
</String>
<String>
<Name></Name>
<Val>@</Val>
</String>
<String>
<Name></Name>
<Val>@</Val>
</String>
<String>
<Name></Name>
<Val>@</Val>
</String>
<String>
<Name></Name>
<Val>@</Val>
</String>
<String>
<Name></Name>
<Val>@</Val>
</String>
<String>
<Name></Name>
<Val>@</Val>
</String>
<String>
<Name></Name>
<Val>@</Val>
</String>
<String>
<Name></Name>
<Val>G</Val>
</String>
<String>
<Name></Name>
<Val>@</Val>
</String>
<String>
<Name></Name>
<Val>O</Val>
</String>
<String>
<Name></Name>
<Val>@</Val>
</String>
<String>
<Name></Name>
<Val>@</Val>
</String>
<String>
<Name></Name>
<Val>@</Val>
</String>
<String>
<Name></Name>
<Val>@</Val>
</String>
<String>
<Name></Name>
<Val>@</Val>
</String>
<String>
<Name></Name>
<Val>@</Val>
</String>
<String>
<Name></Name>
<Val>@</Val>
</String>
<String>
<Name></Name>
<Val>@</Val>
</String>
<String>
<Name></Name>
<Val>J</Val>
</String>
<String>
<Name></Name>
<Val>@</Val>
</String>
<String>
<Name></Name>
<Val>P</Val>
</String>
<String>
<Name></Name>
<Val>@</Val>
</String>
<String>
<Name></Name>
<Val>@</Val>
</String>
<String>
<Name></Name>
<Val>@</Val>
</String>
<String>
<Name></Name>
<Val>@</Val>
</String>
<String>
<Name></Name>
<Val>@</Val>
</String>
<String>
<Name></Name>
<Val>@</Val>
</String>
<String>
<Name></Name>
<Val>@</Val>
</String>
<String>
<Name></Name>
<Val>@</Val>
</String>
<String>
<Name></Name>
<Val>K</Val>
</String>
<String>
<Name></Name>
<Val>@</Val>
</String>
<String>
<Name></Name>
<Val>M</Val>
</String>
<String>
<Name></Name>
<Val>@</Val>
</String>
<String>
<Name></Name>
<Val>@</Val>
</String>
<String>
<Name></Name>
<Val>@</Val>
</String>
<String>
<Name></Name>
<Val>@</Val>
</String>
<String>
<Name></Name>
<Val>@</Val>
</String>
<String>
<Name></Name>
<Val>@</Val>
</String>
<String>
<Name></Name>
<Val>@</Val>
</String>
<String>
<Name></Name>
<Val>@</Val>
</String>
<String>
<Name></Name>
<Val>Q</Val>
</String>
<String>
<Name></Name>
<Val>@</Val>
</String>
</Array>
<Cluster>
<Name>IntegrationParams</Name>
<NumElts>4</NumElts>
<DBL>
<Name>time start</Name>
<Val>0.00000000000000</Val>
</DBL>
<DBL>
<Name>time end</Name>
<Val>999.00000000000000</Val>
</DBL>
<DBL>
<Name>h (step rate)</Name>
<Val>0.10000000000000</Val>
</DBL>
<Array>
<Name>X0</Name>
<Dimsize>10</Dimsize>
<I32>
<Name></Name>
<Val>1</Val>
</I32>
<I32>
<Name></Name>
<Val>0</Val>
</I32>
<I32>
<Name></Name>
<Val>0</Val>
</I32>
<I32>
<Name></Name>
<Val>0</Val>
</I32>
<I32>
<Name></Name>
<Val>0</Val>
</I32>
<I32>
<Name></Name>
<Val>0</Val>
</I32>
<I32>
<Name></Name>
<Val>0</Val>
</I32>
<I32>
<Name></Name>
<Val>0</Val>
</I32>
<I32>
<Name></Name>
<Val>0</Val>
</I32>
<I32>
<Name></Name>
<Val>0</Val>
</I32>
</Array>
</Cluster>
<Array>
<Name>StateNames</Name>
<Dimsize>10</Dimsize>
<String>
<Name>string</Name>
<Val>a</Val>
</String>
<String>
<Name>string</Name>
<Val>b</Val>
</String>
<String>
<Name>string</Name>
<Val>c</Val>
</String>
<String>
<Name>string</Name>
<Val>d</Val>
</String>
<String>
<Name>string</Name>
<Val>e</Val>
</String>
<String>
<Name>string</Name>
<Val>f</Val>
</String>
<String>
<Name>string</Name>
<Val>g</Val>
</String>
<String>
<Name>string</Name>
<Val>h</Val>
</String>
<String>
<Name>string</Name>
<Val>i</Val>
</String>
<String>
<Name>string</Name>
<Val>j</Val>
</String>
</Array>
</Cluster>
</LVData>