<?xml version='1.0' standalone='yes' ?>
<LVData xmlns="http://www.ni.com/LVData">
<Version>10.0.1</Version>
<Cluster>
<Name>ModelData</Name>
<NumElts>7</NumElts>
<Array>
<Name>Transitions</Name>
<Dimsize>2</Dimsize>
<Dimsize>2</Dimsize>
<String>
<Name>string</Name>
<Val>A</Val>
</String>
<String>
<Name>string</Name>
<Val>A</Val>
</String>
<String>
<Name>string</Name>
<Val>B</Val>
</String>
<String>
<Name>string</Name>
<Val>B</Val>
</String>
</Array>
<Array>
<Name>RealValues</Name>
<Dimsize>2</Dimsize>
<Dimsize>2</Dimsize>
<String>
<Name>string</Name>
<Val>A</Val>
</String>
<String>
<Name>string</Name>
<Val>0,007807</Val>
</String>
<String>
<Name>string</Name>
<Val>B</Val>
</String>
<String>
<Name>string</Name>
<Val>0,031489</Val>
</String>
</Array>
<Array>
<Name>Times</Name>
<Dimsize>100</Dimsize>
<DBL>
<Name></Name>
<Val>0.00000000000000</Val>
</DBL>
<DBL>
<Name></Name>
<Val>10.00000000000000</Val>
</DBL>
<DBL>
<Name></Name>
<Val>20.00000000000000</Val>
</DBL>
<DBL>
<Name></Name>
<Val>30.00000000000000</Val>
</DBL>
<DBL>
<Name></Name>
<Val>40.00000000000000</Val>
</DBL>
<DBL>
<Name></Name>
<Val>50.00000000000000</Val>
</DBL>
<DBL>
<Name></Name>
<Val>60.00000000000000</Val>
</DBL>
<DBL>
<Name></Name>
<Val>70.00000000000000</Val>
</DBL>
<DBL>
<Name></Name>
<Val>80.00000000000000</Val>
</DBL>
<DBL>
<Name></Name>
<Val>90.00000000000000</Val>
</DBL>
<DBL>
<Name></Name>
<Val>100.00000000000000</Val>
</DBL>
<DBL>
<Name></Name>
<Val>110.00000000000000</Val>
</DBL>
<DBL>
<Name></Name>
<Val>120.00000000000000</Val>
</DBL>
<DBL>
<Name></Name>
<Val>130.00000000000000</Val>
</DBL>
<DBL>
<Name></Name>
<Val>140.00000000000000</Val>
</DBL>
<DBL>
<Name></Name>
<Val>150.00000000000000</Val>
</DBL>
<DBL>
<Name></Name>
<Val>160.00000000000000</Val>
</DBL>
<DBL>
<Name></Name>
<Val>170.00000000000000</Val>
</DBL>
<DBL>
<Name></Name>
<Val>180.00000000000000</Val>
</DBL>
<DBL>
<Name></Name>
<Val>190.00000000000000</Val>
</DBL>
<DBL>
<Name></Name>
<Val>200.00000000000000</Val>
</DBL>
<DBL>
<Name></Name>
<Val>210.00000000000000</Val>
</DBL>
<DBL>
<Name></Name>
<Val>220.00000000000000</Val>
</DBL>
<DBL>
<Name></Name>
<Val>230.00000000000000</Val>
</DBL>
<DBL>
<Name></Name>
<Val>240.00000000000000</Val>
</DBL>
<DBL>
<Name></Name>
<Val>250.00000000000000</Val>
</DBL>
<DBL>
<Name></Name>
<Val>260.00000000000000</Val>
</DBL>
<DBL>
<Name></Name>
<Val>270.00000000000000</Val>
</DBL>
<DBL>
<Name></Name>
<Val>280.00000000000000</Val>
</DBL>
<DBL>
<Name></Name>
<Val>290.00000000000000</Val>
</DBL>
<DBL>
<Name></Name>
<Val>300.00000000000000</Val>
</DBL>
<DBL>
<Name></Name>
<Val>310.00000000000000</Val>
</DBL>
<DBL>
<Name></Name>
<Val>320.00000000000000</Val>
</DBL>
<DBL>
<Name></Name>
<Val>330.00000000000000</Val>
</DBL>
<DBL>
<Name></Name>
<Val>340.00000000000000</Val>
</DBL>
<DBL>
<Name></Name>
<Val>350.00000000000000</Val>
</DBL>
<DBL>
<Name></Name>
<Val>360.00000000000000</Val>
</DBL>
<DBL>
<Name></Name>
<Val>370.00000000000000</Val>
</DBL>
<DBL>
<Name></Name>
<Val>380.00000000000000</Val>
</DBL>
<DBL>
<Name></Name>
<Val>390.00000000000000</Val>
</DBL>
<DBL>
<Name></Name>
<Val>400.00000000000000</Val>
</DBL>
<DBL>
<Name></Name>
<Val>410.00000000000000</Val>
</DBL>
<DBL>
<Name></Name>
<Val>420.00000000000000</Val>
</DBL>
<DBL>
<Name></Name>
<Val>430.00000000000000</Val>
</DBL>
<DBL>
<Name></Name>
<Val>440.00000000000000</Val>
</DBL>
<DBL>
<Name></Name>
<Val>450.00000000000000</Val>
</DBL>
<DBL>
<Name></Name>
<Val>460.00000000000000</Val>
</DBL>
<DBL>
<Name></Name>
<Val>470.00000000000000</Val>
</DBL>
<DBL>
<Name></Name>
<Val>480.00000000000000</Val>
</DBL>
<DBL>
<Name></Name>
<Val>490.00000000000000</Val>
</DBL>
<DBL>
<Name></Name>
<Val>500.00000000000000</Val>
</DBL>
<DBL>
<Name></Name>
<Val>510.00000000000000</Val>
</DBL>
<DBL>
<Name></Name>
<Val>520.00000000000000</Val>
</DBL>
<DBL>
<Name></Name>
<Val>530.00000000000000</Val>
</DBL>
<DBL>
<Name></Name>
<Val>540.00000000000000</Val>
</DBL>
<DBL>
<Name></Name>
<Val>550.00000000000000</Val>
</DBL>
<DBL>
<Name></Name>
<Val>560.00000000000000</Val>
</DBL>
<DBL>
<Name></Name>
<Val>570.00000000000000</Val>
</DBL>
<DBL>
<Name></Name>
<Val>580.00000000000000</Val>
</DBL>
<DBL>
<Name></Name>
<Val>590.00000000000000</Val>
</DBL>
<DBL>
<Name></Name>
<Val>600.00000000000000</Val>
</DBL>
<DBL>
<Name></Name>
<Val>610.00000000000000</Val>
</DBL>
<DBL>
<Name></Name>
<Val>620.00000000000000</Val>
</DBL>
<DBL>
<Name></Name>
<Val>630.00000000000000</Val>
</DBL>
<DBL>
<Name></Name>
<Val>640.00000000000000</Val>
</DBL>
<DBL>
<Name></Name>
<Val>650.00000000000000</Val>
</DBL>
<DBL>
<Name></Name>
<Val>660.00000000000000</Val>
</DBL>
<DBL>
<Name></Name>
<Val>670.00000000000000</Val>
</DBL>
<DBL>
<Name></Name>
<Val>680.00000000000000</Val>
</DBL>
<DBL>
<Name></Name>
<Val>690.00000000000000</Val>
</DBL>
<DBL>
<Name></Name>
<Val>700.00000000000000</Val>
</DBL>
<DBL>
<Name></Name>
<Val>710.00000000000000</Val>
</DBL>
<DBL>
<Name></Name>
<Val>720.00000000000000</Val>
</DBL>
<DBL>
<Name></Name>
<Val>730.00000000000000</Val>
</DBL>
<DBL>
<Name></Name>
<Val>740.00000000000000</Val>
</DBL>
<DBL>
<Name></Name>
<Val>750.00000000000000</Val>
</DBL>
<DBL>
<Name></Name>
<Val>760.00000000000000</Val>
</DBL>
<DBL>
<Name></Name>
<Val>770.00000000000000</Val>
</DBL>
<DBL>
<Name></Name>
<Val>780.00000000000000</Val>
</DBL>
<DBL>
<Name></Name>
<Val>790.00000000000000</Val>
</DBL>
<DBL>
<Name></Name>
<Val>800.00000000000000</Val>
</DBL>
<DBL>
<Name></Name>
<Val>810.00000000000000</Val>
</DBL>
<DBL>
<Name></Name>
<Val>820.00000000000000</Val>
</DBL>
<DBL>
<Name></Name>
<Val>830.00000000000000</Val>
</DBL>
<DBL>
<Name></Name>
<Val>840.00000000000000</Val>
</DBL>
<DBL>
<Name></Name>
<Val>850.00000000000000</Val>
</DBL>
<DBL>
<Name></Name>
<Val>860.00000000000000</Val>
</DBL>
<DBL>
<Name></Name>
<Val>870.00000000000000</Val>
</DBL>
<DBL>
<Name></Name>
<Val>880.00000000000000</Val>
</DBL>
<DBL>
<Name></Name>
<Val>890.00000000000000</Val>
</DBL>
<DBL>
<Name></Name>
<Val>900.00000000000000</Val>
</DBL>
<DBL>
<Name></Name>
<Val>910.00000000000000</Val>
</DBL>
<DBL>
<Name></Name>
<Val>920.00000000000000</Val>
</DBL>
<DBL>
<Name></Name>
<Val>930.00000000000000</Val>
</DBL>
<DBL>
<Name></Name>
<Val>940.00000000000000</Val>
</DBL>
<DBL>
<Name></Name>
<Val>950.00000000000000</Val>
</DBL>
<DBL>
<Name></Name>
<Val>960.00000000000000</Val>
</DBL>
<DBL>
<Name></Name>
<Val>970.00000000000000</Val>
</DBL>
<DBL>
<Name></Name>
<Val>980.00000000000000</Val>
</DBL>
<DBL>
<Name></Name>
<Val>990.00000000000000</Val>
</DBL>
</Array>
<Array>
<Name>RealSolution</Name>
<Dimsize>100</Dimsize>
<Dimsize>10</Dimsize>
<DBL>
<Name></Name>
<Val>1.00000000000000</Val>
</DBL>
<DBL>
<Name></Name>
<Val>0.00000000000000</Val>
</DBL>
<DBL>
<Name></Name>
<Val>0.00000000000000</Val>
</DBL>
<DBL>
<Name></Name>
<Val>0.00000000000000</Val>
</DBL>
<DBL>
<Name></Name>
<Val>0.00000000000000</Val>
</DBL>
<DBL>
<Name></Name>
<Val>0.00000000000000</Val>
</DBL>
<DBL>
<Name></Name>
<Val>0.00000000000000</Val>
</DBL>
<DBL>
<Name></Name>
<Val>0.00000000000000</Val>
</DBL>
<DBL>
<Name></Name>
<Val>0.00000000000000</Val>
</DBL>
<DBL>
<Name></Name>
<Val>0.00000000000000</Val>
</DBL>
<DBL>
<Name></Name>
<Val>0.92760247451443</Val>
</DBL>
<DBL>
<Name></Name>
<Val>6.98625857131320E-2</Val>
</DBL>
<DBL>
<Name></Name>
<Val>2.46982366505747E-3</Val>
</DBL>
<DBL>
<Name></Name>
<Val>6.05338661079987E-5</Val>
</DBL>
<DBL>
<Name></Name>
<Val>4.31978617591184E-6</Val>
</DBL>
<DBL>
<Name></Name>
<Val>2.49467317634950E-7</Val>
</DBL>
<DBL>
<Name></Name>
<Val>1.24552607596604E-8</Val>
</DBL>
<DBL>
<Name></Name>
<Val>5.13020868165152E-10</Val>
</DBL>
<DBL>
<Name></Name>
<Val>1.93398799513866E-11</Val>
</DBL>
<DBL>
<Name></Name>
<Val>1.59209726016449E-13</Val>
</DBL>
<DBL>
<Name></Name>
<Val>0.86535175051231</Val>
</DBL>
<DBL>
<Name></Name>
<Val>0.12602247284040</Val>
</DBL>
<DBL>
<Name></Name>
<Val>8.17664144742492E-3</Val>
</DBL>
<DBL>
<Name></Name>
<Val>3.89850301395460E-4</Val>
</DBL>
<DBL>
<Name></Name>
<Val>5.27373381228590E-5</Val>
</DBL>
<DBL>
<Name></Name>
<Val>5.89236642461429E-6</Val>
</DBL>
<DBL>
<Name></Name>
<Val>6.01727557124444E-7</Val>
</DBL>
<DBL>
<Name></Name>
<Val>4.94300183160918E-8</Val>
</DBL>
<DBL>
<Name></Name>
<Val>3.96623605010919E-9</Val>
</DBL>
<DBL>
<Name></Name>
<Val>7.01034303567811E-11</Val>
</DBL>
<DBL>
<Name></Name>
<Val>0.81158823161702</Val>
</DBL>
<DBL>
<Name></Name>
<Val>0.17178672223790</Val>
</DBL>
<DBL>
<Name></Name>
<Val>1.53209814181866E-2</Val>
</DBL>
<DBL>
<Name></Name>
<Val>1.06283306890732E-3</Val>
</DBL>
<DBL>
<Name></Name>
<Val>2.03122373614097E-4</Val>
</DBL>
<DBL>
<Name></Name>
<Val>3.24433141336709E-5</Val>
</DBL>
<DBL>
<Name></Name>
<Val>4.98976389683371E-6</Val>
</DBL>
<DBL>
<Name></Name>
<Val>5.99416784629848E-7</Val>
</DBL>
<DBL>
<Name></Name>
<Val>7.47261981241284E-8</Val>
</DBL>
<DBL>
<Name></Name>
<Val>2.06336386176856E-9</Val>
</DBL>
<DBL>
<Name></Name>
<Val>0.76498560515708</Val>
</DBL>
<DBL>
<Name></Name>
<Val>0.20947445970151</Val>
</DBL>
<DBL>
<Name></Name>
<Val>2.28678507700923E-2</Val>
</DBL>
<DBL>
<Name></Name>
<Val>2.05452524490259E-3</Val>
</DBL>
<DBL>
<Name></Name>
<Val>4.93572274814335E-4</Val>
</DBL>
<DBL>
<Name></Name>
<Val>9.98070368408261E-5</Val>
</DBL>
<DBL>
<Name></Name>
<Val>2.04444290319107E-5</Val>
</DBL>
<DBL>
<Name></Name>
<Val>3.17296044226359E-6</Val>
</DBL>
<DBL>
<Name></Name>
<Val>5.41825167097689E-7</Val>
</DBL>
<DBL>
<Name></Name>
<Val>2.06001230438819E-8</Val>
</DBL>
<DBL>
<Name></Name>
<Val>0.72446528447335</Val>
</DBL>
<DBL>
<Name></Name>
<Val>0.24075483095807</Val>
</DBL>
<DBL>
<Name></Name>
<Val>3.02424202275067E-2</Val>
</DBL>
<DBL>
<Name></Name>
<Val>3.30458944504866E-3</Val>
</DBL>
<DBL>
<Name></Name>
<Val>9.37527612827549E-4</Val>
</DBL>
<DBL>
<Name></Name>
<Val>2.24784664854533E-4</Val>
</DBL>
<DBL>
<Name></Name>
<Val>5.73485534403708E-5</Val>
</DBL>
<DBL>
<Name></Name>
<Val>1.07519934379299E-5</Val>
</DBL>
<DBL>
<Name></Name>
<Val>2.34735283891419E-6</Val>
</DBL>
<DBL>
<Name></Name>
<Val>1.14718624252335E-7</Val>
</DBL>
<DBL>
<Name></Name>
<Val>0.68913763989609</Val>
</DBL>
<DBL>
<Name></Name>
<Val>0.26686124840385</Val>
</DBL>
<DBL>
<Name></Name>
<Val>3.71448767342404E-2</Val>
</DBL>
<DBL>
<Name></Name>
<Val>4.74610059061653E-3</Val>
</DBL>
<DBL>
<Name></Name>
<Val>1.52993071523707E-3</Val>
</DBL>
<DBL>
<Name></Name>
<Val>4.17585667871240E-4</Val>
</DBL>
<DBL>
<Name></Name>
<Val>1.27179369511299E-4</Val>
</DBL>
<DBL>
<Name></Name>
<Val>2.76179075543669E-5</Val>
</DBL>
<DBL>
<Name></Name>
<Val>7.37706313550508E-6</Val>
</DBL>
<DBL>
<Name></Name>
<Val>4.43651885263650E-7</Val>
</DBL>
<DBL>
<Name></Name>
<Val>0.65826061500633</Val>
</DBL>
<DBL>
<Name></Name>
<Val>0.28872867542009</Val>
</DBL>
<DBL>
<Name></Name>
<Val>4.34377893428035E-2</Val>
</DBL>
<DBL>
<Name></Name>
<Val>6.31752299209745E-3</Val>
</DBL>
<DBL>
<Name></Name>
<Val>2.25447052125664E-3</Val>
</DBL>
<DBL>
<Name></Name>
<Val>6.81531195736534E-4</Val>
</DBL>
<DBL>
<Name></Name>
<Val>2.40611464546563E-4</Val>
</DBL>
<DBL>
<Name></Name>
<Val>5.88078728375097E-5</Val>
</DBL>
<DBL>
<Name></Name>
<Val>1.86380726628091E-5</Val>
</DBL>
<DBL>
<Name></Name>
<Val>1.33811164289310E-6</Val>
</DBL>
<DBL>
<Name></Name>
<Val>0.63120981101921</Val>
</DBL>
<DBL>
<Name></Name>
<Val>0.30708273113501</Val>
</DBL>
<DBL>
<Name></Name>
<Val>4.90777208915838E-2</Val>
</DBL>
<DBL>
<Name></Name>
<Val>7.96682925386450E-3</Val>
</DBL>
<DBL>
<Name></Name>
<Val>3.08927435832175E-3</Val>
</DBL>
<DBL>
<Name></Name>
<Val>1.01432108474970E-3</Val>
</DBL>
<DBL>
<Name></Name>
<Val>4.06243667673366E-4</Val>
</DBL>
<DBL>
<Name></Name>
<Val>1.09461463835420E-4</Val>
</DBL>
<DBL>
<Name></Name>
<Val>4.02351313687949E-5</Val>
</DBL>
<DBL>
<Name></Name>
<Val>3.37199438172299E-6</Val>
</DBL>
<DBL>
<Name></Name>
<Val>0.60745628190401</Val>
</DBL>
<DBL>
<Name></Name>
<Val>0.32249841938165</Val>
</DBL>
<DBL>
<Name></Name>
<Val>5.40738784720621E-2</Val>
</DBL>
<DBL>
<Name></Name>
<Val>9.65207696188404E-3</Val>
</DBL>
<DBL>
<Name></Name>
<Val>4.01075803610293E-3</Val>
</DBL>
<DBL>
<Name></Name>
<Val>1.40974797246629E-3</Val>
</DBL>
<DBL>
<Name></Name>
<Val>6.29988380145197E-4</Val>
</DBL>
<DBL>
<Name></Name>
<Val>1.84254805139606E-4</Val>
</DBL>
<DBL>
<Name></Name>
<Val>7.71740207075308E-5</Val>
</DBL>
<DBL>
<Name></Name>
<Val>7.42006582730289E-6</Val>
</DBL>
<DBL>
<Name></Name>
<Val>0.58654962833036</Val>
</DBL>
<DBL>
<Name></Name>
<Val>0.33543954491697</Val>
</DBL>
<DBL>
<Name></Name>
<Val>5.84632938389824E-2</Val>
</DBL>
<DBL>
<Name></Name>
<Val>1.13405209865662E-2</Val>
</DBL>
<DBL>
<Name></Name>
<Val>4.99598622651254E-3</Val>
</DBL>
<DBL>
<Name></Name>
<Val>1.85929237624515E-3</Val>
</DBL>
<DBL>
<Name></Name>
<Val>9.14973698514302E-4</Val>
</DBL>
<DBL>
<Name></Name>
<Val>2.87010859801999E-4</Val>
</DBL>
<DBL>
<Name></Name>
<Val>1.35056745797993E-4</Val>
</DBL>
<DBL>
<Name></Name>
<Val>1.46920202445335E-5</Val>
</DBL>
<DBL>
<Name></Name>
<Val>0.56810482186665</Val>
</DBL>
<DBL>
<Name></Name>
<Val>0.34628572534816</Val>
</DBL>
<DBL>
<Name></Name>
<Val>6.22961008687422E-2</Val>
</DBL>
<DBL>
<Name></Name>
<Val>1.30072425891023E-2</Val>
</DBL>
<DBL>
<Name></Name>
<Val>6.02397799614781E-3</Val>
</DBL>
<DBL>
<Name></Name>
<Val>2.35338593434608E-3</Val>
</DBL>
<DBL>
<Name></Name>
<Val>1.26177410687407E-3</Val>
</DBL>
<DBL>
<Name></Name>
<Val>4.20495564411606E-4</Val>
</DBL>
<DBL>
<Name></Name>
<Val>2.19736551863243E-4</Val>
</DBL>
<DBL>
<Name></Name>
<Val>2.67391737042660E-5</Val>
</DBL>
<DBL>
<Name></Name>
<Val>0.55179172322215</Val>
</DBL>
<DBL>
<Name></Name>
<Val>0.35535133709926</Val>
</DBL>
<DBL>
<Name></Name>
<Val>6.56269662981121E-2</Val>
</DBL>
<DBL>
<Name></Name>
<Val>1.46337372868848E-2</Val>
</DBL>
<DBL>
<Name></Name>
<Val>7.07631829285228E-3</Val>
</DBL>
<DBL>
<Name></Name>
<Val>2.88231329457270E-3</Val>
</DBL>
<DBL>
<Name></Name>
<Val>1.66881429884213E-3</Val>
</DBL>
<DBL>
<Name></Name>
<Val>5.86368437762439E-4</Val>
</DBL>
<DBL>
<Name></Name>
<Val>3.36986790124061E-4</Val>
</DBL>
<DBL>
<Name></Name>
<Val>4.54349794422548E-5</Val>
</DBL>
<DBL>
<Name></Name>
<Val>0.53732659725765</Val>
</DBL>
<DBL>
<Name></Name>
<Val>0.36289913791510</Val>
</DBL>
<DBL>
<Name></Name>
<Val>6.85102541607635E-2</Val>
</DBL>
<DBL>
<Name></Name>
<Val>1.62066410604121E-2</Val>
</DBL>
<DBL>
<Name></Name>
<Val>8.13733796487195E-3</Val>
</DBL>
<DBL>
<Name></Name>
<Val>3.43680115605177E-3</Val>
</DBL>
<DBL>
<Name></Name>
<Val>2.13283547941832E-3</Val>
</DBL>
<DBL>
<Name></Name>
<Val>7.85242807786288E-4</Val>
</DBL>
<DBL>
<Name></Name>
<Val>4.92218394944933E-4</Val>
</DBL>
<DBL>
<Name></Name>
<Val>7.29338030011373E-5</Val>
</DBL>
<DBL>
<Name></Name>
<Val>0.52446514551321</Val>
</DBL>
<DBL>
<Name></Name>
<Val>0.36915031353841</Val>
</DBL>
<DBL>
<Name></Name>
<Val>7.09974395850872E-2</Val>
</DBL>
<DBL>
<Name></Name>
<Val>1.77166504419482E-2</Val>
</DBL>
<DBL>
<Name></Name>
<Val>9.19404120201048E-3</Val>
</DBL>
<DBL>
<Name></Name>
<Val>4.00836552415245E-3</Val>
</DBL>
<DBL>
<Name></Name>
<Val>2.64935441650398E-3</Val>
</DBL>
<DBL>
<Name></Name>
<Val>1.01681274733710E-3</Val>
</DBL>
<DBL>
<Name></Name>
<Val>6.90263046867386E-4</Val>
</DBL>
<DBL>
<Name></Name>
<Val>1.11613984465548E-4</Val>
</DBL>
<DBL>
<Name></Name>
<Val>0.51299671902248</Val>
</DBL>
<DBL>
<Name></Name>
<Val>0.37429207318086</Val>
</DBL>
<DBL>
<Name></Name>
<Val>7.31358623656396E-2</Val>
</DBL>
<DBL>
<Name></Name>
<Val>1.91576367188720E-2</Val>
</DBL>
<DBL>
<Name></Name>
<Val>1.02358970986493E-2</Val>
</DBL>
<DBL>
<Name></Name>
<Val>4.58948546152238E-3</Val>
</DBL>
<DBL>
<Name></Name>
<Val>3.21307659390104E-3</Val>
</DBL>
<DBL>
<Name></Name>
<Val>1.28001230767955E-3</Val>
</DBL>
<DBL>
<Name></Name>
<Val>9.35225738716827E-4</Val>
</DBL>
<DBL>
<Name></Name>
<Val>1.64011511672224E-4</Val>
</DBL>
<DBL>
<Name></Name>
<Val>0.50273946810774</Val>
</DBL>
<DBL>
<Name></Name>
<Val>0.37848352618733</Val>
</DBL>
<DBL>
<Name></Name>
<Val>7.49682642831743E-2</Val>
</DBL>
<DBL>
<Name></Name>
<Val>2.05259326924543E-2</Val>
</DBL>
<DBL>
<Name></Name>
<Val>1.12545687394837E-2</Val>
</DBL>
<DBL>
<Name></Name>
<Val>5.17365956785678E-3</Val>
</DBL>
<DBL>
<Name></Name>
<Val>3.81824602996787E-3</Val>
</DBL>
<DBL>
<Name></Name>
<Val>1.57318251771506E-3</Val>
</DBL>
<DBL>
<Name></Name>
<Val>1.23040179610356E-3</Val>
</DBL>
<DBL>
<Name></Name>
<Val>2.32750078168421E-4</Val>
</DBL>
<DBL>
<Name></Name>
<Val>0.49353624908878</Val>
</DBL>
<DBL>
<Name></Name>
<Val>0.38186032379747</Val>
</DBL>
<DBL>
<Name></Name>
<Val>7.65327717371124E-2</Val>
</DBL>
<DBL>
<Name></Name>
<Val>2.18197643780172E-2</Val>
</DBL>
<DBL>
<Name></Name>
<Val>1.22436242177260E-2</Val>
</DBL>
<DBL>
<Name></Name>
<Val>5.75538776666508E-3</Val>
</DBL>
<DBL>
<Name></Name>
<Val>4.45892762433659E-3</Val>
</DBL>
<DBL>
<Name></Name>
<Val>1.89423040534782E-3</Val>
</DBL>
<DBL>
<Name></Name>
<Val>1.57824868950753E-3</Val>
</DBL>
<DBL>
<Name></Name>
<Val>3.20472295035812E-4</Val>
</DBL>
<DBL>
<Name></Name>
<Val>0.48525115130455</Val>
</DBL>
<DBL>
<Name></Name>
<Val>0.38453839124943</Val>
</DBL>
<DBL>
<Name></Name>
<Val>7.78631191231240E-2</Val>
</DBL>
<DBL>
<Name></Name>
<Val>2.30388008577517E-2</Val>
</DBL>
<DBL>
<Name></Name>
<Val>1.31982551311176E-2</Val>
</DBL>
<DBL>
<Name></Name>
<Val>6.33010888046949E-3</Val>
</DBL>
<DBL>
<Name></Name>
<Val>5.12922551178865E-3</Val>
</DBL>
<DBL>
<Name></Name>
<Val>2.24077113779730E-3</Val>
</DBL>
<DBL>
<Name></Name>
<Val>1.98040114614388E-3</Val>
</DBL>
<DBL>
<Name></Name>
<Val>4.29775657825774E-4</Val>
</DBL>
<DBL>
<Name></Name>
<Val>0.47776653841469</Val>
</DBL>
<DBL>
<Name></Name>
<Val>0.38661697320528</Val>
</DBL>
<DBL>
<Name></Name>
<Val>7.89889906492414E-2</Val>
</DBL>
<DBL>
<Name></Name>
<Val>2.41837989045884E-2</Val>
</DBL>
<DBL>
<Name></Name>
<Val>1.41150161331128E-2</Val>
</DBL>
<DBL>
<Name></Name>
<Val>6.89411487793691E-3</Val>
</DBL>
<DBL>
<Name></Name>
<Val>5.82344472991131E-3</Val>
</DBL>
<DBL>
<Name></Name>
<Val>2.61024923816791E-3</Val>
</DBL>
<DBL>
<Name></Name>
<Val>2.43771811828384E-3</Val>
</DBL>
<DBL>
<Name></Name>
<Val>5.63155728787787E-4</Val>
</DBL>
<DBL>
<Name></Name>
<Val>0.47098051997849</Val>
</DBL>
<DBL>
<Name></Name>
<Val>0.38818114879181</Val>
</DBL>
<DBL>
<Name></Name>
<Val>7.99364087074460E-2</Val>
</DBL>
<DBL>
<Name></Name>
<Val>2.52563229944349E-2</Val>
</DBL>
<DBL>
<Name></Name>
<Val>1.49915917251965E-2</Val>
</DBL>
<DBL>
<Name></Name>
<Val>7.44445553597754E-3</Val>
</DBL>
<DBL>
<Name></Name>
<Val>6.53620496023818E-3</Val>
</DBL>
<DBL>
<Name></Name>
<Val>3.00003802906085E-3</Val>
</DBL>
<DBL>
<Name></Name>
<Val>2.95035128963619E-3</Val>
</DBL>
<DBL>
<Name></Name>
<Val>7.22957987712594E-4</Val>
</DBL>
<DBL>
<Name></Name>
<Val>0.46480478558896</Val>
</DBL>
<DBL>
<Name></Name>
<Val>0.38930392845036</Val>
</DBL>
<DBL>
<Name></Name>
<Val>8.07281276958293E-2</Val>
</DBL>
<DBL>
<Name></Name>
<Val>2.62585250710105E-2</Val>
</DBL>
<DBL>
<Name></Name>
<Val>1.58265920608739E-2</Val>
</DBL>
<DBL>
<Name></Name>
<Val>7.97884217574218E-3</Val>
</DBL>
<DBL>
<Name></Name>
<Val>7.26251516369181E-3</Val>
</DBL>
<DBL>
<Name></Name>
<Val>3.40751838188329E-3</Val>
</DBL>
<DBL>
<Name></Name>
<Val>3.51782643169832E-3</Val>
</DBL>
<DBL>
<Name></Name>
<Val>9.11338979951619E-4</Val>
</DBL>
<DBL>
<Name></Name>
<Val>0.45916274616734</Val>
</DBL>
<DBL>
<Name></Name>
<Val>0.39004801513454</Val>
</DBL>
<DBL>
<Name></Name>
<Val>8.13840108472575E-2</Val>
</DBL>
<DBL>
<Name></Name>
<Val>2.71929716289220E-2</Val>
</DBL>
<DBL>
<Name></Name>
<Val>1.66193770159136E-2</Val>
</DBL>
<DBL>
<Name></Name>
<Val>8.49555563218193E-3</Val>
</DBL>
<DBL>
<Name></Name>
<Val>7.99781724693962E-3</Val>
</DBL>
<DBL>
<Name></Name>
<Val>3.83013888464213E-3</Val>
</DBL>
<DBL>
<Name></Name>
<Val>4.13913068558632E-3</Val>
</DBL>
<DBL>
<Name></Name>
<Val>1.13023675667902E-3</Val>
</DBL>
<DBL>
<Name></Name>
<Val>0.45398793657364</Val>
</DBL>
<DBL>
<Name></Name>
<Val>0.39046729206394</Val>
</DBL>
<DBL>
<Name></Name>
<Val>8.19213788168053E-2</Val>
</DBL>
<DBL>
<Name></Name>
<Val>2.80625082923815E-2</Val>
</DBL>
<DBL>
<Name></Name>
<Val>1.73699064522529E-2</Val>
</DBL>
<DBL>
<Name></Name>
<Val>8.99336127863049E-3</Val>
</DBL>
<DBL>
<Name></Name>
<Val>8.73800587260021E-3</Val>
</DBL>
<DBL>
<Name></Name>
<Val>4.26545998143773E-3</Val>
</DBL>
<DBL>
<Name></Name>
<Val>4.81280052154132E-3</Val>
</DBL>
<DBL>
<Name></Name>
<Val>1.38135014678011E-3</Val>
</DBL>
<DBL>
<Name></Name>
<Val>0.44922264123940</Val>
</DBL>
<DBL>
<Name></Name>
<Val>0.39060808499839</Val>
</DBL>
<DBL>
<Name></Name>
<Val>8.23553253895704E-2</Val>
</DBL>
<DBL>
<Name></Name>
<Val>2.88701541459664E-2</Val>
</DBL>
<DBL>
<Name></Name>
<Val>1.80786140025792E-2</Val>
</DBL>
<DBL>
<Name></Name>
<Val>9.47143241082509E-3</Val>
</DBL>
<DBL>
<Name></Name>
<Val>9.47943040515577E-3</Val>
</DBL>
<DBL>
<Name></Name>
<Val>4.71118470666421E-3</Val>
</DBL>
<DBL>
<Name></Name>
<Val>5.53700660428461E-3</Val>
</DBL>
<DBL>
<Name></Name>
<Val>1.66612609716460E-3</Val>
</DBL>
<DBL>
<Name></Name>
<Val>0.44481671060393</Val>
</DBL>
<DBL>
<Name></Name>
<Val>0.39051023678249</Val>
</DBL>
<DBL>
<Name></Name>
<Val>8.26989994726673E-2</Val>
</DBL>
<DBL>
<Name></Name>
<Val>2.96190197080839E-2</Val>
</DBL>
<DBL>
<Name></Name>
<Val>1.87463015328755E-2</Val>
</DBL>
<DBL>
<Name></Name>
<Val>9.92928234300718E-3</Val>
</DBL>
<DBL>
<Name></Name>
<Val>1.02188839010306E-2</Val>
</DBL>
<DBL>
<Name></Name>
<Val>5.16517849247793E-3</Val>
</DBL>
<DBL>
<Name></Name>
<Val>6.30963302321819E-3</Val>
</DBL>
<DBL>
<Name></Name>
<Val>1.98575414022235E-3</Val>
</DBL>
<DBL>
<Name></Name>
<Val>0.44072654109532</Val>
</DBL>
<DBL>
<Name></Name>
<Val>0.39020802440467</Val>
</DBL>
<DBL>
<Name></Name>
<Val>8.29638546305390E-2</Val>
</DBL>
<DBL>
<Name></Name>
<Val>3.03122437156305E-2</Val>
</DBL>
<DBL>
<Name></Name>
<Val>1.93740515142399E-2</Val>
</DBL>
<DBL>
<Name></Name>
<Val>1.03667049972915E-2</Val>
</DBL>
<DBL>
<Name></Name>
<Val>1.09535830733859E-2</Val>
</DBL>
<DBL>
<Name></Name>
<Val>5.62548027380956E-3</Val>
</DBL>
<DBL>
<Name></Name>
<Val>7.12834932962061E-3</Val>
</DBL>
<DBL>
<Name></Name>
<Val>2.34116696550213E-3</Val>
</DBL>
<DBL>
<Name></Name>
<Val>0.43691419549522</Val>
</DBL>
<DBL>
<Name></Name>
<Val>0.38973094316835</Val>
</DBL>
<DBL>
<Name></Name>
<Val>8.31598684905769E-2</Val>
</DBL>
<DBL>
<Name></Name>
<Val>3.09529448867046E-2</Val>
</DBL>
<DBL>
<Name></Name>
<Val>1.99631547370578E-2</Val>
</DBL>
<DBL>
<Name></Name>
<Val>1.07837234464951E-2</Val>
</DBL>
<DBL>
<Name></Name>
<Val>1.16811423168966E-2</Val>
</DBL>
<DBL>
<Name></Name>
<Val>6.09030681747877E-3</Val>
</DBL>
<DBL>
<Name></Name>
<Val>7.99067457889736E-3</Val>
</DBL>
<DBL>
<Name></Name>
<Val>2.73304606231832E-3</Val>
</DBL>
<DBL>
<Name></Name>
<Val>0.43334664394393</Val>
</DBL>
<DBL>
<Name></Name>
<Val>0.38910437822591</Val>
</DBL>
<DBL>
<Name></Name>
<Val>8.32957348048380E-2</Val>
</DBL>
<DBL>
<Name></Name>
<Val>3.15441856098603E-2</Val>
</DBL>
<DBL>
<Name></Name>
<Val>2.05150510597181E-2</Val>
</DBL>
<DBL>
<Name></Name>
<Val>1.11805457108699E-2</Val>
</DBL>
<DBL>
<Name></Name>
<Val>1.23995441688858E-2</Val>
</DBL>
<DBL>
<Name></Name>
<Val>6.55805190079526E-3</Val>
</DBL>
<DBL>
<Name></Name>
<Val>8.89403313560754E-3</Val>
</DBL>
<DBL>
<Name></Name>
<Val>3.16183143958132E-3</Val>
</DBL>
<DBL>
<Name></Name>
<Val>0.42999510871318</Val>
</DBL>
<DBL>
<Name></Name>
<Val>0.38835018031191</Val>
</DBL>
<DBL>
<Name></Name>
<Val>8.33790310600814E-2</Val>
</DBL>
<DBL>
<Name></Name>
<Val>3.20889451226424E-2</Val>
</DBL>
<DBL>
<Name></Name>
<Val>2.10312811590575E-2</Val>
</DBL>
<DBL>
<Name></Name>
<Val>1.15575270505249E-2</Val>
</DBL>
<DBL>
<Name></Name>
<Val>1.31071080020392E-2</Val>
</DBL>
<DBL>
<Name></Name>
<Val>7.02728168269476E-3</Val>
</DBL>
<DBL>
<Name></Name>
<Val>9.83580239639220E-3</Val>
</DBL>
<DBL>
<Name></Name>
<Val>3.62773450148434E-3</Val>
</DBL>
<DBL>
<Name></Name>
<Val>0.42683449830031</Val>
</DBL>
<DBL>
<Name></Name>
<Val>0.38748715978156</Val>
</DBL>
<DBL>
<Name></Name>
<Val>8.34163644389209E-2</Val>
</DBL>
<DBL>
<Name></Name>
<Val>3.25901002270833E-2</Val>
</DBL>
<DBL>
<Name></Name>
<Val>2.15134475172668E-2</Val>
</DBL>
<DBL>
<Name></Name>
<Val>1.19151379978387E-2</Val>
</DBL>
<DBL>
<Name></Name>
<Val>1.38024582760379E-2</Val>
</DBL>
<DBL>
<Name></Name>
<Val>7.49672735789489E-3</Val>
</DBL>
<DBL>
<Name></Name>
<Val>1.08133528537327E-2</Val>
</DBL>
<DBL>
<Name></Name>
<Val>4.13075324935987E-3</Val>
</DBL>
<DBL>
<Name></Name>
<Val>0.42384291845608</Val>
</DBL>
<DBL>
<Name></Name>
<Val>0.38653151084348</Val>
</DBL>
<DBL>
<Name></Name>
<Val>8.34134987440864E-2</Val>
</DBL>
<DBL>
<Name></Name>
<Val>3.30504119745831E-2</Val>
</DBL>
<DBL>
<Name></Name>
<Val>2.19631831279564E-2</Val>
</DBL>
<DBL>
<Name></Name>
<Val>1.22539374117967E-2</Val>
</DBL>
<DBL>
<Name></Name>
<Val>1.44844933045280E-2</Val>
</DBL>
<DBL>
<Name></Name>
<Val>7.96527596568735E-3</Val>
</DBL>
<DBL>
<Name></Name>
<Val>1.18240810908274E-2</Val>
</DBL>
<DBL>
<Name></Name>
<Val>4.67068908097805E-3</Val>
</DBL>
<DBL>
<Name></Name>
<Val>0.42100124951134</Val>
</DBL>
<DBL>
<Name></Name>
<Val>0.38549717605364</Val>
</DBL>
<DBL>
<Name></Name>
<Val>8.33754646618638E-2</Val>
</DBL>
<DBL>
<Name></Name>
<Val>3.34725170593066E-2</Val>
</DBL>
<DBL>
<Name></Name>
<Val>2.23821266270541E-2</Val>
</DBL>
<DBL>
<Name></Name>
<Val>1.25745498922253E-2</Val>
</DBL>
<DBL>
<Name></Name>
<Val>1.51523552038344E-2</Val>
</DBL>
<DBL>
<Name></Name>
<Val>8.43196003963555E-3</Val>
</DBL>
<DBL>
<Name></Name>
<Val>1.28654363895885E-2</Val>
</DBL>
<DBL>
<Name></Name>
<Val>5.24716456151509E-3</Val>
</DBL>
<DBL>
<Name></Name>
<Val>0.41829278086465</Val>
</DBL>
<DBL>
<Name></Name>
<Val>0.38439615962462</Val>
</DBL>
<DBL>
<Name></Name>
<Val>8.33066554924301E-2</Val>
</DBL>
<DBL>
<Name></Name>
<Val>3.38589229048262E-2</Val>
</DBL>
<DBL>
<Name></Name>
<Val>2.27719027507545E-2</Val>
</DBL>
<DBL>
<Name></Name>
<Val>1.28776469558583E-2</Val>
</DBL>
<DBL>
<Name></Name>
<Val>1.58054014661116E-2</Val>
</DBL>
<DBL>
<Name></Name>
<Val>8.89594663023828E-3</Val>
</DBL>
<DBL>
<Name></Name>
<Val>1.39349416701785E-2</Val>
</DBL>
<DBL>
<Name></Name>
<Val>5.85964164033413E-3</Val>
</DBL>
<DBL>
<Name></Name>
<Val>0.41570289477276</Val>
</DBL>
<DBL>
<Name></Name>
<Val>0.38323879683875</Val>
</DBL>
<DBL>
<Name></Name>
<Val>8.32109102323626E-2</Val>
</DBL>
<DBL>
<Name></Name>
<Val>3.42120056261718E-2</Val>
</DBL>
<DBL>
<Name></Name>
<Val>2.31341071936238E-2</Val>
</DBL>
<DBL>
<Name></Name>
<Val>1.31639314416452E-2</Val>
</DBL>
<DBL>
<Name></Name>
<Val>1.64431784293792E-2</Val>
</DBL>
<DBL>
<Name></Name>
<Val>9.35652610613287E-3</Val>
</DBL>
<DBL>
<Name></Name>
<Val>1.50302094778794E-2</Val>
</DBL>
<DBL>
<Name></Name>
<Val>6.50743988130333E-3</Val>
</DBL>
<DBL>
<Name></Name>
<Val>0.41321879268258</Val>
</DBL>
<DBL>
<Name></Name>
<Val>0.38203398578808</Val>
</DBL>
<DBL>
<Name></Name>
<Val>8.30915856676892E-2</Val>
</DBL>
<DBL>
<Name></Name>
<Val>3.45340102086867E-2</Val>
</DBL>
<DBL>
<Name></Name>
<Val>2.34702950870781E-2</Val>
</DBL>
<DBL>
<Name></Name>
<Val>1.34341246759712E-2</Val>
</DBL>
<DBL>
<Name></Name>
<Val>1.70653967892920E-2</Val>
</DBL>
<DBL>
<Name></Name>
<Val>9.81310103691126E-3</Val>
</DBL>
<DBL>
<Name></Name>
<Val>1.61489537040477E-2</Val>
</DBL>
<DBL>
<Name></Name>
<Val>7.18975435966696E-3</Val>
</DBL>
<DBL>
<Name></Name>
<Val>0.41082925828417</Val>
</DBL>
<DBL>
<Name></Name>
<Val>0.38078938676283</Val>
</DBL>
<DBL>
<Name></Name>
<Val>8.29516189288877E-2</Val>
</DBL>
<DBL>
<Name></Name>
<Val>3.48270523738735E-2</Val>
</DBL>
<DBL>
<Name></Name>
<Val>2.37819724442247E-2</Val>
</DBL>
<DBL>
<Name></Name>
<Val>1.36889559874536E-2</Val>
</DBL>
<DBL>
<Name></Name>
<Val>1.76719092034989E-2</Val>
</DBL>
<DBL>
<Name></Name>
<Val>1.02651753784541E-2</Val>
</DBL>
<DBL>
<Name></Name>
<Val>1.72889976821099E-2</Val>
</DBL>
<DBL>
<Name></Name>
<Val>7.90567295450244E-3</Val>
</DBL>
<DBL>
<Name></Name>
<Val>0.40852445227115</Val>
</DBL>
<DBL>
<Name></Name>
<Val>0.37951159384514</Val>
</DBL>
<DBL>
<Name></Name>
<Val>8.27935817736119E-2</Val>
</DBL>
<DBL>
<Name></Name>
<Val>3.50931217067811E-2</Val>
</DBL>
<DBL>
<Name></Name>
<Val>2.40705900239935E-2</Val>
</DBL>
<DBL>
<Name></Name>
<Val>1.39291542147425E-2</Val>
</DBL>
<DBL>
<Name></Name>
<Val>1.82626899717039E-2</Val>
</DBL>
<DBL>
<Name></Name>
<Val>1.07123441164911E-2</Val>
</DBL>
<DBL>
<Name></Name>
<Val>1.84482792441332E-2</Val>
</DBL>
<DBL>
<Name></Name>
<Val>8.65419283226144E-3</Val>
</DBL>
<DBL>
<Name></Name>
<Val>0.40629573448951</Val>
</DBL>
<DBL>
<Name></Name>
<Val>0.37820628261328</Val>
</DBL>
<DBL>
<Name></Name>
<Val>8.26197276982850E-2</Val>
</DBL>
<DBL>
<Name></Name>
<Val>3.53340857041874E-2</Val>
</DBL>
<DBL>
<Name></Name>
<Val>2.43375391580689E-2</Val>
</DBL>
<DBL>
<Name></Name>
<Val>1.41554408989754E-2</Val>
</DBL>
<DBL>
<Name></Name>
<Val>1.88378167270874E-2</Val>
</DBL>
<DBL>
<Name></Name>
<Val>1.11542834728960E-2</Val>
</DBL>
<DBL>
<Name></Name>
<Val>1.96248532636998E-2</Val>
</DBL>
<DBL>
<Name></Name>
<Val>9.43423597400887E-3</Val>
</DBL>
<DBL>
<Name></Name>
<Val>0.40413550975156</Val>
</DBL>
<DBL>
<Name></Name>
<Val>0.37687833730631</Val>
</DBL>
<DBL>
<Name></Name>
<Val>8.24320328347986E-2</Val>
</DBL>
<DBL>
<Name></Name>
<Val>3.55516944716417E-2</Val>
</DBL>
<DBL>
<Name></Name>
<Val>2.45841491606022E-2</Val>
</DBL>
<DBL>
<Name></Name>
<Val>1.43685248952906E-2</Val>
</DBL>
<DBL>
<Name></Name>
<Val>1.93974540428259E-2</Val>
</DBL>
<DBL>
<Name></Name>
<Val>1.15907417394529E-2</Val>
</DBL>
<DBL>
<Name></Name>
<Val>2.08168921502645E-2</Val>
</DBL>
<DBL>
<Name></Name>
<Val>1.02446636472574E-2</Val>
</DBL>
<DBL>
<Name></Name>
<Val>0.40203709410508</Val>
</DBL>
<DBL>
<Name></Name>
<Val>0.37553196032388</Val>
</DBL>
<DBL>
<Name></Name>
<Val>8.22322314617178E-2</Val>
</DBL>
<DBL>
<Name></Name>
<Val>3.57475858533440E-2</Val>
</DBL>
<DBL>
<Name></Name>
<Val>2.48116860050993E-2</Val>
</DBL>
<DBL>
<Name></Name>
<Val>1.45690981753993E-2</Val>
</DBL>
<DBL>
<Name></Name>
<Val>1.99418388373004E-2</Val>
</DBL>
<DBL>
<Name></Name>
<Val>1.20215307733191E-2</Val>
</DBL>
<DBL>
<Name></Name>
<Val>2.20226847014004E-2</Val>
</DBL>
<DBL>
<Name></Name>
<Val>1.10842897634579E-2</Val>
</DBL>
<DBL>
<Name></Name>
<Val>0.39999459878929</Val>
</DBL>
<DBL>
<Name></Name>
<Val>0.37417076653006</Val>
</DBL>
<DBL>
<Name></Name>
<Val>8.20218468487771E-2</Val>
</DBL>
<DBL>
<Name></Name>
<Val>3.59232908242622E-2</Val>
</DBL>
<DBL>
<Name></Name>
<Val>2.50213520070149E-2</Val>
</DBL>
<DBL>
<Name></Name>
<Val>1.47578326260586E-2</Val>
</DBL>
<DBL>
<Name></Name>
<Val>2.04712674502278E-2</Val>
</DBL>
<DBL>
<Name></Name>
<Val>1.24465181653309E-2</Val>
</DBL>
<DBL>
<Name></Name>
<Val>2.32406336639318E-2</Val>
</DBL>
<DBL>
<Name></Name>
<Val>1.19518930950543E-2</Val>
</DBL>
<DBL>
<Name></Name>
<Val>0.39800282948888</Val>
</DBL>
<DBL>
<Name></Name>
<Val>0.37279786448175</Val>
</DBL>
<DBL>
<Name></Name>
<Val>8.18022180572425E-2</Val>
</DBL>
<DBL>
<Name></Name>
<Val>3.60802390107676E-2</Val>
</DBL>
<DBL>
<Name></Name>
<Val>2.52142862960043E-2</Val>
</DBL>
<DBL>
<Name></Name>
<Val>1.49353776768401E-2</Val>
</DBL>
<DBL>
<Name></Name>
<Val>2.09860842570900E-2</Val>
</DBL>
<DBL>
<Name></Name>
<Val>1.28656200751659E-2</Val>
</DBL>
<DBL>
<Name></Name>
<Val>2.44692523038798E-2</Val>
</DBL>
<DBL>
<Name></Name>
<Val>1.28462283523877E-2</Val>
</DBL>
<DBL>
<Name></Name>
<Val>0.39605719882506</Val>
</DBL>
<DBL>
<Name></Name>
<Val>0.37141592640426</Val>
</DBL>
<DBL>
<Name></Name>
<Val>8.15745232352024E-2</Val>
</DBL>
<DBL>
<Name></Name>
<Val>3.62197642359715E-2</Val>
</DBL>
<DBL>
<Name></Name>
<Val>2.53915658998380E-2</Val>
</DBL>
<DBL>
<Name></Name>
<Val>1.51023586153066E-2</Val>
</DBL>
<DBL>
<Name></Name>
<Val>2.14866716890645E-2</Val>
</DBL>
<DBL>
<Name></Name>
<Val>1.32787947149399E-2</Val>
</DBL>
<DBL>
<Name></Name>
<Val>2.57071602388812E-2</Val>
</DBL>
<DBL>
<Name></Name>
<Val>1.37660361414736E-2</Val>
</DBL>
<DBL>
<Name></Name>
<Val>0.39415365030411</Val>
</DBL>
<DBL>
<Name></Name>
<Val>0.37002724848058</Val>
</DBL>
<DBL>
<Name></Name>
<Val>8.13397998744398E-2</Val>
</DBL>
<DBL>
<Name></Name>
<Val>3.63431100101428E-2</Val>
</DBL>
<DBL>
<Name></Name>
<Val>2.55542072938033E-2</Val>
</DBL>
<DBL>
<Name></Name>
<Val>1.52593754690476E-2</Val>
</DBL>
<DBL>
<Name></Name>
<Val>2.19734415288049E-2</Val>
</DBL>
<DBL>
<Name></Name>
<Val>1.36860364540891E-2</Val>
</DBL>
<DBL>
<Name></Name>
<Val>2.69530787454281E-2</Val>
</DBL>
<DBL>
<Name></Name>
<Val>1.47100518395640E-2</Val>
</DBL>
<DBL>
<Name></Name>
<Val>0.39228859218696</Val>
</DBL>
<DBL>
<Name></Name>
<Val>0.36863380280130</Val>
</DBL>
<DBL>
<Name></Name>
<Val>8.10989624328287E-2</Val>
</DBL>
<DBL>
<Name></Name>
<Val>3.64514349061291E-2</Val>
</DBL>
<DBL>
<Name></Name>
<Val>2.57031682960021E-2</Val>
</DBL>
<DBL>
<Name></Name>
<Val>1.54070023523897E-2</Val>
</DBL>
<DBL>
<Name></Name>
<Val>2.24468273578275E-2</Val>
</DBL>
<DBL>
<Name></Name>
<Val>1.40873705125477E-2</Val>
</DBL>
<DBL>
<Name></Name>
<Val>2.82058257168350E-2</Val>
</DBL>
<DBL>
<Name></Name>
<Val>1.56770134371857E-2</Val>
</DBL>
<DBL>
<Name></Name>
<Val>0.39045883995277</Val>
</DBL>
<DBL>
<Name></Name>
<Val>0.36723728213396</Val>
</DBL>
<DBL>
<Name></Name>
<Val>8.08528176719072E-2</Val>
</DBL>
<DBL>
<Name></Name>
<Val>3.65458177754266E-2</Val>
</DBL>
<DBL>
<Name></Name>
<Val>2.58393502111125E-2</Val>
</DBL>
<DBL>
<Name></Name>
<Val>1.55457871913669E-2</Val>
</DBL>
<DBL>
<Name></Name>
<Val>2.29072780381249E-2</Val>
</DBL>
<DBL>
<Name></Name>
<Val>1.44828482056249E-2</Val>
</DBL>
<DBL>
<Name></Name>
<Val>2.94643104160330E-2</Val>
</DBL>
<DBL>
<Name></Name>
<Val>1.66656684036758E-2</Val>
</DBL>
<DBL>
<Name></Name>
<Val>0.38866156620979</Val>
</DBL>
<DBL>
<Name></Name>
<Val>0.36583913850809</Val>
</DBL>
<DBL>
<Name></Name>
<Val>8.06020780123167E-2</Val>
</DBL>
<DBL>
<Name></Name>
<Val>3.66272627731530E-2</Val>
</DBL>
<DBL>
<Name></Name>
<Val>2.59636001436391E-2</Val>
</DBL>
<DBL>
<Name></Name>
<Val>1.56762517540522E-2</Val>
</DBL>
<DBL>
<Name></Name>
<Val>2.33552521183626E-2</Val>
</DBL>
<DBL>
<Name></Name>
<Val>1.48725427020915E-2</Val>
</DBL>
<DBL>
<Name></Name>
<Val>3.07275281397917E-2</Val>
</DBL>
<DBL>
<Name></Name>
<Val>1.76747796387154E-2</Val>
</DBL>
<DBL>
<Name></Name>
<Val>0.38689425706245</Val>
</DBL>
<DBL>
<Name></Name>
<Val>0.36444061647376</Val>
</DBL>
<DBL>
<Name></Name>
<Val>8.03473731691604E-2</Val>
</DBL>
<DBL>
<Name></Name>
<Val>3.66967041702404E-2</Val>
</DBL>
<DBL>
<Name></Name>
<Val>2.60767134170068E-2</Val>
</DBL>
<DBL>
<Name></Name>
<Val>1.57988919249124E-2</Val>
</DBL>
<DBL>
<Name></Name>
<Val>2.37912130631734E-2</Val>
</DBL>
<DBL>
<Name></Name>
<Val>1.52565452563772E-2</Val>
</DBL>
<DBL>
<Name></Name>
<Val>3.19945548874045E-2</Val>
</DBL>
<DBL>
<Name></Name>
<Val>1.87031305755169E-2</Val>
</DBL>
<DBL>
<Name></Name>
<Val>0.38515467407810</Val>
</DBL>
<DBL>
<Name></Name>
<Val>0.36304278177136</Val>
</DBL>
<DBL>
<Name></Name>
<Val>8.00892602941971E-2</Val>
</DBL>
<DBL>
<Name></Name>
<Val>3.67550109391423E-2</Val>
</DBL>
<DBL>
<Name></Name>
<Val>2.61794360475781E-2</Val>
</DBL>
<DBL>
<Name></Name>
<Val>1.59141781717189E-2</Val>
</DBL>
<DBL>
<Name></Name>
<Val>2.42156252123215E-2</Val>
</DBL>
<DBL>
<Name></Name>
<Val>1.56349618761401E-2</Val>
</DBL>
<DBL>
<Name></Name>
<Val>3.32645421068464E-2</Val>
</DBL>
<DBL>
<Name></Name>
<Val>1.97495295026010E-2</Val>
</DBL>
<DBL>
<Name></Name>
<Val>0.38344082111237</Val>
</DBL>
<DBL>
<Name></Name>
<Val>0.36164654604786</Val>
</DBL>
<DBL>
<Name></Name>
<Val>7.98282328213943E-2</Val>
</DBL>
<DBL>
<Name></Name>
<Val>3.68029911056339E-2</Val>
</DBL>
<DBL>
<Name></Name>
<Val>2.62724672331962E-2</Val>
</DBL>
<DBL>
<Name></Name>
<Val>1.60225561619631E-2</Val>
</DBL>
<DBL>
<Name></Name>
<Val>2.46289503846449E-2</Val>
</DBL>
<DBL>
<Name></Name>
<Val>1.60079103875098E-2</Val>
</DBL>
<DBL>
<Name></Name>
<Val>3.45367115745327E-2</Val>
</DBL>
<DBL>
<Name></Name>
<Val>2.08128131709003E-2</Val>
</DBL>
<DBL>
<Name></Name>
<Val>0.38175091535227</Val>
</DBL>
<DBL>
<Name></Name>
<Val>0.36025268816636</Val>
</DBL>
<DBL>
<Name></Name>
<Val>7.95647281860802E-2</Val>
</DBL>
<DBL>
<Name></Name>
<Val>3.68413958641872E-2</Val>
</DBL>
<DBL>
<Name></Name>
<Val>2.63564618245532E-2</Val>
</DBL>
<DBL>
<Name></Name>
<Val>1.61244474928846E-2</Val>
</DBL>
<DBL>
<Name></Name>
<Val>2.50316450495339E-2</Val>
</DBL>
<DBL>
<Name></Name>
<Val>1.63755178618528E-2</Val>
</DBL>
<DBL>
<Name></Name>
<Val>3.58103504506908E-2</Val>
</DBL>
<DBL>
<Name></Name>
<Val>2.18918497515847E-2</Val>
</DBL>
<DBL>
<Name></Name>
<Val>0.38008336202238</Val>
</DBL>
<DBL>
<Name></Name>
<Val>0.35886187257973</Val>
</DBL>
<DBL>
<Name></Name>
<Val>7.92991345651991E-2</Val>
</DBL>
<DBL>
<Name></Name>
<Val>3.68709234581852E-2</Val>
</DBL>
<DBL>
<Name></Name>
<Val>2.64320327548363E-2</Val>
</DBL>
<DBL>
<Name></Name>
<Val>1.62202505053060E-2</Val>
</DBL>
<DBL>
<Name></Name>
<Val>2.54241579961615E-2</Val>
</DBL>
<DBL>
<Name></Name>
<Val>1.67379183697663E-2</Val>
</DBL>
<DBL>
<Name></Name>
<Val>3.70848065406561E-2</Val>
</DBL>
<DBL>
<Name></Name>
<Val>2.29855412077867E-2</Val>
</DBL>
<DBL>
<Name></Name>
<Val>0.37843673227397</Val>
</DBL>
<DBL>
<Name></Name>
<Val>0.35747466517368</Val>
</DBL>
<DBL>
<Name></Name>
<Val>7.90317967665113E-2</Val>
</DBL>
<DBL>
<Name></Name>
<Val>3.68922228291080E-2</Val>
</DBL>
<DBL>
<Name></Name>
<Val>2.64997534089807E-2</Val>
</DBL>
<DBL>
<Name></Name>
<Val>1.63103411566297E-2</Val>
</DBL>
<DBL>
<Name></Name>
<Val>2.58069284376903E-2</Val>
</DBL>
<DBL>
<Name></Name>
<Val>1.70952510300839E-2</Val>
</DBL>
<DBL>
<Name></Name>
<Val>3.83594837827845E-2</Val>
</DBL>
<DBL>
<Name></Name>
<Val>2.40928251405676E-2</Val>
</DBL>
<DBL>
<Name></Name>
<Val>0.37680974384144</Val>
</DBL>
<DBL>
<Name></Name>
<Val>0.35609154692858</Val>
</DBL>
<DBL>
<Name></Name>
<Val>7.87630213775636E-2</Val>
</DBL>
<DBL>
<Name></Name>
<Val>3.69058970409686E-2</Val>
</DBL>
<DBL>
<Name></Name>
<Val>2.65601599186596E-2</Val>
</DBL>
<DBL>
<Name></Name>
<Val>1.63950739327191E-2</Val>
</DBL>
<DBL>
<Name></Name>
<Val>2.61803844941938E-2</Val>
</DBL>
<DBL>
<Name></Name>
<Val>1.74476583238520E-2</Val>
</DBL>
<DBL>
<Name></Name>
<Val>3.96338379758500E-2</Val>
</DBL>
<DBL>
<Name></Name>
<Val>2.52126761661756E-2</Val>
</DBL>
<DBL>
<Name></Name>
<Val>0.37520124410570</Val>
</DBL>
<DBL>
<Name></Name>
<Val>0.35471292570074</Val>
</DBL>
<DBL>
<Name></Name>
<Val>7.84930812705382E-2</Val>
</DBL>
<DBL>
<Name></Name>
<Val>3.69125064878184E-2</Val>
</DBL>
<DBL>
<Name></Name>
<Val>2.66137533730544E-2</Val>
</DBL>
<DBL>
<Name></Name>
<Val>1.64747827820815E-2</Val>
</DBL>
<DBL>
<Name></Name>
<Val>2.65449420040487E-2</Val>
</DBL>
<DBL>
<Name></Name>
<Val>1.77952846454503E-2</Val>
</DBL>
<DBL>
<Name></Name>
<Val>4.09073727524917E-2</Val>
</DBL>
<DBL>
<Name></Name>
<Val>2.63441068780849E-2</Val>
</DBL>
<DBL>
<Name></Name>
<Val>0.37361019525254</Val>
</DBL>
<DBL>
<Name></Name>
<Val>0.35333914638225</Val>
</DBL>
<DBL>
<Name></Name>
<Val>7.82222195463430E-2</Val>
</DBL>
<DBL>
<Name></Name>
<Val>3.69125718932262E-2</Val>
</DBL>
<DBL>
<Name></Name>
<Val>2.66610019386132E-2</Val>
</DBL>
<DBL>
<Name></Name>
<Val>1.65497820588843E-2</Val>
</DBL>
<DBL>
<Name></Name>
<Val>2.69010036190656E-2</Val>
</DBL>
<DBL>
<Name></Name>
<Val>1.81382750652324E-2</Val>
</DBL>
<DBL>
<Name></Name>
<Val>4.21796358002708E-2</Val>
</DBL>
<DBL>
<Name></Name>
<Val>2.74861684435820E-2</Val>
</DBL>
<DBL>
<Name></Name>
<Val>0.37203566125533</Val>
</DBL>
<DBL>
<Name></Name>
<Val>0.35197049966281</Val>
</DBL>
<DBL>
<Name></Name>
<Val>7.79506529902866E-2</Val>
</DBL>
<DBL>
<Name></Name>
<Val>3.69065771113296E-2</Val>
</DBL>
<DBL>
<Name></Name>
<Val>2.67023428835617E-2</Val>
</DBL>
<DBL>
<Name></Name>
<Val>1.66203674639555E-2</Val>
</DBL>
<DBL>
<Name></Name>
<Val>2.72489581436568E-2</Val>
</DBL>
<DBL>
<Name></Name>
<Val>1.84767742801992E-2</Val>
</DBL>
<DBL>
<Name></Name>
<Val>4.34502153279728E-2</Val>
</DBL>
<DBL>
<Name></Name>
<Val>2.86379508808914E-2</Val>
</DBL>
<DBL>
<Name></Name>
<Val>0.37047679644746</Val>
</DBL>
<DBL>
<Name></Name>
<Val>0.35060722958582</Val>
</DBL>
<DBL>
<Name></Name>
<Val>7.76785751021233E-2</Val>
</DBL>
<DBL>
<Name></Name>
<Val>3.68949717394679E-2</Val>
</DBL>
<DBL>
<Name></Name>
<Val>2.67381845049658E-2</Val>
</DBL>
<DBL>
<Name></Name>
<Val>1.66868169751230E-2</Val>
</DBL>
<DBL>
<Name></Name>
<Val>2.75891800829047E-2</Val>
</DBL>
<DBL>
<Name></Name>
<Val>1.88109257312825E-2</Val>
</DBL>
<DBL>
<Name></Name>
<Val>4.47187367717776E-2</Val>
</DBL>
<DBL>
<Name></Name>
<Val>2.97985830590777E-2</Val>
</DBL>
<DBL>
<Name></Name>
<Val>0.36893283548075</Val>
</DBL>
<DBL>
<Name></Name>
<Val>0.34924954006459</Val>
</DBL>
<DBL>
<Name></Name>
<Val>7.74061587549938E-2</Val>
</DBL>
<DBL>
<Name></Name>
<Val>3.68781735525733E-2</Val>
</DBL>
<DBL>
<Name></Name>
<Val>2.67689079577646E-2</Val>
</DBL>
<DBL>
<Name></Name>
<Val>1.67493917600862E-2</Val>
</DBL>
<DBL>
<Name></Name>
<Val>2.79220293685176E-2</Val>
</DBL>
<DBL>
<Name></Name>
<Val>1.91408708677655E-2</Val>
</DBL>
<DBL>
<Name></Name>
<Val>4.59848597336613E-2</Val>
</DBL>
<DBL>
<Name></Name>
<Val>3.09672324592987E-2</Val>
</DBL>
<DBL>
<Name></Name>
<Val>0.36740308449331</Val>
</DBL>
<DBL>
<Name></Name>
<Val>0.34789760050178</Val>
</DBL>
<DBL>
<Name></Name>
<Val>7.71335585306194E-2</Val>
</DBL>
<DBL>
<Name></Name>
<Val>3.68565707694916E-2</Val>
</DBL>
<DBL>
<Name></Name>
<Val>2.67948689864598E-2</Val>
</DBL>
<DBL>
<Name></Name>
<Val>1.68083370665567E-2</Val>
</DBL>
<DBL>
<Name></Name>
<Val>2.82478512353761E-2</Val>
</DBL>
<DBL>
<Name></Name>
<Val>1.94667485412163E-2</Val>
</DBL>
<DBL>
<Name></Name>
<Val>4.72482751427500E-2</Val>
</DBL>
<DBL>
<Name></Name>
<Val>3.21431047324442E-2</Val>
</DBL>
<DBL>
<Name></Name>
<Val>0.36588691333320</Val>
</DBL>
<DBL>
<Name></Name>
<Val>0.34655155063507</Val>
</DBL>
<DBL>
<Name></Name>
<Val>7.68609127719049E-2</Val>
</DBL>
<DBL>
<Name></Name>
<Val>3.68305241612599E-2</Val>
</DBL>
<DBL>
<Name></Name>
<Val>2.68163995611259E-2</Val>
</DBL>
<DBL>
<Name></Name>
<Val>1.68638830856799E-2</Val>
</DBL>
<DBL>
<Name></Name>
<Val>2.85669762247073E-2</Val>
</DBL>
<DBL>
<Name></Name>
<Val>1.97886945130242E-2</Val>
</DBL>
<DBL>
<Name></Name>
<Val>4.85087026292151E-2</Val>
</DBL>
<DBL>
<Name></Name>
<Val>3.33254430848216E-2</Val>
</DBL>
<DBL>
<Name></Name>
<Val>0.36438374870461</Val>
</DBL>
<DBL>
<Name></Name>
<Val>0.34521150471551</Val>
</DBL>
<DBL>
<Name></Name>
<Val>7.65883453887258E-2</Val>
</DBL>
<DBL>
<Name></Name>
<Val>3.68003690111150E-2</Val>
</DBL>
<DBL>
<Name></Name>
<Val>2.68338094201516E-2</Val>
</DBL>
<DBL>
<Name></Name>
<Val>1.69162457858155E-2</Val>
</DBL>
<DBL>
<Name></Name>
<Val>2.88797202929080E-2</Val>
</DBL>
<DBL>
<Name></Name>
<Val>2.01068410612339E-2</Val>
</DBL>
<DBL>
<Name></Name>
<Val>4.97658880995752E-2</Val>
</DBL>
<DBL>
<Name></Name>
<Val>3.45135275203576E-2</Val>
</DBL>
<DBL>
<Name></Name>
<Val>0.36289306812068</Val>
</DBL>
<DBL>
<Name></Name>
<Val>0.34387755511011</Val>
</DBL>
<DBL>
<Name></Name>
<Val>7.63159674480120E-2</Val>
</DBL>
<DBL>
<Name></Name>
<Val>3.67664169356910E-2</Val>
</DBL>
<DBL>
<Name></Name>
<Val>2.68473875226737E-2</Val>
</DBL>
<DBL>
<Name></Name>
<Val>1.69656277146272E-2</Val>
</DBL>
<DBL>
<Name></Name>
<Val>2.91863850077019E-2</Val>
</DBL>
<DBL>
<Name></Name>
<Val>2.04213166738412E-2</Val>
</DBL>
<DBL>
<Name></Name>
<Val>5.10196015018769E-2</Val>
</DBL>
<DBL>
<Name></Name>
<Val>3.57066739647966E-2</Val>
</DBL>
<DBL>
<Name></Name>
<Val>0.36141439456202</Val>
</DBL>
<DBL>
<Name></Name>
<Val>0.34254977540765</Val>
</DBL>
<DBL>
<Name></Name>
<Val>7.60438785752004E-2</Val>
</DBL>
<DBL>
<Name></Name>
<Val>3.67289575764799E-2</Val>
</DBL>
<DBL>
<Name></Name>
<Val>2.68574034140590E-2</Val>
</DBL>
<DBL>
<Name></Name>
<Val>1.70122187681536E-2</Val>
</DBL>
<DBL>
<Name></Name>
<Val>2.94872578156872E-2</Val>
</DBL>
<DBL>
<Name></Name>
<Val>2.07322458170763E-2</Val>
</DBL>
<DBL>
<Name></Name>
<Val>5.22696347690926E-2</Val>
</DBL>
<DBL>
<Name></Name>
<Val>3.69042332945844E-2</Val>
</DBL>
<DBL>
<Name></Name>
<Val>0.35994729175348</Val>
</DBL>
<DBL>
<Name></Name>
<Val>0.34122822309594</Val>
</DBL>
<DBL>
<Name></Name>
<Val>7.57721681906167E-2</Val>
</DBL>
<DBL>
<Name></Name>
<Val>3.66882601702229E-2</Val>
</DBL>
<DBL>
<Name></Name>
<Val>2.68641085080603E-2</Val>
</DBL>
<DBL>
<Name></Name>
<Val>1.70561969261187E-2</Val>
</DBL>
<DBL>
<Name></Name>
<Val>2.97826123674363E-2</Val>
</DBL>
<DBL>
<Name></Name>
<Val>2.10397487684373E-2</Val>
</DBL>
<DBL>
<Name></Name>
<Val>5.35157999291446E-2</Val>
</DBL>
<DBL>
<Name></Name>
<Val>3.81055902905524E-2</Val>
</DBL>
<DBL>
<Name></Name>
<Val>0.35849135998245</Val>
</DBL>
<DBL>
<Name></Name>
<Val>0.33991294186926</Val>
</DBL>
<DBL>
<Name></Name>
<Val>7.55009166013076E-2</Val>
</DBL>
<DBL>
<Name></Name>
<Val>3.66445750064652E-2</Val>
</DBL>
<DBL>
<Name></Name>
<Val>2.68677372894337E-2</Val>
</DBL>
<DBL>
<Name></Name>
<Val>1.70977289532166E-2</Val>
</DBL>
<DBL>
<Name></Name>
<Val>3.00727088881763E-2</Val>
</DBL>
<DBL>
<Name></Name>
<Val>2.13439415053679E-2</Val>
</DBL>
<DBL>
<Name></Name>
<Val>5.47579273701917E-2</Val>
</DBL>
<DBL>
<Name></Name>
<Val>3.93101625341377E-2</Val>
</DBL>
<DBL>
<Name></Name>
<Val>0.35704623239252</Val>
</DBL>
<DBL>
<Name></Name>
<Val>0.33860396361674</Val>
</DBL>
<DBL>
<Name></Name>
<Val>7.52301959662001E-2</Val>
</DBL>
<DBL>
<Name></Name>
<Val>3.65981347800634E-2</Val>
</DBL>
<DBL>
<Name></Name>
<Val>2.68685084408961E-2</Val>
</DBL>
<DBL>
<Name></Name>
<Val>1.71369710664873E-2</Val>
</DBL>
<DBL>
<Name></Name>
<Val>3.03577945837298E-2</Val>
</DBL>
<DBL>
<Name></Name>
<Val>2.16449356415032E-2</Val>
</DBL>
<DBL>
<Name></Name>
<Val>5.59958642501581E-2</Val>
</DBL>
<DBL>
<Name></Name>
<Val>4.05173992617059E-2</Val>
</DBL>
<DBL>
<Name></Name>
<Val>0.35561157169425</Val>
</DBL>
<DBL>
<Name></Name>
<Val>0.33730131013542</Val>
</DBL>
<DBL>
<Name></Name>
<Val>7.49600711501743E-2</Val>
</DBL>
<DBL>
<Name></Name>
<Val>3.65491558459907E-2</Val>
</DBL>
<DBL>
<Name></Name>
<Val>2.68666258983143E-2</Val>
</DBL>
<DBL>
<Name></Name>
<Val>1.71740695692047E-2</Val>
</DBL>
<DBL>
<Name></Name>
<Val>3.06381040728505E-2</Val>
</DBL>
<DBL>
<Name></Name>
<Val>2.19428384033335E-2</Val>
</DBL>
<DBL>
<Name></Name>
<Val>5.72294730399158E-2</Val>
</DBL>
<DBL>
<Name></Name>
<Val>4.17267801905562E-2</Val>
</DBL>
<DBL>
<Name></Name>
<Val>0.35418706724261</Val>
</DBL>
<DBL>
<Name></Name>
<Val>0.33600499460572</Val>
</DBL>
<DBL>
<Name></Name>
<Val>7.46906004806379E-2</Val>
</DBL>
<DBL>
<Name></Name>
<Val>3.64978393833456E-2</Val>
</DBL>
<DBL>
<Name></Name>
<Val>2.68622798379923E-2</Val>
</DBL>
<DBL>
<Name></Name>
<Val>1.72091614519381E-2</Val>
</DBL>
<DBL>
<Name></Name>
<Val>3.09138598383727E-2</Val>
</DBL>
<DBL>
<Name></Name>
<Val>2.22377526409802E-2</Val>
</DBL>
<DBL>
<Name></Name>
<Val>5.84586301900160E-2</Val>
</DBL>
<DBL>
<Name></Name>
<Val>4.29378143283964E-2</Val>
</DBL>
<DBL>
<Name></Name>
<Val>0.35277243243696</Val>
</DBL>
<DBL>
<Name></Name>
<Val>0.33471502286197</Val>
</DBL>
<DBL>
<Name></Name>
<Val>7.44218364184665E-2</Val>
</DBL>
<DBL>
<Name></Name>
<Val>3.64443724750395E-2</Val>
</DBL>
<DBL>
<Name></Name>
<Val>2.68556475998525E-2</Val>
</DBL>
<DBL>
<Name></Name>
<Val>1.72423749616286E-2</Val>
</DBL>
<DBL>
<Name></Name>
<Val>3.11852726907176E-2</Val>
</DBL>
<DBL>
<Name></Name>
<Val>2.25297768675298E-2</Val>
</DBL>
<DBL>
<Name></Name>
<Val>5.96832249113973E-2</Val>
</DBL>
<DBL>
<Name></Name>
<Val>4.41500387764458E-2</Val>
</DBL>
<DBL>
<Name></Name>
<Val>0.35136740240494</Val>
</DBL>
<DBL>
<Name></Name>
<Val>0.33343139448605</Val>
</DBL>
<DBL>
<Name></Name>
<Val>7.41538261536638E-2</Val>
</DBL>
<DBL>
<Name></Name>
<Val>3.63889291092216E-2</Val>
</DBL>
<DBL>
<Name></Name>
<Val>2.68468945502064E-2</Val>
</DBL>
<DBL>
<Name></Name>
<Val>1.72738301396660E-2</Val>
</DBL>
<DBL>
<Name></Name>
<Val>3.14525422382916E-2</Val>
</DBL>
<DBL>
<Name></Name>
<Val>2.28190053220554E-2</Val>
</DBL>
<DBL>
<Name></Name>
<Val>6.09031580610421E-2</Val>
</DBL>
<DBL>
<Name></Name>
<Val>4.53630175348646E-2</Val>
</DBL>
<DBL>
<Name></Name>
<Val>0.34997173193666</Val>
</DBL>
<DBL>
<Name></Name>
<Val>0.33215410374847</Val>
</DBL>
<DBL>
<Name></Name>
<Val>7.38866121347884E-2</Val>
</DBL>
<DBL>
<Name></Name>
<Val>3.63316711081015E-2</Val>
</DBL>
<DBL>
<Name></Name>
<Val>2.68361748876919E-2</Val>
</DBL>
<DBL>
<Name></Name>
<Val>1.73036393300473E-2</Val>
</DBL>
<DBL>
<Name></Name>
<Val>3.17158573601718E-2</Val>
</DBL>
<DBL>
<Name></Name>
<Val>2.31055280520599E-2</Val>
</DBL>
<DBL>
<Name></Name>
<Val>6.21183411241111E-2</Val>
</DBL>
<DBL>
<Name></Name>
<Val>4.65763403178973E-2</Val>
</DBL>
<DBL>
<Name></Name>
<Val>0.34858519363974</Val>
</DBL>
<DBL>
<Name></Name>
<Val>0.33088314041773</Val>
</DBL>
<DBL>
<Name></Name>
<Val>7.36202325400569E-2</Val>
</DBL>
<DBL>
<Name></Name>
<Val>3.62727489894455E-2</Val>
</DBL>
<DBL>
<Name></Name>
<Val>2.68236323958182E-2</Val>
</DBL>
<DBL>
<Name></Name>
<Val>1.73319076587723E-2</Val>
</DBL>
<DBL>
<Name></Name>
<Val>3.19753966772328E-2</Val>
</DBL>
<DBL>
<Name></Name>
<Val>2.33894310116214E-2</Val>
</DBL>
<DBL>
<Name></Name>
<Val>6.33286952846392E-2</Val>
</DBL>
<DBL>
<Name></Name>
<Val>4.77896213849459E-2</Val>
</DBL>
<DBL>
<Name></Name>
<Val>0.34720757628932</Val>
</DBL>
<DBL>
<Name></Name>
<Val>0.32961849045619</Val>
</DBL>
<DBL>
<Name></Name>
<Val>7.33547216970399E-2</Val>
</DBL>
<DBL>
<Name></Name>
<Val>3.62123027656602E-2</Val>
</DBL>
<DBL>
<Name></Name>
<Val>2.68094011454115E-2</Val>
</DBL>
<DBL>
<Name></Name>
<Val>1.73587334856735E-2</Val>
</DBL>
<DBL>
<Name></Name>
<Val>3.22313290185249E-2</Val>
</DBL>
<DBL>
<Name></Name>
<Val>2.36707961720064E-2</Val>
</DBL>
<DBL>
<Name></Name>
<Val>6.45341505774195E-2</Val>
</DBL>
<DBL>
<Name></Name>
<Val>4.90024983927498E-2</Val>
</DBL>
<DBL>
<Name></Name>
<Val>0.34583868335059</Val>
</DBL>
<DBL>
<Name></Name>
<Val>0.32836013661798</Val>
</DBL>
<DBL>
<Name></Name>
<Val>7.30901104570069E-2</Val>
</DBL>
<DBL>
<Name></Name>
<Val>3.61504626850338E-2</Val>
</DBL>
<DBL>
<Name></Name>
<Val>2.67936061501046E-2</Val>
</DBL>
<DBL>
<Name></Name>
<Val>1.73842088299039E-2</Val>
</DBL>
<DBL>
<Name></Name>
<Val>3.24838138802830E-2</Val>
</DBL>
<DBL>
<Name></Name>
<Val>2.39497016419454E-2</Val>
</DBL>
<DBL>
<Name></Name>
<Val>6.57346451142307E-2</Val>
</DBL>
<DBL>
<Name></Name>
<Val>5.02146312729238E-2</Val>
</DBL>
<DBL>
<Name></Name>
<Val>0.34447833165393</Val>
</DBL>
<DBL>
<Name></Name>
<Val>0.32710805896234</Val>
</DBL>
<DBL>
<Name></Name>
<Val>7.28264265292216E-2</Val>
</DBL>
<DBL>
<Name></Name>
<Val>3.60873499193807E-2</Val>
</DBL>
<DBL>
<Name></Name>
<Val>2.67763639778554E-2</Val>
</DBL>
<DBL>
<Name></Name>
<Val>1.74084197703114E-2</Val>
</DBL>
<DBL>
<Name></Name>
<Val>3.27330018754456E-2</Val>
</DBL>
<DBL>
<Name></Name>
<Val>2.42262217951535E-2</Val>
</DBL>
<DBL>
<Name></Name>
<Val>6.69301243780705E-2</Val>
</DBL>
<DBL>
<Name></Name>
<Val>5.14257011382932E-2</Val>
</DBL>
<DBL>
<Name></Name>
<Val>0.34312635020540</Val>
</DBL>
<DBL>
<Name></Name>
<Val>0.32586223529420</Val>
</DBL>
<DBL>
<Name></Name>
<Val>7.25636947798378E-2</Val>
</DBL>
<DBL>
<Name></Name>
<Val>3.60230772020302E-2</Val>
</DBL>
<DBL>
<Name></Name>
<Val>2.67577833213242E-2</Val>
</DBL>
<DBL>
<Name></Name>
<Val>1.74314468219244E-2</Val>
</DBL>
<DBL>
<Name></Name>
<Val>3.29790351719853E-2</Val>
</DBL>
<DBL>
<Name></Name>
<Val>2.45004274030136E-2</Val>
</DBL>
<DBL>
<Name></Name>
<Val>6.81205405795400E-2</Val>
</DBL>
<DBL>
<Name></Name>
<Val>5.26354092207481E-2</Val>
</DBL>
<DBL>
<Name></Name>
<Val>0.34178257911717</Val>
</DBL>
<DBL>
<Name></Name>
<Val>0.32462264154193</Val>
</DBL>
<DBL>
<Name></Name>
<Val>7.23019374994711E-2</Val>
</DBL>
<DBL>
<Name></Name>
<Val>3.59577494198165E-2</Val>
</DBL>
<DBL>
<Name></Name>
<Val>2.67379655297849E-2</Val>
</DBL>
<DBL>
<Name></Name>
<Val>1.74533652897543E-2</Val>
</DBL>
<DBL>
<Name></Name>
<Val>3.32220479187255E-2</Val>
</DBL>
<DBL>
<Name></Name>
<Val>2.47723857706436E-2</Val>
</DBL>
<DBL>
<Name></Name>
<Val>6.93058520699855E-2</Val>
</DBL>
<DBL>
<Name></Name>
<Val>5.38434758427124E-2</Val>
</DBL>
<DBL>
<Name></Name>
<Val>0.34044686864474</Val>
</DBL>
<DBL>
<Name></Name>
<Val>0.32338925208091</Val>
</DBL>
<DBL>
<Name></Name>
<Val>7.20411746430270E-2</Val>
</DBL>
<DBL>
<Name></Name>
<Val>3.58914641624570E-2</Val>
</DBL>
<DBL>
<Name></Name>
<Val>2.67170051050949E-2</Val>
</DBL>
<DBL>
<Name></Name>
<Val>1.74742456010981E-2</Val>
</DBL>
<DBL>
<Name></Name>
<Val>3.34621666576311E-2</Val>
</DBL>
<DBL>
<Name></Name>
<Val>2.50421608748315E-2</Val>
</DBL>
<DBL>
<Name></Name>
<Val>7.04860228064345E-2</Val>
</DBL>
<DBL>
<Name></Name>
<Val>5.50496394237751E-2</Val>
</DBL>
<DBL>
<Name></Name>
<Val>0.33911907831884</Val>
</DBL>
<DBL>
<Name></Name>
<Val>0.32216204001047</Val>
</DBL>
<DBL>
<Name></Name>
<Val>7.17814240449266E-2</Val>
</DBL>
<DBL>
<Name></Name>
<Val>3.58243122324606E-2</Val>
</DBL>
<DBL>
<Name></Name>
<Val>2.66949901640958E-2</Val>
</DBL>
<DBL>
<Name></Name>
<Val>1.74941536174899E-2</Val>
</DBL>
<DBL>
<Name></Name>
<Val>3.36995107218348E-2</Val>
</DBL>
<DBL>
<Name></Name>
<Val>2.53098135025582E-2</Val>
</DBL>
<DBL>
<Name></Name>
<Val>7.16610218637672E-2</Val>
</DBL>
<DBL>
<Name></Name>
<Val>5.62536555235619E-2</Val>
</DBL>
<DBL>
<Name></Name>
<Val>0.33779907616192</Val>
</DBL>
<DBL>
<Name></Name>
<Val>0.32094097739064</Val>
</DBL>
<DBL>
<Name></Name>
<Val>7.15227016124963E-2</Val>
</DBL>
<DBL>
<Name></Name>
<Val>3.57563781184732E-2</Val>
</DBL>
<DBL>
<Name></Name>
<Val>2.66720028696823E-2</Val>
</DBL>
<DBL>
<Name></Name>
<Val>1.75131509274166E-2</Val>
</DBL>
<DBL>
<Name></Name>
<Val>3.39341926188860E-2</Val>
</DBL>
<DBL>
<Name></Name>
<Val>2.55754013890291E-2</Val>
</DBL>
<DBL>
<Name></Name>
<Val>7.28308229899476E-2</Val>
</DBL>
<DBL>
<Name></Name>
<Val>5.74552959215112E-2</Val>
</DBL>
<DBL>
<Name></Name>
<Val>0.33648673797993</Val>
</DBL>
<DBL>
<Name></Name>
<Val>0.31972603544428</Val>
</DBL>
<DBL>
<Name></Name>
<Val>7.12650214999513E-2</Val>
</DBL>
<DBL>
<Name></Name>
<Val>3.56877404347511E-2</Val>
</DBL>
<DBL>
<Name></Name>
<Val>2.66481198326316E-2</Val>
</DBL>
<DBL>
<Name></Name>
<Val>1.75312951208713E-2</Val>
</DBL>
<DBL>
<Name></Name>
<Val>3.41663183989127E-2</Val>
</DBL>
<DBL>
<Name></Name>
<Val>2.58389793543185E-2</Val>
</DBL>
<DBL>
<Name></Name>
<Val>7.39954042004852E-2</Val>
</DBL>
<DBL>
<Name></Name>
<Val>5.86543477338713E-2</Val>
</DBL>
<DBL>
<Name></Name>
<Val>0.33518194672128</Val>
</DBL>
<DBL>
<Name></Name>
<Val>0.31851718472942</Val>
</DBL>
<DBL>
<Name></Name>
<Val>7.10083962651155E-2</Val>
</DBL>
<DBL>
<Name></Name>
<Val>3.56184723292563E-2</Val>
</DBL>
<DBL>
<Name></Name>
<Val>2.66234124861605E-2</Val>
</DBL>
<DBL>
<Name></Name>
<Val>1.75486400467763E-2</Val>
</DBL>
<DBL>
<Name></Name>
<Val>3.43959880075416E-2</Val>
</DBL>
<DBL>
<Name></Name>
<Val>2.61005994378858E-2</Val>
</DBL>
<DBL>
<Name></Name>
<Val>7.51547474086311E-2</Val>
</DBL>
<DBL>
<Name></Name>
<Val>5.98506125679364E-2</Val>
</DBL>
<DBL>
<Name></Name>
<Val>0.33388459189601</Val>
</DBL>
<DBL>
<Name></Name>
<Val>0.31731439528591</Val>
</DBL>
<DBL>
<Name></Name>
<Val>7.07528370107655E-2</Val>
</DBL>
<DBL>
<Name></Name>
<Val>3.55486418626766E-2</Val>
</DBL>
<DBL>
<Name></Name>
<Val>2.65979474350496E-2</Val>
</DBL>
<DBL>
<Name></Name>
<Val>1.75652360542657E-2</Val>
</DBL>
<DBL>
<Name></Name>
<Val>3.46232956235690E-2</Val>
</DBL>
<DBL>
<Name></Name>
<Val>2.63603110303587E-2</Val>
</DBL>
<DBL>
<Name></Name>
<Val>7.63088380881092E-2</Val>
</DBL>
<DBL>
<Name></Name>
<Val>6.10439057132857E-2</Val>
</DBL>
<DBL>
<Name></Name>
<Val>0.33259456904870</Val>
</DBL>
<DBL>
<Name></Name>
<Val>0.31611763676009</Val>
</DBL>
<DBL>
<Name></Name>
<Val>7.04983535122629E-2</Val>
</DBL>
<DBL>
<Name></Name>
<Val>3.54783123605046E-2</Val>
</DBL>
<DBL>
<Name></Name>
<Val>2.65717867810556E-2</Val>
</DBL>
<DBL>
<Name></Name>
<Val>1.75811302187702E-2</Val>
</DBL>
<DBL>
<Name></Name>
<Val>3.48483299814826E-2</Val>
</DBL>
<DBL>
<Name></Name>
<Val>2.66181610020984E-2</Val>
</DBL>
<DBL>
<Name></Name>
<Val>7.74576649654668E-2</Val>
</DBL>
<DBL>
<Name></Name>
<Val>6.22340553695780E-2</Val>
</DBL>
<DBL>
<Name></Name>
<Val>0.33131177927962</Val>
</DBL>
<DBL>
<Name></Name>
<Val>0.31492687851040</Val>
</DBL>
<DBL>
<Name></Name>
<Val>7.02449543329464E-2</Val>
</DBL>
<DBL>
<Name></Name>
<Val>3.54075427401484E-2</Val>
</DBL>
<DBL>
<Name></Name>
<Val>2.65449884262227E-2</Val>
</DBL>
<DBL>
<Name></Name>
<Val>1.75963665538049E-2</Val>
</DBL>
<DBL>
<Name></Name>
<Val>3.50711746790335E-2</Val>
</DBL>
<DBL>
<Name></Name>
<Val>2.68741938281648E-2</Val>
</DBL>
<DBL>
<Name></Name>
<Val>7.86012197393837E-2</Val>
</DBL>
<DBL>
<Name></Name>
<Val>6.34209019102803E-2</Val>
</DBL>
<DBL>
<Name></Name>
<Val>0.33003612880919</Val>
</DBL>
<DBL>
<Name></Name>
<Val>0.31374208969682</Val>
</DBL>
<DBL>
<Name></Name>
<Val>6.99926469285833E-2</Val>
</DBL>
<DBL>
<Name></Name>
<Val>3.53363878148985E-2</Val>
</DBL>
<DBL>
<Name></Name>
<Val>2.65176063555948E-2</Val>
</DBL>
<DBL>
<Name></Name>
<Val>1.76109862093147E-2</Val>
</DBL>
<DBL>
<Name></Name>
<Val>3.52919084701318E-2</Val>
</DBL>
<DBL>
<Name></Name>
<Val>2.71284517093865E-2</Val>
</DBL>
<DBL>
<Name></Name>
<Val>7.97394968245150E-2</Val>
</DBL>
<DBL>
<Name></Name>
<Val>6.46042971815611E-2</Val>
</DBL>
<DBL>
<Name></Name>
<Val>0.32876752858133</Val>
</DBL>
<DBL>
<Name></Name>
<Val>0.31256323935623</Val>
</DBL>
<DBL>
<Name></Name>
<Val>6.97414377420294E-2</Val>
</DBL>
<DBL>
<Name></Name>
<Val>3.52648985764396E-2</Val>
</DBL>
<DBL>
<Name></Name>
<Val>2.64896909007334E-2</Val>
</DBL>
<DBL>
<Name></Name>
<Val>1.76250276573914E-2</Val>
</DBL>
<DBL>
<Name></Name>
<Val>3.55106055434027E-2</Val>
</DBL>
<DBL>
<Name></Name>
<Val>2.73809746893196E-2</Val>
</DBL>
<DBL>
<Name></Name>
<Val>8.08724931176610E-2</Val>
</DBL>
<DBL>
<Name></Name>
<Val>6.57841038354674E-2</Val>
</DBL>
<DBL>
<Name></Name>
<Val>0.32750589390176</Val>
</DBL>
<DBL>
<Name></Name>
<Val>0.31139029646578</Val>
</DBL>
<DBL>
<Name></Name>
<Val>6.94913322891171E-2</Val>
</DBL>
<DBL>
<Name></Name>
<Val>3.51931224574683E-2</Val>
</DBL>
<DBL>
<Name></Name>
<Val>2.64612889853506E-2</Val>
</DBL>
<DBL>
<Name></Name>
<Val>1.76385268661282E-2</Val>
</DBL>
<DBL>
<Name></Name>
<Val>3.57273357867882E-2</Val>
</DBL>
<DBL>
<Name></Name>
<Val>2.76318007669425E-2</Val>
</DBL>
<DBL>
<Name></Name>
<Val>8.20002077842551E-2</Val>
</DBL>
<DBL>
<Name></Name>
<Val>6.69601946964092E-2</Val>
</DBL>
<DBL>
<Name></Name>
<Val>0.32625114410792</Val>
</DBL>
<DBL>
<Name></Name>
<Val>0.31022322999607</Val>
</DBL>
<DBL>
<Name></Name>
<Val>6.92423352366732E-2</Val>
</DBL>
<DBL>
<Name></Name>
<Val>3.51211035758617E-2</Val>
</DBL>
<DBL>
<Name></Name>
<Val>2.64324443542793E-2</Val>
</DBL>
<DBL>
<Name></Name>
<Val>1.76515174623438E-2</Val>
</DBL>
<DBL>
<Name></Name>
<Val>3.59421650386177E-2</Val>
</DBL>
<DBL>
<Name></Name>
<Val>2.78809660049893E-2</Val>
</DBL>
<DBL>
<Name></Name>
<Val>8.31226420633400E-2</Val>
</DBL>
<DBL>
<Name></Name>
<Val>6.81324521599051E-2</Val>
</DBL>
<DBL>
<Name></Name>
<Val>0.32500320226728</Val>
</DBL>
<DBL>
<Name></Name>
<Val>0.30906200895541</Val>
</DBL>
<DBL>
<Name></Name>
<Val>6.89944504734692E-2</Val>
</DBL>
<DBL>
<Name></Name>
<Val>3.50488829617328E-2</Val>
</DBL>
<DBL>
<Name></Name>
<Val>2.64031977869186E-2</Val>
</DBL>
<DBL>
<Name></Name>
<Val>1.76640308838608E-2</Val>
</DBL>
<DBL>
<Name></Name>
<Val>3.61551553255984E-2</Val>
</DBL>
<DBL>
<Name></Name>
<Val>2.81285046338750E-2</Val>
</DBL>
<DBL>
<Name></Name>
<Val>8.42397990893736E-2</Val>
</DBL>
<DBL>
<Name></Name>
<Val>6.93007676224925E-2</Val>
</DBL>
<DBL>
<Name></Name>
<Val>0.32376199490137</Val>
</DBL>
<DBL>
<Name></Name>
<Val>0.30790660242659</Val>
</DBL>
<DBL>
<Name></Name>
<Val>6.87476811748141E-2</Val>
</DBL>
<DBL>
<Name></Name>
<Val>3.49764987686091E-2</Val>
</DBL>
<DBL>
<Name></Name>
<Val>2.63735872962179E-2</Val>
</DBL>
<DBL>
<Name></Name>
<Val>1.76760965219895E-2</Val>
</DBL>
<DBL>
<Name></Name>
<Val>3.63663650881967E-2</Val>
</DBL>
<DBL>
<Name></Name>
<Val>2.83744491512003E-2</Val>
</DBL>
<DBL>
<Name></Name>
<Val>8.53516837293517E-2</Val>
</DBL>
<DBL>
<Name></Name>
<Val>7.04650409416655E-2</Val>
</DBL>
<DBL>
<Name></Name>
<Val>0.32252745173307</Val>
</DBL>
<DBL>
<Name></Name>
<Val>0.30675697959729</Val>
</DBL>
<DBL>
<Name></Name>
<Val>6.85020298614248E-2</Val>
</DBL>
<DBL>
<Name></Name>
<Val>3.49039864698791E-2</Val>
</DBL>
<DBL>
<Name></Name>
<Val>2.63436483141870E-2</Val>
</DBL>
<DBL>
<Name></Name>
<Val>1.76877418548286E-2</Val>
</DBL>
<DBL>
<Name></Name>
<Val>3.65758493938952E-2</Val>
</DBL>
<DBL>
<Name></Name>
<Val>2.86188304168626E-2</Val>
</DBL>
<DBL>
<Name></Name>
<Val>8.64583024338753E-2</Val>
</DBL>
<DBL>
<Name></Name>
<Val>7.16251799246840E-2</Val>
</DBL>
<DBL>
<Name></Name>
<Val>0.32129950545495</Val>
</DBL>
<DBL>
<Name></Name>
<Val>0.30561310978490</Val>
</DBL>
<DBL>
<Name></Name>
<Val>6.82574984531367E-2</Val>
</DBL>
<DBL>
<Name></Name>
<Val>3.48313790415650E-2</Val>
</DBL>
<DBL>
<Name></Name>
<Val>2.63134138648555E-2</Val>
</DBL>
<DBL>
<Name></Name>
<Val>1.76989925719602E-2</Val>
</DBL>
<DBL>
<Name></Name>
<Val>3.67836601388168E-2</Val>
</DBL>
<DBL>
<Name></Name>
<Val>2.88616777438223E-2</Val>
</DBL>
<DBL>
<Name></Name>
<Val>8.75596631009157E-2</Val>
</DBL>
<DBL>
<Name></Name>
<Val>7.27810998450853E-2</Val>
</DBL>
<DBL>
<Name></Name>
<Val>0.32007809151666</Val>
</DBL>
<DBL>
<Name></Name>
<Val>0.30447496245669</Val>
</DBL>
<DBL>
<Name></Name>
<Val>6.80140883179575E-2</Val>
</DBL>
<DBL>
<Name></Name>
<Val>3.47587071324014E-2</Val>
</DBL>
<DBL>
<Name></Name>
<Val>2.62829147255384E-2</Val>
</DBL>
<DBL>
<Name></Name>
<Val>1.77098726910807E-2</Val>
</DBL>
<DBL>
<Name></Name>
<Val>3.69898462382095E-2</Val>
</DBL>
<DBL>
<Name></Name>
<Val>2.91030189846003E-2</Val>
</DBL>
<DBL>
<Name></Name>
<Val>8.86557749511439E-2</Val>
</DBL>
<DBL>
<Name></Name>
<Val>7.39327229857253E-2</Val>
</DBL>
<DBL>
<Name></Name>
<Val>0.31886314792973</Val>
</DBL>
<DBL>
<Name></Name>
<Val>0.30334250724608</Val>
</DBL>
<DBL>
<Name></Name>
<Val>6.77718003169129E-2</Val>
</DBL>
<DBL>
<Name></Name>
<Val>3.46859992221289E-2</Val>
</DBL>
<DBL>
<Name></Name>
<Val>2.62521795772091E-2</Val>
</DBL>
<DBL>
<Name></Name>
<Val>1.77204046670810E-2</Val>
</DBL>
<DBL>
<Name></Name>
<Val>3.71944538062852E-2</Val>
</DBL>
<DBL>
<Name></Name>
<Val>2.93428806135979E-2</Val>
</DBL>
<DBL>
<Name></Name>
<Val>8.97466484137960E-2</Val>
</DBL>
<DBL>
<Name></Name>
<Val>7.50799782071883E-2</Val>
</DBL>
<DBL>
<Name></Name>
<Val>0.31765461508805</Val>
</DBL>
<DBL>
<Name></Name>
<Val>0.30221571396545</Val>
</DBL>
<DBL>
<Name></Name>
<Val>6.75306348450844E-2</Val>
</DBL>
<DBL>
<Name></Name>
<Val>3.46132817688410E-2</Val>
</DBL>
<DBL>
<Name></Name>
<Val>2.62212351447223E-2</Val>
</DBL>
<DBL>
<Name></Name>
<Val>1.77306094940521E-2</Val>
</DBL>
<DBL>
<Name></Name>
<Val>3.73975263258981E-2</Val>
</DBL>
<DBL>
<Name></Name>
<Val>2.95812878053483E-2</Val>
</DBL>
<DBL>
<Name></Name>
<Val>9.08322950221391E-2</Val>
</DBL>
<DBL>
<Name></Name>
<Val>7.62228005404145E-2</Val>
</DBL>
<DBL>
<Name></Name>
<Val>0.31645243560277</Val>
</DBL>
<DBL>
<Name></Name>
<Val>0.30109455261615</Val>
</DBL>
<DBL>
<Name></Name>
<Val>6.72905918691978E-2</Val>
</DBL>
<DBL>
<Name></Name>
<Val>3.45405793461644E-2</Val>
</DBL>
<DBL>
<Name></Name>
<Val>2.61901063275820E-2</Val>
</DBL>
<DBL>
<Name></Name>
<Val>1.77405068006710E-2</Val>
</DBL>
<DBL>
<Name></Name>
<Val>3.75991048085442E-2</Val>
</DBL>
<DBL>
<Name></Name>
<Val>2.98182645088156E-2</Val>
</DBL>
<DBL>
<Name></Name>
<Val>9.19127273176897E-2</Val>
</DBL>
<DBL>
<Name></Name>
<Val>7.73611308024121E-2</Val>
</DBL>
<DBL>
<Name></Name>
<Val>0.31525655415017</Val>
</DBL>
<DBL>
<Name></Name>
<Val>0.29997899339609</Val>
</DBL>
<DBL>
<Name></Name>
<Val>6.70516709620850E-2</Val>
</DBL>
<DBL>
<Name></Name>
<Val>3.44679147709914E-2</Val>
</DBL>
<DBL>
<Name></Name>
<Val>2.61588163218980E-2</Val>
</DBL>
<DBL>
<Name></Name>
<Val>1.77501149393876E-2</Val>
</DBL>
<DBL>
<Name></Name>
<Val>3.77992279451496E-2</Val>
</DBL>
<DBL>
<Name></Name>
<Val>3.00538335178707E-2</Val>
</DBL>
<DBL>
<Name></Name>
<Val>9.29879587624131E-2</Val>
</DBL>
<DBL>
<Name></Name>
<Val>7.84949152339521E-2</Val>
</DBL>
</Array>
<Array>
<Name>StateAdjacencyMatrix</Name>
<Dimsize>10</Dimsize>
<Dimsize>10</Dimsize>
<String>
<Name></Name>
<Val>@</Val>
</String>
<String>
<Name></Name>
<Val>A</Val>
</String>
<String>
<Name></Name>
<Val>@</Val>
</String>
<String>
<Name></Name>
<Val>@</Val>
</String>
<String>
<Name></Name>
<Val>@</Val>
</String>
<String>
<Name></Name>
<Val>@</Val>
</String>
<String>
<Name></Name>
<Val>@</Val>
</String>
<String>
<Name></Name>
<Val>@</Val>
</String>
<String>
<Name></Name>
<Val>@</Val>
</String>
<String>
<Name></Name>
<Val>@</Val>
</String>
<String>
<Name></Name>
<Val>A</Val>
</String>
<String>
<Name></Name>
<Val>@</Val>
</String>
<String>
<Name></Name>
<Val>A</Val>
</String>
<String>
<Name></Name>
<Val>@</Val>
</String>
<String>
<Name></Name>
<Val>@</Val>
</String>
<String>
<Name></Name>
<Val>@</Val>
</String>
<String>
<Name></Name>
<Val>@</Val>
</String>
<String>
<Name></Name>
<Val>@</Val>
</String>
<String>
<Name></Name>
<Val>@</Val>
</String>
<String>
<Name></Name>
<Val>@</Val>
</String>
<String>
<Name></Name>
<Val>@</Val>
</String>
<String>
<Name></Name>
<Val>B</Val>
</String>
<String>
<Name></Name>
<Val>@</Val>
</String>
<String>
<Name></Name>
<Val>A</Val>
</String>
<String>
<Name></Name>
<Val>@</Val>
</String>
<String>
<Name></Name>
<Val>@</Val>
</String>
<String>
<Name></Name>
<Val>@</Val>
</String>
<String>
<Name></Name>
<Val>@</Val>
</String>
<String>
<Name></Name>
<Val>@</Val>
</String>
<String>
<Name></Name>
<Val>@</Val>
</String>
<String>
<Name></Name>
<Val>@</Val>
</String>
<String>
<Name></Name>
<Val>@</Val>
</String>
<String>
<Name></Name>
<Val>A</Val>
</String>
<String>
<Name></Name>
<Val>@</Val>
</String>
<String>
<Name></Name>
<Val>B</Val>
</String>
<String>
<Name></Name>
<Val>@</Val>
</String>
<String>
<Name></Name>
<Val>@</Val>
</String>
<String>
<Name></Name>
<Val>@</Val>
</String>
<String>
<Name></Name>
<Val>@</Val>
</String>
<String>
<Name></Name>
<Val>@</Val>
</String>
<String>
<Name></Name>
<Val>@</Val>
</String>
<String>
<Name></Name>
<Val>@</Val>
</String>
<String>
<Name></Name>
<Val>@</Val>
</String>
<String>
<Name></Name>
<Val>B</Val>
</String>
<String>
<Name></Name>
<Val>@</Val>
</String>
<String>
<Name></Name>
<Val>B</Val>
</String>
<String>
<Name></Name>
<Val>@</Val>
</String>
<String>
<Name></Name>
<Val>@</Val>
</String>
<String>
<Name></Name>
<Val>@</Val>
</String>
<String>
<Name></Name>
<Val>@</Val>
</String>
<String>
<Name></Name>
<Val>@</Val>
</String>
<String>
<Name></Name>
<Val>@</Val>
</String>
<String>
<Name></Name>
<Val>@</Val>
</String>
<String>
<Name></Name>
<Val>@</Val>
</String>
<String>
<Name></Name>
<Val>B</Val>
</String>
<String>
<Name></Name>
<Val>@</Val>
</String>
<String>
<Name></Name>
<Val>B</Val>
</String>
<String>
<Name></Name>
<Val>@</Val>
</String>
<String>
<Name></Name>
<Val>@</Val>
</String>
<String>
<Name></Name>
<Val>@</Val>
</String>
<String>
<Name></Name>
<Val>@</Val>
</String>
<String>
<Name></Name>
<Val>@</Val>
</String>
<String>
<Name></Name>
<Val>@</Val>
</String>
<String>
<Name></Name>
<Val>@</Val>
</String>
<String>
<Name></Name>
<Val>@</Val>
</String>
<String>
<Name></Name>
<Val>A</Val>
</String>
<String>
<Name></Name>
<Val>@</Val>
</String>
<String>
<Name></Name>
<Val>B</Val>
</String>
<String>
<Name></Name>
<Val>@</Val>
</String>
<String>
<Name></Name>
<Val>@</Val>
</String>
<String>
<Name></Name>
<Val>@</Val>
</String>
<String>
<Name></Name>
<Val>@</Val>
</String>
<String>
<Name></Name>
<Val>@</Val>
</String>
<String>
<Name></Name>
<Val>@</Val>
</String>
<String>
<Name></Name>
<Val>@</Val>
</String>
<String>
<Name></Name>
<Val>@</Val>
</String>
<String>
<Name></Name>
<Val>B</Val>
</String>
<String>
<Name></Name>
<Val>@</Val>
</String>
<String>
<Name></Name>
<Val>B</Val>
</String>
<String>
<Name></Name>
<Val>@</Val>
</String>
<String>
<Name></Name>
<Val>@</Val>
</String>
<String>
<Name></Name>
<Val>@</Val>
</String>
<String>
<Name></Name>
<Val>@</Val>
</String>
<String>
<Name></Name>
<Val>@</Val>
</String>
<String>
<Name></Name>
<Val>@</Val>
</String>
<String>
<Name></Name>
<Val>@</Val>
</String>
<String>
<Name></Name>
<Val>@</Val>
</String>
<String>
<Name></Name>
<Val>A</Val>
</String>
<String>
<Name></Name>
<Val>@</Val>
</String>
<String>
<Name></Name>
<Val>A</Val>
</String>
<String>
<Name></Name>
<Val>@</Val>
</String>
<String>
<Name></Name>
<Val>@</Val>
</String>
<String>
<Name></Name>
<Val>@</Val>
</String>
<String>
<Name></Name>
<Val>@</Val>
</String>
<String>
<Name></Name>
<Val>@</Val>
</String>
<String>
<Name></Name>
<Val>@</Val>
</String>
<String>
<Name></Name>
<Val>@</Val>
</String>
<String>
<Name></Name>
<Val>@</Val>
</String>
<String>
<Name></Name>
<Val>A</Val>
</String>
<String>
<Name></Name>
<Val>@</Val>
</String>
</Array>
<Cluster>
<Name>IntegrationParams</Name>
<NumElts>4</NumElts>
<DBL>
<Name>time start</Name>
<Val>0.00000000000000</Val>
</DBL>
<DBL>
<Name>time end</Name>
<Val>999.00000000000000</Val>
</DBL>
<DBL>
<Name>h (step rate)</Name>
<Val>0.10000000000000</Val>
</DBL>
<Array>
<Name>X0</Name>
<Dimsize>10</Dimsize>
<I32>
<Name></Name>
<Val>1</Val>
</I32>
<I32>
<Name></Name>
<Val>0</Val>
</I32>
<I32>
<Name></Name>
<Val>0</Val>
</I32>
<I32>
<Name></Name>
<Val>0</Val>
</I32>
<I32>
<Name></Name>
<Val>0</Val>
</I32>
<I32>
<Name></Name>
<Val>0</Val>
</I32>
<I32>
<Name></Name>
<Val>0</Val>
</I32>
<I32>
<Name></Name>
<Val>0</Val>
</I32>
<I32>
<Name></Name>
<Val>0</Val>
</I32>
<I32>
<Name></Name>
<Val>0</Val>
</I32>
</Array>
</Cluster>
<Array>
<Name>StateNames</Name>
<Dimsize>10</Dimsize>
<String>
<Name>string</Name>
<Val>a</Val>
</String>
<String>
<Name>string</Name>
<Val>b</Val>
</String>
<String>
<Name>string</Name>
<Val>c</Val>
</String>
<String>
<Name>string</Name>
<Val>d</Val>
</String>
<String>
<Name>string</Name>
<Val>e</Val>
</String>
<String>
<Name>string</Name>
<Val>f</Val>
</String>
<String>
<Name>string</Name>
<Val>g</Val>
</String>
<String>
<Name>string</Name>
<Val>h</Val>
</String>
<String>
<Name>string</Name>
<Val>i</Val>
</String>
<String>
<Name>string</Name>
<Val>j</Val>
</String>
</Array>
</Cluster>
</LVData>