<?xml version='1.0' standalone='yes' ?>
<LVData xmlns="http://www.ni.com/LVData">
<Version>10.0.1</Version>
<Cluster>
<Name>ModelData</Name>
<NumElts>7</NumElts>
<Array>
<Name>Transitions</Name>
<Dimsize>11</Dimsize>
<Dimsize>2</Dimsize>
<String>
<Name>string</Name>
<Val>A</Val>
</String>
<String>
<Name>string</Name>
<Val>A</Val>
</String>
<String>
<Name>string</Name>
<Val>B</Val>
</String>
<String>
<Name>string</Name>
<Val>B</Val>
</String>
<String>
<Name>string</Name>
<Val>C</Val>
</String>
<String>
<Name>string</Name>
<Val>C</Val>
</String>
<String>
<Name>string</Name>
<Val>D</Val>
</String>
<String>
<Name>string</Name>
<Val>D</Val>
</String>
<String>
<Name>string</Name>
<Val>E</Val>
</String>
<String>
<Name>string</Name>
<Val>E</Val>
</String>
<String>
<Name>string</Name>
<Val>F</Val>
</String>
<String>
<Name>string</Name>
<Val>F</Val>
</String>
<String>
<Name>string</Name>
<Val>G</Val>
</String>
<String>
<Name>string</Name>
<Val>G</Val>
</String>
<String>
<Name>string</Name>
<Val>H</Val>
</String>
<String>
<Name>string</Name>
<Val>H</Val>
</String>
<String>
<Name>string</Name>
<Val>I</Val>
</String>
<String>
<Name>string</Name>
<Val>I</Val>
</String>
<String>
<Name>string</Name>
<Val>J</Val>
</String>
<String>
<Name>string</Name>
<Val>J</Val>
</String>
<String>
<Name>string</Name>
<Val>K</Val>
</String>
<String>
<Name>string</Name>
<Val>K</Val>
</String>
</Array>
<Array>
<Name>RealValues</Name>
<Dimsize>11</Dimsize>
<Dimsize>2</Dimsize>
<String>
<Name>string</Name>
<Val>A</Val>
</String>
<String>
<Name>string</Name>
<Val>0,738128</Val>
</String>
<String>
<Name>string</Name>
<Val>B</Val>
</String>
<String>
<Name>string</Name>
<Val>0,002973</Val>
</String>
<String>
<Name>string</Name>
<Val>C</Val>
</String>
<String>
<Name>string</Name>
<Val>0,012323</Val>
</String>
<String>
<Name>string</Name>
<Val>D</Val>
</String>
<String>
<Name>string</Name>
<Val>0,009079</Val>
</String>
<String>
<Name>string</Name>
<Val>E</Val>
</String>
<String>
<Name>string</Name>
<Val>0,056705</Val>
</String>
<String>
<Name>string</Name>
<Val>F</Val>
</String>
<String>
<Name>string</Name>
<Val>0,093605</Val>
</String>
<String>
<Name>string</Name>
<Val>G</Val>
</String>
<String>
<Name>string</Name>
<Val>0,005355</Val>
</String>
<String>
<Name>string</Name>
<Val>H</Val>
</String>
<String>
<Name>string</Name>
<Val>0,016300</Val>
</String>
<String>
<Name>string</Name>
<Val>I</Val>
</String>
<String>
<Name>string</Name>
<Val>0,001242</Val>
</String>
<String>
<Name>string</Name>
<Val>J</Val>
</String>
<String>
<Name>string</Name>
<Val>0,047550</Val>
</String>
<String>
<Name>string</Name>
<Val>K</Val>
</String>
<String>
<Name>string</Name>
<Val>0,005953</Val>
</String>
</Array>
<Array>
<Name>Times</Name>
<Dimsize>100</Dimsize>
<DBL>
<Name></Name>
<Val>0.00000000000000</Val>
</DBL>
<DBL>
<Name></Name>
<Val>10.00000000000000</Val>
</DBL>
<DBL>
<Name></Name>
<Val>20.00000000000000</Val>
</DBL>
<DBL>
<Name></Name>
<Val>30.00000000000000</Val>
</DBL>
<DBL>
<Name></Name>
<Val>40.00000000000000</Val>
</DBL>
<DBL>
<Name></Name>
<Val>50.00000000000000</Val>
</DBL>
<DBL>
<Name></Name>
<Val>60.00000000000000</Val>
</DBL>
<DBL>
<Name></Name>
<Val>70.00000000000000</Val>
</DBL>
<DBL>
<Name></Name>
<Val>80.00000000000000</Val>
</DBL>
<DBL>
<Name></Name>
<Val>90.00000000000000</Val>
</DBL>
<DBL>
<Name></Name>
<Val>100.00000000000000</Val>
</DBL>
<DBL>
<Name></Name>
<Val>110.00000000000000</Val>
</DBL>
<DBL>
<Name></Name>
<Val>120.00000000000000</Val>
</DBL>
<DBL>
<Name></Name>
<Val>130.00000000000000</Val>
</DBL>
<DBL>
<Name></Name>
<Val>140.00000000000000</Val>
</DBL>
<DBL>
<Name></Name>
<Val>150.00000000000000</Val>
</DBL>
<DBL>
<Name></Name>
<Val>160.00000000000000</Val>
</DBL>
<DBL>
<Name></Name>
<Val>170.00000000000000</Val>
</DBL>
<DBL>
<Name></Name>
<Val>180.00000000000000</Val>
</DBL>
<DBL>
<Name></Name>
<Val>190.00000000000000</Val>
</DBL>
<DBL>
<Name></Name>
<Val>200.00000000000000</Val>
</DBL>
<DBL>
<Name></Name>
<Val>210.00000000000000</Val>
</DBL>
<DBL>
<Name></Name>
<Val>220.00000000000000</Val>
</DBL>
<DBL>
<Name></Name>
<Val>230.00000000000000</Val>
</DBL>
<DBL>
<Name></Name>
<Val>240.00000000000000</Val>
</DBL>
<DBL>
<Name></Name>
<Val>250.00000000000000</Val>
</DBL>
<DBL>
<Name></Name>
<Val>260.00000000000000</Val>
</DBL>
<DBL>
<Name></Name>
<Val>270.00000000000000</Val>
</DBL>
<DBL>
<Name></Name>
<Val>280.00000000000000</Val>
</DBL>
<DBL>
<Name></Name>
<Val>290.00000000000000</Val>
</DBL>
<DBL>
<Name></Name>
<Val>300.00000000000000</Val>
</DBL>
<DBL>
<Name></Name>
<Val>310.00000000000000</Val>
</DBL>
<DBL>
<Name></Name>
<Val>320.00000000000000</Val>
</DBL>
<DBL>
<Name></Name>
<Val>330.00000000000000</Val>
</DBL>
<DBL>
<Name></Name>
<Val>340.00000000000000</Val>
</DBL>
<DBL>
<Name></Name>
<Val>350.00000000000000</Val>
</DBL>
<DBL>
<Name></Name>
<Val>360.00000000000000</Val>
</DBL>
<DBL>
<Name></Name>
<Val>370.00000000000000</Val>
</DBL>
<DBL>
<Name></Name>
<Val>380.00000000000000</Val>
</DBL>
<DBL>
<Name></Name>
<Val>390.00000000000000</Val>
</DBL>
<DBL>
<Name></Name>
<Val>400.00000000000000</Val>
</DBL>
<DBL>
<Name></Name>
<Val>410.00000000000000</Val>
</DBL>
<DBL>
<Name></Name>
<Val>420.00000000000000</Val>
</DBL>
<DBL>
<Name></Name>
<Val>430.00000000000000</Val>
</DBL>
<DBL>
<Name></Name>
<Val>440.00000000000000</Val>
</DBL>
<DBL>
<Name></Name>
<Val>450.00000000000000</Val>
</DBL>
<DBL>
<Name></Name>
<Val>460.00000000000000</Val>
</DBL>
<DBL>
<Name></Name>
<Val>470.00000000000000</Val>
</DBL>
<DBL>
<Name></Name>
<Val>480.00000000000000</Val>
</DBL>
<DBL>
<Name></Name>
<Val>490.00000000000000</Val>
</DBL>
<DBL>
<Name></Name>
<Val>500.00000000000000</Val>
</DBL>
<DBL>
<Name></Name>
<Val>510.00000000000000</Val>
</DBL>
<DBL>
<Name></Name>
<Val>520.00000000000000</Val>
</DBL>
<DBL>
<Name></Name>
<Val>530.00000000000000</Val>
</DBL>
<DBL>
<Name></Name>
<Val>540.00000000000000</Val>
</DBL>
<DBL>
<Name></Name>
<Val>550.00000000000000</Val>
</DBL>
<DBL>
<Name></Name>
<Val>560.00000000000000</Val>
</DBL>
<DBL>
<Name></Name>
<Val>570.00000000000000</Val>
</DBL>
<DBL>
<Name></Name>
<Val>580.00000000000000</Val>
</DBL>
<DBL>
<Name></Name>
<Val>590.00000000000000</Val>
</DBL>
<DBL>
<Name></Name>
<Val>600.00000000000000</Val>
</DBL>
<DBL>
<Name></Name>
<Val>610.00000000000000</Val>
</DBL>
<DBL>
<Name></Name>
<Val>620.00000000000000</Val>
</DBL>
<DBL>
<Name></Name>
<Val>630.00000000000000</Val>
</DBL>
<DBL>
<Name></Name>
<Val>640.00000000000000</Val>
</DBL>
<DBL>
<Name></Name>
<Val>650.00000000000000</Val>
</DBL>
<DBL>
<Name></Name>
<Val>660.00000000000000</Val>
</DBL>
<DBL>
<Name></Name>
<Val>670.00000000000000</Val>
</DBL>
<DBL>
<Name></Name>
<Val>680.00000000000000</Val>
</DBL>
<DBL>
<Name></Name>
<Val>690.00000000000000</Val>
</DBL>
<DBL>
<Name></Name>
<Val>700.00000000000000</Val>
</DBL>
<DBL>
<Name></Name>
<Val>710.00000000000000</Val>
</DBL>
<DBL>
<Name></Name>
<Val>720.00000000000000</Val>
</DBL>
<DBL>
<Name></Name>
<Val>730.00000000000000</Val>
</DBL>
<DBL>
<Name></Name>
<Val>740.00000000000000</Val>
</DBL>
<DBL>
<Name></Name>
<Val>750.00000000000000</Val>
</DBL>
<DBL>
<Name></Name>
<Val>760.00000000000000</Val>
</DBL>
<DBL>
<Name></Name>
<Val>770.00000000000000</Val>
</DBL>
<DBL>
<Name></Name>
<Val>780.00000000000000</Val>
</DBL>
<DBL>
<Name></Name>
<Val>790.00000000000000</Val>
</DBL>
<DBL>
<Name></Name>
<Val>800.00000000000000</Val>
</DBL>
<DBL>
<Name></Name>
<Val>810.00000000000000</Val>
</DBL>
<DBL>
<Name></Name>
<Val>820.00000000000000</Val>
</DBL>
<DBL>
<Name></Name>
<Val>830.00000000000000</Val>
</DBL>
<DBL>
<Name></Name>
<Val>840.00000000000000</Val>
</DBL>
<DBL>
<Name></Name>
<Val>850.00000000000000</Val>
</DBL>
<DBL>
<Name></Name>
<Val>860.00000000000000</Val>
</DBL>
<DBL>
<Name></Name>
<Val>870.00000000000000</Val>
</DBL>
<DBL>
<Name></Name>
<Val>880.00000000000000</Val>
</DBL>
<DBL>
<Name></Name>
<Val>890.00000000000000</Val>
</DBL>
<DBL>
<Name></Name>
<Val>900.00000000000000</Val>
</DBL>
<DBL>
<Name></Name>
<Val>910.00000000000000</Val>
</DBL>
<DBL>
<Name></Name>
<Val>920.00000000000000</Val>
</DBL>
<DBL>
<Name></Name>
<Val>930.00000000000000</Val>
</DBL>
<DBL>
<Name></Name>
<Val>940.00000000000000</Val>
</DBL>
<DBL>
<Name></Name>
<Val>950.00000000000000</Val>
</DBL>
<DBL>
<Name></Name>
<Val>960.00000000000000</Val>
</DBL>
<DBL>
<Name></Name>
<Val>970.00000000000000</Val>
</DBL>
<DBL>
<Name></Name>
<Val>980.00000000000000</Val>
</DBL>
<DBL>
<Name></Name>
<Val>990.00000000000000</Val>
</DBL>
</Array>
<Array>
<Name>RealSolution</Name>
<Dimsize>100</Dimsize>
<Dimsize>10</Dimsize>
<DBL>
<Name></Name>
<Val>1.00000000000000</Val>
</DBL>
<DBL>
<Name></Name>
<Val>0.00000000000000</Val>
</DBL>
<DBL>
<Name></Name>
<Val>0.00000000000000</Val>
</DBL>
<DBL>
<Name></Name>
<Val>0.00000000000000</Val>
</DBL>
<DBL>
<Name></Name>
<Val>0.00000000000000</Val>
</DBL>
<DBL>
<Name></Name>
<Val>0.00000000000000</Val>
</DBL>
<DBL>
<Name></Name>
<Val>0.00000000000000</Val>
</DBL>
<DBL>
<Name></Name>
<Val>0.00000000000000</Val>
</DBL>
<DBL>
<Name></Name>
<Val>0.00000000000000</Val>
</DBL>
<DBL>
<Name></Name>
<Val>0.00000000000000</Val>
</DBL>
<DBL>
<Name></Name>
<Val>1.17050142161444E-2</Val>
</DBL>
<DBL>
<Name></Name>
<Val>0.45208149245109</Val>
</DBL>
<DBL>
<Name></Name>
<Val>0.42806413929140</Val>
</DBL>
<DBL>
<Name></Name>
<Val>0.10628978207531</Val>
</DBL>
<DBL>
<Name></Name>
<Val>1.64024052859100E-3</Val>
</DBL>
<DBL>
<Name></Name>
<Val>2.17680870400280E-4</Val>
</DBL>
<DBL>
<Name></Name>
<Val>1.64290566298532E-6</Val>
</DBL>
<DBL>
<Name></Name>
<Val>7.62973610461300E-9</Val>
</DBL>
<DBL>
<Name></Name>
<Val>2.84759909358197E-11</Val>
</DBL>
<DBL>
<Name></Name>
<Val>3.18742052989198E-12</Val>
</DBL>
<DBL>
<Name></Name>
<Val>4.88353514942844E-3</Val>
</DBL>
<DBL>
<Name></Name>
<Val>0.19719075430365</Val>
</DBL>
<DBL>
<Name></Name>
<Val>0.47714156599714</Val>
</DBL>
<DBL>
<Name></Name>
<Val>0.30794380026685</Val>
</DBL>
<DBL>
<Name></Name>
<Val>9.84414079227006E-3</Val>
</DBL>
<DBL>
<Name></Name>
<Val>2.96689418303764E-3</Val>
</DBL>
<DBL>
<Name></Name>
<Val>2.90194003757795E-5</Val>
</DBL>
<DBL>
<Name></Name>
<Val>2.87156247069340E-7</Val>
</DBL>
<DBL>
<Name></Name>
<Val>2.18898955686867E-9</Val>
</DBL>
<DBL>
<Name></Name>
<Val>5.62020302348243E-10</Val>
</DBL>
<DBL>
<Name></Name>
<Val>2.28897841671302E-3</Val>
</DBL>
<DBL>
<Name></Name>
<Val>9.37281363643622E-2</Val>
</DBL>
<DBL>
<Name></Name>
<Val>0.39697510670039</Val>
</DBL>
<DBL>
<Name></Name>
<Val>0.47323712703052</Val>
</DBL>
<DBL>
<Name></Name>
<Val>2.25440373334663E-2</Val>
</DBL>
<DBL>
<Name></Name>
<Val>1.11059003965066E-2</Val>
</DBL>
<DBL>
<Name></Name>
<Val>1.18915909645717E-4</Val>
</DBL>
<DBL>
<Name></Name>
<Val>1.76995216242158E-6</Val>
</DBL>
<DBL>
<Name></Name>
<Val>1.96634248948590E-8</Val>
</DBL>
<DBL>
<Name></Name>
<Val>8.23280269560893E-9</Val>
</DBL>
<DBL>
<Name></Name>
<Val>1.18514088244724E-3</Val>
</DBL>
<DBL>
<Name></Name>
<Val>4.92810141106699E-2</Val>
</DBL>
<DBL>
<Name></Name>
<Val>0.30705163102935</Val>
</DBL>
<DBL>
<Name></Name>
<Val>0.58064166581805</Val>
</DBL>
<DBL>
<Name></Name>
<Val>3.61665368955654E-2</Val>
</DBL>
<DBL>
<Name></Name>
<Val>2.53841728351035E-2</Val>
</DBL>
<DBL>
<Name></Name>
<Val>2.84187207461111E-4</Val>
</DBL>
<DBL>
<Name></Name>
<Val>5.52608385109264E-6</Val>
</DBL>
<DBL>
<Name></Name>
<Val>7.84670388237020E-8</Val>
</DBL>
<DBL>
<Name></Name>
<Val>4.66704676519856E-8</Val>
</DBL>
<DBL>
<Name></Name>
<Val>6.81670085627741E-4</Val>
</DBL>
<DBL>
<Name></Name>
<Val>2.87800252921900E-2</Val>
</DBL>
<DBL>
<Name></Name>
<Val>0.23613929526142</Val>
</DBL>
<DBL>
<Name></Name>
<Val>0.64023323480961</Val>
</DBL>
<DBL>
<Name></Name>
<Val>4.86706331094555E-2</Val>
</DBL>
<DBL>
<Name></Name>
<Val>4.49660177089550E-2</Val>
</DBL>
<DBL>
<Name></Name>
<Val>5.16603320191979E-4</Val>
</DBL>
<DBL>
<Name></Name>
<Val>1.21530796658973E-5</Val>
</DBL>
<DBL>
<Name></Name>
<Val>2.06033481390601E-7</Val>
</DBL>
<DBL>
<Name></Name>
<Val>1.61299403719563E-7</Val>
</DBL>
<DBL>
<Name></Name>
<Val>4.33764326306162E-4</Val>
</DBL>
<DBL>
<Name></Name>
<Val>1.85690000895207E-2</Val>
</DBL>
<DBL>
<Name></Name>
<Val>0.18589761978635</Val>
</DBL>
<DBL>
<Name></Name>
<Val>0.66650581803932</Val>
</DBL>
<DBL>
<Name></Name>
<Val>5.93518523722393E-2</Val>
</DBL>
<DBL>
<Name></Name>
<Val>6.84202966194874E-2</Val>
</DBL>
<DBL>
<Name></Name>
<Val>7.99145722010294E-4</Val>
</DBL>
<DBL>
<Name></Name>
<Val>2.16688378328494E-5</Val>
</DBL>
<DBL>
<Name></Name>
<Val>4.21139701072716E-7</Val>
</DBL>
<DBL>
<Name></Name>
<Val>4.13067236697298E-7</Val>
</DBL>
<DBL>
<Name></Name>
<Val>3.02195575050433E-4</Val>
</DBL>
<DBL>
<Name></Name>
<Val>1.30923243155066E-2</Val>
</DBL>
<DBL>
<Name></Name>
<Val>0.15161036784595</Val>
</DBL>
<DBL>
<Name></Name>
<Val>0.67130161535603</Val>
</DBL>
<DBL>
<Name></Name>
<Val>6.82198714292314E-2</Val>
</DBL>
<DBL>
<Name></Name>
<Val>9.43242217357149E-2</Val>
</DBL>
<DBL>
<Name></Name>
<Val>1.11412170171734E-3</Val>
</DBL>
<DBL>
<Name></Name>
<Val>3.36837620671118E-5</Val>
</DBL>
<DBL>
<Name></Name>
<Val>7.31036084935066E-7</Val>
</DBL>
<DBL>
<Name></Name>
<Val>8.67242641856681E-7</Val>
</DBL>
<DBL>
<Name></Name>
<Val>2.27519594138011E-4</Val>
</DBL>
<DBL>
<Name></Name>
<Val>9.95545068551981E-3</Val>
</DBL>
<DBL>
<Name></Name>
<Val>0.12832819949257</Val>
</DBL>
<DBL>
<Name></Name>
<Val>0.66291847223942</Val>
</DBL>
<DBL>
<Name></Name>
<Val>7.55616681856035E-2</Val>
</DBL>
<DBL>
<Name></Name>
<Val>0.12151164028035</Val>
</DBL>
<DBL>
<Name></Name>
<Val>1.44671395201135E-3</Val>
</DBL>
<DBL>
<Name></Name>
<Val>4.76185779735971E-5</Val>
</DBL>
<DBL>
<Name></Name>
<Val>1.13353351921985E-6</Val>
</DBL>
<DBL>
<Name></Name>
<Val>1.58345890184827E-6</Val>
</DBL>
<DBL>
<Name></Name>
<Val>1.82598162847614E-4</Val>
</DBL>
<DBL>
<Name></Name>
<Val>8.05356391817117E-3</Val>
</DBL>
<DBL>
<Name></Name>
<Val>0.11227739402951</Val>
</DBL>
<DBL>
<Name></Name>
<Val>0.64679600193854</Val>
</DBL>
<DBL>
<Name></Name>
<Val>8.17157781866833E-2</Val>
</DBL>
<DBL>
<Name></Name>
<Val>0.14912173000053</Val>
</DBL>
<DBL>
<Name></Name>
<Val>1.78583582408752E-3</Val>
</DBL>
<DBL>
<Name></Name>
<Val>6.28675856788099E-5</Val>
</DBL>
<DBL>
<Name></Name>
<Val>1.62068665694942E-6</Val>
</DBL>
<DBL>
<Name></Name>
<Val>2.60966729450290E-6</Val>
</DBL>
<DBL>
<Name></Name>
<Val>1.54134652792524E-4</Val>
</DBL>
<DBL>
<Name></Name>
<Val>6.83973553926128E-3</Val>
</DBL>
<DBL>
<Name></Name>
<Val>0.10087773916700</Val>
</DBL>
<DBL>
<Name></Name>
<Val>0.62637775156309</Val>
</DBL>
<DBL>
<Name></Name>
<Val>8.69796658035561E-2</Val>
</DBL>
<DBL>
<Name></Name>
<Val>0.17656214007092</Val>
</DBL>
<DBL>
<Name></Name>
<Val>2.12378019212035E-3</Val>
</DBL>
<DBL>
<Name></Name>
<Val>7.88909770750256E-5</Val>
</DBL>
<DBL>
<Name></Name>
<Val>2.18208261395427E-6</Val>
</DBL>
<DBL>
<Name></Name>
<Val>3.97995157589992E-6</Val>
</DBL>
<DBL>
<Name></Name>
<Val>1.35175858570377E-4</Val>
</DBL>
<DBL>
<Name></Name>
<Val>6.02542931779879E-3</Val>
</DBL>
<DBL>
<Name></Name>
<Val>9.24501443474238E-2</Val>
</DBL>
<DBL>
<Name></Name>
<Val>0.60379758929577</Val>
</DBL>
<DBL>
<Name></Name>
<Val>9.15845501315554E-2</Val>
</DBL>
<DBL>
<Name></Name>
<Val>0.20344784569213</Val>
</DBL>
<DBL>
<Name></Name>
<Val>2.45549101545796E-3</Val>
</DBL>
<DBL>
<Name></Name>
<Val>9.52522388112284E-5</Val>
</DBL>
<DBL>
<Name></Name>
<Val>2.80706691827508E-6</Val>
</DBL>
<DBL>
<Name></Name>
<Val>5.71503556254367E-6</Val>
</DBL>
<DBL>
<Name></Name>
<Val>1.21887716314277E-4</Val>
</DBL>
<DBL>
<Name></Name>
<Val>5.45046956500730E-3</Val>
</DBL>
<DBL>
<Name></Name>
<Val>8.59286434698210E-2</Val>
</DBL>
<DBL>
<Name></Name>
<Val>0.58035677267399</Val>
</DBL>
<DBL>
<Name></Name>
<Val>9.56988394410583E-2</Val>
</DBL>
<DBL>
<Name></Name>
<Val>0.22954262085022</Val>
</DBL>
<DBL>
<Name></Name>
<Val>2.77783405326682E-3</Val>
</DBL>
<DBL>
<Name></Name>
<Val>1.11622055235723E-4</Val>
</DBL>
<DBL>
<Name></Name>
<Val>3.48595181423643E-6</Val>
</DBL>
<DBL>
<Name></Name>
<Val>7.82422327599728E-6</Val>
</DBL>
<DBL>
<Name></Name>
<Val>1.12071697630002E-4</Val>
</DBL>
<DBL>
<Name></Name>
<Val>5.02257155017990E-3</Val>
</DBL>
<DBL>
<Name></Name>
<Val>8.06448872761452E-2</Val>
</DBL>
<DBL>
<Name></Name>
<Val>0.55683639272370</Val>
</DBL>
<DBL>
<Name></Name>
<Val>9.94407339573462E-2</Val>
</DBL>
<DBL>
<Name></Name>
<Val>0.25471205921747</Val>
</DBL>
<DBL>
<Name></Name>
<Val>3.08899960255202E-3</Val>
</DBL>
<DBL>
<Name></Name>
<Val>1.27765647695869E-4</Val>
</DBL>
<DBL>
<Name></Name>
<Val>4.21049619991900E-6</Val>
</DBL>
<DBL>
<Name></Name>
<Val>1.03078310757857E-5</Val>
</DBL>
<DBL>
<Name></Name>
<Val>1.04432469744347E-4</Val>
</DBL>
<DBL>
<Name></Name>
<Val>4.68718774654212E-3</Val>
</DBL>
<DBL>
<Name></Name>
<Val>7.61820953402884E-2</Val>
</DBL>
<DBL>
<Name></Name>
<Val>0.53369594995704</Val>
</DBL>
<DBL>
<Name></Name>
<Val>0.10289156555926</Val>
</DBL>
<DBL>
<Name></Name>
<Val>0.27888905264201</Val>
</DBL>
<DBL>
<Name></Name>
<Val>3.38805846443173E-3</Val>
</DBL>
<DBL>
<Name></Name>
<Val>1.43524318897057E-4</Val>
</DBL>
<DBL>
<Name></Name>
<Val>4.97395313106247E-6</Val>
</DBL>
<DBL>
<Name></Name>
<Val>1.31595486582715E-5</Val>
</DBL>
<DBL>
<Name></Name>
<Val>9.81926488268429E-5</Val>
</DBL>
<DBL>
<Name></Name>
<Val>4.41150971104584E-3</Val>
</DBL>
<DBL>
<Name></Name>
<Val>7.22805498862942E-2</Val>
</DBL>
<DBL>
<Name></Name>
<Val>0.51119752461386</Val>
</DBL>
<DBL>
<Name></Name>
<Val>0.10610690582889</Val>
</DBL>
<DBL>
<Name></Name>
<Val>0.30204973088040</Val>
</DBL>
<DBL>
<Name></Name>
<Val>3.67465005357143E-3</Val>
</DBL>
<DBL>
<Name></Name>
<Val>1.58797011286276E-4</Val>
</DBL>
<DBL>
<Name></Name>
<Val>5.77090520103101E-6</Val>
</DBL>
<DBL>
<Name></Name>
<Val>1.63684606206145E-5</Val>
</DBL>
<DBL>
<Name></Name>
<Val>9.28795576379699E-5</Val>
</DBL>
<DBL>
<Name></Name>
<Val>4.17555599479353E-3</Val>
</DBL>
<DBL>
<Name></Name>
<Val>6.87778904684482E-2</Val>
</DBL>
<DBL>
<Name></Name>
<Val>0.48948270904215</Val>
</DBL>
<DBL>
<Name></Name>
<Val>0.10912488217433</Val>
</DBL>
<DBL>
<Name></Name>
<Val>0.32419726933271</Val>
</DBL>
<DBL>
<Name></Name>
<Val>3.94877130786585E-3</Val>
</DBL>
<DBL>
<Name></Name>
<Val>1.73524448869432E-4</Val>
</DBL>
<DBL>
<Name></Name>
<Val>6.59702537980720E-6</Val>
</DBL>
<DBL>
<Name></Name>
<Val>1.99206478165927E-5</Val>
</DBL>
<DBL>
<Name></Name>
<Val>8.82027637597544E-5</Val>
</DBL>
<DBL>
<Name></Name>
<Val>3.96703148599489E-3</Val>
</DBL>
<DBL>
<Name></Name>
<Val>6.55718853108168E-2</Val>
</DBL>
<DBL>
<Name></Name>
<Val>0.46862001419319</Val>
</DBL>
<DBL>
<Name></Name>
<Val>0.11197204326527</Val>
</DBL>
<DBL>
<Name></Name>
<Val>0.34535125965481</Val>
</DBL>
<DBL>
<Name></Name>
<Val>4.21063750499730E-3</Val>
</DBL>
<DBL>
<Name></Name>
<Val>1.87676595508669E-4</Val>
</DBL>
<DBL>
<Name></Name>
<Val>7.44883732388767E-6</Val>
</DBL>
<DBL>
<Name></Name>
<Val>2.38003883227534E-5</Val>
</DBL>
<DBL>
<Name></Name>
<Val>8.39819901883625E-5</Val>
</DBL>
<DBL>
<Name></Name>
<Val>3.77829260073117E-3</Val>
</DBL>
<DBL>
<Name></Name>
<Val>6.25973872309435E-2</Val>
</DBL>
<DBL>
<Name></Name>
<Val>0.44863398149939</Val>
</DBL>
<DBL>
<Name></Name>
<Val>0.11466734388664</Val>
</DBL>
<DBL>
<Name></Name>
<Val>0.36554086272590</Val>
</DBL>
<DBL>
<Name></Name>
<Val>4.46059227618597E-3</Val>
</DBL>
<DBL>
<Name></Name>
<Val>2.01243260987731E-4</Val>
</DBL>
<DBL>
<Name></Name>
<Val>8.32350809114160E-6</Val>
</DBL>
<DBL>
<Name></Name>
<Val>2.79910209389327E-5</Val>
</DBL>
<DBL>
<Name></Name>
<Val>8.01040019383218E-5</Val>
</DBL>
<DBL>
<Name></Name>
<Val>3.60452904916337E-3</Val>
</DBL>
<DBL>
<Name></Name>
<Val>5.98121281384863E-2</Val>
</DBL>
<DBL>
<Name></Name>
<Val>0.42952301572170</Val>
</DBL>
<DBL>
<Name></Name>
<Val>0.11722478524170</Val>
</DBL>
<DBL>
<Name></Name>
<Val>0.38480046594201</Val>
</DBL>
<DBL>
<Name></Name>
<Val>4.69905034602422E-3</Val>
</DBL>
<DBL>
<Name></Name>
<Val>2.14227331672228E-4</Val>
</DBL>
<DBL>
<Name></Name>
<Val>9.21868288760201E-6</Val>
</DBL>
<DBL>
<Name></Name>
<Val>3.24755444140973E-5</Val>
</DBL>
<DBL>
<Name></Name>
<Val>7.64965672946762E-5</Val>
</DBL>
<DBL>
<Name></Name>
<Val>3.44266448641403E-3</Val>
</DBL>
<DBL>
<Name></Name>
<Val>5.71879816387740E-2</Val>
</DBL>
<DBL>
<Name></Name>
<Val>0.41127028435412</Val>
</DBL>
<DBL>
<Name></Name>
<Val>0.11965513446803</Val>
</DBL>
<DBL>
<Name></Name>
<Val>0.40316696746097</Val>
</DBL>
<DBL>
<Name></Name>
<Val>4.92646161119039E-3</Val>
</DBL>
<DBL>
<Name></Name>
<Val>2.26640033470744E-4</Val>
</DBL>
<DBL>
<Name></Name>
<Val>1.01323599467031E-5</Val>
</DBL>
<DBL>
<Name></Name>
<Val>3.72370197840210E-5</Val>
</DBL>
<DBL>
<Name></Name>
<Val>7.31126362035746E-5</Val>
</DBL>
<DBL>
<Name></Name>
<Val>3.29068807570178E-3</Val>
</DBL>
<DBL>
<Name></Name>
<Val>5.47055947467503E-2</Val>
</DBL>
<DBL>
<Name></Name>
<Val>0.39385036247283</Val>
</DBL>
<DBL>
<Name></Name>
<Val>0.12196703125839</Val>
</DBL>
<DBL>
<Name></Name>
<Val>0.42067810255721</Val>
</DBL>
<DBL>
<Name></Name>
<Val>5.14328892856827E-3</Val>
</DBL>
<DBL>
<Name></Name>
<Val>2.38497693999135E-4</Val>
</DBL>
<DBL>
<Name></Name>
<Val>1.10627990407463E-5</Val>
</DBL>
<DBL>
<Name></Name>
<Val>4.22588313004614E-5</Val>
</DBL>
<DBL>
<Name></Name>
<Val>6.99206905747348E-5</Val>
</DBL>
<DBL>
<Name></Name>
<Val>3.14724662931592E-3</Val>
</DBL>
<DBL>
<Name></Name>
<Val>5.23510905905522E-2</Val>
</DBL>
<DBL>
<Name></Name>
<Val>0.37723326992118</Val>
</DBL>
<DBL>
<Name></Name>
<Val>0.12416769450608</Val>
</DBL>
<DBL>
<Name></Name>
<Val>0.43737143017335</Val>
</DBL>
<DBL>
<Name></Name>
<Val>5.34999461089563E-3</Val>
</DBL>
<DBL>
<Name></Name>
<Val>2.49819573226801E-4</Val>
</DBL>
<DBL>
<Name></Name>
<Val>1.20084561637928E-5</Val>
</DBL>
<DBL>
<Name></Name>
<Val>4.75248486604108E-5</Val>
</DBL>
<DBL>
<Name></Name>
<Val>6.68988443454254E-5</Val>
</DBL>
<DBL>
<Name></Name>
<Val>3.01139516501249E-3</Val>
</DBL>
<DBL>
<Name></Name>
<Val>5.01140424737089E-2</Val>
</DBL>
<DBL>
<Name></Name>
<Val>0.36138691166638</Val>
</DBL>
<DBL>
<Name></Name>
<Val>0.12626337159340</Val>
</DBL>
<DBL>
<Name></Name>
<Val>0.45328373395966</Val>
</DBL>
<DBL>
<Name></Name>
<Val>5.54703240174436E-3</Val>
</DBL>
<DBL>
<Name></Name>
<Val>2.60626436169723E-4</Val>
</DBL>
<DBL>
<Name></Name>
<Val>1.29679376225579E-5</Val>
</DBL>
<DBL>
<Name></Name>
<Val>5.30195219533631E-5</Val>
</DBL>
<DBL>
<Name></Name>
<Val>6.40312296123277E-5</Val>
</DBL>
<DBL>
<Name></Name>
<Val>2.88244407844542E-3</Val>
</DBL>
<DBL>
<Name></Name>
<Val>4.79862278608811E-2</Val>
</DBL>
<DBL>
<Name></Name>
<Val>0.34627854117743</Val>
</DBL>
<DBL>
<Name></Name>
<Val>0.12825962378272</Val>
</DBL>
<DBL>
<Name></Name>
<Val>0.46845068147007</Val>
</DBL>
<DBL>
<Name></Name>
<Val>5.73484287053712E-3</Val>
</DBL>
<DBL>
<Name></Name>
<Val>2.70939630577866E-4</Val>
</DBL>
<DBL>
<Name></Name>
<Val>1.39399680427514E-5</Val>
</DBL>
<DBL>
<Name></Name>
<Val>5.87279316888726E-5</Val>
</DBL>
<DBL>
<Name></Name>
<Val>6.13057794035623E-5</Val>
</DBL>
<DBL>
<Name></Name>
<Val>2.75986535561009E-3</Val>
</DBL>
<DBL>
<Name></Name>
<Val>4.59608606629567E-2</Val>
</DBL>
<DBL>
<Name></Name>
<Val>0.33187562669736</Val>
</DBL>
<DBL>
<Name></Name>
<Val>0.13016150800529</Val>
</DBL>
<DBL>
<Name></Name>
<Val>0.48290664289356</Val>
</DBL>
<DBL>
<Name></Name>
<Val>5.91385092562337E-3</Val>
</DBL>
<DBL>
<Name></Name>
<Val>2.80780502672658E-4</Val>
</DBL>
<DBL>
<Name></Name>
<Val>1.49233681107874E-5</Val>
</DBL>
<DBL>
<Name></Name>
<Val>6.46358094249633E-5</Val>
</DBL>
<DBL>
<Name></Name>
<Val>5.87128648241316E-5</Val>
</DBL>
<DBL>
<Name></Name>
<Val>2.64323490756320E-3</Val>
</DBL>
<DBL>
<Name></Name>
<Val>4.40321168368745E-2</Val>
</DBL>
<DBL>
<Name></Name>
<Val>0.31814635312167</Val>
</DBL>
<DBL>
<Name></Name>
<Val>0.13197369350346</Val>
</DBL>
<DBL>
<Name></Name>
<Val>0.49668460752299</Val>
</DBL>
<DBL>
<Name></Name>
<Val>6.08446462799778E-3</Val>
</DBL>
<DBL>
<Name></Name>
<Val>2.90170036051968E-4</Val>
</DBL>
<DBL>
<Name></Name>
<Val>1.59170390041128E-5</Val>
</DBL>
<DBL>
<Name></Name>
<Val>7.07295395554574E-5</Val>
</DBL>
<DBL>
<Name></Name>
<Val>5.62444553109575E-5</Val>
</DBL>
<DBL>
<Name></Name>
<Val>2.53219702422248E-3</Val>
</DBL>
<DBL>
<Name></Name>
<Val>4.21948398982360E-2</Val>
</DBL>
<DBL>
<Name></Name>
<Val>0.30505990199627</Val>
</DBL>
<DBL>
<Name></Name>
<Val>0.13370053764377</Val>
</DBL>
<DBL>
<Name></Name>
<Val>0.50981615945000</Val>
</DBL>
<DBL>
<Name></Name>
<Val>6.24707479538529E-3</Val>
</DBL>
<DBL>
<Name></Name>
<Val>2.99128636122510E-4</Val>
</DBL>
<DBL>
<Name></Name>
<Val>1.69199513569129E-5</Val>
</DBL>
<DBL>
<Name></Name>
<Val>7.69961493203092E-5</Val>
</DBL>
<DBL>
<Name></Name>
<Val>5.38935993934674E-5</Val>
</DBL>
<DBL>
<Name></Name>
<Val>2.42644238164118E-3</Val>
</DBL>
<DBL>
<Name></Name>
<Val>4.04443568426356E-2</Val>
</DBL>
<DBL>
<Name></Name>
<Val>0.29258659688007</Val>
</DBL>
<DBL>
<Name></Name>
<Val>0.13534613617943</Val>
</DBL>
<DBL>
<Name></Name>
<Val>0.52233148859981</Val>
</DBL>
<DBL>
<Name></Name>
<Val>6.40205507970364E-3</Val>
</DBL>
<DBL>
<Name></Name>
<Val>3.07676008346346E-4</Val>
</DBL>
<DBL>
<Name></Name>
<Val>1.79311372740698E-5</Val>
</DBL>
<DBL>
<Name></Name>
<Val>8.34232916981379E-5</Val>
</DBL>
<DBL>
<Name></Name>
<Val>5.16541019562753E-5</Val>
</DBL>
<DBL>
<Name></Name>
<Val>2.32569435977051E-3</Val>
</DBL>
<DBL>
<Name></Name>
<Val>3.87763618801900E-2</Val>
</DBL>
<DBL>
<Name></Name>
<Val>0.28069796745884</Val>
</DBL>
<DBL>
<Name></Name>
<Val>0.13691435751531</Val>
</DBL>
<DBL>
<Name></Name>
<Val>0.53425942235719</Val>
</DBL>
<DBL>
<Name></Name>
<Val>6.54976232187197E-3</Val>
</DBL>
<DBL>
<Name></Name>
<Val>3.15831096267645E-4</Val>
</DBL>
<DBL>
<Name></Name>
<Val>1.89496843843020E-5</Val>
</DBL>
<DBL>
<Name></Name>
<Val>8.99992242142450E-5</Val>
</DBL>
<DBL>
<Name></Name>
<Val>4.95203220733477E-5</Val>
</DBL>
<DBL>
<Name></Name>
<Val>2.22970046011879E-3</Val>
</DBL>
<DBL>
<Name></Name>
<Val>3.71868418780783E-2</Val>
</DBL>
<DBL>
<Name></Name>
<Val>0.26936676505692</Val>
</DBL>
<DBL>
<Name></Name>
<Val>0.13840886692743</Val>
</DBL>
<DBL>
<Name></Name>
<Val>0.54562746871808</Val>
</DBL>
<DBL>
<Name></Name>
<Val>6.69053706329169E-3</Val>
</DBL>
<DBL>
<Name></Name>
<Val>3.23612057147268E-4</Val>
</DBL>
<DBL>
<Name></Name>
<Val>1.99747312571344E-5</Val>
</DBL>
<DBL>
<Name></Name>
<Val>9.67127856140043E-5</Val>
</DBL>
<DBL>
<Name></Name>
<Val>4.74870449045475E-5</Val>
</DBL>
<DBL>
<Name></Name>
<Val>2.13822685667324E-3</Val>
</DBL>
<DBL>
<Name></Name>
<Val>3.56720275102917E-2</Val>
</DBL>
<DBL>
<Name></Name>
<Val>0.25856694949070</Val>
</DBL>
<DBL>
<Name></Name>
<Val>0.13983314443595</Val>
</DBL>
<DBL>
<Name></Name>
<Val>0.55646186542511</Val>
</DBL>
<DBL>
<Name></Name>
<Val>6.82470414010427E-3</Val>
</DBL>
<DBL>
<Name></Name>
<Val>3.31036260887297E-4</Val>
</DBL>
<DBL>
<Name></Name>
<Val>2.10054637364829E-5</Val>
</DBL>
<DBL>
<Name></Name>
<Val>1.03553371638278E-4</Val>
</DBL>
<DBL>
<Name></Name>
<Val>4.55493991592219E-5</Val>
</DBL>
<DBL>
<Name></Name>
<Val>2.05105487511571E-3</Val>
</DBL>
<DBL>
<Name></Name>
<Val>3.42283603047978E-2</Val>
</DBL>
<DBL>
<Name></Name>
<Val>0.24827365942905</Val>
</DBL>
<DBL>
<Name></Name>
<Val>0.14119049862773</Val>
</DBL>
<DBL>
<Name></Name>
<Val>0.56678763172322</Val>
</DBL>
<DBL>
<Name></Name>
<Val>6.95257331528037E-3</Val>
</DBL>
<DBL>
<Name></Name>
<Val>3.38120303073307E-4</Val>
</DBL>
<DBL>
<Name></Name>
<Val>2.20411118970625E-5</Val>
</DBL>
<DBL>
<Name></Name>
<Val>1.10510910672832E-4</Val>
</DBL>
<DBL>
<Name></Name>
<Val>4.37028026634142E-5</Val>
</DBL>
<DBL>
<Name></Name>
<Val>1.96797866183337E-3</Val>
</DBL>
<DBL>
<Name></Name>
<Val>3.28524695715301E-2</Val>
</DBL>
<DBL>
<Name></Name>
<Val>0.23846317366293</Val>
</DBL>
<DBL>
<Name></Name>
<Val>0.14248407785237</Val>
</DBL>
<DBL>
<Name></Name>
<Val>0.57662862071373</Val>
</DBL>
<DBL>
<Name></Name>
<Val>7.07443992146134E-3</Val>
</DBL>
<DBL>
<Name></Name>
<Val>3.44880026303084E-4</Val>
</DBL>
<DBL>
<Name></Name>
<Val>2.30809474316744E-5</Val>
</DBL>
<DBL>
<Name></Name>
<Val>1.17575839743713E-4</Val>
</DBL>
<DBL>
<Name></Name>
<Val>4.19429253244975E-5</Val>
</DBL>
<DBL>
<Name></Name>
<Val>1.88880358994985E-3</Val>
</DBL>
<DBL>
<Name></Name>
<Val>3.15411555187375E-2</Val>
</DBL>
<DBL>
<Name></Name>
<Val>0.22911286777121</Val>
</DBL>
<DBL>
<Name></Name>
<Val>0.14371687967647</Val>
</DBL>
<DBL>
<Name></Name>
<Val>0.58600757111123</Val>
</DBL>
<DBL>
<Name></Name>
<Val>7.19058549847231E-3</Val>
</DBL>
<DBL>
<Name></Name>
<Val>3.51330546123100E-4</Val>
</DBL>
<DBL>
<Name></Name>
<Val>2.41242813443251E-5</Val>
</DBL>
<DBL>
<Name></Name>
<Val>1.24739081138546E-4</Val>
</DBL>
<DBL>
<Name></Name>
<Val>4.02656629263913E-5</Val>
</DBL>
<DBL>
<Name></Name>
<Val>1.81334512463590E-3</Val>
</DBL>
<DBL>
<Name></Name>
<Val>3.02913762893264E-2</Val>
</DBL>
<DBL>
<Name></Name>
<Val>0.22020116888618</Val>
</DBL>
<DBL>
<Name></Name>
<Val>0.14489175914644</Val>
</DBL>
<DBL>
<Name></Name>
<Val>0.59494615771336</Val>
</DBL>
<DBL>
<Name></Name>
<Val>7.30127841617657E-3</Val>
</DBL>
<DBL>
<Name></Name>
<Val>3.57486279271891E-4</Val>
</DBL>
<DBL>
<Name></Name>
<Val>2.51704618677082E-5</Val>
</DBL>
<DBL>
<Name></Name>
<Val>1.31992019811810E-4</Val>
</DBL>
<DBL>
<Name></Name>
<Val>3.86671177245163E-5</Val>
</DBL>
<DBL>
<Name></Name>
<Val>1.74142797719479E-3</Val>
</DBL>
<DBL>
<Name></Name>
<Val>2.91002375215402E-2</Val>
</DBL>
<DBL>
<Name></Name>
<Val>0.21170751017167</Val>
</DBL>
<DBL>
<Name></Name>
<Val>0.14601143620430</Val>
</DBL>
<DBL>
<Name></Name>
<Val>0.60346504020309</Val>
</DBL>
<DBL>
<Name></Name>
<Val>7.40677447747137E-3</Val>
</DBL>
<DBL>
<Name></Name>
<Val>3.63360972806227E-4</Val>
</DBL>
<DBL>
<Name></Name>
<Val>2.62188725517664E-5</Val>
</DBL>
<DBL>
<Name></Name>
<Val>1.39326481655483E-4</Val>
</DBL>
<DBL>
<Name></Name>
<Val>3.71435833634966E-5</Val>
</DBL>
<DBL>
<Name></Name>
<Val>1.67288544312494E-3</Val>
</DBL>
<DBL>
<Name></Name>
<Val>2.79649835732272E-2</Val>
</DBL>
<DBL>
<Name></Name>
<Val>0.20361228596065</Val>
</DBL>
<DBL>
<Name></Name>
<Val>0.14707850247356</Val>
</DBL>
<DBL>
<Name></Name>
<Val>0.61158391009094</Val>
</DBL>
<DBL>
<Name></Name>
<Val>7.50731749873982E-3</Val>
</DBL>
<DBL>
<Name></Name>
<Val>3.68967733240794E-4</Val>
</DBL>
<DBL>
<Name></Name>
<Val>2.72689304881989E-5</Val>
</DBL>
<DBL>
<Name></Name>
<Val>1.46734712668725E-4</Val>
</DBL>
<DBL>
<Name></Name>
<Val>3.56915325928419E-5</Val>
</DBL>
<DBL>
<Name></Name>
<Val>1.60755885962915E-3</Val>
</DBL>
<DBL>
<Name></Name>
<Val>2.68829898769050E-2</Val>
</DBL>
<DBL>
<Name></Name>
<Val>0.19589680809332</Val>
</DBL>
<DBL>
<Name></Name>
<Val>0.14809542755366</Val>
</DBL>
<DBL>
<Name></Name>
<Val>0.61932153571844</Val>
</DBL>
<DBL>
<Name></Name>
<Val>7.60313986659620E-3</Val>
</DBL>
<DBL>
<Name></Name>
<Val>3.74319055181512E-4</Val>
</DBL>
<DBL>
<Name></Name>
<Val>2.83200846474129E-5</Val>
</DBL>
<DBL>
<Name></Name>
<Val>1.54209359030958E-4</Val>
</DBL>
<DBL>
<Name></Name>
<Val>3.43076068395171E-5</Val>
</DBL>
<DBL>
<Name></Name>
<Val>1.54529714272363E-3</Val>
</DBL>
<DBL>
<Name></Name>
<Val>2.58517560939952E-2</Val>
</DBL>
<DBL>
<Name></Name>
<Val>0.18854326374957</Val>
</DBL>
<DBL>
<Name></Name>
<Val>0.14906456491291</Val>
</DBL>
<DBL>
<Name></Name>
<Val>0.62669580531176</Val>
</DBL>
<DBL>
<Name></Name>
<Val>7.69446307067412E-3</Val>
</DBL>
<DBL>
<Name></Name>
<Val>3.79426849151340E-4</Val>
</DBL>
<DBL>
<Name></Name>
<Val>2.93718143118635E-5</Val>
</DBL>
<DBL>
<Name></Name>
<Val>1.61743448065048E-4</Val>
</DBL>
<DBL>
<Name></Name>
<Val>3.29886070541829E-5</Val>
</DBL>
<DBL>
<Name></Name>
<Val>1.48595637923445E-3</Val>
</DBL>
<DBL>
<Name></Name>
<Val>2.48688998600775E-2</Val>
</DBL>
<DBL>
<Name></Name>
<Val>0.18153467492037</Val>
</DBL>
<DBL>
<Name></Name>
<Val>0.14998815743987</Val>
</DBL>
<DBL>
<Name></Name>
<Val>0.63372376811454</Val>
</DBL>
<DBL>
<Name></Name>
<Val>7.78149821274520E-3</Val>
</DBL>
<DBL>
<Name></Name>
<Val>3.84302468443670E-4</Val>
</DBL>
<DBL>
<Name></Name>
<Val>3.04236275944950E-5</Val>
</DBL>
<DBL>
<Name></Name>
<Val>1.69330370066957E-4</Val>
</DBL>
<DBL>
<Name></Name>
<Val>3.17314854674475E-5</Val>
</DBL>
<DBL>
<Name></Name>
<Val>1.42939945825617E-3</Val>
</DBL>
<DBL>
<Name></Name>
<Val>2.39321509888946E-2</Val>
</DBL>
<DBL>
<Name></Name>
<Val>0.17485485957254</Val>
</DBL>
<DBL>
<Name></Name>
<Val>0.15086834269435</Val>
</DBL>
<DBL>
<Name></Name>
<Val>0.64042167365180</Val>
</DBL>
<DBL>
<Name></Name>
<Val>7.86444649276600E-3</Val>
</DBL>
<DBL>
<Name></Name>
<Val>3.88956734922575E-4</Val>
</DBL>
<DBL>
<Name></Name>
<Val>3.14750600340559E-5</Val>
</DBL>
<DBL>
<Name></Name>
<Val>1.76963860972509E-4</Val>
</DBL>
<DBL>
<Name></Name>
<Val>3.05333380272608E-5</Val>
</DBL>
<DBL>
<Name></Name>
<Val>1.37549573234849E-3</Val>
</DBL>
<DBL>
<Name></Name>
<Val>2.30393460495391E-2</Val>
</DBL>
<DBL>
<Name></Name>
<Val>0.16848839450820</Val>
</DBL>
<DBL>
<Name></Name>
<Val>0.15170715788754</Val>
</DBL>
<DBL>
<Name></Name>
<Val>0.64680500918890</Val>
</DBL>
<DBL>
<Name></Name>
<Val>7.94349967262097E-3</Val>
</DBL>
<DBL>
<Name></Name>
<Val>3.93399963740763E-4</Val>
</DBL>
<DBL>
<Name></Name>
<Val>3.25256732610330E-5</Val>
</DBL>
<DBL>
<Name></Name>
<Val>1.84637985828986E-4</Val>
</DBL>
<DBL>
<Name></Name>
<Val>2.93913973714462E-5</Val>
</DBL>
<DBL>
<Name></Name>
<Val>1.32412070225356E-3</Val>
</DBL>
<DBL>
<Name></Name>
<Val>2.21884232600856E-2</Val>
</DBL>
<DBL>
<Name></Name>
<Val>0.16242057988848</Val>
</DBL>
<DBL>
<Name></Name>
<Val>0.15250654461361</Val>
</DBL>
<DBL>
<Name></Name>
<Val>0.65288853545604</Val>
</DBL>
<DBL>
<Name></Name>
<Val>8.01884051841495E-3</Val>
</DBL>
<DBL>
<Name></Name>
<Val>3.97641986977222E-4</Val>
</DBL>
<DBL>
<Name></Name>
<Val>3.35750537292431E-5</Val>
</DBL>
<DBL>
<Name></Name>
<Val>1.92347123038143E-4</Val>
</DBL>
<DBL>
<Name></Name>
<Val>2.83030262403979E-5</Val>
</DBL>
<DBL>
<Name></Name>
<Val>1.27515572107590E-3</Val>
</DBL>
<DBL>
<Name></Name>
<Val>2.13774176587846E-2</Val>
</DBL>
<DBL>
<Name></Name>
<Val>0.15663740537386</Val>
</DBL>
<DBL>
<Name></Name>
<Val>0.15326835334999</Val>
</DBL>
<DBL>
<Name></Name>
<Val>0.65868632071078</Val>
</DBL>
<DBL>
<Name></Name>
<Val>8.09064322220338E-3</Val>
</DBL>
<DBL>
<Name></Name>
<Val>4.01692176214991E-4</Val>
</DBL>
<DBL>
<Name></Name>
<Val>3.46228115089718E-5</Val>
</DBL>
<DBL>
<Name></Name>
<Val>2.00085949337115E-4</Val>
</DBL>
<DBL>
<Name></Name>
<Val>2.72657112664922E-5</Val>
</DBL>
<DBL>
<Name></Name>
<Val>1.22848771520229E-3</Val>
</DBL>
<DBL>
<Name></Name>
<Val>2.06044565250758E-2</Val>
</DBL>
<DBL>
<Name></Name>
<Val>0.15112551782361</Val>
</DBL>
<DBL>
<Name></Name>
<Val>0.15399434774100</Val>
</DBL>
<DBL>
<Name></Name>
<Val>0.66421177321108</Val>
</DBL>
<DBL>
<Name></Name>
<Val>8.15907380405235E-3</Val>
</DBL>
<DBL>
<Name></Name>
<Val>4.05559464090053E-4</Val>
</DBL>
<DBL>
<Name></Name>
<Val>3.56685791381348E-5</Val>
</DBL>
<DBL>
<Name></Name>
<Val>2.07849425484257E-4</Val>
</DBL>
<DBL>
<Name></Name>
<Val>2.62770570963217E-5</Val>
</DBL>
<DBL>
<Name></Name>
<Val>1.18400892006734E-3</Val>
</DBL>
<DBL>
<Name></Name>
<Val>1.98677550296799E-2</Val>
</DBL>
<DBL>
<Name></Name>
<Val>0.14587219049271</Val>
</DBL>
<DBL>
<Name></Name>
<Val>0.15468620867700</Val>
</DBL>
<DBL>
<Name></Name>
<Val>0.66947767217014</Val>
</DBL>
<DBL>
<Name></Name>
<Val>8.22429049530689E-3</Val>
</DBL>
<DBL>
<Name></Name>
<Val>4.09252364848033E-4</Val>
</DBL>
<DBL>
<Name></Name>
<Val>3.67120105283395E-5</Val>
</DBL>
<DBL>
<Name></Name>
<Val>2.15632782617850E-4</Val>
</DBL>
<DBL>
<Name></Name>
<Val>2.53347808140742E-5</Val>
</DBL>
<DBL>
<Name></Name>
<Val>1.14161662938938E-3</Val>
</DBL>
<DBL>
<Name></Name>
<Val>1.91656120974979E-2</Val>
</DBL>
<DBL>
<Name></Name>
<Val>0.14086529366283</Val>
</DBL>
<DBL>
<Name></Name>
<Val>0.15534553818010</Val>
</DBL>
<DBL>
<Name></Name>
<Val>0.67449619726232</Val>
</DBL>
<DBL>
<Name></Name>
<Val>8.28644410392182E-3</Val>
</DBL>
<DBL>
<Name></Name>
<Val>4.12778993948072E-4</Val>
</DBL>
<DBL>
<Name></Name>
<Val>3.77527799230245E-5</Val>
</DBL>
<DBL>
<Name></Name>
<Val>2.23431509256706E-4</Val>
</DBL>
<DBL>
<Name></Name>
<Val>2.44367066420913E-5</Val>
</DBL>
<DBL>
<Name></Name>
<Val>1.10121295682836E-3</Val>
</DBL>
<DBL>
<Name></Name>
<Val>1.84964064699477E-2</Val>
</DBL>
<DBL>
<Name></Name>
<Val>0.13609326664437</Val>
</DBL>
<DBL>
<Name></Name>
<Val>0.15597386310624</Val>
</DBL>
<DBL>
<Name></Name>
<Val>0.67927895674673</Val>
</DBL>
<DBL>
<Name></Name>
<Val>8.34567836268012E-3</Val>
</DBL>
<DBL>
<Name></Name>
<Val>4.16147086754190E-4</Val>
</DBL>
<DBL>
<Name></Name>
<Val>3.87905809050792E-5</Val>
</DBL>
<DBL>
<Name></Name>
<Val>2.31241338912948E-4</Val>
</DBL>
<DBL>
<Name></Name>
<Val>2.35807608995731E-5</Val>
</DBL>
<DBL>
<Name></Name>
<Val>1.06270460922838E-3</Val>
</DBL>
<DBL>
<Name></Name>
<Val>1.78585929553102E-2</Val>
</DBL>
<DBL>
<Name></Name>
<Val>0.13154509108787</Val>
</DBL>
<DBL>
<Name></Name>
<Val>0.15657263867280</Val>
</DBL>
<DBL>
<Name></Name>
<Val>0.68383701427271</Val>
</DBL>
<DBL>
<Name></Name>
<Val>8.40213026109116E-3</Val>
</DBL>
<DBL>
<Name></Name>
<Val>4.19364016354175E-4</Val>
</DBL>
<DBL>
<Name></Name>
<Val>3.98251254515258E-5</Val>
</DBL>
<DBL>
<Name></Name>
<Val>2.39058238288441E-4</Val>
</DBL>
<DBL>
<Name></Name>
<Val>2.27649672036275E-5</Val>
</DBL>
<DBL>
<Name></Name>
<Val>1.02600267074506E-3</Val>
</DBL>
<DBL>
<Name></Name>
<Val>1.72506988569930E-2</Val>
</DBL>
<DBL>
<Name></Name>
<Val>0.12721026554497</Val>
</DBL>
<DBL>
<Name></Name>
<Val>0.15714325182031</Val>
</DBL>
<DBL>
<Name></Name>
<Val>0.68818091442845</Val>
</DBL>
<DBL>
<Name></Name>
<Val>8.45593036172847E-3</Val>
</DBL>
<DBL>
<Name></Name>
<Val>4.22436810545296E-4</Val>
</DBL>
<DBL>
<Name></Name>
<Val>4.08561430329932E-5</Val>
</DBL>
<DBL>
<Name></Name>
<Val>2.46878396027628E-4</Val>
</DBL>
<DBL>
<Name></Name>
<Val>2.19874418990318E-5</Val>
</DBL>
<DBL>
<Name></Name>
<Val>9.91022397251508E-4</Val>
</DBL>
<DBL>
<Name></Name>
<Val>1.66713205705868E-2</Val>
</DBL>
<DBL>
<Name></Name>
<Val>0.12307878122123</Val>
</DBL>
<DBL>
<Name></Name>
<Val>0.15768702441600</Val>
</DBL>
<DBL>
<Name></Name>
<Val>0.69232070709152</Val>
</DBL>
<DBL>
<Name></Name>
<Val>8.50720310173295E-3</Val>
</DBL>
<DBL>
<Name></Name>
<Val>4.25372168024844E-4</Val>
</DBL>
<DBL>
<Name></Name>
<Val>4.18833797558451E-5</Val>
</DBL>
<DBL>
<Name></Name>
<Val>2.54698212000728E-4</Val>
</DBL>
<DBL>
<Name></Name>
<Val>2.12463897045915E-5</Val>
</DBL>
<DBL>
<Name></Name>
<Val>9.57683020482072E-4</Val>
</DBL>
<DBL>
<Name></Name>
<Val>1.61191203413204E-2</Val>
</DBL>
<DBL>
<Name></Name>
<Val>0.11914109886554</Val>
</DBL>
<DBL>
<Name></Name>
<Val>0.15820521630702</Val>
</DBL>
<DBL>
<Name></Name>
<Val>0.69626597063730</Val>
</DBL>
<DBL>
<Name></Name>
<Val>8.55606708017522E-3</Val>
</DBL>
<DBL>
<Name></Name>
<Val>4.28176473822208E-4</Val>
</DBL>
<DBL>
<Name></Name>
<Val>4.29065975449336E-5</Val>
</DBL>
<DBL>
<Name></Name>
<Val>2.62514287092448E-4</Val>
</DBL>
<DBL>
<Name></Name>
<Val>2.05400995650860E-5</Val>
</DBL>
<DBL>
<Name></Name>
<Val>9.25907561421200E-4</Val>
</DBL>
<DBL>
<Name></Name>
<Val>1.55928231740960E-2</Val>
</DBL>
<DBL>
<Name></Name>
<Val>0.11538812674310</Val>
</DBL>
<DBL>
<Name></Name>
<Val>0.15869902823025</Val>
</DBL>
<DBL>
<Name></Name>
<Val>0.70002583405878</Val>
</DBL>
<DBL>
<Name></Name>
<Val>8.60263533193902E-3</Val>
</DBL>
<DBL>
<Name></Name>
<Val>4.30855814007639E-4</Val>
</DBL>
<DBL>
<Name></Name>
<Val>4.39255733650575E-5</Val>
</DBL>
<DBL>
<Name></Name>
<Val>2.70323413472499E-4</Val>
</DBL>
<DBL>
<Name></Name>
<Val>1.98669406986365E-5</Val>
</DBL>
<DBL>
<Name></Name>
<Val>8.95622652481601E-4</Val>
</DBL>
<DBL>
<Name></Name>
<Val>1.50912138887687E-2</Val>
</DBL>
<DBL>
<Name></Name>
<Val>0.11181119964150</Val>
</DBL>
<DBL>
<Name></Name>
<Val>0.15916960458552</Val>
</DBL>
<DBL>
<Name></Name>
<Val>0.70360899804876</Val>
</DBL>
<DBL>
<Name></Name>
<Val>8.64701558875727E-3</Val>
</DBL>
<DBL>
<Name></Name>
<Val>4.33415989711425E-4</Val>
</DBL>
<DBL>
<Name></Name>
<Val>4.49400984792964E-5</Val>
</DBL>
<DBL>
<Name></Name>
<Val>2.78122565325316E-4</Val>
</DBL>
<DBL>
<Name></Name>
<Val>1.92253588300093E-5</Val>
</DBL>
<DBL>
<Name></Name>
<Val>8.66758368045983E-4</Val>
</DBL>
<DBL>
<Name></Name>
<Val>1.46131343137462E-2</Val>
</DBL>
<DBL>
<Name></Name>
<Val>0.10840205886139</Val>
</DBL>
<DBL>
<Name></Name>
<Val>0.15961803607868</Val>
</DBL>
<DBL>
<Name></Name>
<Val>0.70702375509305</Val>
</DBL>
<DBL>
<Name></Name>
<Val>8.68931052800273E-3</Val>
</DBL>
<DBL>
<Name></Name>
<Val>4.35862530485658E-4</Val>
</DBL>
<DBL>
<Name></Name>
<Val>4.59499777424842E-5</Val>
</DBL>
<DBL>
<Name></Name>
<Val>2.85908890017414E-4</Val>
</DBL>
<DBL>
<Name></Name>
<Val>1.86138726009366E-5</Val>
</DBL>
<DBL>
<Name></Name>
<Val>8.39248062971701E-4</Val>
</DBL>
<DBL>
<Name></Name>
<Val>1.41574806113526E-2</Val>
</DBL>
<DBL>
<Name></Name>
<Val>0.10515283314578</Val>
</DBL>
<DBL>
<Name></Name>
<Val>0.16004536224074</Val>
</DBL>
<DBL>
<Name></Name>
<Val>0.71027800862110</Val>
</DBL>
<DBL>
<Name></Name>
<Val>8.72961800980756E-3</Val>
</DBL>
<DBL>
<Name></Name>
<Val>4.38200707039347E-4</Val>
</DBL>
<DBL>
<Name></Name>
<Val>4.69550289281654E-5</Val>
</DBL>
<DBL>
<Name></Name>
<Val>2.93679699681838E-4</Val>
</DBL>
<DBL>
<Name></Name>
<Val>1.80310701490308E-5</Val>
</DBL>
<DBL>
<Name></Name>
<Val>8.13028218679718E-4</Val>
</DBL>
<DBL>
<Name></Name>
<Val>1.37232007287343E-2</Val>
</DBL>
<DBL>
<Name></Name>
<Val>0.10205602050387</Val>
</DBL>
<DBL>
<Name></Name>
<Val>0.16045257382866</Val>
</DBL>
<DBL>
<Name></Name>
<Val>0.71337929125818</Val>
</DBL>
<DBL>
<Name></Name>
<Val>8.76803130305906E-3</Val>
</DBL>
<DBL>
<Name></Name>
<Val>4.40435543376230E-4</Val>
</DBL>
<DBL>
<Name></Name>
<Val>4.79550820874594E-5</Val>
</DBL>
<DBL>
<Name></Name>
<Val>3.01432463200127E-4</Val>
</DBL>
<DBL>
<Name></Name>
<Val>1.74756058473094E-5</Val>
</DBL>
<DBL>
<Name></Name>
<Val>7.88038296468965E-4</Val>
</DBL>
<DBL>
<Name></Name>
<Val>1.33092919683917E-2</Val>
</DBL>
<DBL>
<Name></Name>
<Val>9.91044708876685E-2</Val>
</DBL>
<DBL>
<Name></Name>
<Val>0.16084061511362</Val>
</DBL>
<DBL>
<Name></Name>
<Val>0.71633478222135</Val>
</DBL>
<DBL>
<Name></Name>
<Val>8.80463930079338E-3</Val>
</DBL>
<DBL>
<Name></Name>
<Val>4.42571828363254E-4</Val>
</DBL>
<DBL>
<Name></Name>
<Val>4.89499789383316E-5</Val>
</DBL>
<DBL>
<Name></Name>
<Val>3.09164798563107E-4</Val>
</DBL>
<DBL>
<Name></Name>
<Val>1.69461971967513E-5</Val>
</DBL>
<DBL>
<Name></Name>
<Val>7.64220597715233E-4</Val>
</DBL>
<DBL>
<Name></Name>
<Val>1.29147986727114E-2</Val>
</DBL>
<DBL>
<Name></Name>
<Val>9.62913696810850E-2</Val>
</DBL>
<DBL>
<Name></Name>
<Val>0.16121038606191</Val>
</DBL>
<DBL>
<Name></Name>
<Val>0.71915132389926</Val>
</DBL>
<DBL>
<Name></Name>
<Val>8.83952672548437E-3</Val>
</DBL>
<DBL>
<Name></Name>
<Val>4.44614126756423E-4</Val>
</DBL>
<DBL>
<Name></Name>
<Val>4.99395722838403E-5</Val>
</DBL>
<DBL>
<Name></Name>
<Val>3.16874465592720E-4</Val>
</DBL>
<DBL>
<Name></Name>
<Val>1.64416218646777E-5</Val>
</DBL>
<DBL>
<Name></Name>
<Val>7.41520130630464E-4</Val>
</DBL>
<DBL>
<Name></Name>
<Val>1.25388100171383E-2</Val>
</DBL>
<DBL>
<Name></Name>
<Val>9.36102219637656E-2</Val>
</DBL>
<DBL>
<Name></Name>
<Val>0.16156274441347</Val>
</DBL>
<DBL>
<Name></Name>
<Val>0.72183543765425</Val>
</DBL>
<DBL>
<Name></Name>
<Val>8.87277432470175E-3</Val>
</DBL>
<DBL>
<Name></Name>
<Val>4.46566789709456E-4</Val>
</DBL>
<DBL>
<Name></Name>
<Val>5.09237254579975E-5</Val>
</DBL>
<DBL>
<Name></Name>
<Val>3.24559359007943E-4</Val>
</DBL>
<DBL>
<Name></Name>
<Val>1.59607148620996E-5</Val>
</DBL>
<DBL>
<Name></Name>
<Val>7.19884483273947E-4</Val>
</DBL>
<DBL>
<Name></Name>
<Val>1.21804579068887E-2</Val>
</DBL>
<DBL>
<Name></Name>
<Val>9.10548375130569E-2</Val>
</DBL>
<DBL>
<Name></Name>
<Val>0.16189850766291</Val>
</DBL>
<DBL>
<Name></Name>
<Val>0.72439333888301</Val>
</DBL>
<DBL>
<Name></Name>
<Val>8.90445905759023E-3</Val>
</DBL>
<DBL>
<Name></Name>
<Val>4.48433964789501E-4</Val>
</DBL>
<DBL>
<Name></Name>
<Val>5.19023117979445E-5</Val>
</DBL>
<DBL>
<Name></Name>
<Val>3.32217501818610E-4</Val>
</DBL>
<DBL>
<Name></Name>
<Val>1.55023658535012E-5</Val>
</DBL>
<DBL>
<Name></Name>
<Val>6.99263702521698E-4</Val>
</DBL>
<DBL>
<Name></Name>
<Val>1.18389149723401E-2</Val>
</DBL>
<DBL>
<Name></Name>
<Val>8.86193165096041E-2</Val>
</DBL>
<DBL>
<Name></Name>
<Val>0.16221845494765</Val>
</DBL>
<DBL>
<Name></Name>
<Val>0.72683095137073</Val>
</DBL>
<DBL>
<Name></Name>
<Val>8.93465427260028E-3</Val>
</DBL>
<DBL>
<Name></Name>
<Val>4.50219605523046E-4</Val>
</DBL>
<DBL>
<Name></Name>
<Val>5.28752141412041E-5</Val>
</DBL>
<DBL>
<Name></Name>
<Val>3.39847039031745E-4</Val>
</DBL>
<DBL>
<Name></Name>
<Val>1.50655165928417E-5</Val>
</DBL>
<DBL>
<Name></Name>
<Val>6.79610178714227E-4</Val>
</DBL>
<DBL>
<Name></Name>
<Val>1.15133926584683E-2</Val>
</DBL>
<DBL>
<Name></Name>
<Val>8.62980359135397E-2</Val>
</DBL>
<DBL>
<Name></Name>
<Val>0.16252332884744</Val>
</DBL>
<DBL>
<Name></Name>
<Val>0.72915392097187</Val>
</DBL>
<DBL>
<Name></Name>
<Val>8.96342987688090E-3</Val>
</DBL>
<DBL>
<Name></Name>
<Val>4.51927480494030E-4</Val>
</DBL>
<DBL>
<Name></Name>
<Val>5.38423243468309E-5</Val>
</DBL>
<DBL>
<Name></Name>
<Val>3.47446231655710E-4</Val>
</DBL>
<DBL>
<Name></Name>
<Val>1.46491584798491E-5</Val>
</DBL>
<DBL>
<Name></Name>
<Val>6.60878535716138E-4</Val>
</DBL>
<DBL>
<Name></Name>
<Val>1.12031394039181E-2</Val>
</DBL>
<DBL>
<Name></Name>
<Val>8.40856364798117E-2</Val>
</DBL>
<DBL>
<Name></Name>
<Val>0.16281383709943</Val>
</DBL>
<DBL>
<Name></Name>
<Val>0.73136762864908</Val>
</DBL>
<DBL>
<Name></Name>
<Val>8.99085249772561E-3</Val>
</DBL>
<DBL>
<Name></Name>
<Val>4.53561182015196E-4</Val>
</DBL>
<DBL>
<Name></Name>
<Val>5.48035428393350E-5</Val>
</DBL>
<DBL>
<Name></Name>
<Val>3.55013450988186E-4</Val>
</DBL>
<DBL>
<Name></Name>
<Val>1.42523302309602E-5</Val>
</DBL>
<DBL>
<Name></Name>
<Val>6.43025526133575E-4</Val>
</DBL>
<DBL>
<Name></Name>
<Val>1.09074389055002E-2</Val>
</DBL>
<DBL>
<Name></Name>
<Val>8.19770103826647E-2</Val>
</DBL>
<DBL>
<Name></Name>
<Val>0.16309065423284</Val>
</DBL>
<DBL>
<Name></Name>
<Val>0.73347720290044</Val>
</DBL>
<DBL>
<Name></Name>
<Val>9.01698563644437E-3</Val>
</DBL>
<DBL>
<Name></Name>
<Val>4.55124134392682E-4</Val>
</DBL>
<DBL>
<Name></Name>
<Val>5.57587781743080E-5</Val>
</DBL>
<DBL>
<Name></Name>
<Val>3.62547173174634E-4</Val>
</DBL>
<DBL>
<Name></Name>
<Val>1.38741156595272E-5</Val>
</DBL>
<DBL>
<Name></Name>
<Val>6.26009931447484E-4</Val>
</DBL>
<DBL>
<Name></Name>
<Val>1.06256084641091E-2</Val>
</DBL>
<DBL>
<Name></Name>
<Val>7.99672894206996E-2</Val>
</DBL>
<DBL>
<Name></Name>
<Val>0.16335442312693</Val>
</DBL>
<DBL>
<Name></Name>
<Val>0.73548753160369</Val>
</DBL>
<DBL>
<Name></Name>
<Val>9.04188981501685E-3</Val>
</DBL>
<DBL>
<Name></Name>
<Val>4.56619601802935E-4</Val>
</DBL>
<DBL>
<Name></Name>
<Val>5.67079466247300E-5</Val>
</DBL>
<DBL>
<Name></Name>
<Val>3.70045974024533E-4</Val>
</DBL>
<DBL>
<Name></Name>
<Val>1.35136415601645E-5</Val>
</DBL>
<DBL>
<Name></Name>
<Val>6.09792466832024E-4</Val>
</DBL>
<DBL>
<Name></Name>
<Val>1.03569974082385E-2</Val>
</DBL>
<DBL>
<Name></Name>
<Val>7.80518337752739E-2</Val>
</DBL>
<DBL>
<Name></Name>
<Val>0.16360575649579</Val>
</DBL>
<DBL>
<Name></Name>
<Val>0.73740327330478</Val>
</DBL>
<DBL>
<Name></Name>
<Val>9.06562271586567E-3</Val>
</DBL>
<DBL>
<Name></Name>
<Val>4.58050695800144E-4</Val>
</DBL>
<DBL>
<Name></Name>
<Val>5.76509717869846E-5</Val>
</DBL>
<DBL>
<Name></Name>
<Val>3.77508524073272E-4</Val>
</DBL>
<DBL>
<Name></Name>
<Val>1.31700756923485E-5</Val>
</DBL>
<DBL>
<Name></Name>
<Val>5.94335690438315E-4</Val>
</DBL>
<DBL>
<Name></Name>
<Val>1.01009855914568E-2</Val>
</DBL>
<DBL>
<Name></Name>
<Val>7.62262212962845E-2</Val>
</DBL>
<DBL>
<Name></Name>
<Val>0.16384523830362</Val>
</DBL>
<DBL>
<Name></Name>
<Val>0.73922886797688</Val>
</DBL>
<DBL>
<Name></Name>
<Val>9.08823931507235E-3</Val>
</DBL>
<DBL>
<Name></Name>
<Val>4.59420382471515E-4</Val>
</DBL>
<DBL>
<Name></Name>
<Val>5.85877842056557E-5</Val>
</DBL>
<DBL>
<Name></Name>
<Val>3.84933583878158E-4</Val>
</DBL>
<DBL>
<Name></Name>
<Val>1.28426248586141E-5</Val>
</DBL>
<DBL>
<Name></Name>
<Val>5.79603916934031E-4</Val>
</DBL>
<DBL>
<Name></Name>
<Val>9.85698196037043E-3</Val>
</DBL>
<DBL>
<Name></Name>
<Val>7.44862372905917E-2</Val>
</DBL>
<DBL>
<Name></Name>
<Val>0.16407342511350</Val>
</DBL>
<DBL>
<Name></Name>
<Val>0.74096854727459</Val>
</DBL>
<DBL>
<Name></Name>
<Val>9.10979200934357E-3</Val>
</DBL>
<DBL>
<Name></Name>
<Val>4.60731489256907E-4</Val>
</DBL>
<DBL>
<Name></Name>
<Val>5.95183210162197E-5</Val>
</DBL>
<DBL>
<Name></Name>
<Val>3.92319999537523E-4</Val>
</DBL>
<DBL>
<Name></Name>
<Val>1.25305330729111E-5</Val>
</DBL>
<DBL>
<Name></Name>
<Val>5.65563135099158E-4</Val>
</DBL>
<DBL>
<Name></Name>
<Val>9.62442318976986E-3</Val>
</DBL>
<DBL>
<Name></Name>
<Val>7.28278647895021E-2</Val>
</DBL>
<DBL>
<Name></Name>
<Val>0.16429084737293</Val>
</DBL>
<DBL>
<Name></Name>
<Val>0.74262634430713</Val>
</DBL>
<DBL>
<Name></Name>
<Val>9.13033073702112E-3</Val>
</DBL>
<DBL>
<Name></Name>
<Val>4.61986711448591E-4</Val>
</DBL>
<DBL>
<Name></Name>
<Val>6.04425256047935E-5</Val>
</DBL>
<DBL>
<Name></Name>
<Val>3.99666698422444E-4</Val>
</DBL>
<DBL>
<Name></Name>
<Val>1.22330798148879E-5</Val>
</DBL>
<DBL>
<Name></Name>
<Val>5.52180929287628E-4</Val>
</DBL>
<DBL>
<Name></Name>
<Val>9.40277238180508E-3</Val>
</DBL>
<DBL>
<Name></Name>
<Val>7.12472752728405E-2</Val>
</DBL>
<DBL>
<Name></Name>
<Val>0.16449801063903</Val>
</DBL>
<DBL>
<Name></Name>
<Val>0.74420610295302</Val>
</DBL>
<DBL>
<Name></Name>
<Val>9.14990309341462E-3</Val>
</DBL>
<DBL>
<Name></Name>
<Val>4.63188618386113E-4</Val>
</DBL>
<DBL>
<Name></Name>
<Val>6.13603472841336E-5</Val>
</DBL>
<DBL>
<Name></Name>
<Val>4.06972685111090E-4</Val>
</DBL>
<DBL>
<Name></Name>
<Val>1.19495783660744E-5</Val>
</DBL>
<DBL>
<Name></Name>
<Val>5.39426404573475E-4</Val>
</DBL>
<DBL>
<Name></Name>
<Val>9.19151782618777E-3</Val>
</DBL>
<DBL>
<Name></Name>
<Val>6.97408198281847E-2</Val>
</DBL>
<DBL>
<Name></Name>
<Val>0.16469539674634</Val>
</DBL>
<DBL>
<Name></Name>
<Val>0.74571148673776</Val>
</DBL>
<DBL>
<Name></Name>
<Val>9.16855444072375E-3</Val>
</DBL>
<DBL>
<Name></Name>
<Val>4.64339659360589E-4</Val>
</DBL>
<DBL>
<Name></Name>
<Val>6.22717409851220E-5</Val>
</DBL>
<DBL>
<Name></Name>
<Val>4.14237037516147E-4</Val>
</DBL>
<DBL>
<Name></Name>
<Val>1.16793742241200E-5</Val>
</DBL>
<DBL>
<Name></Name>
<Val>5.27270115408641E-4</Val>
</DBL>
<DBL>
<Name></Name>
<Val>8.99017181855656E-3</Val>
</DBL>
<DBL>
<Name></Name>
<Val>6.83050207248531E-2</Val>
</DBL>
<DBL>
<Name></Name>
<Val>0.16488346491971</Val>
</DBL>
<DBL>
<Name></Name>
<Val>0.74714598729504</Val>
</DBL>
<DBL>
<Name></Name>
<Val>9.18632801280352E-3</Val>
</DBL>
<DBL>
<Name></Name>
<Val>4.65442169242042E-4</Val>
</DBL>
<DBL>
<Name></Name>
<Val>6.31766669630097E-5</Val>
</DBL>
<DBL>
<Name></Name>
<Val>4.21458903196265E-4</Val>
</DBL>
<DBL>
<Name></Name>
<Val>1.14218435914246E-5</Val>
</DBL>
<DBL>
<Name></Name>
<Val>5.15683997627698E-4</Val>
</DBL>
<DBL>
<Name></Name>
<Val>8.79826953427690E-3</Val>
</DBL>
<DBL>
<Name></Name>
<Val>6.69365633831859E-2</Val>
</DBL>
<DBL>
<Name></Name>
<Val>0.16506265283510</Val>
</DBL>
<DBL>
<Name></Name>
<Val>0.74851293243100</Val>
</DBL>
<DBL>
<Name></Name>
<Val>9.20326501501462E-3</Val>
</DBL>
<DBL>
<Name></Name>
<Val>4.66498373842792E-4</Val>
</DBL>
<DBL>
<Name></Name>
<Val>6.40750905177222E-5</Val>
</DBL>
<DBL>
<Name></Name>
<Val>4.28637495842852E-4</Val>
</DBL>
<DBL>
<Name></Name>
<Val>1.11763919346742E-5</Val>
</DBL>
<DBL>
<Name></Name>
<Val>5.04641303642463E-4</Val>
</DBL>
<DBL>
<Name></Name>
<Val>8.61536795507499E-3</Val>
</DBL>
<DBL>
<Name></Name>
<Val>6.56322887205740E-2</Val>
</DBL>
<DBL>
<Name></Name>
<Val>0.16523337763052</Val>
</DBL>
<DBL>
<Name></Name>
<Val>0.74981549381017</Val>
</DBL>
<DBL>
<Name></Name>
<Val>9.21940471938947E-3</Val>
</DBL>
<DBL>
<Name></Name>
<Val>4.67510395029266E-4</Val>
</DBL>
<DBL>
<Name></Name>
<Val>6.49669817275657E-5</Val>
</DBL>
<DBL>
<Name></Name>
<Val>4.35772091933980E-4</Val>
</DBL>
<DBL>
<Name></Name>
<Val>1.09424526119530E-5</Val>
</DBL>
<DBL>
<Name></Name>
<Val>4.94116540676864E-4</Val>
</DBL>
<DBL>
<Name></Name>
<Val>8.44104484602687E-3</Val>
</DBL>
<DBL>
<Name></Name>
<Val>6.43891858565633E-2</Val>
</DBL>
<DBL>
<Name></Name>
<Val>0.16539603686962</Val>
</DBL>
<DBL>
<Name></Name>
<Val>0.75105669428083</Val>
</DBL>
<DBL>
<Name></Name>
<Val>9.23478455533361E-3</Val>
</DBL>
<DBL>
<Name></Name>
<Val>4.68480255594039E-4</Val>
</DBL>
<DBL>
<Name></Name>
<Val>6.58523151957017E-5</Val>
</DBL>
<DBL>
<Name></Name>
<Val>4.42862027547536E-4</Val>
</DBL>
<DBL>
<Name></Name>
<Val>1.07194855642630E-5</Val>
</DBL>
<DBL>
<Name></Name>
<Val>4.84085411899420E-4</Val>
</DBL>
<DBL>
<Name></Name>
<Val>8.27489778054074E-3</Val>
</DBL>
<DBL>
<Name></Name>
<Val>6.32043851601878E-2</Val>
</DBL>
<DBL>
<Name></Name>
<Val>0.16555100946001</Val>
</DBL>
<DBL>
<Name></Name>
<Val>0.75223941485669</Val>
</DBL>
<DBL>
<Name></Name>
<Val>9.24944019607200E-3</Val>
</DBL>
<DBL>
<Name></Name>
<Val>4.69409883899355E-4</Val>
</DBL>
<DBL>
<Name></Name>
<Val>6.67310698087892E-5</Val>
</DBL>
<DBL>
<Name></Name>
<Val>4.49906695326126E-4</Val>
</DBL>
<DBL>
<Name></Name>
<Val>1.05069760684282E-5</Val>
</DBL>
<DBL>
<Name></Name>
<Val>4.74524760317402E-4</Val>
</DBL>
<DBL>
<Name></Name>
<Val>8.11654321108053E-3</Val>
</DBL>
<DBL>
<Name></Name>
<Val>6.20751516234759E-2</Val>
</DBL>
<DBL>
<Name></Name>
<Val>0.16569865652854</Val>
</DBL>
<DBL>
<Name></Name>
<Val>0.75336640137108</Val>
</DBL>
<DBL>
<Name></Name>
<Val>9.26340564103980E-3</Val>
</DBL>
<DBL>
<Name></Name>
<Val>4.70301118302840E-4</Val>
</DBL>
<DBL>
<Name></Name>
<Val>6.76032285072204E-5</Val>
</DBL>
<DBL>
<Name></Name>
<Val>4.56905541586596E-4</Val>
</DBL>
<DBL>
<Name></Name>
<Val>1.03044335485054E-5</Val>
</DBL>
<DBL>
<Name></Name>
<Val>4.65412515303114E-4</Val>
</DBL>
<DBL>
<Name></Name>
<Val>7.96561558348527E-3</Val>
</DBL>
<DBL>
<Name></Name>
<Val>6.09988785458289E-2</Val>
</DBL>
<DBL>
<Name></Name>
<Val>0.16583932225549</Val>
</DBL>
<DBL>
<Name></Name>
<Val>0.75444027081892</Val>
</DBL>
<DBL>
<Name></Name>
<Val>9.27671329440785E-3</Val>
</DBL>
<DBL>
<Name></Name>
<Val>4.71155711375632E-4</Val>
</DBL>
<DBL>
<Name></Name>
<Val>6.84687780664044E-5</Val>
</DBL>
<DBL>
<Name></Name>
<Val>4.63858063567364E-4</Val>
</DBL>
<DBL>
<Name></Name>
<Val>1.01113904429548E-5</Val>
</DBL>
<DBL>
<Name></Name>
<Val>4.56727641628816E-4</Val>
</DBL>
<DBL>
<Name></Name>
<Val>7.82176649283860E-3</Val>
</DBL>
<DBL>
<Name></Name>
<Val>5.99730815146874E-2</Val>
</DBL>
<DBL>
<Name></Name>
<Val>0.16597333466968</Val>
</DBL>
<DBL>
<Name></Name>
<Val>0.75546351740118</Val>
</DBL>
<DBL>
<Name></Name>
<Val>9.28939403992426E-3</Val>
</DBL>
<DBL>
<Name></Name>
<Val>4.71975333922666E-4</Val>
</DBL>
<DBL>
<Name></Name>
<Val>6.93277088885771E-5</Val>
</DBL>
<DBL>
<Name></Name>
<Val>4.70763806807067E-4</Val>
</DBL>
<DBL>
<Name></Name>
<Val>9.92740112495662E-6</Val>
</DBL>
<DBL>
<Name></Name>
<Val>4.48450090892587E-4</Val>
</DBL>
<DBL>
<Name></Name>
<Val>7.68466387893957E-3</Val>
</DBL>
<DBL>
<Name></Name>
<Val>5.89953926685854E-2</Val>
</DBL>
<DBL>
<Name></Name>
<Val>0.16610100640616</Val>
</DBL>
<DBL>
<Name></Name>
<Val>0.75643851828578</Val>
</DBL>
<DBL>
<Name></Name>
<Val>9.30147731224491E-3</Val>
</DBL>
<DBL>
<Name></Name>
<Val>4.72761578814388E-4</Val>
</DBL>
<DBL>
<Name></Name>
<Val>7.01800148046418E-5</Val>
</DBL>
<DBL>
<Name></Name>
<Val>4.77622362648362E-4</Val>
</DBL>
<DBL>
<Name></Name>
<Val>9.75204087337854E-6</Val>
</DBL>
<DBL>
<Name></Name>
<Val>4.40560755222981E-4</Val>
</DBL>
<DBL>
<Name></Name>
<Val>7.55399125951654E-3</Val>
</DBL>
<DBL>
<Name></Name>
<Val>5.80635552293438E-2</Val>
</DBL>
<DBL>
<Name></Name>
<Val>0.16622263542851</Val>
</DBL>
<DBL>
<Name></Name>
<Val>0.75736753909823</Val>
</DBL>
<DBL>
<Name></Name>
<Val>9.31299116491754E-3</Val>
</DBL>
<DBL>
<Name></Name>
<Val>4.73515964638754E-4</Val>
</DBL>
<DBL>
<Name></Name>
<Val>7.10256928855672E-5</Val>
</DBL>
<DBL>
<Name></Name>
<Val>4.84433365860967E-4</Val>
</DBL>
<DBL>
<Name></Name>
<Val>9.58490489201905E-6</Val>
</DBL>
<DBL>
<Name></Name>
<Val>4.33041423155545E-4</Val>
</DBL>
<DBL>
<Name></Name>
<Val>7.42944699941379E-3</Val>
</DBL>
<DBL>
<Name></Name>
<Val>5.71754182907791E-2</Val>
</DBL>
<DBL>
<Name></Name>
<Val>0.16633850571711</Val>
</DBL>
<DBL>
<Name></Name>
<Val>0.75825273915465</Val>
</DBL>
<DBL>
<Name></Name>
<Val>9.32396233517643E-3</Val>
</DBL>
<DBL>
<Name></Name>
<Val>4.74239939181938E-4</Val>
</DBL>
<DBL>
<Name></Name>
<Val>7.18647432628915E-5</Val>
</DBL>
<DBL>
<Name></Name>
<Val>4.91196492378350E-4</Val>
</DBL>
<DBL>
<Name></Name>
<Val>9.42560737486148E-6</Val>
</DBL>
<DBL>
<Name></Name>
<Val>4.25874737579338E-4</Val>
</DBL>
<DBL>
<Name></Name>
<Val>7.31074361406308E-3</Val>
</DBL>
<DBL>
<Name></Name>
<Val>5.63289318518904E-2</Val>
</DBL>
<DBL>
<Name></Name>
<Val>0.16644888792523</Val>
</DBL>
<DBL>
<Name></Name>
<Val>0.75909617644932</Val>
</DBL>
<DBL>
<Name></Name>
<Val>9.33441630569738E-3</Val>
</DBL>
<DBL>
<Name></Name>
<Val>4.74934882745786E-4</Val>
</DBL>
<DBL>
<Name></Name>
<Val>7.26971689579041E-5</Val>
</DBL>
<DBL>
<Name></Name>
<Val>4.97911457142693E-4</Val>
</DBL>
<DBL>
<Name></Name>
<Val>9.27378061518015E-6</Val>
</DBL>
<DBL>
<Name></Name>
<Val>4.19044155656311E-4</Val>
</DBL>
<DBL>
<Name></Name>
<Val>7.19760710563176E-3</Val>
</DBL>
<DBL>
<Name></Name>
<Val>5.55221420830575E-2</Val>
</DBL>
<DBL>
<Name></Name>
<Val>0.16655404000426</Val>
</DBL>
<DBL>
<Name></Name>
<Val>0.75989981240824</Val>
</DBL>
<DBL>
<Name></Name>
<Val>9.34437736345546E-3</Val>
</DBL>
<DBL>
<Name></Name>
<Val>4.75602111309676E-4</Val>
</DBL>
<DBL>
<Name></Name>
<Val>7.35229757190942E-5</Val>
</DBL>
<DBL>
<Name></Name>
<Val>5.04578012053045E-4</Val>
</DBL>
<DBL>
<Name></Name>
<Val>9.12907415644142E-6</Val>
</DBL>
<DBL>
<Name></Name>
<Val>4.12533910621015E-4</Val>
</DBL>
<DBL>
<Name></Name>
<Val>7.08977633031447E-3</Val>
</DBL>
<DBL>
<Name></Name>
<Val>5.47531868143181E-2</Val>
</DBL>
<DBL>
<Name></Name>
<Val>0.16665420779968</Val>
</DBL>
<DBL>
<Name></Name>
<Val>0.76066551641966</Val>
</DBL>
<DBL>
<Name></Name>
<Val>9.35386865582159E-3</Val>
</DBL>
<DBL>
<Name></Name>
<Val>4.76242879544082E-4</Val>
</DBL>
<DBL>
<Name></Name>
<Val>7.43421718674768E-5</Val>
</DBL>
<DBL>
<Name></Name>
<Val>5.11195944011814E-4</Val>
</DBL>
<DBL>
<Name></Name>
<Val>8.99115398303900E-6</Val>
</DBL>
<DBL>
<Name></Name>
<Val>4.06328975372418E-4</Val>
</DBL>
<DBL>
<Name></Name>
<Val>6.98700239530747E-3</Val>
</DBL>
<DBL>
<Name></Name>
<Val>5.40202912353056E-2</Val>
</DBL>
<DBL>
<Name></Name>
<Val>0.16674962561899</Val>
</DBL>
<DBL>
<Name></Name>
<Val>0.76139507015212</Val>
</DBL>
<DBL>
<Name></Name>
<Val>9.36291224402734E-3</Val>
</DBL>
<DBL>
<Name></Name>
<Val>4.76858383682796E-4</Val>
</DBL>
<DBL>
<Name></Name>
<Val>7.51547681494244E-5</Val>
</DBL>
<DBL>
<Name></Name>
<Val>5.17765073064929E-4</Val>
</DBL>
<DBL>
<Name></Name>
<Val>8.85970174899457E-6</Val>
</DBL>
<DBL>
<Name></Name>
<Val>4.00415027773752E-4</Val>
</DBL>
<DBL>
<Name></Name>
<Val>6.88904808407284E-3</Val>
</DBL>
<DBL>
<Name></Name>
<Val>5.33217637969172E-2</Val>
</DBL>
<DBL>
<Name></Name>
<Val>0.16684051677306</Val>
</DBL>
<DBL>
<Name></Name>
<Val>0.76209017166981</Val>
</DBL>
<DBL>
<Name></Name>
<Val>9.37152915412153E-3</Val>
</DBL>
<DBL>
<Name></Name>
<Val>4.77449764260447E-4</Val>
</DBL>
<DBL>
<Name></Name>
<Val>7.59607775966495E-5</Val>
</DBL>
<DBL>
<Name></Name>
<Val>5.24285250631304E-4</Val>
</DBL>
<DBL>
<Name></Name>
<Val>8.73441404284279E-6</Val>
</DBL>
<DBL>
<Name></Name>
<Val>3.94778417580267E-4</Val>
</DBL>
<DBL>
<Name></Name>
<Val>6.79568730856572E-3</Val>
</DBL>
<DBL>
<Name></Name>
<Val>5.26559923052495E-2</Val>
</DBL>
<DBL>
<Name></Name>
<Val>0.16692709409208</Val>
</DBL>
<DBL>
<Name></Name>
<Val>0.76275243935501</Val>
</DBL>
<DBL>
<Name></Name>
<Val>9.37973942553629E-3</Val>
</DBL>
<DBL>
<Name></Name>
<Val>4.78018108721624E-4</Val>
</DBL>
<DBL>
<Name></Name>
<Val>7.67602153929995E-5</Val>
</DBL>
<DBL>
<Name></Name>
<Val>5.30756357817358E-4</Val>
</DBL>
<DBL>
<Name></Name>
<Val>8.61500168700313E-6</Val>
</DBL>
<DBL>
<Name></Name>
<Val>3.89406134918520E-4</Val>
</DBL>
<DBL>
<Name></Name>
<Val>6.70670458715927E-3</Val>
</DBL>
<DBL>
<Name></Name>
<Val>5.20214401987809E-2</Val>
</DBL>
<DBL>
<Name></Name>
<Val>0.16700956041725</Val>
</DBL>
<DBL>
<Name></Name>
<Val>0.76338341564637</Val>
</DBL>
<DBL>
<Name></Name>
<Val>9.38756215737460E-3</Val>
</DBL>
<DBL>
<Name></Name>
<Val>4.78564453907634E-4</Val>
</DBL>
<DBL>
<Name></Name>
<Val>7.75530987477444E-5</Val>
</DBL>
<DBL>
<Name></Name>
<Val>5.37178303812605E-4</Val>
</DBL>
<DBL>
<Name></Name>
<Val>8.50118907002052E-6</Val>
</DBL>
<DBL>
<Name></Name>
<Val>3.84285780244405E-4</Val>
</DBL>
<DBL>
<Name></Name>
<Val>6.62189454706210E-3</Val>
</DBL>
<DBL>
<Name></Name>
<Val>5.14166430002044E-2</Val>
</DBL>
<DBL>
<Name></Name>
<Val>0.16708810906945</Val>
</DBL>
<DBL>
<Name></Name>
<Val>0.76398457060188</Val>
</DBL>
<DBL>
<Name></Name>
<Val>9.39501555252645E-3</Val>
</DBL>
<DBL>
<Name></Name>
<Val>4.79089788426640E-4</Val>
</DBL>
<DBL>
<Name></Name>
<Val>7.83394467750473E-5</Val>
</DBL>
<DBL>
<Name></Name>
<Val>5.43551024362487E-4</Val>
</DBL>
<DBL>
<Name></Name>
<Val>8.39271351013297E-6</Val>
</DBL>
<DBL>
<Name></Name>
<Val>3.79405535710563E-4</Val>
</DBL>
<DBL>
<Name></Name>
<Val>6.54106145007903E-3</Val>
</DBL>
<DBL>
<Name></Name>
<Val>5.08402049347166E-2</Val>
</DBL>
<DBL>
<Name></Name>
<Val>0.16716292429594</Val>
</DBL>
<DBL>
<Name></Name>
<Val>0.76455730529472</Val>
</DBL>
<DBL>
<Name></Name>
<Val>9.40211695971515E-3</Val>
</DBL>
<DBL>
<Name></Name>
<Val>4.79595054912631E-4</Val>
</DBL>
<DBL>
<Name></Name>
<Val>7.91192803793284E-5</Val>
</DBL>
<DBL>
<Name></Name>
<Val>5.49874480314795E-4</Val>
</DBL>
<DBL>
<Name></Name>
<Val>8.28932464869641E-6</Val>
</DBL>
<DBL>
<Name></Name>
<Val>3.74754137877038E-4</Val>
</DBL>
<DBL>
<Name></Name>
<Val>6.46401874062001E-3</Val>
</DBL>
<DBL>
<Name></Name>
<Val>5.02907957069556E-2</Val>
</DBL>
<DBL>
<Name></Name>
<Val>0.16723418169605</Val>
</DBL>
<DBL>
<Name></Name>
<Val>0.76510295504972</Val>
</DBL>
<DBL>
<Name></Name>
<Val>9.40888291357128E-3</Val>
</DBL>
<DBL>
<Name></Name>
<Val>4.80081152178465E-4</Val>
</DBL>
<DBL>
<Name></Name>
<Val>7.98926221462413E-5</Val>
</DBL>
<DBL>
<Name></Name>
<Val>5.56148656236232E-4</Val>
</DBL>
<DBL>
<Name></Name>
<Val>8.19078387206603E-6</Val>
</DBL>
<DBL>
<Name></Name>
<Val>3.70320851702176E-4</Val>
</DBL>
<DBL>
<Name></Name>
<Val>6.39058861491345E-3</Val>
</DBL>
<DBL>
<Name></Name>
<Val>4.97671474291427E-2</Val>
</DBL>
<DBL>
<Name></Name>
<Val>0.16730204862690</Val>
</DBL>
<DBL>
<Name></Name>
<Val>0.76562279252804</Val>
</DBL>
<DBL>
<Name></Name>
<Val>9.41532917282645E-3</Val>
</DBL>
<DBL>
<Name></Name>
<Val>4.80548937267930E-4</Val>
</DBL>
<DBL>
<Name></Name>
<Val>8.06594962389985E-5</Val>
</DBL>
<DBL>
<Name></Name>
<Val>5.62373559095781E-4</Val>
</DBL>
<DBL>
<Name></Name>
<Val>8.09686376059929E-6</Val>
</DBL>
<DBL>
<Name></Name>
<Val>3.66095445753702E-4</Val>
</DBL>
<DBL>
<Name></Name>
<Val>6.32060161042942E-3</Val>
</DBL>
<DBL>
<Name></Name>
<Val>4.92680516933363E-2</Val>
</DBL>
<DBL>
<Name></Name>
<Val>0.16736668459018</Val>
</DBL>
<DBL>
<Name></Name>
<Val>0.76611803066710</Val>
</DBL>
<DBL>
<Name></Name>
<Val>9.42147075671536E-3</Val>
</DBL>
<DBL>
<Name></Name>
<Val>4.80999227411575E-4</Val>
</DBL>
<DBL>
<Name></Name>
<Val>8.14199282997902E-5</Val>
</DBL>
<DBL>
<Name></Name>
<Val>5.68549217011755E-4</Val>
</DBL>
<DBL>
<Name></Name>
<Val>8.00734756350795E-6</Val>
</DBL>
<DBL>
<Name></Name>
<Val>3.62068168582726E-4</Val>
</DBL>
<DBL>
<Name></Name>
<Val>6.25389621456421E-3</Val>
</DBL>
<DBL>
<Name></Name>
<Val>4.87923567810364E-2</Val>
</DBL>
<DBL>
<Name></Name>
<Val>0.16742824160063</Val>
</DBL>
<DBL>
<Name></Name>
<Val>0.76658982548265</Val>
</DBL>
<DBL>
<Name></Name>
<Val>9.42732197967002E-3</Val>
</DBL>
<DBL>
<Name></Name>
<Val>4.81432801890819E-4</Val>
</DBL>
<DBL>
<Name></Name>
<Val>8.21739453560586E-5</Val>
</DBL>
<DBL>
<Name></Name>
<Val>5.74675678059498E-4</Val>
</DBL>
<DBL>
<Name></Name>
<Val>7.92202869834670E-6</Val>
</DBL>
<DBL>
<Name></Name>
<Val>3.58229726206129E-4</Val>
</DBL>
<DBL>
<Name></Name>
<Val>6.19031849168302E-3</Val>
</DBL>
<DBL>
<Name></Name>
<Val>4.83389650036959E-2</Val>
</DBL>
<DBL>
<Name></Name>
<Val>0.16748686453739</Val>
</DBL>
<DBL>
<Name></Name>
<Val>0.76703927873926</Val>
</DBL>
<DBL>
<Name></Name>
<Val>9.43289648438633E-3</Val>
</DBL>
<DBL>
<Name></Name>
<Val>4.81850403814647E-4</Val>
</DBL>
<DBL>
<Name></Name>
<Val>8.29215757313943E-5</Val>
</DBL>
<DBL>
<Name></Name>
<Val>5.80753009136891E-4</Val>
</DBL>
<DBL>
<Name></Name>
<Val>7.84071027398254E-6</Val>
</DBL>
<DBL>
<Name></Name>
<Val>3.54571260645327E-4</Val>
</DBL>
<DBL>
<Name></Name>
<Val>6.12972172765930E-3</Val>
</DBL>
<DBL>
<Name></Name>
<Val>4.79068301679979E-2</Val>
</DBL>
<DBL>
<Name></Name>
<Val>0.16754269147875</Val>
</DBL>
<DBL>
<Name></Name>
<Val>0.76746744049568</Val>
</DBL>
<DBL>
<Name></Name>
<Val>9.43820727333946E-3</Val>
</DBL>
<DBL>
<Name></Name>
<Val>4.82252741812981E-4</Val>
</DBL>
<DBL>
<Name></Name>
<Val>8.36628489608388E-5</Val>
</DBL>
<DBL>
<Name></Name>
<Val>5.86781294884925E-4</Val>
</DBL>
<DBL>
<Name></Name>
<Val>7.76320463594321E-6</Val>
</DBL>
<DBL>
<Name></Name>
<Val>3.51084329471861E-4</Val>
</DBL>
<DBL>
<Name></Name>
<Val>6.07196609108994E-3</Val>
</DBL>
<DBL>
<Name></Name>
<Val>4.74949551600458E-2</Val>
</DBL>
<DBL>
<Name></Name>
<Val>0.16759585402125</Val>
</DBL>
<DBL>
<Name></Name>
<Val>0.76787531153066</Val>
</DBL>
<DBL>
<Name></Name>
<Val>9.44326673882054E-3</Val>
</DBL>
<DBL>
<Name></Name>
<Val>4.82640491650649E-4</Val>
</DBL>
<DBL>
<Name></Name>
<Val>8.43977957103823E-5</Val>
</DBL>
<DBL>
<Name></Name>
<Val>5.92760636660746E-4</Val>
</DBL>
</Array>
<Array>
<Name>StateAdjacencyMatrix</Name>
<Dimsize>10</Dimsize>
<Dimsize>10</Dimsize>
<String>
<Name></Name>
<Val>@</Val>
</String>
<String>
<Name></Name>
<Val>A</Val>
</String>
<String>
<Name></Name>
<Val>@</Val>
</String>
<String>
<Name></Name>
<Val>@</Val>
</String>
<String>
<Name></Name>
<Val>@</Val>
</String>
<String>
<Name></Name>
<Val>@</Val>
</String>
<String>
<Name></Name>
<Val>@</Val>
</String>
<String>
<Name></Name>
<Val>@</Val>
</String>
<String>
<Name></Name>
<Val>@</Val>
</String>
<String>
<Name></Name>
<Val>@</Val>
</String>
<String>
<Name></Name>
<Val>H</Val>
</String>
<String>
<Name></Name>
<Val>@</Val>
</String>
<String>
<Name></Name>
<Val>F</Val>
</String>
<String>
<Name></Name>
<Val>@</Val>
</String>
<String>
<Name></Name>
<Val>@</Val>
</String>
<String>
<Name></Name>
<Val>@</Val>
</String>
<String>
<Name></Name>
<Val>@</Val>
</String>
<String>
<Name></Name>
<Val>@</Val>
</String>
<String>
<Name></Name>
<Val>@</Val>
</String>
<String>
<Name></Name>
<Val>@</Val>
</String>
<String>
<Name></Name>
<Val>@</Val>
</String>
<String>
<Name></Name>
<Val>G</Val>
</String>
<String>
<Name></Name>
<Val>@</Val>
</String>
<String>
<Name></Name>
<Val>J</Val>
</String>
<String>
<Name></Name>
<Val>@</Val>
</String>
<String>
<Name></Name>
<Val>@</Val>
</String>
<String>
<Name></Name>
<Val>@</Val>
</String>
<String>
<Name></Name>
<Val>@</Val>
</String>
<String>
<Name></Name>
<Val>@</Val>
</String>
<String>
<Name></Name>
<Val>@</Val>
</String>
<String>
<Name></Name>
<Val>@</Val>
</String>
<String>
<Name></Name>
<Val>@</Val>
</String>
<String>
<Name></Name>
<Val>K</Val>
</String>
<String>
<Name></Name>
<Val>@</Val>
</String>
<String>
<Name></Name>
<Val>G</Val>
</String>
<String>
<Name></Name>
<Val>@</Val>
</String>
<String>
<Name></Name>
<Val>@</Val>
</String>
<String>
<Name></Name>
<Val>@</Val>
</String>
<String>
<Name></Name>
<Val>@</Val>
</String>
<String>
<Name></Name>
<Val>@</Val>
</String>
<String>
<Name></Name>
<Val>@</Val>
</String>
<String>
<Name></Name>
<Val>@</Val>
</String>
<String>
<Name></Name>
<Val>@</Val>
</String>
<String>
<Name></Name>
<Val>I</Val>
</String>
<String>
<Name></Name>
<Val>@</Val>
</String>
<String>
<Name></Name>
<Val>E</Val>
</String>
<String>
<Name></Name>
<Val>@</Val>
</String>
<String>
<Name></Name>
<Val>@</Val>
</String>
<String>
<Name></Name>
<Val>@</Val>
</String>
<String>
<Name></Name>
<Val>@</Val>
</String>
<String>
<Name></Name>
<Val>@</Val>
</String>
<String>
<Name></Name>
<Val>@</Val>
</String>
<String>
<Name></Name>
<Val>@</Val>
</String>
<String>
<Name></Name>
<Val>@</Val>
</String>
<String>
<Name></Name>
<Val>C</Val>
</String>
<String>
<Name></Name>
<Val>@</Val>
</String>
<String>
<Name></Name>
<Val>D</Val>
</String>
<String>
<Name></Name>
<Val>@</Val>
</String>
<String>
<Name></Name>
<Val>@</Val>
</String>
<String>
<Name></Name>
<Val>@</Val>
</String>
<String>
<Name></Name>
<Val>@</Val>
</String>
<String>
<Name></Name>
<Val>@</Val>
</String>
<String>
<Name></Name>
<Val>@</Val>
</String>
<String>
<Name></Name>
<Val>@</Val>
</String>
<String>
<Name></Name>
<Val>@</Val>
</String>
<String>
<Name></Name>
<Val>A</Val>
</String>
<String>
<Name></Name>
<Val>@</Val>
</String>
<String>
<Name></Name>
<Val>B</Val>
</String>
<String>
<Name></Name>
<Val>@</Val>
</String>
<String>
<Name></Name>
<Val>@</Val>
</String>
<String>
<Name></Name>
<Val>@</Val>
</String>
<String>
<Name></Name>
<Val>@</Val>
</String>
<String>
<Name></Name>
<Val>@</Val>
</String>
<String>
<Name></Name>
<Val>@</Val>
</String>
<String>
<Name></Name>
<Val>@</Val>
</String>
<String>
<Name></Name>
<Val>@</Val>
</String>
<String>
<Name></Name>
<Val>E</Val>
</String>
<String>
<Name></Name>
<Val>@</Val>
</String>
<String>
<Name></Name>
<Val>B</Val>
</String>
<String>
<Name></Name>
<Val>@</Val>
</String>
<String>
<Name></Name>
<Val>@</Val>
</String>
<String>
<Name></Name>
<Val>@</Val>
</String>
<String>
<Name></Name>
<Val>@</Val>
</String>
<String>
<Name></Name>
<Val>@</Val>
</String>
<String>
<Name></Name>
<Val>@</Val>
</String>
<String>
<Name></Name>
<Val>@</Val>
</String>
<String>
<Name></Name>
<Val>@</Val>
</String>
<String>
<Name></Name>
<Val>D</Val>
</String>
<String>
<Name></Name>
<Val>@</Val>
</String>
<String>
<Name></Name>
<Val>F</Val>
</String>
<String>
<Name></Name>
<Val>@</Val>
</String>
<String>
<Name></Name>
<Val>@</Val>
</String>
<String>
<Name></Name>
<Val>@</Val>
</String>
<String>
<Name></Name>
<Val>@</Val>
</String>
<String>
<Name></Name>
<Val>@</Val>
</String>
<String>
<Name></Name>
<Val>@</Val>
</String>
<String>
<Name></Name>
<Val>@</Val>
</String>
<String>
<Name></Name>
<Val>@</Val>
</String>
<String>
<Name></Name>
<Val>C</Val>
</String>
<String>
<Name></Name>
<Val>@</Val>
</String>
</Array>
<Cluster>
<Name>IntegrationParams</Name>
<NumElts>4</NumElts>
<DBL>
<Name>time start</Name>
<Val>0.00000000000000</Val>
</DBL>
<DBL>
<Name>time end</Name>
<Val>999.00000000000000</Val>
</DBL>
<DBL>
<Name>h (step rate)</Name>
<Val>0.10000000000000</Val>
</DBL>
<Array>
<Name>X0</Name>
<Dimsize>10</Dimsize>
<I32>
<Name></Name>
<Val>1</Val>
</I32>
<I32>
<Name></Name>
<Val>0</Val>
</I32>
<I32>
<Name></Name>
<Val>0</Val>
</I32>
<I32>
<Name></Name>
<Val>0</Val>
</I32>
<I32>
<Name></Name>
<Val>0</Val>
</I32>
<I32>
<Name></Name>
<Val>0</Val>
</I32>
<I32>
<Name></Name>
<Val>0</Val>
</I32>
<I32>
<Name></Name>
<Val>0</Val>
</I32>
<I32>
<Name></Name>
<Val>0</Val>
</I32>
<I32>
<Name></Name>
<Val>0</Val>
</I32>
</Array>
</Cluster>
<Array>
<Name>StateNames</Name>
<Dimsize>10</Dimsize>
<String>
<Name>string</Name>
<Val>a</Val>
</String>
<String>
<Name>string</Name>
<Val>b</Val>
</String>
<String>
<Name>string</Name>
<Val>c</Val>
</String>
<String>
<Name>string</Name>
<Val>d</Val>
</String>
<String>
<Name>string</Name>
<Val>e</Val>
</String>
<String>
<Name>string</Name>
<Val>f</Val>
</String>
<String>
<Name>string</Name>
<Val>g</Val>
</String>
<String>
<Name>string</Name>
<Val>h</Val>
</String>
<String>
<Name>string</Name>
<Val>i</Val>
</String>
<String>
<Name>string</Name>
<Val>j</Val>
</String>
</Array>
</Cluster>
</LVData>