<?xml version='1.0' standalone='yes' ?>
<LVData xmlns="http://www.ni.com/LVData">
<Version>10.0.1</Version>
<Cluster>
<Name>ModelData</Name>
<NumElts>7</NumElts>
<Array>
<Name>Transitions</Name>
<Dimsize>16</Dimsize>
<Dimsize>2</Dimsize>
<String>
<Name>string</Name>
<Val>A</Val>
</String>
<String>
<Name>string</Name>
<Val>A</Val>
</String>
<String>
<Name>string</Name>
<Val>B</Val>
</String>
<String>
<Name>string</Name>
<Val>B</Val>
</String>
<String>
<Name>string</Name>
<Val>C</Val>
</String>
<String>
<Name>string</Name>
<Val>C</Val>
</String>
<String>
<Name>string</Name>
<Val>D</Val>
</String>
<String>
<Name>string</Name>
<Val>D</Val>
</String>
<String>
<Name>string</Name>
<Val>E</Val>
</String>
<String>
<Name>string</Name>
<Val>E</Val>
</String>
<String>
<Name>string</Name>
<Val>F</Val>
</String>
<String>
<Name>string</Name>
<Val>F</Val>
</String>
<String>
<Name>string</Name>
<Val>G</Val>
</String>
<String>
<Name>string</Name>
<Val>G</Val>
</String>
<String>
<Name>string</Name>
<Val>H</Val>
</String>
<String>
<Name>string</Name>
<Val>H</Val>
</String>
<String>
<Name>string</Name>
<Val>I</Val>
</String>
<String>
<Name>string</Name>
<Val>I</Val>
</String>
<String>
<Name>string</Name>
<Val>J</Val>
</String>
<String>
<Name>string</Name>
<Val>J</Val>
</String>
<String>
<Name>string</Name>
<Val>K</Val>
</String>
<String>
<Name>string</Name>
<Val>K</Val>
</String>
<String>
<Name>string</Name>
<Val>L</Val>
</String>
<String>
<Name>string</Name>
<Val>L</Val>
</String>
<String>
<Name>string</Name>
<Val>M</Val>
</String>
<String>
<Name>string</Name>
<Val>M</Val>
</String>
<String>
<Name>string</Name>
<Val>N</Val>
</String>
<String>
<Name>string</Name>
<Val>N</Val>
</String>
<String>
<Name>string</Name>
<Val>O</Val>
</String>
<String>
<Name>string</Name>
<Val>O</Val>
</String>
<String>
<Name>string</Name>
<Val>P</Val>
</String>
<String>
<Name>string</Name>
<Val>P</Val>
</String>
</Array>
<Array>
<Name>RealValues</Name>
<Dimsize>16</Dimsize>
<Dimsize>2</Dimsize>
<String>
<Name>string</Name>
<Val>A</Val>
</String>
<String>
<Name>string</Name>
<Val>0,000056</Val>
</String>
<String>
<Name>string</Name>
<Val>B</Val>
</String>
<String>
<Name>string</Name>
<Val>0,379627</Val>
</String>
<String>
<Name>string</Name>
<Val>C</Val>
</String>
<String>
<Name>string</Name>
<Val>0,882148</Val>
</String>
<String>
<Name>string</Name>
<Val>D</Val>
</String>
<String>
<Name>string</Name>
<Val>0,000857</Val>
</String>
<String>
<Name>string</Name>
<Val>E</Val>
</String>
<String>
<Name>string</Name>
<Val>0,021482</Val>
</String>
<String>
<Name>string</Name>
<Val>F</Val>
</String>
<String>
<Name>string</Name>
<Val>0,006031</Val>
</String>
<String>
<Name>string</Name>
<Val>G</Val>
</String>
<String>
<Name>string</Name>
<Val>0,078081</Val>
</String>
<String>
<Name>string</Name>
<Val>H</Val>
</String>
<String>
<Name>string</Name>
<Val>0,066916</Val>
</String>
<String>
<Name>string</Name>
<Val>I</Val>
</String>
<String>
<Name>string</Name>
<Val>0,000451</Val>
</String>
<String>
<Name>string</Name>
<Val>J</Val>
</String>
<String>
<Name>string</Name>
<Val>0,072596</Val>
</String>
<String>
<Name>string</Name>
<Val>K</Val>
</String>
<String>
<Name>string</Name>
<Val>0,002599</Val>
</String>
<String>
<Name>string</Name>
<Val>L</Val>
</String>
<String>
<Name>string</Name>
<Val>0,000712</Val>
</String>
<String>
<Name>string</Name>
<Val>M</Val>
</String>
<String>
<Name>string</Name>
<Val>0,008606</Val>
</String>
<String>
<Name>string</Name>
<Val>N</Val>
</String>
<String>
<Name>string</Name>
<Val>0,052944</Val>
</String>
<String>
<Name>string</Name>
<Val>O</Val>
</String>
<String>
<Name>string</Name>
<Val>0,068283</Val>
</String>
<String>
<Name>string</Name>
<Val>P</Val>
</String>
<String>
<Name>string</Name>
<Val>0,003091</Val>
</String>
</Array>
<Array>
<Name>Times</Name>
<Dimsize>100</Dimsize>
<DBL>
<Name></Name>
<Val>0.00000000000000</Val>
</DBL>
<DBL>
<Name></Name>
<Val>10.00000000000000</Val>
</DBL>
<DBL>
<Name></Name>
<Val>20.00000000000000</Val>
</DBL>
<DBL>
<Name></Name>
<Val>30.00000000000000</Val>
</DBL>
<DBL>
<Name></Name>
<Val>40.00000000000000</Val>
</DBL>
<DBL>
<Name></Name>
<Val>50.00000000000000</Val>
</DBL>
<DBL>
<Name></Name>
<Val>60.00000000000000</Val>
</DBL>
<DBL>
<Name></Name>
<Val>70.00000000000000</Val>
</DBL>
<DBL>
<Name></Name>
<Val>80.00000000000000</Val>
</DBL>
<DBL>
<Name></Name>
<Val>90.00000000000000</Val>
</DBL>
<DBL>
<Name></Name>
<Val>100.00000000000000</Val>
</DBL>
<DBL>
<Name></Name>
<Val>110.00000000000000</Val>
</DBL>
<DBL>
<Name></Name>
<Val>120.00000000000000</Val>
</DBL>
<DBL>
<Name></Name>
<Val>130.00000000000000</Val>
</DBL>
<DBL>
<Name></Name>
<Val>140.00000000000000</Val>
</DBL>
<DBL>
<Name></Name>
<Val>150.00000000000000</Val>
</DBL>
<DBL>
<Name></Name>
<Val>160.00000000000000</Val>
</DBL>
<DBL>
<Name></Name>
<Val>170.00000000000000</Val>
</DBL>
<DBL>
<Name></Name>
<Val>180.00000000000000</Val>
</DBL>
<DBL>
<Name></Name>
<Val>190.00000000000000</Val>
</DBL>
<DBL>
<Name></Name>
<Val>200.00000000000000</Val>
</DBL>
<DBL>
<Name></Name>
<Val>210.00000000000000</Val>
</DBL>
<DBL>
<Name></Name>
<Val>220.00000000000000</Val>
</DBL>
<DBL>
<Name></Name>
<Val>230.00000000000000</Val>
</DBL>
<DBL>
<Name></Name>
<Val>240.00000000000000</Val>
</DBL>
<DBL>
<Name></Name>
<Val>250.00000000000000</Val>
</DBL>
<DBL>
<Name></Name>
<Val>260.00000000000000</Val>
</DBL>
<DBL>
<Name></Name>
<Val>270.00000000000000</Val>
</DBL>
<DBL>
<Name></Name>
<Val>280.00000000000000</Val>
</DBL>
<DBL>
<Name></Name>
<Val>290.00000000000000</Val>
</DBL>
<DBL>
<Name></Name>
<Val>300.00000000000000</Val>
</DBL>
<DBL>
<Name></Name>
<Val>310.00000000000000</Val>
</DBL>
<DBL>
<Name></Name>
<Val>320.00000000000000</Val>
</DBL>
<DBL>
<Name></Name>
<Val>330.00000000000000</Val>
</DBL>
<DBL>
<Name></Name>
<Val>340.00000000000000</Val>
</DBL>
<DBL>
<Name></Name>
<Val>350.00000000000000</Val>
</DBL>
<DBL>
<Name></Name>
<Val>360.00000000000000</Val>
</DBL>
<DBL>
<Name></Name>
<Val>370.00000000000000</Val>
</DBL>
<DBL>
<Name></Name>
<Val>380.00000000000000</Val>
</DBL>
<DBL>
<Name></Name>
<Val>390.00000000000000</Val>
</DBL>
<DBL>
<Name></Name>
<Val>400.00000000000000</Val>
</DBL>
<DBL>
<Name></Name>
<Val>410.00000000000000</Val>
</DBL>
<DBL>
<Name></Name>
<Val>420.00000000000000</Val>
</DBL>
<DBL>
<Name></Name>
<Val>430.00000000000000</Val>
</DBL>
<DBL>
<Name></Name>
<Val>440.00000000000000</Val>
</DBL>
<DBL>
<Name></Name>
<Val>450.00000000000000</Val>
</DBL>
<DBL>
<Name></Name>
<Val>460.00000000000000</Val>
</DBL>
<DBL>
<Name></Name>
<Val>470.00000000000000</Val>
</DBL>
<DBL>
<Name></Name>
<Val>480.00000000000000</Val>
</DBL>
<DBL>
<Name></Name>
<Val>490.00000000000000</Val>
</DBL>
<DBL>
<Name></Name>
<Val>500.00000000000000</Val>
</DBL>
<DBL>
<Name></Name>
<Val>510.00000000000000</Val>
</DBL>
<DBL>
<Name></Name>
<Val>520.00000000000000</Val>
</DBL>
<DBL>
<Name></Name>
<Val>530.00000000000000</Val>
</DBL>
<DBL>
<Name></Name>
<Val>540.00000000000000</Val>
</DBL>
<DBL>
<Name></Name>
<Val>550.00000000000000</Val>
</DBL>
<DBL>
<Name></Name>
<Val>560.00000000000000</Val>
</DBL>
<DBL>
<Name></Name>
<Val>570.00000000000000</Val>
</DBL>
<DBL>
<Name></Name>
<Val>580.00000000000000</Val>
</DBL>
<DBL>
<Name></Name>
<Val>590.00000000000000</Val>
</DBL>
<DBL>
<Name></Name>
<Val>600.00000000000000</Val>
</DBL>
<DBL>
<Name></Name>
<Val>610.00000000000000</Val>
</DBL>
<DBL>
<Name></Name>
<Val>620.00000000000000</Val>
</DBL>
<DBL>
<Name></Name>
<Val>630.00000000000000</Val>
</DBL>
<DBL>
<Name></Name>
<Val>640.00000000000000</Val>
</DBL>
<DBL>
<Name></Name>
<Val>650.00000000000000</Val>
</DBL>
<DBL>
<Name></Name>
<Val>660.00000000000000</Val>
</DBL>
<DBL>
<Name></Name>
<Val>670.00000000000000</Val>
</DBL>
<DBL>
<Name></Name>
<Val>680.00000000000000</Val>
</DBL>
<DBL>
<Name></Name>
<Val>690.00000000000000</Val>
</DBL>
<DBL>
<Name></Name>
<Val>700.00000000000000</Val>
</DBL>
<DBL>
<Name></Name>
<Val>710.00000000000000</Val>
</DBL>
<DBL>
<Name></Name>
<Val>720.00000000000000</Val>
</DBL>
<DBL>
<Name></Name>
<Val>730.00000000000000</Val>
</DBL>
<DBL>
<Name></Name>
<Val>740.00000000000000</Val>
</DBL>
<DBL>
<Name></Name>
<Val>750.00000000000000</Val>
</DBL>
<DBL>
<Name></Name>
<Val>760.00000000000000</Val>
</DBL>
<DBL>
<Name></Name>
<Val>770.00000000000000</Val>
</DBL>
<DBL>
<Name></Name>
<Val>780.00000000000000</Val>
</DBL>
<DBL>
<Name></Name>
<Val>790.00000000000000</Val>
</DBL>
<DBL>
<Name></Name>
<Val>800.00000000000000</Val>
</DBL>
<DBL>
<Name></Name>
<Val>810.00000000000000</Val>
</DBL>
<DBL>
<Name></Name>
<Val>820.00000000000000</Val>
</DBL>
<DBL>
<Name></Name>
<Val>830.00000000000000</Val>
</DBL>
<DBL>
<Name></Name>
<Val>840.00000000000000</Val>
</DBL>
<DBL>
<Name></Name>
<Val>850.00000000000000</Val>
</DBL>
<DBL>
<Name></Name>
<Val>860.00000000000000</Val>
</DBL>
<DBL>
<Name></Name>
<Val>870.00000000000000</Val>
</DBL>
<DBL>
<Name></Name>
<Val>880.00000000000000</Val>
</DBL>
<DBL>
<Name></Name>
<Val>890.00000000000000</Val>
</DBL>
<DBL>
<Name></Name>
<Val>900.00000000000000</Val>
</DBL>
<DBL>
<Name></Name>
<Val>910.00000000000000</Val>
</DBL>
<DBL>
<Name></Name>
<Val>920.00000000000000</Val>
</DBL>
<DBL>
<Name></Name>
<Val>930.00000000000000</Val>
</DBL>
<DBL>
<Name></Name>
<Val>940.00000000000000</Val>
</DBL>
<DBL>
<Name></Name>
<Val>950.00000000000000</Val>
</DBL>
<DBL>
<Name></Name>
<Val>960.00000000000000</Val>
</DBL>
<DBL>
<Name></Name>
<Val>970.00000000000000</Val>
</DBL>
<DBL>
<Name></Name>
<Val>980.00000000000000</Val>
</DBL>
<DBL>
<Name></Name>
<Val>990.00000000000000</Val>
</DBL>
</Array>
<Array>
<Name>RealSolution</Name>
<Dimsize>100</Dimsize>
<Dimsize>10</Dimsize>
<DBL>
<Name></Name>
<Val>1.00000000000000</Val>
</DBL>
<DBL>
<Name></Name>
<Val>0.00000000000000</Val>
</DBL>
<DBL>
<Name></Name>
<Val>0.00000000000000</Val>
</DBL>
<DBL>
<Name></Name>
<Val>0.00000000000000</Val>
</DBL>
<DBL>
<Name></Name>
<Val>0.00000000000000</Val>
</DBL>
<DBL>
<Name></Name>
<Val>0.00000000000000</Val>
</DBL>
<DBL>
<Name></Name>
<Val>0.00000000000000</Val>
</DBL>
<DBL>
<Name></Name>
<Val>0.00000000000000</Val>
</DBL>
<DBL>
<Name></Name>
<Val>0.00000000000000</Val>
</DBL>
<DBL>
<Name></Name>
<Val>0.00000000000000</Val>
</DBL>
<DBL>
<Name></Name>
<Val>2.09430341733233E-2</Val>
</DBL>
<DBL>
<Name></Name>
<Val>0.57073412676902</Val>
</DBL>
<DBL>
<Name></Name>
<Val>4.94908047663803E-2</Val>
</DBL>
<DBL>
<Name></Name>
<Val>0.35455750503974</Val>
</DBL>
<DBL>
<Name></Name>
<Val>4.26955082754555E-3</Val>
</DBL>
<DBL>
<Name></Name>
<Val>4.78738382731800E-6</Val>
</DBL>
<DBL>
<Name></Name>
<Val>1.71686182427107E-7</Val>
</DBL>
<DBL>
<Name></Name>
<Val>1.77125507722094E-8</Val>
</DBL>
<DBL>
<Name></Name>
<Val>1.12099321460205E-9</Val>
</DBL>
<DBL>
<Name></Name>
<Val>5.20439133081903E-10</Val>
</DBL>
<DBL>
<Name></Name>
<Val>4.87011104942135E-4</Val>
</DBL>
<DBL>
<Name></Name>
<Val>0.29010574254793</Val>
</DBL>
<DBL>
<Name></Name>
<Val>2.60992683400448E-2</Val>
</DBL>
<DBL>
<Name></Name>
<Val>0.66307909352787</Val>
</DBL>
<DBL>
<Name></Name>
<Val>2.01744529117936E-2</Val>
</DBL>
<DBL>
<Name></Name>
<Val>5.01456414844642E-5</Val>
</DBL>
<DBL>
<Name></Name>
<Val>3.39439839127126E-6</Val>
</DBL>
<DBL>
<Name></Name>
<Val>7.33755237051846E-7</Val>
</DBL>
<DBL>
<Name></Name>
<Val>7.54386668454202E-8</Val>
</DBL>
<DBL>
<Name></Name>
<Val>8.23336426397232E-8</Val>
</DBL>
<DBL>
<Name></Name>
<Val>3.48269195712640E-5</Val>
</DBL>
<DBL>
<Name></Name>
<Val>0.14187052811146</Val>
</DBL>
<DBL>
<Name></Name>
<Val>1.31304896746409E-2</Val>
</DBL>
<DBL>
<Name></Name>
<Val>0.80259880998980</Val>
</DBL>
<DBL>
<Name></Name>
<Val>4.21807764792419E-2</Val>
</DBL>
<DBL>
<Name></Name>
<Val>1.63140137983660E-4</Val>
</DBL>
<DBL>
<Name></Name>
<Val>1.49299819022523E-5</Val>
</DBL>
<DBL>
<Name></Name>
<Val>4.79139239483464E-6</Val>
</DBL>
<DBL>
<Name></Name>
<Val>6.06285146980057E-7</Val>
</DBL>
<DBL>
<Name></Name>
<Val>1.10102785760224E-6</Val>
</DBL>
<DBL>
<Name></Name>
<Val>1.27942219082627E-5</Val>
</DBL>
<DBL>
<Name></Name>
<Val>6.94450855154537E-2</Val>
</DBL>
<DBL>
<Name></Name>
<Val>6.77244149020519E-3</Val>
</DBL>
<DBL>
<Name></Name>
<Val>0.85702095836095</Val>
</DBL>
<DBL>
<Name></Name>
<Val>6.63416761415612E-2</Val>
</DBL>
<DBL>
<Name></Name>
<Val>3.45698081800431E-4</Val>
</DBL>
<DBL>
<Name></Name>
<Val>3.77040088089809E-5</Val>
</DBL>
<DBL>
<Name></Name>
<Val>1.56063535505853E-5</Val>
</DBL>
<DBL>
<Name></Name>
<Val>2.22003274059658E-6</Val>
</DBL>
<DBL>
<Name></Name>
<Val>5.81579302368143E-6</Val>
</DBL>
<DBL>
<Name></Name>
<Val>6.19422151249384E-6</Val>
</DBL>
<DBL>
<Name></Name>
<Val>3.41670314855847E-2</Val>
</DBL>
<DBL>
<Name></Name>
<Val>3.66565731851602E-3</Val>
</DBL>
<DBL>
<Name></Name>
<Val>0.87068194230365</Val>
</DBL>
<DBL>
<Name></Name>
<Val>9.07580294672724E-2</Val>
</DBL>
<DBL>
<Name></Name>
<Val>5.89089341474490E-4</Val>
</DBL>
<DBL>
<Name></Name>
<Val>7.19345662294828E-5</Val>
</DBL>
<DBL>
<Name></Name>
<Val>3.55786754397362E-5</Val>
</DBL>
<DBL>
<Name></Name>
<Val>5.46725320803668E-6</Val>
</DBL>
<DBL>
<Name></Name>
<Val>1.90753671135878E-5</Val>
</DBL>
<DBL>
<Name></Name>
<Val>3.06536688655103E-6</Val>
</DBL>
<DBL>
<Name></Name>
<Val>1.69808049743485E-2</Val>
</DBL>
<DBL>
<Name></Name>
<Val>2.14309162749550E-3</Val>
</DBL>
<DBL>
<Name></Name>
<Val>0.86519949438228</Val>
</DBL>
<DBL>
<Name></Name>
<Val>0.11455247559693</Val>
</DBL>
<DBL>
<Name></Name>
<Val>8.81452573446673E-4</Val>
</DBL>
<DBL>
<Name></Name>
<Val>1.16323656333682E-4</Val>
</DBL>
<DBL>
<Name></Name>
<Val>6.55696757424116E-5</Val>
</DBL>
<DBL>
<Name></Name>
<Val>1.06637618697759E-5</Val>
</DBL>
<DBL>
<Name></Name>
<Val>4.70583846666379E-5</Val>
</DBL>
<DBL>
<Name></Name>
<Val>1.54237611137177E-6</Val>
</DBL>
<DBL>
<Name></Name>
<Val>8.60377574675421E-3</Val>
</DBL>
<DBL>
<Name></Name>
<Val>1.39240727669014E-3</Val>
</DBL>
<DBL>
<Name></Name>
<Val>0.85106049754095</Val>
</DBL>
<DBL>
<Name></Name>
<Val>0.13734245240656</Val>
</DBL>
<DBL>
<Name></Name>
<Val>1.21095033093345E-3</Val>
</DBL>
<DBL>
<Name></Name>
<Val>1.68989904941126E-4</Val>
</DBL>
<DBL>
<Name></Name>
<Val>1.05181935704438E-4</Val>
</DBL>
<DBL>
<Name></Name>
<Val>1.78958615509041E-5</Val>
</DBL>
<DBL>
<Name></Name>
<Val>9.63066197981946E-5</Val>
</DBL>
<DBL>
<Name></Name>
<Val>7.99569747491306E-7</Val>
</DBL>
<DBL>
<Name></Name>
<Val>4.51628539643220E-3</Val>
</DBL>
<DBL>
<Name></Name>
<Val>1.01804920706194E-3</Val>
</DBL>
<DBL>
<Name></Name>
<Val>0.83333325951160</Val>
</DBL>
<DBL>
<Name></Name>
<Val>0.15898333751729</Val>
</DBL>
<DBL>
<Name></Name>
<Val>1.56698036981447E-3</Val>
</DBL>
<DBL>
<Name></Name>
<Val>2.27980176008492E-4</Val>
</DBL>
<DBL>
<Name></Name>
<Val>1.53245116574776E-4</Val>
</DBL>
<DBL>
<Name></Name>
<Val>2.70878466435367E-5</Val>
</DBL>
<DBL>
<Name></Name>
<Val>1.72975288829048E-4</Val>
</DBL>
<DBL>
<Name></Name>
<Val>4.36655739183369E-7</Val>
</DBL>
<DBL>
<Name></Name>
<Val>2.51777144431372E-3</Val>
</DBL>
<DBL>
<Name></Name>
<Val>8.27400323554170E-4</Val>
</DBL>
<DBL>
<Name></Name>
<Val>0.81445003189124</Val>
</DBL>
<DBL>
<Name></Name>
<Val>0.17944362790974</Val>
</DBL>
<DBL>
<Name></Name>
<Val>1.94053070508019E-3</Val>
</DBL>
<DBL>
<Name></Name>
<Val>2.91503611896410E-4</Val>
</DBL>
<DBL>
<Name></Name>
<Val>2.08234063443900E-4</Val>
</DBL>
<DBL>
<Name></Name>
<Val>3.80719409034932E-5</Val>
</DBL>
<DBL>
<Name></Name>
<Val>2.82391454090798E-4</Val>
</DBL>
<DBL>
<Name></Name>
<Val>2.58771603422392E-7</Val>
</DBL>
<DBL>
<Name></Name>
<Val>1.53679654221168E-3</Val>
</DBL>
<DBL>
<Name></Name>
<Val>7.26651910818139E-4</Val>
</DBL>
<DBL>
<Name></Name>
<Val>0.79556166078455</Val>
</DBL>
<DBL>
<Name></Name>
<Val>0.19874438896028</Val>
</DBL>
<DBL>
<Name></Name>
<Val>2.32416848431993E-3</Val>
</DBL>
<DBL>
<Name></Name>
<Val>3.58016395597809E-4</Val>
</DBL>
<DBL>
<Name></Name>
<Val>2.68551930885919E-4</Val>
</DBL>
<DBL>
<Name></Name>
<Val>5.06405221258441E-5</Val>
</DBL>
<DBL>
<Name></Name>
<Val>4.28865697611676E-4</Val>
</DBL>
<DBL>
<Name></Name>
<Val>1.71039563812704E-7</Val>
</DBL>
<DBL>
<Name></Name>
<Val>1.05167339672609E-3</Val>
</DBL>
<DBL>
<Name></Name>
<Val>6.70104649463392E-4</Val>
</DBL>
<DBL>
<Name></Name>
<Val>0.77719701626997</Val>
</DBL>
<DBL>
<Name></Name>
<Val>0.21692997061344</Val>
</DBL>
<DBL>
<Name></Name>
<Val>2.71188578379894E-3</Val>
</DBL>
<DBL>
<Name></Name>
<Val>4.26234362949375E-4</Val>
</DBL>
<DBL>
<Name></Name>
<Val>3.32693721220235E-4</Val>
</DBL>
<DBL>
<Name></Name>
<Val>6.45791625145651E-5</Val>
</DBL>
<DBL>
<Name></Name>
<Val>6.15671000350151E-4</Val>
</DBL>
<DBL>
<Name></Name>
<Val>1.27261888732689E-7</Val>
</DBL>
<DBL>
<Name></Name>
<Val>8.08378502736231E-4</Val>
</DBL>
<DBL>
<Name></Name>
<Val>6.35484195653696E-4</Val>
</DBL>
<DBL>
<Name></Name>
<Val>0.75958394048350</Val>
</DBL>
<DBL>
<Name></Name>
<Val>0.23405392592584</Val>
</DBL>
<DBL>
<Name></Name>
<Val>3.09890290955508E-3</Val>
</DBL>
<DBL>
<Name></Name>
<Val>4.95114223326460E-4</Val>
</DBL>
<DBL>
<Name></Name>
<Val>3.99325660824176E-4</Val>
</DBL>
<DBL>
<Name></Name>
<Val>7.96849548697082E-5</Val>
</DBL>
<DBL>
<Name></Name>
<Val>8.45115881802935E-4</Val>
</DBL>
<DBL>
<Name></Name>
<Val>1.04942380625196E-7</Val>
</DBL>
<DBL>
<Name></Name>
<Val>6.83209895553422E-4</Val>
</DBL>
<DBL>
<Name></Name>
<Val>6.11922742846445E-4</Val>
</DBL>
<DBL>
<Name></Name>
<Val>0.74280540364139</Val>
</DBL>
<DBL>
<Name></Name>
<Val>0.25017231330821</Val>
</DBL>
<DBL>
<Name></Name>
<Val>3.48147285493509E-3</Val>
</DBL>
<DBL>
<Name></Name>
<Val>5.63823498601253E-4</Val>
</DBL>
<DBL>
<Name></Name>
<Val>4.67312441784688E-4</Val>
</DBL>
<DBL>
<Name></Name>
<Val>9.57751469575214E-5</Val>
</DBL>
<DBL>
<Name></Name>
<Val>1.11866152734255E-3</Val>
</DBL>
<DBL>
<Name></Name>
<Val>9.31248414128054E-8</Val>
</DBL>
<DBL>
<Name></Name>
<Val>6.15917875601701E-4</Val>
</DBL>
<DBL>
<Name></Name>
<Val>5.94107402684022E-4</Val>
</DBL>
<DBL>
<Name></Name>
<Val>0.72687543320393</Val>
</DBL>
<DBL>
<Name></Name>
<Val>0.26534057815367</Val>
</DBL>
<DBL>
<Name></Name>
<Val>3.85670415819608E-3</Val>
</DBL>
<DBL>
<Name></Name>
<Val>6.31708540132107E-4</Val>
</DBL>
<DBL>
<Name></Name>
<Val>5.35715309118830E-4</Val>
</DBL>
<DBL>
<Name></Name>
<Val>1.12689997115333E-4</Val>
</DBL>
<DBL>
<Name></Name>
<Val>1.43705223470564E-3</Val>
</DBL>
<DBL>
<Name></Name>
<Val>8.64718532907477E-8</Val>
</DBL>
<DBL>
<Name></Name>
<Val>5.77147618493215E-4</Val>
</DBL>
<DBL>
<Name></Name>
<Val>5.79431092061898E-4</Val>
</DBL>
<DBL>
<Name></Name>
<Val>0.71177598869754</Val>
</DBL>
<DBL>
<Name></Name>
<Val>0.27961216365709</Val>
</DBL>
<DBL>
<Name></Name>
<Val>4.22240736469453E-3</Val>
</DBL>
<DBL>
<Name></Name>
<Val>6.98264640826006E-4</Val>
</DBL>
<DBL>
<Name></Name>
<Val>6.03775669637173E-4</Val>
</DBL>
<DBL>
<Name></Name>
<Val>1.30292479071306E-4</Val>
</DBL>
<DBL>
<Name></Name>
<Val>1.80044230873533E-3</Val>
</DBL>
<DBL>
<Name></Name>
<Val>8.23818446460488E-8</Val>
</DBL>
<DBL>
<Name></Name>
<Val>5.52587560476860E-4</Val>
</DBL>
<DBL>
<Name></Name>
<Val>5.66605285287082E-4</Val>
</DBL>
<DBL>
<Name></Name>
<Val>0.69747482774843</Val>
</DBL>
<DBL>
<Name></Name>
<Val>0.29303795172782</Val>
</DBL>
<DBL>
<Name></Name>
<Val>4.57696503379450E-3</Val>
</DBL>
<DBL>
<Name></Name>
<Val>7.63109697018557E-4</Val>
</DBL>
<DBL>
<Name></Name>
<Val>6.70892874563402E-4</Val>
</DBL>
<DBL>
<Name></Name>
<Val>1.48466452506770E-4</Val>
</DBL>
<DBL>
<Name></Name>
<Val>2.20851123825923E-3</Val>
</DBL>
<DBL>
<Name></Name>
<Val>7.95854368987315E-8</Val>
</DBL>
<DBL>
<Name></Name>
<Val>5.35251496270214E-4</Val>
</DBL>
<DBL>
<Name></Name>
<Val>5.54984523633479E-4</Val>
</DBL>
<DBL>
<Name></Name>
<Val>0.68393412264176</Val>
</DBL>
<DBL>
<Name></Name>
<Val>0.30566609770262</Val>
</DBL>
<DBL>
<Name></Name>
<Val>4.91922313533380E-3</Val>
</DBL>
<DBL>
<Name></Name>
<Val>8.25961696698254E-4</Val>
</DBL>
<DBL>
<Name></Name>
<Val>7.36600921392732E-4</Val>
</DBL>
<DBL>
<Name></Name>
<Val>1.67114229454820E-4</Val>
</DBL>
<DBL>
<Name></Name>
<Val>2.66056406739493E-3</Val>
</DBL>
<DBL>
<Name></Name>
<Val>7.74620242719497E-8</Val>
</DBL>
<DBL>
<Name></Name>
<Val>5.21720823006551E-4</Val>
</DBL>
<DBL>
<Name></Name>
<Val>5.44237469527122E-4</Val>
</DBL>
<DBL>
<Name></Name>
<Val>0.67111457860451</Val>
</DBL>
<DBL>
<Name></Name>
<Val>0.31754204767426</Val>
</DBL>
<DBL>
<Name></Name>
<Val>5.24840103762302E-3</Val>
</DBL>
<DBL>
<Name></Name>
<Val>8.86619805664925E-4</Val>
</DBL>
<DBL>
<Name></Name>
<Val>8.00546459950269E-4</Val>
</DBL>
<DBL>
<Name></Name>
<Val>1.86154037775316E-4</Val>
</DBL>
<DBL>
<Name></Name>
<Val>3.15561662565322E-3</Val>
</DBL>
<DBL>
<Name></Name>
<Val>7.57070211653015E-8</Val>
</DBL>
<DBL>
<Name></Name>
<Val>5.10314904082678E-4</Val>
</DBL>
<DBL>
<Name></Name>
<Val>5.34186690264954E-4</Val>
</DBL>
<DBL>
<Name></Name>
<Val>0.65897736670084</Val>
</DBL>
<DBL>
<Name></Name>
<Val>0.32870863666876</Val>
</DBL>
<DBL>
<Name></Name>
<Val>5.56401728394686E-3</Val>
</DBL>
<DBL>
<Name></Name>
<Val>9.44948638016261E-4</Val>
</DBL>
<DBL>
<Name></Name>
<Val>8.62469138099517E-4</Val>
</DBL>
<DBL>
<Name></Name>
<Val>2.05517629948954E-4</Val>
</DBL>
<DBL>
<Name></Name>
<Val>3.69246663901443E-3</Val>
</DBL>
<DBL>
<Name></Name>
<Val>7.41698431256517E-8</Val>
</DBL>
<DBL>
<Name></Name>
<Val>5.00200199715377E-4</Val>
</DBL>
<DBL>
<Name></Name>
<Val>5.24730596376120E-4</Val>
</DBL>
<DBL>
<Name></Name>
<Val>0.64748499710122</Val>
</DBL>
<DBL>
<Name></Name>
<Val>0.33920621902329</Val>
</DBL>
<DBL>
<Name></Name>
<Val>5.86582860489946E-3</Val>
</DBL>
<DBL>
<Name></Name>
<Val>1.00086525875566E-3</Val>
</DBL>
<DBL>
<Name></Name>
<Val>9.22184591707741E-4</Val>
</DBL>
<DBL>
<Name></Name>
<Val>2.25148143217695E-4</Val>
</DBL>
<DBL>
<Name></Name>
<Val>4.26975231097021E-3</Val>
</DBL>
<DBL>
<Name></Name>
<Val>7.27750151084931E-8</Val>
</DBL>
<DBL>
<Name></Name>
<Val>4.90956467668658E-4</Val>
</DBL>
<DBL>
<Name></Name>
<Val>5.15805382790832E-4</Val>
</DBL>
<DBL>
<Name></Name>
<Val>0.63660168052937</Val>
</DBL>
<DBL>
<Name></Name>
<Val>0.34907280805101</Val>
</DBL>
<DBL>
<Name></Name>
<Val>6.15377994384390E-3</Val>
</DBL>
<DBL>
<Name></Name>
<Val>1.05432849073255E-3</Val>
</DBL>
<DBL>
<Name></Name>
<Val>9.79570013555590E-4</Val>
</DBL>
<DBL>
<Name></Name>
<Val>2.44998241082842E-4</Val>
</DBL>
<DBL>
<Name></Name>
<Val>4.88600010492807E-3</Val>
</DBL>
<DBL>
<Name></Name>
<Val>7.14837532353465E-8</Val>
</DBL>
<DBL>
<Name></Name>
<Val>4.82365505503892E-4</Val>
</DBL>
<DBL>
<Name></Name>
<Val>5.07366449701751E-4</Val>
</DBL>
<DBL>
<Name></Name>
<Val>0.62629344432278</Val>
</DBL>
<DBL>
<Name></Name>
<Val>0.35834421450114</Val>
</DBL>
<DBL>
<Name></Name>
<Val>6.42796360492304E-3</Val>
</DBL>
<DBL>
<Name></Name>
<Val>1.10533014598701E-3</Val>
</DBL>
<DBL>
<Name></Name>
<Val>1.03455206808480E-3</Val>
</DBL>
<DBL>
<Name></Name>
<Val>2.65028528141611E-4</Val>
</DBL>
<DBL>
<Name></Name>
<Val>5.53966338997763E-3</Val>
</DBL>
<DBL>
<Name></Name>
<Val>7.02752527347307E-8</Val>
</DBL>
<DBL>
<Name></Name>
<Val>4.74308246825946E-4</Val>
</DBL>
<DBL>
<Name></Name>
<Val>4.99379310613901E-4</Val>
</DBL>
<DBL>
<Name></Name>
<Val>0.61652813257468</Val>
</DBL>
<DBL>
<Name></Name>
<Val>0.36705417927972</Val>
</DBL>
<DBL>
<Name></Name>
<Val>6.68858593621697E-3</Val>
</DBL>
<DBL>
<Name></Name>
<Val>1.15388785471785E-3</Val>
</DBL>
<DBL>
<Name></Name>
<Val>1.08709685957957E-3</Val>
</DBL>
<DBL>
<Name></Name>
<Val>2.85206213222040E-4</Val>
</DBL>
<DBL>
<Name></Name>
<Val>6.22915344917122E-3</Val>
</DBL>
<DBL>
<Name></Name>
<Val>6.91375708473026E-8</Val>
</DBL>
<DBL>
<Name></Name>
<Val>4.66714615701440E-4</Val>
</DBL>
<DBL>
<Name></Name>
<Val>4.91815122240670E-4</Val>
</DBL>
<DBL>
<Name></Name>
<Val>0.60727535315924</Val>
</DBL>
<DBL>
<Name></Name>
<Val>0.37523449872117</Val>
</DBL>
<DBL>
<Name></Name>
<Val>6.93594022498584E-3</Val>
</DBL>
<DBL>
<Name></Name>
<Val>1.20003921568529E-3</Val>
</DBL>
<DBL>
<Name></Name>
<Val>1.13720165724601E-3</Val>
</DBL>
<DBL>
<Name></Name>
<Val>3.05503989917462E-4</Val>
</DBL>
<DBL>
<Name></Name>
<Val>6.95286415623818E-3</Val>
</DBL>
<DBL>
<Name></Name>
<Val>6.80631817168603E-8</Val>
</DBL>
<DBL>
<Name></Name>
<Val>4.59539070570159E-4</Val>
</DBL>
<DBL>
<Name></Name>
<Val>4.84648467231541E-4</Val>
</DBL>
<DBL>
<Name></Name>
<Val>0.59850640200299</Val>
</DBL>
<DBL>
<Name></Name>
<Val>0.38291514201170</Val>
</DBL>
<DBL>
<Name></Name>
<Val>7.17038470700327E-3</Val>
</DBL>
<DBL>
<Name></Name>
<Val>1.24383703693710E-3</Val>
</DBL>
<DBL>
<Name></Name>
<Val>1.18488810226045E-3</Val>
</DBL>
<DBL>
<Name></Name>
<Val>3.25899103384904E-4</Val>
</DBL>
<DBL>
<Name></Name>
<Val>7.70919143473929E-3</Val>
</DBL>
<DBL>
<Name></Name>
<Val>6.70468063420002E-8</Val>
</DBL>
<DBL>
<Name></Name>
<Val>4.52748658282000E-4</Val>
</DBL>
<DBL>
<Name></Name>
<Val>4.77856236143468E-4</Val>
</DBL>
<DBL>
<Name></Name>
<Val>0.59019417918787</Val>
</DBL>
<DBL>
<Name></Name>
<Val>0.39012436094948</Val>
</DBL>
<DBL>
<Name></Name>
<Val>7.39232478111797E-3</Val>
</DBL>
<DBL>
<Name></Name>
<Val>1.28534547459591E-3</Val>
</DBL>
<DBL>
<Name></Name>
<Val>1.23019665350847E-3</Val>
</DBL>
<DBL>
<Name></Name>
<Val>3.46372574628239E-4</Val>
</DBL>
<DBL>
<Name></Name>
<Val>8.49654843755972E-3</Val>
</DBL>
<DBL>
<Name></Name>
<Val>6.60843505499991E-8</Val>
</DBL>
<DBL>
<Name></Name>
<Val>4.46317161333185E-4</Val>
</DBL>
<DBL>
<Name></Name>
<Val>4.71417046846947E-4</Val>
</DBL>
<DBL>
<Name></Name>
<Val>0.58231310380523</Val>
</DBL>
<DBL>
<Name></Name>
<Val>0.39688879246501</Val>
</DBL>
<DBL>
<Name></Name>
<Val>7.60219867794562E-3</Val>
</DBL>
<DBL>
<Name></Name>
<Val>1.32463691032570E-3</Val>
</DBL>
<DBL>
<Name></Name>
<Val>1.27318206242726E-3</Val>
</DBL>
<DBL>
<Name></Name>
<Val>3.66908556835018E-4</Val>
</DBL>
<DBL>
<Name></Name>
<Val>9.31337722969673E-3</Val>
</DBL>
<DBL>
<Name></Name>
<Val>6.51723827636036E-8</Val>
</DBL>
<DBL>
<Name></Name>
<Val>4.40222213885068E-4</Val>
</DBL>
<DBL>
<Name></Name>
<Val>4.65310927694590E-4</Val>
</DBL>
<DBL>
<Name></Name>
<Val>0.57483903076074</Val>
</DBL>
<DBL>
<Name></Name>
<Val>0.40323355440161</Val>
</DBL>
<DBL>
<Name></Name>
<Val>7.80046596262788E-3</Val>
</DBL>
<DBL>
<Name></Name>
<Val>1.36178943564086E-3</Val>
</DBL>
<DBL>
<Name></Name>
<Val>1.31390969928683E-3</Val>
</DBL>
<DBL>
<Name></Name>
<Val>3.87493801865315E-4</Val>
</DBL>
<DBL>
<Name></Name>
<Val>1.01581576242669E-2</Val>
</DBL>
<DBL>
<Name></Name>
<Val>6.43078748812412E-8</Val>
</DBL>
<DBL>
<Name></Name>
<Val>4.34443865216759E-4</Val>
</DBL>
<DBL>
<Name></Name>
<Val>4.59519131078034E-4</Val>
</DBL>
<DBL>
<Name></Name>
<Val>0.56774917093177</Val>
</DBL>
<DBL>
<Name></Name>
<Val>0.40918233506048</Val>
</DBL>
<DBL>
<Name></Name>
<Val>7.98759836015862E-3</Val>
</DBL>
<DBL>
<Name></Name>
<Val>1.39688483415983E-3</Val>
</DBL>
<DBL>
<Name></Name>
<Val>1.35245258182014E-3</Val>
</DBL>
<DBL>
<Name></Name>
<Val>4.08117218319813E-4</Val>
</DBL>
<DBL>
<Name></Name>
<Val>1.10294137091261E-2</Val>
</DBL>
<DBL>
<Name></Name>
<Val>6.34880715424316E-8</Val>
</DBL>
<DBL>
<Name></Name>
<Val>4.28963849774304E-4</Val>
</DBL>
<DBL>
<Name></Name>
<Val>4.54024012316522E-4</Val>
</DBL>
<DBL>
<Name></Name>
<Val>0.56102201521399</Val>
</DBL>
<DBL>
<Name></Name>
<Val>0.41475747698765</Val>
</DBL>
<DBL>
<Name></Name>
<Val>8.16407248158602E-3</Val>
</DBL>
<DBL>
<Name></Name>
<Val>1.43000697194062E-3</Val>
</DBL>
<DBL>
<Name></Name>
<Val>1.38888898189480E-3</Val>
</DBL>
<DBL>
<Name></Name>
<Val>4.28769505586898E-4</Val>
</DBL>
<DBL>
<Name></Name>
<Val>1.19257185071882E-2</Val>
</DBL>
<DBL>
<Name></Name>
<Val>6.27104221647526E-8</Val>
</DBL>
<DBL>
<Name></Name>
<Val>4.23765203003439E-4</Val>
</DBL>
<DBL>
<Name></Name>
<Val>4.48808942091164E-4</Val>
</DBL>
<DBL>
<Name></Name>
<Val>0.55463726258326</Val>
</DBL>
<DBL>
<Name></Name>
<Val>0.41998005544298</Val>
</DBL>
<DBL>
<Name></Name>
<Val>8.33036410362545E-3</Val>
</DBL>
<DBL>
<Name></Name>
<Val>1.46124052179862E-3</Val>
</DBL>
<DBL>
<Name></Name>
<Val>1.42330050701706E-3</Val>
</DBL>
<DBL>
<Name></Name>
<Val>4.49442850843380E-4</Val>
</DBL>
<DBL>
<Name></Name>
<Val>1.28456971349660E-2</Val>
</DBL>
<DBL>
<Name></Name>
<Val>6.19725437904243E-8</Val>
</DBL>
<DBL>
<Name></Name>
<Val>4.18832047187145E-4</Val>
</DBL>
<DBL>
<Name></Name>
<Val>4.43858236845281E-4</Val>
</DBL>
<DBL>
<Name></Name>
<Val>0.54857575210756</Val>
</DBL>
<DBL>
<Name></Name>
<Val>0.42486995195174</Val>
</DBL>
<DBL>
<Name></Name>
<Val>8.48694371552878E-3</Val>
</DBL>
<DBL>
<Name></Name>
<Val>1.49066996054267E-3</Val>
</DBL>
<DBL>
<Name></Name>
<Val>1.45577057121592E-3</Val>
</DBL>
<DBL>
<Name></Name>
<Val>4.70130678174291E-4</Val>
</DBL>
<DBL>
<Name></Name>
<Val>1.37880287586658E-2</Val>
</DBL>
<DBL>
<Name></Name>
<Val>6.12721991660318E-8</Val>
</DBL>
<DBL>
<Name></Name>
<Val>4.14149461606017E-4</Val>
</DBL>
<DBL>
<Name></Name>
<Val>4.39157099468693E-4</Val>
</DBL>
<DBL>
<Name></Name>
<Val>0.54281939875964</Val>
</DBL>
<DBL>
<Name></Name>
<Val>0.42944592330184</Val>
</DBL>
<DBL>
<Name></Name>
<Val>8.63427309767696E-3</Val>
</DBL>
<DBL>
<Name></Name>
<Val>1.51837878883725E-3</Val>
</DBL>
<DBL>
<Name></Name>
<Val>1.48638318469378E-3</Val>
</DBL>
<DBL>
<Name></Name>
<Val>4.90827440821021E-4</Val>
</DBL>
<DBL>
<Name></Name>
<Val>1.47514475932155E-2</Val>
</DBL>
<DBL>
<Name></Name>
<Val>6.06072824576509E-8</Val>
</DBL>
<DBL>
<Name></Name>
<Val>4.09703395212373E-4</Val>
</DBL>
<DBL>
<Name></Name>
<Val>4.34691566435229E-4</Val>
</DBL>
<DBL>
<Name></Name>
<Val>0.53735113284697</Val>
</DBL>
<DBL>
<Name></Name>
<Val>0.43372566631554</Val>
</DBL>
<DBL>
<Name></Name>
<Val>8.77280273814561E-3</Val>
</DBL>
<DBL>
<Name></Name>
<Val>1.54444893229440E-3</Val>
</DBL>
<DBL>
<Name></Name>
<Val>1.51522200397483E-3</Val>
</DBL>
<DBL>
<Name></Name>
<Val>5.11528449108314E-4</Val>
</DBL>
<DBL>
<Name></Name>
<Val>1.57347431450318E-2</Val>
</DBL>
<DBL>
<Name></Name>
<Val>5.99758088892589E-8</Val>
</DBL>
<DBL>
<Name></Name>
<Val>4.05480601375981E-4</Val>
</DBL>
<DBL>
<Name></Name>
<Val>4.30448459443782E-4</Val>
</DBL>
<DBL>
<Name></Name>
<Val>0.53215484286676</Val>
</DBL>
<DBL>
<Name></Name>
<Val>0.43772587869393</Val>
</DBL>
<DBL>
<Name></Name>
<Val>8.90296992797081E-3</Val>
</DBL>
<DBL>
<Name></Name>
<Val>1.56896028974227E-3</Val>
</DBL>
<DBL>
<Name></Name>
<Val>1.54236959452061E-3</Val>
</DBL>
<DBL>
<Name></Name>
<Val>5.32229727883554E-4</Val>
</DBL>
<DBL>
<Name></Name>
<Val>1.67367598625616E-2</Val>
</DBL>
<DBL>
<Name></Name>
<Val>5.93759064849807E-8</Val>
</DBL>
<DBL>
<Name></Name>
<Val>4.01468584668022E-4</Val>
</DBL>
<DBL>
<Name></Name>
<Val>4.26415340534339E-4</Val>
</DBL>
<DBL>
<Name></Name>
<Val>0.52721532159556</Val>
</DBL>
<DBL>
<Name></Name>
<Val>0.44146231620542</Val>
</DBL>
<DBL>
<Name></Name>
<Val>9.02519740428536E-3</Val>
</DBL>
<DBL>
<Name></Name>
<Val>1.59199040067776E-3</Val>
</DBL>
<DBL>
<Name></Name>
<Val>1.56790686625900E-3</Val>
</DBL>
<DBL>
<Name></Name>
<Val>5.52927898366698E-4</Val>
</DBL>
<DBL>
<Name></Name>
<Val>1.77563963283298E-2</Val>
</DBL>
<DBL>
<Name></Name>
<Val>5.88058090179954E-8</Val>
</DBL>
<DBL>
<Name></Name>
<Val>3.97655554722800E-4</Val>
</DBL>
<DBL>
<Name></Name>
<Val>4.22580470103933E-4</Val>
</DBL>
<DBL>
<Name></Name>
<Val>0.52251821523010</Val>
</DBL>
<DBL>
<Name></Name>
<Val>0.44494984646546</Val>
</DBL>
<DBL>
<Name></Name>
<Val>9.13989243395362E-3</Val>
</DBL>
<DBL>
<Name></Name>
<Val>1.61361420891004E-3</Val>
</DBL>
<DBL>
<Name></Name>
<Val>1.59191264948065E-3</Val>
</DBL>
<DBL>
<Name></Name>
<Val>5.73620080191814E-4</Val>
</DBL>
<DBL>
<Name></Name>
<Val>1.87926041012696E-2</Val>
</DBL>
<DBL>
<Name></Name>
<Val>5.82638497186857E-8</Val>
</DBL>
<DBL>
<Name></Name>
<Val>3.94030384691407E-4</Val>
</DBL>
<DBL>
<Name></Name>
<Val>4.18932767472790E-4</Val>
</DBL>
<DBL>
<Name></Name>
<Val>0.51804997540495</Val>
</DBL>
<DBL>
<Name></Name>
<Val>0.44820249953375</Val>
</DBL>
<DBL>
<Name></Name>
<Val>9.24744624967391E-3</Val>
</DBL>
<DBL>
<Name></Name>
<Val>1.63390390352531E-3</Val>
</DBL>
<DBL>
<Name></Name>
<Val>1.61446338434620E-3</Val>
</DBL>
<DBL>
<Name></Name>
<Val>5.94303810151733E-4</Val>
</DBL>
<DBL>
<Name></Name>
<Val>1.98443862975889E-2</Val>
</DBL>
<DBL>
<Name></Name>
<Val>5.77484555142451E-8</Val>
</DBL>
<DBL>
<Name></Name>
<Val>3.90582573010751E-4</Val>
</DBL>
<DBL>
<Name></Name>
<Val>4.15461773764925E-4</Val>
</DBL>
<DBL>
<Name></Name>
<Val>0.51379781392196</Val>
</DBL>
<DBL>
<Name></Name>
<Val>0.45123351553631</Val>
</DBL>
<DBL>
<Name></Name>
<Val>9.34823376646020E-3</Val>
</DBL>
<DBL>
<Name></Name>
<Val>1.65292882170299E-3</Val>
</DBL>
<DBL>
<Name></Name>
<Val>1.63563290202621E-3</Val>
</DBL>
<DBL>
<Name></Name>
<Val>6.14976974761783E-4</Val>
</DBL>
<DBL>
<Name></Name>
<Val>2.09107959815487E-2</Val>
</DBL>
<DBL>
<Name></Name>
<Val>5.72581416795088E-8</Val>
</DBL>
<DBL>
<Name></Name>
<Val>3.87302207804230E-4</Val>
</DBL>
<DBL>
<Name></Name>
<Val>4.12157616926908E-4</Val>
</DBL>
<DBL>
<Name></Name>
<Val>0.50974966003638</Val>
</DBL>
<DBL>
<Name></Name>
<Val>0.45405538950311</Val>
</DBL>
<DBL>
<Name></Name>
<Val>9.44261351954961E-3</Val>
</DBL>
<DBL>
<Name></Name>
<Val>1.67075540071609E-3</Val>
</DBL>
<DBL>
<Name></Name>
<Val>1.65549227943889E-3</Val>
</DBL>
<DBL>
<Name></Name>
<Val>6.35637754258344E-4</Val>
</DBL>
<DBL>
<Name></Name>
<Val>2.19909344236756E-2</Val>
</DBL>
<DBL>
<Name></Name>
<Val>5.67915068317035E-8</Val>
</DBL>
<DBL>
<Name></Name>
<Val>3.84179933522696E-4</Val>
</DBL>
<DBL>
<Name></Name>
<Val>4.09010978741123E-4</Val>
</DBL>
<DBL>
<Name></Name>
<Val>0.50589412015310</Val>
</DBL>
<DBL>
<Name></Name>
<Val>0.45667991359735</Val>
</DBL>
<DBL>
<Name></Name>
<Val>9.53092777560129E-3</Val>
</DBL>
<DBL>
<Name></Name>
<Val>1.68744716875715E-3</Val>
</DBL>
<DBL>
<Name></Name>
<Val>1.67410975280201E-3</Val>
</DBL>
<DBL>
<Name></Name>
<Val>6.56284576061167E-4</Val>
</DBL>
<DBL>
<Name></Name>
<Val>2.30839492725615E-2</Val>
</DBL>
<DBL>
<Name></Name>
<Val>5.63472282281138E-8</Val>
</DBL>
<DBL>
<Name></Name>
<Val>3.81206919580277E-4</Val>
</DBL>
<DBL>
<Name></Name>
<Val>4.06013063709203E-4</Val>
</DBL>
<DBL>
<Name></Name>
<Val>0.50222043979542</Val>
</DBL>
<DBL>
<Name></Name>
<Val>0.45911821689892</Val>
</DBL>
<DBL>
<Name></Name>
<Val>9.61350277795885E-3</Val>
</DBL>
<DBL>
<Name></Name>
<Val>1.70306476613300E-3</Val>
</DBL>
<DBL>
<Name></Name>
<Val>1.69155067789608E-3</Val>
</DBL>
<DBL>
<Name></Name>
<Val>6.76916076069957E-4</Val>
</DBL>
<DBL>
<Name></Name>
<Val>2.41890326770856E-2</Val>
</DBL>
<DBL>
<Name></Name>
<Val>5.59240573389584E-8</Val>
</DBL>
<DBL>
<Name></Name>
<Val>3.78374830813912E-4</Val>
</DBL>
<DBL>
<Name></Name>
<Val>4.03155569693907E-4</Val>
</DBL>
<DBL>
<Name></Name>
<Val>0.49871846771689</Val>
</DBL>
<DBL>
<Name></Name>
<Val>0.46138080289266</Val>
</DBL>
<DBL>
<Name></Name>
<Val>9.69064909407627E-3</Val>
</DBL>
<DBL>
<Name></Name>
<Val>1.71766598993720E-3</Val>
</DBL>
<DBL>
<Name></Name>
<Val>1.70787752714439E-3</Val>
</DBL>
<DBL>
<Name></Name>
<Val>6.97531066447969E-4</Val>
</DBL>
<DBL>
<Name></Name>
<Val>2.53054193882721E-2</Val>
</DBL>
<DBL>
<Name></Name>
<Val>5.55208156747025E-8</Val>
</DBL>
<DBL>
<Name></Name>
<Val>3.75675799634695E-4</Val>
</DBL>
<DBL>
<Name></Name>
<Val>4.00430660216876E-4</Val>
</DBL>
<DBL>
<Name></Name>
<Val>0.49537862203410</Val>
</DBL>
<DBL>
<Name></Name>
<Val>0.46347758480142</Val>
</DBL>
<DBL>
<Name></Name>
<Val>9.76266203923398E-3</Val>
</DBL>
<DBL>
<Name></Name>
<Val>1.73130585659691E-3</Val>
</DBL>
<DBL>
<Name></Name>
<Val>1.72314991543440E-3</Val>
</DBL>
<DBL>
<Name></Name>
<Val>7.18128508778716E-4</Val>
</DBL>
<DBL>
<Name></Name>
<Val>2.64323848637625E-2</Val>
</DBL>
<DBL>
<Name></Name>
<Val>5.51363908508412E-8</Val>
</DBL>
<DBL>
<Name></Name>
<Val>3.73102399761089E-4</Val>
</DBL>
<DBL>
<Name></Name>
<Val>3.97830938316960E-4</Val>
</DBL>
<DBL>
<Name></Name>
<Val>0.49219185826571</Val>
</DBL>
<DBL>
<Name></Name>
<Val>0.46541791889388</Val>
</DBL>
<DBL>
<Name></Name>
<Val>9.82982215562292E-3</Val>
</DBL>
<DBL>
<Name></Name>
<Val>1.74403667775024E-3</Val>
</DBL>
<DBL>
<Name></Name>
<Val>1.73742464810255E-3</Val>
</DBL>
<DBL>
<Name></Name>
<Val>7.38707491674675E-4</Val>
</DBL>
<DBL>
<Name></Name>
<Val>2.75692433928004E-2</Val>
</DBL>
<DBL>
<Name></Name>
<Val>5.47697328754389E-8</Val>
</DBL>
<DBL>
<Name></Name>
<Val>3.70647621437436E-4</Val>
</DBL>
<DBL>
<Name></Name>
<Val>3.95349421879987E-4</Val>
</DBL>
<DBL>
<Name></Name>
<Val>0.48914963916956</Val>
</DBL>
<DBL>
<Name></Name>
<Val>0.46721063588837</Val>
</DBL>
<DBL>
<Name></Name>
<Val>9.89239572994050E-3</Val>
</DBL>
<DBL>
<Name></Name>
<Val>1.75590814578034E-3</Val>
</DBL>
<DBL>
<Name></Name>
<Val>1.75075578573636E-3</Val>
</DBL>
<DBL>
<Name></Name>
<Val>7.59267212076244E-4</Val>
</DBL>
<DBL>
<Name></Name>
<Val>2.87153462554838E-2</Val>
</DBL>
<DBL>
<Name></Name>
<Val>5.44198506461865E-8</Val>
</DBL>
<DBL>
<Name></Name>
<Val>3.68304848050209E-4</Val>
</DBL>
<DBL>
<Name></Name>
<Val>3.92979520356300E-4</Val>
</DBL>
<DBL>
<Name></Name>
<Val>0.48624390627612</Val>
</DBL>
<DBL>
<Name></Name>
<Val>0.46886407056585</Val>
</DBL>
<DBL>
<Name></Name>
<Val>9.95063533597729E-3</Val>
</DBL>
<DBL>
<Name></Name>
<Val>1.76696742604713E-3</Val>
</DBL>
<DBL>
<Name></Name>
<Val>1.76319472146048E-3</Val>
</DBL>
<DBL>
<Name></Name>
<Val>7.79806959610916E-4</Val>
</DBL>
<DBL>
<Name></Name>
<Val>2.98700799266834E-2</Val>
</DBL>
<DBL>
<Name></Name>
<Val>5.40858086448077E-8</Val>
</DBL>
<DBL>
<Name></Name>
<Val>3.66067834061182E-4</Val>
</DBL>
<DBL>
<Name></Name>
<Val>3.90715012787417E-4</Val>
</DBL>
<DBL>
<Name></Name>
<Val>0.48346705302208</Val>
</DBL>
<DBL>
<Name></Name>
<Val>0.47038608969742</Val>
</DBL>
<DBL>
<Name></Name>
<Val>1.00047803914059E-2</Val>
</DBL>
<DBL>
<Name></Name>
<Val>1.77725925344351E-3</Val>
</DBL>
<DBL>
<Name></Name>
<Val>1.77479026720573E-3</Val>
</DBL>
<DBL>
<Name></Name>
<Val>8.00326103491487E-4</Val>
</DBL>
<DBL>
<Name></Name>
<Val>3.10328643322954E-2</Val>
</DBL>
<DBL>
<Name></Name>
<Val>5.37667238174950E-8</Val>
</DBL>
<DBL>
<Name></Name>
<Val>3.63930684182186E-4</Val>
</DBL>
<DBL>
<Name></Name>
<Val>3.88550027067713E-4</Val>
</DBL>
<DBL>
<Name></Name>
<Val>0.48081189939392</Val>
</DBL>
<DBL>
<Name></Name>
<Val>0.47178411838553</Val>
</DBL>
<DBL>
<Name></Name>
<Val>1.00550577202201E-2</Val>
</DBL>
<DBL>
<Name></Name>
<Val>1.78682603138330E-3</Val>
</DBL>
<DBL>
<Name></Name>
<Val>1.78558874614302E-3</Val>
</DBL>
<DBL>
<Name></Name>
<Val>8.20824081522096E-4</Val>
</DBL>
<DBL>
<Name></Name>
<Val>3.22031511633044E-2</Val>
</DBL>
<DBL>
<Name></Name>
<Val>5.34617626307855E-8</Val>
</DBL>
<DBL>
<Name></Name>
<Val>3.61887833720860E-4</Val>
</DBL>
<DBL>
<Name></Name>
<Val>3.86479020371373E-4</Val>
</DBL>
<DBL>
<Name></Name>
<Val>0.47827166799605</Val>
</DBL>
<DBL>
<Name></Name>
<Val>0.47306516491104</Val>
</DBL>
<DBL>
<Name></Name>
<Val>1.01016821140989E-2</Val>
</DBL>
<DBL>
<Name></Name>
<Val>1.79570793172094E-3</Val>
</DBL>
<DBL>
<Name></Name>
<Val>1.79563408902438E-3</Val>
</DBL>
<DBL>
<Name></Name>
<Val>8.41300390855261E-4</Val>
</DBL>
<DBL>
<Name></Name>
<Val>3.33804222513599E-2</Val>
</DBL>
<DBL>
<Name></Name>
<Val>5.31701382929263E-8</Val>
</DBL>
<DBL>
<Name></Name>
<Val>3.59934030031053E-4</Val>
</DBL>
<DBL>
<Name></Name>
<Val>3.84496760678849E-4</Val>
</DBL>
<DBL>
<Name></Name>
<Val>0.47583996146316</Val>
</DBL>
<DBL>
<Name></Name>
<Val>0.47423584417311</Val>
</DBL>
<DBL>
<Name></Name>
<Val>1.01448568874627E-2</Val>
</DBL>
<DBL>
<Name></Name>
<Val>1.80394299442409E-3</Val>
</DBL>
<DBL>
<Name></Name>
<Val>1.80496793263232E-3</Val>
</DBL>
<DBL>
<Name></Name>
<Val>8.61754580204571E-4</Val>
</DBL>
<DBL>
<Name></Name>
<Val>3.45641880081567E-2</Val>
</DBL>
<DBL>
<Name></Name>
<Val>5.28911081313720E-8</Val>
</DBL>
<DBL>
<Name></Name>
<Val>3.58064315005436E-4</Val>
</DBL>
<DBL>
<Name></Name>
<Val>3.82598309340813E-4</Val>
</DBL>
<DBL>
<Name></Name>
<Val>0.47351074114113</Val>
</DBL>
<DBL>
<Name></Name>
<Val>0.47530239980317</Val>
</DBL>
<DBL>
<Name></Name>
<Val>1.01847744221995E-2</Val>
</DBL>
<DBL>
<Name></Name>
<Val>1.81156722608227E-3</Val>
</DBL>
<DBL>
<Name></Name>
<Val>1.81362971891393E-3</Val>
</DBL>
<DBL>
<Name></Name>
<Val>8.82186243268501E-4</Val>
</DBL>
<DBL>
<Name></Name>
<Val>3.57539859297843E-2</Val>
</DBL>
<DBL>
<Name></Name>
<Val>5.26239711175974E-8</Val>
</DBL>
<DBL>
<Name></Name>
<Val>3.56274008551500E-4</Val>
</DBL>
<DBL>
<Name></Name>
<Val>3.80779004621161E-4</Val>
</DBL>
<DBL>
<Name></Name>
<Val>0.47127830696491</Val>
</DBL>
<DBL>
<Name></Name>
<Val>0.47627072502921</Val>
</DBL>
<DBL>
<Name></Name>
<Val>1.02216166990272E-2</Val>
</DBL>
<DBL>
<Name></Name>
<Val>1.81861469654773E-3</Val>
</DBL>
<DBL>
<Name></Name>
<Val>1.82165679368295E-3</Val>
</DBL>
<DBL>
<Name></Name>
<Val>9.02595013162853E-4</Val>
</DBL>
<DBL>
<Name></Name>
<Val>3.69493791663184E-2</Val>
</DBL>
<DBL>
<Name></Name>
<Val>5.23680655309174E-8</Val>
</DBL>
<DBL>
<Name></Name>
<Val>3.54558692995497E-4</Val>
</DBL>
<DBL>
<Name></Name>
<Val>3.79034446163936E-4</Val>
</DBL>
<DBL>
<Name></Name>
<Val>0.46913727846603</Val>
</DBL>
<DBL>
<Name></Name>
<Val>0.47714638236236</Val>
</DBL>
<DBL>
<Name></Name>
<Val>1.02555558132565E-2</Val>
</DBL>
<DBL>
<Name></Name>
<Val>1.82511763317785E-3</Val>
</DBL>
<DBL>
<Name></Name>
<Val>1.82908450402308E-3</Val>
</DBL>
<DBL>
<Name></Name>
<Val>9.22980557694061E-4</Val>
</DBL>
<DBL>
<Name></Name>
<Val>3.81499551562346E-2</Val>
</DBL>
<DBL>
<Name></Name>
<Val>5.21227667534825E-8</Val>
</DBL>
<DBL>
<Name></Name>
<Val>3.52914198362043E-4</Val>
</DBL>
<DBL>
<Name></Name>
<Val>3.77360480332163E-4</Val>
</DBL>
<DBL>
<Name></Name>
<Val>0.46708257684619</Val>
</DBL>
<DBL>
<Name></Name>
<Val>0.47793462217296</Val>
</DBL>
<DBL>
<Name></Name>
<Val>1.02867544733592E-2</Val>
</DBL>
<DBL>
<Name></Name>
<Val>1.83110651228873E-3</Val>
</DBL>
<DBL>
<Name></Name>
<Val>1.83594629372915E-3</Val>
</DBL>
<DBL>
<Name></Name>
<Val>9.43342575334335E-4</Val>
</DBL>
<DBL>
<Name></Name>
<Val>3.93553243246828E-2</Val>
</DBL>
<DBL>
<Name></Name>
<Val>5.18874851890621E-8</Val>
</DBL>
<DBL>
<Name></Name>
<Val>3.51336588480087E-4</Val>
</DBL>
<DBL>
<Name></Name>
<Val>3.75753186369555E-4</Val>
</DBL>
<DBL>
<Name></Name>
<Val>0.46510940805696</Val>
</DBL>
<DBL>
<Name></Name>
<Val>0.47864040021957</Val>
</DBL>
<DBL>
<Name></Name>
<Val>1.03153664812712E-2</Val>
</DBL>
<DBL>
<Name></Name>
<Val>1.83661014754243E-3</Val>
</DBL>
<DBL>
<Name></Name>
<Val>1.84227379628797E-3</Val>
</DBL>
<DBL>
<Name></Name>
<Val>9.63680791783386E-4</Val>
</DBL>
<DBL>
<Name></Name>
<Val>4.05651188442516E-2</Val>
</DBL>
<DBL>
<Name></Name>
<Val>5.16616642986497E-8</Val>
</DBL>
<DBL>
<Name></Name>
<Val>3.49822147868748E-4</Val>
</DBL>
<DBL>
<Name></Name>
<Val>3.74208863338823E-4</Val>
</DBL>
<DBL>
<Name></Name>
<Val>0.46321324682901</Val>
</DBL>
<DBL>
<Name></Name>
<Val>0.47926839419067</Val>
</DBL>
<DBL>
<Name></Name>
<Val>1.03415371937675E-2</Val>
</DBL>
<DBL>
<Name></Name>
<Val>1.84165577508165E-3</Val>
</DBL>
<DBL>
<Name></Name>
<Val>1.84809692503434E-3</Val>
</DBL>
<DBL>
<Name></Name>
<Val>9.83994957021117E-4</Val>
</DBL>
<DBL>
<Name></Name>
<Val>4.17789914565442E-2</Val>
</DBL>
<DBL>
<Name></Name>
<Val>5.14447787463200E-8</Val>
</DBL>
<DBL>
<Name></Name>
<Val>3.48367369359152E-4</Val>
</DBL>
<DBL>
<Name></Name>
<Val>3.72724017792922E-4</Val>
</DBL>
<DBL>
<Name></Name>
<Val>0.46138982159745</Val>
</DBL>
<DBL>
<Name></Name>
<Val>0.47982301931508</Val>
</DBL>
<DBL>
<Name></Name>
<Val>1.03654039645815E-2</Val>
</DBL>
<DBL>
<Name></Name>
<Val>1.84626913529801E-3</Val>
</DBL>
<DBL>
<Name></Name>
<Val>1.85344396022540E-3</Val>
</DBL>
<DBL>
<Name></Name>
<Val>1.00428484277193E-3</Val>
</DBL>
<DBL>
<Name></Name>
<Val>4.29966143526628E-2</Val>
</DBL>
<DBL>
<Name></Name>
<Val>5.12363326491361E-8</Val>
</DBL>
<DBL>
<Name></Name>
<Val>3.46968942410900E-4</Val>
</DBL>
<DBL>
<Name></Name>
<Val>3.71295352138058E-4</Val>
</DBL>
<DBL>
<Name></Name>
<Val>0.45963510027307</Val>
</DBL>
<DBL>
<Name></Name>
<Val>0.48030844309395</Val>
</DBL>
<DBL>
<Name></Name>
<Val>1.03870965671966E-2</Val>
</DBL>
<DBL>
<Name></Name>
<Val>1.85047455117818E-3</Val>
</DBL>
<DBL>
<Name></Name>
<Val>1.85834163286307E-3</Val>
</DBL>
<DBL>
<Name></Name>
<Val>1.02455024031478E-3</Val>
</DBL>
<DBL>
<Name></Name>
<Val>4.42176781105475E-2</Val>
</DBL>
<DBL>
<Name></Name>
<Val>5.10358579252606E-8</Val>
</DBL>
<DBL>
<Name></Name>
<Val>3.45623742084104E-4</Val>
</DBL>
<DBL>
<Name></Name>
<Val>3.69919753649582E-4</Val>
</DBL>
<DBL>
<Name></Name>
<Val>0.45794527681178</Val>
</DBL>
<DBL>
<Name></Name>
<Val>0.48072859920421</Val>
</DBL>
<DBL>
<Name></Name>
<Val>1.04067375984458E-2</Val>
</DBL>
<DBL>
<Name></Name>
<Val>1.85429500321753E-3</Val>
</DBL>
<DBL>
<Name></Name>
<Val>1.86281520516362E-3</Val>
</DBL>
<DBL>
<Name></Name>
<Val>1.04479095858417E-3</Val>
</DBL>
<DBL>
<Name></Name>
<Val>4.54418906870072E-2</Val>
</DBL>
<DBL>
<Name></Name>
<Val>5.08429127347503E-8</Val>
</DBL>
<DBL>
<Name></Name>
<Val>3.44328818630185E-4</Val>
</DBL>
<DBL>
<Name></Name>
<Val>3.68594284104112E-4</Val>
</DBL>
<DBL>
<Name></Name>
<Val>0.45631675853758</Val>
</DBL>
<DBL>
<Name></Name>
<Val>0.48108720062026</Val>
</DBL>
<DBL>
<Name></Name>
<Val>1.04244428632105E-2</Val>
</DBL>
<DBL>
<Name></Name>
<Val>1.85775220092694E-3</Val>
</DBL>
<DBL>
<Name></Name>
<Val>1.86688854762801E-3</Val>
</DBL>
<DBL>
<Name></Name>
<Val>1.06500682251658E-3</Val>
</DBL>
<DBL>
<Name></Name>
<Val>4.66689764622304E-2</Val>
</DBL>
<DBL>
<Name></Name>
<Val>5.06570800078303E-8</Val>
</DBL>
<DBL>
<Name></Name>
<Val>3.43081387666649E-4</Val>
</DBL>
<DBL>
<Name></Name>
<Val>3.67316169993273E-4</Val>
</DBL>
<DBL>
<Name></Name>
<Val>0.45474615417662</Val>
</DBL>
<DBL>
<Name></Name>
<Val>0.48138775199818</Val>
</DBL>
<DBL>
<Name></Name>
<Val>1.04403217406287E-2</Val>
</DBL>
<DBL>
<Name></Name>
<Val>1.86086665098569E-3</Val>
</DBL>
<DBL>
<Name></Name>
<Val>1.87058421271042E-3</Val>
</DBL>
<DBL>
<Name></Name>
<Val>1.08519767160444E-3</Val>
</DBL>
<DBL>
<Name></Name>
<Val>4.78986753345323E-2</Val>
</DBL>
<DBL>
<Name></Name>
<Val>5.04779660557312E-8</Val>
</DBL>
<DBL>
<Name></Name>
<Val>3.41878820903060E-4</Val>
</DBL>
<DBL>
<Name></Name>
<Val>3.66082793286388E-4</Val>
</DBL>
<DBL>
<Name></Name>
<Val>0.45323026256251</Val>
</DBL>
<DBL>
<Name></Name>
<Val>0.48163356136406</Val>
</DBL>
<DBL>
<Name></Name>
<Val>1.04544775323152E-2</Val>
</DBL>
<DBL>
<Name></Name>
<Val>1.86365772211464E-3</Val>
</DBL>
<DBL>
<Name></Name>
<Val>1.87392350511567E-3</Val>
</DBL>
<DBL>
<Name></Name>
<Val>1.10536335862602E-3</Val>
</DBL>
<DBL>
<Name></Name>
<Val>4.91307418631052E-2</Val>
</DBL>
<DBL>
<Name></Name>
<Val>5.03051992594556E-8</Val>
</DBL>
<DBL>
<Name></Name>
<Val>3.40718637387256E-4</Val>
</DBL>
<DBL>
<Name></Name>
<Val>3.64891682711331E-4</Val>
</DBL>
<DBL>
<Name></Name>
<Val>0.45176606197518</Val>
</DBL>
<DBL>
<Name></Name>
<Val>0.48182775114573</Val>
</DBL>
<DBL>
<Name></Name>
<Val>1.04670077931599E-2</Val>
</DBL>
<DBL>
<Name></Name>
<Val>1.86614370675933E-3</Val>
</DBL>
<DBL>
<Name></Name>
<Val>1.87692654878249E-3</Val>
</DBL>
<DBL>
<Name></Name>
<Val>1.12550374852492E-3</Val>
</DBL>
<DBL>
<Name></Name>
<Val>5.03649444565573E-2</Val>
</DBL>
<DBL>
<Name></Name>
<Val>5.01384288320978E-8</Val>
</DBL>
<DBL>
<Name></Name>
<Val>3.39598495242593E-4</Val>
</DBL>
<DBL>
<Name></Name>
<Val>3.63740505524429E-4</Val>
</DBL>
<DBL>
<Name></Name>
<Val>0.45035070007772</Val>
</DBL>
<DBL>
<Name></Name>
<Val>0.48197326858497</Val>
</DBL>
<DBL>
<Name></Name>
<Val>1.04780046453139E-2</Val>
</DBL>
<DBL>
<Name></Name>
<Val>1.86834187968414E-3</Val>
</DBL>
<DBL>
<Name></Name>
<Val>1.87961235062959E-3</Val>
</DBL>
<DBL>
<Name></Name>
<Val>1.14561871741708E-3</Val>
</DBL>
<DBL>
<Name></Name>
<Val>5.16010646050711E-2</Val>
</DBL>
<DBL>
<Name></Name>
<Val>4.99773236505873E-8</Val>
</DBL>
<DBL>
<Name></Name>
<Val>3.38516183868667E-4</Val>
</DBL>
<DBL>
<Name></Name>
<Val>3.62627059741986E-4</Val>
</DBL>
<DBL>
<Name></Name>
<Val>0.44898148441760</Val>
</DBL>
<DBL>
<Name></Name>
<Val>0.48207289556495</Val>
</DBL>
<DBL>
<Name></Name>
<Val>1.04875550760059E-2</Val>
</DBL>
<DBL>
<Name></Name>
<Val>1.87026855358644E-3</Val>
</DBL>
<DBL>
<Name></Name>
<Val>1.88199886115563E-3</Val>
</DBL>
<DBL>
<Name></Name>
<Val>1.16570815170709E-3</Val>
</DBL>
<DBL>
<Name></Name>
<Val>5.28388961540610E-2</Val>
</DBL>
<DBL>
<Name></Name>
<Val>4.98215711529607E-8</Val>
</DBL>
<DBL>
<Name></Name>
<Val>3.37469616579492E-4</Val>
</DBL>
<DBL>
<Name></Name>
<Val>3.61549266807511E-4</Val>
</DBL>
<DBL>
<Name></Name>
<Val>0.44765587346073</Val>
</DBL>
<DBL>
<Name></Name>
<Val>0.48212925788605</Val>
</DBL>
<DBL>
<Name></Name>
<Val>1.04957412198450E-2</Val>
</DBL>
<DBL>
<Name></Name>
<Val>1.87193913184460E-3</Val>
</DBL>
<DBL>
<Name></Name>
<Val>1.88410303199518E-3</Val>
</DBL>
<DBL>
<Name></Name>
<Val>1.18577194729809E-3</Val>
</DBL>
<DBL>
<Name></Name>
<Val>5.40782446172756E-2</Val>
</DBL>
<DBL>
<Name></Name>
<Val>4.96708762974826E-8</Val>
</DBL>
<DBL>
<Name></Name>
<Val>3.36456823654585E-4</Val>
</DBL>
<DBL>
<Name></Name>
<Val>3.60505164670216E-4</Val>
</DBL>
<DBL>
<Name></Name>
<Val>0.44637146812828</Val>
</DBL>
<DBL>
<Name></Name>
<Val>0.48214483402095</Val>
</DBL>
<DBL>
<Name></Name>
<Val>1.05026406262737E-2</Val>
</DBL>
<DBL>
<Name></Name>
<Val>1.87336815851684E-3</Val>
</DBL>
<DBL>
<Name></Name>
<Val>1.88594087053983E-3</Val>
</DBL>
<DBL>
<Name></Name>
<Val>1.20581000888265E-3</Val>
</DBL>
<DBL>
<Name></Name>
<Val>5.53189265273542E-2</Val>
</DBL>
<DBL>
<Name></Name>
<Val>4.95249605801473E-8</Val>
</DBL>
<DBL>
<Name></Name>
<Val>3.35475945779795E-4</Val>
</DBL>
<DBL>
<Name></Name>
<Val>3.59492901251695E-4</Val>
</DBL>
<DBL>
<Name></Name>
<Val>0.44512600380824</Val>
</DBL>
<DBL>
<Name></Name>
<Val>0.48212196337826</Val>
</DBL>
<DBL>
<Name></Name>
<Val>1.05083265128334E-2</Val>
</DBL>
<DBL>
<Name></Name>
<Val>1.87456936570880E-3</Val>
</DBL>
<DBL>
<Name></Name>
<Val>1.88752749173806E-3</Val>
</DBL>
<DBL>
<Name></Name>
<Val>1.22582224930351E-3</Val>
</DBL>
<DBL>
<Name></Name>
<Val>5.65607688219239E-2</Val>
</DBL>
<DBL>
<Name></Name>
<Val>4.93835611072832E-8</Val>
</DBL>
<DBL>
<Name></Name>
<Val>3.34525227855995E-4</Val>
</DBL>
<DBL>
<Name></Name>
<Val>3.58510728279014E-4</Val>
</DBL>
<DBL>
<Name></Name>
<Val>0.44391734281492</Val>
</DBL>
<DBL>
<Name></Name>
<Val>0.48206285410250</Val>
</DBL>
<DBL>
<Name></Name>
<Val>1.05128680048973E-2</Val>
</DBL>
<DBL>
<Name></Name>
<Val>1.87555571842727E-3</Val>
</DBL>
<DBL>
<Name></Name>
<Val>1.88887716719018E-3</Val>
</DBL>
<DBL>
<Name></Name>
<Val>1.24580858897505E-3</Val>
</DBL>
<DBL>
<Name></Name>
<Val>5.78036082633959E-2</Val>
</DBL>
<DBL>
<Name></Name>
<Val>4.92464297201695E-8</Val>
</DBL>
<DBL>
<Name></Name>
<Val>3.33603013155010E-4</Val>
</DBL>
<DBL>
<Name></Name>
<Val>3.57556995463661E-4</Val>
</DBL>
<DBL>
<Name></Name>
<Val>0.44274346727136</Val>
</DBL>
<DBL>
<Name></Name>
<Val>0.48196959043633</Val>
</DBL>
<DBL>
<Name></Name>
<Val>1.05163303625137E-2</Val>
</DBL>
<DBL>
<Name></Name>
<Val>1.87633945703652E-3</Val>
</DBL>
<DBL>
<Name></Name>
<Val>1.89000337165530E-3</Val>
</DBL>
<DBL>
<Name></Name>
<Val>1.26576895535792E-3</Val>
</DBL>
<DBL>
<Name></Name>
<Val>5.90472908906977E-2</Val>
</DBL>
<DBL>
<Name></Name>
<Val>4.91133321687471E-8</Val>
</DBL>
<DBL>
<Name></Name>
<Val>3.32707737803296E-4</Val>
</DBL>
<DBL>
<Name></Name>
<Val>3.56630145006932E-4</Val>
</DBL>
<DBL>
<Name></Name>
<Val>0.44160247239096</Val>
</DBL>
<DBL>
<Name></Name>
<Val>0.48184413966966</Val>
</DBL>
<DBL>
<Name></Name>
<Val>1.05187751949849E-2</Val>
</DBL>
<DBL>
<Name></Name>
<Val>1.87693213743101E-3</Val>
</DBL>
<DBL>
<Name></Name>
<Val>1.89091882708664E-3</Val>
</DBL>
<DBL>
<Name></Name>
<Val>1.28570328248006E-3</Val>
</DBL>
<DBL>
<Name></Name>
<Val>6.02916715012547E-2</Val>
</DBL>
<DBL>
<Name></Name>
<Val>4.89840473316696E-8</Val>
</DBL>
<DBL>
<Name></Name>
<Val>3.31837925574985E-4</Val>
</DBL>
<DBL>
<Name></Name>
<Val>3.55728706413480E-4</Val>
</DBL>
<DBL>
<Name></Name>
<Val>0.44049256013576</Val>
</DBL>
<DBL>
<Name></Name>
<Val>0.48168835869896</Val>
</DBL>
<DBL>
<Name></Name>
<Val>1.05202606637918E-2</Val>
</DBL>
<DBL>
<Name></Name>
<Val>1.87734466903582E-3</Val>
</DBL>
<DBL>
<Name></Name>
<Val>1.89163554431030E-3</Val>
</DBL>
<DBL>
<Name></Name>
<Val>1.30561151049864E-3</Val>
</DBL>
<DBL>
<Name></Name>
<Val>6.15366131616106E-2</Val>
</DBL>
<DBL>
<Name></Name>
<Val>4.88583664800939E-8</Val>
</DBL>
<DBL>
<Name></Name>
<Val>3.30992182976938E-4</Val>
</DBL>
<DBL>
<Name></Name>
<Val>3.54851291595698E-4</Val>
</DBL>
<DBL>
<Name></Name>
<Val>0.43941203323047</Val>
</DBL>
<DBL>
<Name></Name>
<Val>0.48150400021849</Val>
</DBL>
<DBL>
<Name></Name>
<Val>1.05208416744513E-2</Val>
</DBL>
<DBL>
<Name></Name>
<Val>1.87758735074247E-3</Val>
</DBL>
<DBL>
<Name></Name>
<Val>1.89216486245985E-3</Val>
</DBL>
<DBL>
<Name></Name>
<Val>1.32549358529825E-3</Val>
</DBL>
<DBL>
<Name></Name>
<Val>6.27819867451523E-2</Val>
</DBL>
<DBL>
<Name></Name>
<Val>4.87360925827590E-8</Val>
</DBL>
<DBL>
<Name></Name>
<Val>3.30169194609429E-4</Val>
</DBL>
<DBL>
<Name></Name>
<Val>3.53996590252660E-4</Val>
</DBL>
<DBL>
<Name></Name>
<Val>0.43835928951213</Val>
</DBL>
<DBL>
<Name></Name>
<Val>0.48129271856429</Val>
</DBL>
<DBL>
<Name></Name>
<Val>1.05205700578722E-2</Val>
</DBL>
<DBL>
<Name></Name>
<Val>1.87766990488449E-3</Val>
</DBL>
<DBL>
<Name></Name>
<Val>1.89251748627661E-3</Val>
</DBL>
<DBL>
<Name></Name>
<Val>1.34534945812114E-3</Val>
</DBL>
<DBL>
<Name></Name>
<Val>6.40276704954778E-2</Val>
</DBL>
<DBL>
<Name></Name>
<Val>4.86170396500348E-8</Val>
</DBL>
<DBL>
<Name></Name>
<Val>3.29367718787004E-4</Val>
</DBL>
<DBL>
<Name></Name>
<Val>3.53163365508203E-4</Val>
</DBL>
<DBL>
<Name></Name>
<Val>0.43733281659666</Val>
</DBL>
<DBL>
<Name></Name>
<Val>0.48105607523027</Val>
</DBL>
<DBL>
<Name></Name>
<Val>1.05194947417553E-2</Val>
</DBL>
<DBL>
<Name></Name>
<Val>1.87760150935317E-3</Val>
</DBL>
<DBL>
<Name></Name>
<Val>1.89270352138170E-3</Val>
</DBL>
<DBL>
<Name></Name>
<Val>1.36517908522620E-3</Val>
</DBL>
<DBL>
<Name></Name>
<Val>6.52735496140179E-2</Val>
</DBL>
<DBL>
<Name></Name>
<Val>4.85010321147566E-8</Val>
</DBL>
<DBL>
<Name></Name>
<Val>3.28586583404915E-4</Val>
</DBL>
<DBL>
<Name></Name>
<Val>3.52350449793608E-4</Val>
</DBL>
<DBL>
<Name></Name>
<Val>0.43633118684451</Val>
</DBL>
<DBL>
<Name></Name>
<Val>0.48079554407496</Val>
</DBL>
<DBL>
<Name></Name>
<Val>1.05176619125575E-2</Val>
</DBL>
<DBL>
<Name></Name>
<Val>1.87739082794970E-3</Val>
</DBL>
<DBL>
<Name></Name>
<Val>1.89273250762281E-3</Val>
</DBL>
<DBL>
<Name></Name>
<Val>1.38498242757356E-3</Val>
</DBL>
<DBL>
<Name></Name>
<Val>6.65195158705921E-2</Val>
</DBL>
<DBL>
<Name></Name>
<Val>4.83879042477814E-8</Val>
</DBL>
<DBL>
<Name></Name>
<Val>3.27824682037362E-4</Val>
</DBL>
<DBL>
<Name></Name>
<Val>3.51556740961188E-4</Val>
</DBL>
<DBL>
<Name></Name>
<Val>0.43535305260855</Val>
</DBL>
<DBL>
<Name></Name>
<Val>0.48051251623618</Val>
</DBL>
<DBL>
<Name></Name>
<Val>1.05151151685193E-2</Val>
</DBL>
<DBL>
<Name></Name>
<Val>1.87704603906640E-3</Val>
</DBL>
<DBL>
<Name></Name>
<Val>1.89261345059434E-3</Val>
</DBL>
<DBL>
<Name></Name>
<Val>1.40475945053235E-3</Val>
</DBL>
<DBL>
<Name></Name>
<Val>6.77654672356445E-2</Val>
</DBL>
<DBL>
<Name></Name>
<Val>4.82774996063192E-8</Val>
</DBL>
<DBL>
<Name></Name>
<Val>3.27080970254530E-4</Val>
</DBL>
<DBL>
<Name></Name>
<Val>3.50781198615805E-4</Val>
</DBL>
<DBL>
<Name></Name>
<Val>0.43439714174858</Val>
</DBL>
<DBL>
<Name></Name>
<Val>0.48020830477002</Val>
</DBL>
<DBL>
<Name></Name>
<Val>1.05118956642313E-2</Val>
</DBL>
<DBL>
<Name></Name>
<Val>1.87657486278502E-3</Val>
</DBL>
<DBL>
<Name></Name>
<Val>1.89235485142587E-3</Val>
</DBL>
<DBL>
<Name></Name>
<Val>1.42451012360925E-3</Val>
</DBL>
<DBL>
<Name></Name>
<Val>6.90113075329735E-2</Val>
</DBL>
<DBL>
<Name></Name>
<Val>4.81696705132000E-8</Val>
</DBL>
<DBL>
<Name></Name>
<Val>3.26354462146174E-4</Val>
</DBL>
<DBL>
<Name></Name>
<Val>3.50022840652109E-4</Val>
</DBL>
<DBL>
<Name></Name>
<Val>0.43346225339723</Val>
</DBL>
<DBL>
<Name></Name>
<Val>0.47988414902968</Val>
</DBL>
<DBL>
<Name></Name>
<Val>1.05080422471929E-2</Val>
</DBL>
<DBL>
<Name></Name>
<Val>1.87598458647674E-3</Val>
</DBL>
<DBL>
<Name></Name>
<Val>1.89196473492985E-3</Val>
</DBL>
<DBL>
<Name></Name>
<Val>1.44423442019604E-3</Val>
</DBL>
<DBL>
<Name></Name>
<Val>7.02569461118263E-2</Val>
</DBL>
<DBL>
<Name></Name>
<Val>4.80642775653434E-8</Val>
</DBL>
<DBL>
<Name></Name>
<Val>3.25644227040136E-4</Val>
</DBL>
<DBL>
<Name></Name>
<Val>3.49280739985963E-4</Val>
</DBL>
<DBL>
<Name></Name>
<Val>0.43254725396341</Val>
</DBL>
<DBL>
<Name></Name>
<Val>0.47954121879868</Val>
</DBL>
<DBL>
<Name></Name>
<Val>1.05035915867963E-2</Val>
</DBL>
<DBL>
<Name></Name>
<Val>1.87528208898401E-3</Val>
</DBL>
<DBL>
<Name></Name>
<Val>1.89145067619538E-3</Val>
</DBL>
<DBL>
<Name></Name>
<Val>1.46393231733429E-3</Val>
</DBL>
<DBL>
<Name></Name>
<Val>7.15022975372927E-2</Val>
</DBL>
<DBL>
<Name></Name>
<Val>4.79611891697905E-8</Val>
</DBL>
<DBL>
<Name></Name>
<Val>3.24949386404889E-4</Val>
</DBL>
<DBL>
<Name></Name>
<Val>3.48554021469153E-4</Val>
</DBL>
<DBL>
<Name></Name>
<Val>0.43165107335982</Val>
</DBL>
<DBL>
<Name></Name>
<Val>0.47918061819232</Val>
</DBL>
<DBL>
<Name></Name>
<Val>1.04985782961441E-2</Val>
</DBL>
<DBL>
<Name></Name>
<Val>1.87447386346080E-3</Val>
</DBL>
<DBL>
<Name></Name>
<Val>1.89081982571089E-3</Val>
</DBL>
<DBL>
<Name></Name>
<Val>1.48360379549581E-3</Val>
</DBL>
<DBL>
<Name></Name>
<Val>7.27472812979875E-2</Val>
</DBL>
<DBL>
<Name></Name>
<Val>4.78602811057552E-8</Val>
</DBL>
<DBL>
<Name></Name>
<Val>3.24269110925775E-4</Val>
</DBL>
<DBL>
<Name></Name>
<Val>3.47841858977112E-4</Val>
</DBL>
<DBL>
<Name></Name>
<Val>0.43077270144198</Val>
</DBL>
<DBL>
<Name></Name>
<Val>0.47880338934026</Val>
</DBL>
<DBL>
<Name></Name>
<Val>1.04930350470932E-2</Val>
</DBL>
<DBL>
<Name></Name>
<Val>1.87356603894404E-3</Val>
</DBL>
<DBL>
<Name></Name>
<Val>1.89007893309476E-3</Val>
</DBL>
<DBL>
<Name></Name>
<Val>1.50324883837755E-3</Val>
</DBL>
<DBL>
<Name></Name>
<Val>7.39918215300639E-2</Val>
</DBL>
<DBL>
<Name></Name>
<Val>4.77614361112332E-8</Val>
</DBL>
<DBL>
<Name></Name>
<Val>3.23602617745196E-4</Val>
</DBL>
<DBL>
<Name></Name>
<Val>3.47143472659962E-4</Val>
</DBL>
<DBL>
<Name></Name>
<Val>0.42991118464706</Val>
</DBL>
<DBL>
<Name></Name>
<Val>0.47841051586261</Val>
</DBL>
<DBL>
<Name></Name>
<Val>1.04869926788928E-2</Val>
</DBL>
<DBL>
<Name></Name>
<Val>1.87256440072516E-3</Val>
</DBL>
<DBL>
<Name></Name>
<Val>1.88923436950911E-3</Val>
</DBL>
<DBL>
<Name></Name>
<Val>1.52286743270958E-3</Val>
</DBL>
<DBL>
<Name></Name>
<Val>7.52358467566527E-2</Val>
</DBL>
<DBL>
<Name></Name>
<Val>4.76645434927928E-8</Val>
</DBL>
<DBL>
<Name></Name>
<Val>3.22949167857569E-4</Val>
</DBL>
<DBL>
<Name></Name>
<Val>3.46458126347697E-4</Val>
</DBL>
<DBL>
<Name></Name>
<Val>0.42906562282102</Val>
</DBL>
<DBL>
<Name></Name>
<Val>0.47800292615110</Val>
</DBL>
<DBL>
<Name></Name>
<Val>1.04804803007693E-2</Val>
</DBL>
<DBL>
<Name></Name>
<Val>1.87147440958756E-3</Val>
</DBL>
<DBL>
<Name></Name>
<Val>1.88829214882801E-3</Val>
</DBL>
<DBL>
<Name></Name>
<Val>1.54245956807542E-3</Val>
</DBL>
<DBL>
<Name></Name>
<Val>7.64792896418717E-2</Val>
</DBL>
<DBL>
<Name></Name>
<Val>4.75694987572481E-8</Val>
</DBL>
<DBL>
<Name></Name>
<Val>3.22308063650357E-4</Val>
</DBL>
<DBL>
<Name></Name>
<Val>3.45785125100879E-4</Val>
</DBL>
<DBL>
<Name></Name>
<Val>0.42823516622386</Val>
</DBL>
<DBL>
<Name></Name>
<Val>0.47758149646616</Val>
</DBL>
<DBL>
<Name></Name>
<Val>1.04735253887900E-2</Val>
</DBL>
<DBL>
<Name></Name>
<Val>1.87030121997190E-3</Val>
</DBL>
<DBL>
<Name></Name>
<Val>1.88725794762819E-3</Val>
</DBL>
<DBL>
<Name></Name>
<Val>1.56202523674354E-3</Val>
</DBL>
<DBL>
<Name></Name>
<Val>7.77220867585959E-2</Val>
</DBL>
<DBL>
<Name></Name>
<Val>4.74762032639852E-8</Val>
</DBL>
<DBL>
<Name></Name>
<Val>3.21678646582997E-4</Val>
</DBL>
<DBL>
<Name></Name>
<Val>3.45123812898681E-4</Val>
</DBL>
<DBL>
<Name></Name>
<Val>0.42741901270264</Val>
</DBL>
<DBL>
<Name></Name>
<Val>0.47714705386043</Val>
</DBL>
<DBL>
<Name></Name>
<Val>1.04661538773213E-2</Val>
</DBL>
<DBL>
<Name></Name>
<Val>1.86904969712844E-3</Val>
</DBL>
<DBL>
<Name></Name>
<Val>1.88613712406647E-3</Val>
</DBL>
<DBL>
<Name></Name>
<Val>1.58156443350931E-3</Val>
</DBL>
<DBL>
<Name></Name>
<Val>7.89641783692208E-2</Val>
</DBL>
<DBL>
<Name></Name>
<Val>4.73845638967860E-8</Val>
</DBL>
<DBL>
<Name></Name>
<Val>3.21060294995983E-4</Val>
</DBL>
<DBL>
<Name></Name>
<Val>3.44473570456576E-4</Val>
</DBL>
<DBL>
<Name></Name>
<Val>0.42661640502314</Val>
</DBL>
<DBL>
<Name></Name>
<Val>0.47670037893821</Val>
</DBL>
<DBL>
<Name></Name>
<Val>1.04583902453798E-2</Val>
</DBL>
<DBL>
<Name></Name>
<Val>1.86772443331202E-3</Val>
</DBL>
<DBL>
<Name></Name>
<Val>1.88493473570512E-3</Val>
</DBL>
<DBL>
<Name></Name>
<Val>1.60107715554660E-3</Val>
</DBL>
<DBL>
<Name></Name>
<Val>8.02055082186966E-2</Val>
</DBL>
<DBL>
<Name></Name>
<Val>4.72944927540537E-8</Val>
</DBL>
<DBL>
<Name></Name>
<Val>3.20452422042798E-4</Val>
</DBL>
<DBL>
<Name></Name>
<Val>3.43833813166399E-4</Val>
</DBL>
<DBL>
<Name></Name>
<Val>0.42582662835107</Val>
</DBL>
<DBL>
<Name></Name>
<Val>0.47624220846023</Val>
</DBL>
<DBL>
<Name></Name>
<Val>1.04502575981590E-2</Val>
</DBL>
<DBL>
<Name></Name>
<Val>1.86632976307284E-3</Val>
</DBL>
<DBL>
<Name></Name>
<Val>1.88365555634291E-3</Val>
</DBL>
<DBL>
<Name></Name>
<Val>1.62056340226839E-3</Val>
</DBL>
<DBL>
<Name></Name>
<Val>8.14460233391506E-2</Val>
</DBL>
<DBL>
<Name></Name>
<Val>4.72059068564102E-8</Val>
</DBL>
<DBL>
<Name></Name>
<Val>3.19854473737833E-4</Val>
</DBL>
<DBL>
<Name></Name>
<Val>3.43203989151921E-4</Val>
</DBL>
<DBL>
<Name></Name>
<Val>0.42504900787462</Val>
</DBL>
<DBL>
<Name></Name>
<Val>0.47577323780234</Val>
</DBL>
<DBL>
<Name></Name>
<Val>1.04417777439993E-2</Val>
</DBL>
<DBL>
<Name></Name>
<Val>1.86486977769274E-3</Val>
</DBL>
<DBL>
<Name></Name>
<Val>1.88230409190681E-3</Val>
</DBL>
<DBL>
<Name></Name>
<Val>1.64002317519572E-3</Val>
</DBL>
<DBL>
<Name></Name>
<Val>8.26856738654470E-2</Val>
</DBL>
<DBL>
<Name></Name>
<Val>4.71187278706893E-8</Val>
</DBL>
<DBL>
<Name></Name>
<Val>3.19265927113750E-4</Val>
</DBL>
<DBL>
<Name></Name>
<Val>3.42583577433463E-4</Val>
</DBL>
<DBL>
<Name></Name>
<Val>0.42428290656020</Val>
</DBL>
<DBL>
<Name></Name>
<Val>0.47529412327628</Val>
</DBL>
<DBL>
<Name></Name>
<Val>1.04329712670538E-2</Val>
</DBL>
<DBL>
<Name></Name>
<Val>1.86334833881475E-3</Val>
</DBL>
<DBL>
<Name></Name>
<Val>1.88088459545610E-3</Val>
</DBL>
<DBL>
<Name></Name>
<Val>1.65945647783450E-3</Val>
</DBL>
<DBL>
<Name></Name>
<Val>8.39244128610793E-2</Val>
</DBL>
<DBL>
<Name></Name>
<Val>4.70328818494080E-8</Val>
</DBL>
<DBL>
<Name></Name>
<Val>3.18686288482189E-4</Val>
</DBL>
<DBL>
<Name></Name>
<Val>3.41972086195427E-4</Val>
</DBL>
<DBL>
<Name></Name>
<Val>0.42352772303413</Val>
</DBL>
<DBL>
<Name></Name>
<Val>0.47480548432039</Val>
</DBL>
<DBL>
<Name></Name>
<Val>1.04238575958893E-2</Val>
</DBL>
<DBL>
<Name></Name>
<Val>1.86176909131031E-3</Val>
</DBL>
<DBL>
<Name></Name>
<Val>1.87940108134818E-3</Val>
</DBL>
<DBL>
<Name></Name>
<Val>1.67886331555953E-3</Val>
</DBL>
<DBL>
<Name></Name>
<Val>8.51621961538129E-2</Val>
</DBL>
<DBL>
<Name></Name>
<Val>4.69482989848468E-8</Val>
</DBL>
<DBL>
<Name></Name>
<Val>3.18115091791996E-4</Val>
</DBL>
<DBL>
<Name></Name>
<Val>3.41369051150975E-4</Val>
</DBL>
<DBL>
<Name></Name>
<Val>0.42278288958308</Val>
</DBL>
<DBL>
<Name></Name>
<Val>0.47430790556735</Val>
</DBL>
<DBL>
<Name></Name>
<Val>1.04144550682494E-2</Val>
</DBL>
<DBL>
<Name></Name>
<Val>1.86013547542685E-3</Val>
</DBL>
<DBL>
<Name></Name>
<Val>1.87785733861249E-3</Val>
</DBL>
<DBL>
<Name></Name>
<Val>1.69824369550542E-3</Val>
</DBL>
<DBL>
<Name></Name>
<Val>8.63989821805367E-2</Val>
</DBL>
<DBL>
<Name></Name>
<Val>4.68649133769200E-8</Val>
</DBL>
<DBL>
<Name></Name>
<Val>3.17551897079524E-4</Val>
</DBL>
<DBL>
<Name></Name>
<Val>3.40774033998413E-4</Val>
</DBL>
<DBL>
<Name></Name>
<Val>0.42204787026662</Val>
</DBL>
<DBL>
<Name></Name>
<Val>0.47380193879610</Val>
</DBL>
<DBL>
<Name></Name>
<Val>1.04047809921916E-2</Val>
</DBL>
<DBL>
<Name></Name>
<Val>1.85845073825561E-3</Val>
</DBL>
<DBL>
<Name></Name>
<Val>1.87625694357648E-3</Val>
</DBL>
<DBL>
<Name></Name>
<Val>1.71759762646378E-3</Val>
</DBL>
<DBL>
<Name></Name>
<Val>8.76347318408070E-2</Val>
</DBL>
<DBL>
<Name></Name>
<Val>4.67826628140630E-8</Val>
</DBL>
<DBL>
<Name></Name>
<Val>3.16996289005824E-4</Val>
</DBL>
<DBL>
<Name></Name>
<Val>3.40186620964132E-4</Val>
</DBL>
<DBL>
<Name></Name>
<Val>0.42132215913566</Val>
</DBL>
<DBL>
<Name></Name>
<Val>0.47328810477418</Val>
</DBL>
<DBL>
<Name></Name>
<Val>1.03948517038033E-2</Val>
</DBL>
<DBL>
<Name></Name>
<Val>1.85671794455756E-3</Val>
</DBL>
<DBL>
<Name></Name>
<Val>1.87460327178533E-3</Val>
</DBL>
<DBL>
<Name></Name>
<Val>1.73692511878650E-3</Val>
</DBL>
<DBL>
<Name></Name>
<Val>8.88694083585979E-2</Val>
</DBL>
<DBL>
<Name></Name>
<Val>4.67014885664063E-8</Val>
</DBL>
<DBL>
<Name></Name>
<Val>3.16447875475872E-4</Val>
</DBL>
<DBL>
<Name></Name>
<Val>3.39606421427255E-4</Val>
</DBL>
<DBL>
<Name></Name>
<Val>0.42060527855072</Val>
</DBL>
<DBL>
<Name></Name>
<Val>0.47276689499687</Val>
</DBL>
<DBL>
<Name></Name>
<Val>1.03846826216846E-2</Val>
</DBL>
<DBL>
<Name></Name>
<Val>1.85493998698330E-3</Val>
</DBL>
<DBL>
<Name></Name>
<Val>1.87289950925463E-3</Val>
</DBL>
<DBL>
<Name></Name>
<Val>1.75622618429459E-3</Val>
</DBL>
<DBL>
<Name></Name>
<Val>9.01029771518003E-2</Val>
</DBL>
<DBL>
<Name></Name>
<Val>4.66213351905478E-8</Val>
</DBL>
<DBL>
<Name></Name>
<Val>3.15906286335222E-4</Val>
</DBL>
<DBL>
<Name></Name>
<Val>3.39033066621406E-4</Val>
</DBL>
<DBL>
<Name></Name>
<Val>0.41989677759459</Val>
</DBL>
<DBL>
<Name></Name>
<Val>0.47223877332870</Val>
</DBL>
<DBL>
<Name></Name>
<Val>1.03742882983809E-2</Val>
</DBL>
<DBL>
<Name></Name>
<Val>1.85311959572068E-3</Val>
</DBL>
<DBL>
<Name></Name>
<Val>1.87114866309319E-3</Val>
</DBL>
<DBL>
<Name></Name>
<Val>1.77550083619223E-3</Val>
</DBL>
<DBL>
<Name></Name>
<Val>9.13354057090331E-2</Val>
</DBL>
<DBL>
<Name></Name>
<Val>4.65421503452721E-8</Val>
</DBL>
<DBL>
<Name></Name>
<Val>3.15371172139740E-4</Val>
</DBL>
<DBL>
<Name></Name>
<Val>3.38466208409284E-4</Val>
</DBL>
<DBL>
<Name></Name>
<Val>0.41919623057389</Val>
</DBL>
<DBL>
<Name></Name>
<Val>0.47170417755300</Val>
</DBL>
<DBL>
<Name></Name>
<Val>1.03636824689341E-2</Val>
</DBL>
<DBL>
<Name></Name>
<Val>1.85125934760211E-3</Val>
</DBL>
<DBL>
<Name></Name>
<Val>1.86935357153118E-3</Val>
</DBL>
<DBL>
<Name></Name>
<Val>1.79474908898583E-3</Val>
</DBL>
<DBL>
<Name></Name>
<Val>9.25666634733611E-2</Val>
</DBL>
<DBL>
<Name></Name>
<Val>4.64638846176037E-8</Val>
</DBL>
<DBL>
<Name></Name>
<Val>3.14842202994330E-4</Val>
</DBL>
<DBL>
<Name></Name>
<Val>3.37905518125942E-4</Val>
</DBL>
<DBL>
<Name></Name>
<Val>0.41850323560478</Val>
</DBL>
<DBL>
<Name></Name>
<Val>0.47116352083447</Val>
</DBL>
<DBL>
<Name></Name>
<Val>1.03528780967139E-2</Val>
</DBL>
<DBL>
<Name></Name>
<Val>1.84936167470173E-3</Val>
</DBL>
<DBL>
<Name></Name>
<Val>1.86751691338670E-3</Val>
</DBL>
<DBL>
<Name></Name>
<Val>1.81397095840772E-3</Val>
</DBL>
<DBL>
<Name></Name>
<Val>9.37967217325291E-2</Val>
</DBL>
</Array>
<Array>
<Name>StateAdjacencyMatrix</Name>
<Dimsize>10</Dimsize>
<Dimsize>10</Dimsize>
<String>
<Name></Name>
<Val>@</Val>
</String>
<String>
<Name></Name>
<Val>B</Val>
</String>
<String>
<Name></Name>
<Val>@</Val>
</String>
<String>
<Name></Name>
<Val>@</Val>
</String>
<String>
<Name></Name>
<Val>@</Val>
</String>
<String>
<Name></Name>
<Val>@</Val>
</String>
<String>
<Name></Name>
<Val>@</Val>
</String>
<String>
<Name></Name>
<Val>@</Val>
</String>
<String>
<Name></Name>
<Val>@</Val>
</String>
<String>
<Name></Name>
<Val>@</Val>
</String>
<String>
<Name></Name>
<Val>A</Val>
</String>
<String>
<Name></Name>
<Val>@</Val>
</String>
<String>
<Name></Name>
<Val>G</Val>
</String>
<String>
<Name></Name>
<Val>@</Val>
</String>
<String>
<Name></Name>
<Val>@</Val>
</String>
<String>
<Name></Name>
<Val>@</Val>
</String>
<String>
<Name></Name>
<Val>@</Val>
</String>
<String>
<Name></Name>
<Val>@</Val>
</String>
<String>
<Name></Name>
<Val>@</Val>
</String>
<String>
<Name></Name>
<Val>@</Val>
</String>
<String>
<Name></Name>
<Val>@</Val>
</String>
<String>
<Name></Name>
<Val>J</Val>
</String>
<String>
<Name></Name>
<Val>@</Val>
</String>
<String>
<Name></Name>
<Val>C</Val>
</String>
<String>
<Name></Name>
<Val>@</Val>
</String>
<String>
<Name></Name>
<Val>@</Val>
</String>
<String>
<Name></Name>
<Val>@</Val>
</String>
<String>
<Name></Name>
<Val>@</Val>
</String>
<String>
<Name></Name>
<Val>@</Val>
</String>
<String>
<Name></Name>
<Val>@</Val>
</String>
<String>
<Name></Name>
<Val>@</Val>
</String>
<String>
<Name></Name>
<Val>@</Val>
</String>
<String>
<Name></Name>
<Val>L</Val>
</String>
<String>
<Name></Name>
<Val>@</Val>
</String>
<String>
<Name></Name>
<Val>P</Val>
</String>
<String>
<Name></Name>
<Val>@</Val>
</String>
<String>
<Name></Name>
<Val>@</Val>
</String>
<String>
<Name></Name>
<Val>@</Val>
</String>
<String>
<Name></Name>
<Val>@</Val>
</String>
<String>
<Name></Name>
<Val>@</Val>
</String>
<String>
<Name></Name>
<Val>@</Val>
</String>
<String>
<Name></Name>
<Val>@</Val>
</String>
<String>
<Name></Name>
<Val>@</Val>
</String>
<String>
<Name></Name>
<Val>K</Val>
</String>
<String>
<Name></Name>
<Val>@</Val>
</String>
<String>
<Name></Name>
<Val>I</Val>
</String>
<String>
<Name></Name>
<Val>@</Val>
</String>
<String>
<Name></Name>
<Val>@</Val>
</String>
<String>
<Name></Name>
<Val>@</Val>
</String>
<String>
<Name></Name>
<Val>@</Val>
</String>
<String>
<Name></Name>
<Val>@</Val>
</String>
<String>
<Name></Name>
<Val>@</Val>
</String>
<String>
<Name></Name>
<Val>@</Val>
</String>
<String>
<Name></Name>
<Val>@</Val>
</String>
<String>
<Name></Name>
<Val>M</Val>
</String>
<String>
<Name></Name>
<Val>@</Val>
</String>
<String>
<Name></Name>
<Val>E</Val>
</String>
<String>
<Name></Name>
<Val>@</Val>
</String>
<String>
<Name></Name>
<Val>@</Val>
</String>
<String>
<Name></Name>
<Val>@</Val>
</String>
<String>
<Name></Name>
<Val>@</Val>
</String>
<String>
<Name></Name>
<Val>@</Val>
</String>
<String>
<Name></Name>
<Val>@</Val>
</String>
<String>
<Name></Name>
<Val>@</Val>
</String>
<String>
<Name></Name>
<Val>@</Val>
</String>
<String>
<Name></Name>
<Val>N</Val>
</String>
<String>
<Name></Name>
<Val>@</Val>
</String>
<String>
<Name></Name>
<Val>O</Val>
</String>
<String>
<Name></Name>
<Val>@</Val>
</String>
<String>
<Name></Name>
<Val>@</Val>
</String>
<String>
<Name></Name>
<Val>@</Val>
</String>
<String>
<Name></Name>
<Val>@</Val>
</String>
<String>
<Name></Name>
<Val>@</Val>
</String>
<String>
<Name></Name>
<Val>@</Val>
</String>
<String>
<Name></Name>
<Val>@</Val>
</String>
<String>
<Name></Name>
<Val>@</Val>
</String>
<String>
<Name></Name>
<Val>D</Val>
</String>
<String>
<Name></Name>
<Val>@</Val>
</String>
<String>
<Name></Name>
<Val>H</Val>
</String>
<String>
<Name></Name>
<Val>@</Val>
</String>
<String>
<Name></Name>
<Val>@</Val>
</String>
<String>
<Name></Name>
<Val>@</Val>
</String>
<String>
<Name></Name>
<Val>@</Val>
</String>
<String>
<Name></Name>
<Val>@</Val>
</String>
<String>
<Name></Name>
<Val>@</Val>
</String>
<String>
<Name></Name>
<Val>@</Val>
</String>
<String>
<Name></Name>
<Val>@</Val>
</String>
<String>
<Name></Name>
<Val>A</Val>
</String>
<String>
<Name></Name>
<Val>@</Val>
</String>
<String>
<Name></Name>
<Val>B</Val>
</String>
<String>
<Name></Name>
<Val>@</Val>
</String>
<String>
<Name></Name>
<Val>@</Val>
</String>
<String>
<Name></Name>
<Val>@</Val>
</String>
<String>
<Name></Name>
<Val>@</Val>
</String>
<String>
<Name></Name>
<Val>@</Val>
</String>
<String>
<Name></Name>
<Val>@</Val>
</String>
<String>
<Name></Name>
<Val>@</Val>
</String>
<String>
<Name></Name>
<Val>@</Val>
</String>
<String>
<Name></Name>
<Val>F</Val>
</String>
<String>
<Name></Name>
<Val>@</Val>
</String>
</Array>
<Cluster>
<Name>IntegrationParams</Name>
<NumElts>4</NumElts>
<DBL>
<Name>time start</Name>
<Val>0.00000000000000</Val>
</DBL>
<DBL>
<Name>time end</Name>
<Val>999.00000000000000</Val>
</DBL>
<DBL>
<Name>h (step rate)</Name>
<Val>0.10000000000000</Val>
</DBL>
<Array>
<Name>X0</Name>
<Dimsize>10</Dimsize>
<I32>
<Name></Name>
<Val>1</Val>
</I32>
<I32>
<Name></Name>
<Val>0</Val>
</I32>
<I32>
<Name></Name>
<Val>0</Val>
</I32>
<I32>
<Name></Name>
<Val>0</Val>
</I32>
<I32>
<Name></Name>
<Val>0</Val>
</I32>
<I32>
<Name></Name>
<Val>0</Val>
</I32>
<I32>
<Name></Name>
<Val>0</Val>
</I32>
<I32>
<Name></Name>
<Val>0</Val>
</I32>
<I32>
<Name></Name>
<Val>0</Val>
</I32>
<I32>
<Name></Name>
<Val>0</Val>
</I32>
</Array>
</Cluster>
<Array>
<Name>StateNames</Name>
<Dimsize>10</Dimsize>
<String>
<Name>string</Name>
<Val>a</Val>
</String>
<String>
<Name>string</Name>
<Val>b</Val>
</String>
<String>
<Name>string</Name>
<Val>c</Val>
</String>
<String>
<Name>string</Name>
<Val>d</Val>
</String>
<String>
<Name>string</Name>
<Val>e</Val>
</String>
<String>
<Name>string</Name>
<Val>f</Val>
</String>
<String>
<Name>string</Name>
<Val>g</Val>
</String>
<String>
<Name>string</Name>
<Val>h</Val>
</String>
<String>
<Name>string</Name>
<Val>i</Val>
</String>
<String>
<Name>string</Name>
<Val>j</Val>
</String>
</Array>
</Cluster>
</LVData>