<?xml version='1.0' standalone='yes' ?>
<LVData xmlns="http://www.ni.com/LVData">
<Version>10.0.1</Version>
<Cluster>
<Name>ModelData</Name>
<NumElts>7</NumElts>
<Array>
<Name>Transitions</Name>
<Dimsize>1</Dimsize>
<Dimsize>2</Dimsize>
<String>
<Name>string</Name>
<Val>A</Val>
</String>
<String>
<Name>string</Name>
<Val>A</Val>
</String>
</Array>
<Array>
<Name>RealValues</Name>
<Dimsize>1</Dimsize>
<Dimsize>2</Dimsize>
<String>
<Name>string</Name>
<Val>A</Val>
</String>
<String>
<Name>string</Name>
<Val>0,499342</Val>
</String>
</Array>
<Array>
<Name>Times</Name>
<Dimsize>100</Dimsize>
<DBL>
<Name></Name>
<Val>0.00000000000000</Val>
</DBL>
<DBL>
<Name></Name>
<Val>10.00000000000000</Val>
</DBL>
<DBL>
<Name></Name>
<Val>20.00000000000000</Val>
</DBL>
<DBL>
<Name></Name>
<Val>30.00000000000000</Val>
</DBL>
<DBL>
<Name></Name>
<Val>40.00000000000000</Val>
</DBL>
<DBL>
<Name></Name>
<Val>50.00000000000000</Val>
</DBL>
<DBL>
<Name></Name>
<Val>60.00000000000000</Val>
</DBL>
<DBL>
<Name></Name>
<Val>70.00000000000000</Val>
</DBL>
<DBL>
<Name></Name>
<Val>80.00000000000000</Val>
</DBL>
<DBL>
<Name></Name>
<Val>90.00000000000000</Val>
</DBL>
<DBL>
<Name></Name>
<Val>100.00000000000000</Val>
</DBL>
<DBL>
<Name></Name>
<Val>110.00000000000000</Val>
</DBL>
<DBL>
<Name></Name>
<Val>120.00000000000000</Val>
</DBL>
<DBL>
<Name></Name>
<Val>130.00000000000000</Val>
</DBL>
<DBL>
<Name></Name>
<Val>140.00000000000000</Val>
</DBL>
<DBL>
<Name></Name>
<Val>150.00000000000000</Val>
</DBL>
<DBL>
<Name></Name>
<Val>160.00000000000000</Val>
</DBL>
<DBL>
<Name></Name>
<Val>170.00000000000000</Val>
</DBL>
<DBL>
<Name></Name>
<Val>180.00000000000000</Val>
</DBL>
<DBL>
<Name></Name>
<Val>190.00000000000000</Val>
</DBL>
<DBL>
<Name></Name>
<Val>200.00000000000000</Val>
</DBL>
<DBL>
<Name></Name>
<Val>210.00000000000000</Val>
</DBL>
<DBL>
<Name></Name>
<Val>220.00000000000000</Val>
</DBL>
<DBL>
<Name></Name>
<Val>230.00000000000000</Val>
</DBL>
<DBL>
<Name></Name>
<Val>240.00000000000000</Val>
</DBL>
<DBL>
<Name></Name>
<Val>250.00000000000000</Val>
</DBL>
<DBL>
<Name></Name>
<Val>260.00000000000000</Val>
</DBL>
<DBL>
<Name></Name>
<Val>270.00000000000000</Val>
</DBL>
<DBL>
<Name></Name>
<Val>280.00000000000000</Val>
</DBL>
<DBL>
<Name></Name>
<Val>290.00000000000000</Val>
</DBL>
<DBL>
<Name></Name>
<Val>300.00000000000000</Val>
</DBL>
<DBL>
<Name></Name>
<Val>310.00000000000000</Val>
</DBL>
<DBL>
<Name></Name>
<Val>320.00000000000000</Val>
</DBL>
<DBL>
<Name></Name>
<Val>330.00000000000000</Val>
</DBL>
<DBL>
<Name></Name>
<Val>340.00000000000000</Val>
</DBL>
<DBL>
<Name></Name>
<Val>350.00000000000000</Val>
</DBL>
<DBL>
<Name></Name>
<Val>360.00000000000000</Val>
</DBL>
<DBL>
<Name></Name>
<Val>370.00000000000000</Val>
</DBL>
<DBL>
<Name></Name>
<Val>380.00000000000000</Val>
</DBL>
<DBL>
<Name></Name>
<Val>390.00000000000000</Val>
</DBL>
<DBL>
<Name></Name>
<Val>400.00000000000000</Val>
</DBL>
<DBL>
<Name></Name>
<Val>410.00000000000000</Val>
</DBL>
<DBL>
<Name></Name>
<Val>420.00000000000000</Val>
</DBL>
<DBL>
<Name></Name>
<Val>430.00000000000000</Val>
</DBL>
<DBL>
<Name></Name>
<Val>440.00000000000000</Val>
</DBL>
<DBL>
<Name></Name>
<Val>450.00000000000000</Val>
</DBL>
<DBL>
<Name></Name>
<Val>460.00000000000000</Val>
</DBL>
<DBL>
<Name></Name>
<Val>470.00000000000000</Val>
</DBL>
<DBL>
<Name></Name>
<Val>480.00000000000000</Val>
</DBL>
<DBL>
<Name></Name>
<Val>490.00000000000000</Val>
</DBL>
<DBL>
<Name></Name>
<Val>500.00000000000000</Val>
</DBL>
<DBL>
<Name></Name>
<Val>510.00000000000000</Val>
</DBL>
<DBL>
<Name></Name>
<Val>520.00000000000000</Val>
</DBL>
<DBL>
<Name></Name>
<Val>530.00000000000000</Val>
</DBL>
<DBL>
<Name></Name>
<Val>540.00000000000000</Val>
</DBL>
<DBL>
<Name></Name>
<Val>550.00000000000000</Val>
</DBL>
<DBL>
<Name></Name>
<Val>560.00000000000000</Val>
</DBL>
<DBL>
<Name></Name>
<Val>570.00000000000000</Val>
</DBL>
<DBL>
<Name></Name>
<Val>580.00000000000000</Val>
</DBL>
<DBL>
<Name></Name>
<Val>590.00000000000000</Val>
</DBL>
<DBL>
<Name></Name>
<Val>600.00000000000000</Val>
</DBL>
<DBL>
<Name></Name>
<Val>610.00000000000000</Val>
</DBL>
<DBL>
<Name></Name>
<Val>620.00000000000000</Val>
</DBL>
<DBL>
<Name></Name>
<Val>630.00000000000000</Val>
</DBL>
<DBL>
<Name></Name>
<Val>640.00000000000000</Val>
</DBL>
<DBL>
<Name></Name>
<Val>650.00000000000000</Val>
</DBL>
<DBL>
<Name></Name>
<Val>660.00000000000000</Val>
</DBL>
<DBL>
<Name></Name>
<Val>670.00000000000000</Val>
</DBL>
<DBL>
<Name></Name>
<Val>680.00000000000000</Val>
</DBL>
<DBL>
<Name></Name>
<Val>690.00000000000000</Val>
</DBL>
<DBL>
<Name></Name>
<Val>700.00000000000000</Val>
</DBL>
<DBL>
<Name></Name>
<Val>710.00000000000000</Val>
</DBL>
<DBL>
<Name></Name>
<Val>720.00000000000000</Val>
</DBL>
<DBL>
<Name></Name>
<Val>730.00000000000000</Val>
</DBL>
<DBL>
<Name></Name>
<Val>740.00000000000000</Val>
</DBL>
<DBL>
<Name></Name>
<Val>750.00000000000000</Val>
</DBL>
<DBL>
<Name></Name>
<Val>760.00000000000000</Val>
</DBL>
<DBL>
<Name></Name>
<Val>770.00000000000000</Val>
</DBL>
<DBL>
<Name></Name>
<Val>780.00000000000000</Val>
</DBL>
<DBL>
<Name></Name>
<Val>790.00000000000000</Val>
</DBL>
<DBL>
<Name></Name>
<Val>800.00000000000000</Val>
</DBL>
<DBL>
<Name></Name>
<Val>810.00000000000000</Val>
</DBL>
<DBL>
<Name></Name>
<Val>820.00000000000000</Val>
</DBL>
<DBL>
<Name></Name>
<Val>830.00000000000000</Val>
</DBL>
<DBL>
<Name></Name>
<Val>840.00000000000000</Val>
</DBL>
<DBL>
<Name></Name>
<Val>850.00000000000000</Val>
</DBL>
<DBL>
<Name></Name>
<Val>860.00000000000000</Val>
</DBL>
<DBL>
<Name></Name>
<Val>870.00000000000000</Val>
</DBL>
<DBL>
<Name></Name>
<Val>880.00000000000000</Val>
</DBL>
<DBL>
<Name></Name>
<Val>890.00000000000000</Val>
</DBL>
<DBL>
<Name></Name>
<Val>900.00000000000000</Val>
</DBL>
<DBL>
<Name></Name>
<Val>910.00000000000000</Val>
</DBL>
<DBL>
<Name></Name>
<Val>920.00000000000000</Val>
</DBL>
<DBL>
<Name></Name>
<Val>930.00000000000000</Val>
</DBL>
<DBL>
<Name></Name>
<Val>940.00000000000000</Val>
</DBL>
<DBL>
<Name></Name>
<Val>950.00000000000000</Val>
</DBL>
<DBL>
<Name></Name>
<Val>960.00000000000000</Val>
</DBL>
<DBL>
<Name></Name>
<Val>970.00000000000000</Val>
</DBL>
<DBL>
<Name></Name>
<Val>980.00000000000000</Val>
</DBL>
<DBL>
<Name></Name>
<Val>990.00000000000000</Val>
</DBL>
</Array>
<Array>
<Name>RealSolution</Name>
<Dimsize>100</Dimsize>
<Dimsize>10</Dimsize>
<DBL>
<Name></Name>
<Val>1.00000000000000</Val>
</DBL>
<DBL>
<Name></Name>
<Val>0.00000000000000</Val>
</DBL>
<DBL>
<Name></Name>
<Val>0.00000000000000</Val>
</DBL>
<DBL>
<Name></Name>
<Val>0.00000000000000</Val>
</DBL>
<DBL>
<Name></Name>
<Val>0.00000000000000</Val>
</DBL>
<DBL>
<Name></Name>
<Val>0.00000000000000</Val>
</DBL>
<DBL>
<Name></Name>
<Val>0.00000000000000</Val>
</DBL>
<DBL>
<Name></Name>
<Val>0.00000000000000</Val>
</DBL>
<DBL>
<Name></Name>
<Val>0.00000000000000</Val>
</DBL>
<DBL>
<Name></Name>
<Val>0.00000000000000</Val>
</DBL>
<DBL>
<Name></Name>
<Val>0.24837505058430</Val>
</DBL>
<DBL>
<Name></Name>
<Val>0.22449964116598</Val>
</DBL>
<DBL>
<Name></Name>
<Val>0.18356080292818</Val>
</DBL>
<DBL>
<Name></Name>
<Val>0.13597812922627</Val>
</DBL>
<DBL>
<Name></Name>
<Val>9.14586075444935E-2</Val>
</DBL>
<DBL>
<Name></Name>
<Val>5.60074095935225E-2</Val>
</DBL>
<DBL>
<Name></Name>
<Val>3.13489382489501E-2</Val>
</DBL>
<DBL>
<Name></Name>
<Val>1.61853094093608E-2</Val>
</DBL>
<DBL>
<Name></Name>
<Val>8.01637954065785E-3</Val>
</DBL>
<DBL>
<Name></Name>
<Val>4.56973175827237E-3</Val>
</DBL>
<DBL>
<Name></Name>
<Val>0.17710624641858</Val>
</DBL>
<DBL>
<Name></Name>
<Val>0.16844075003910</Val>
</DBL>
<DBL>
<Name></Name>
<Val>0.15239645112789</Val>
</DBL>
<DBL>
<Name></Name>
<Val>0.13124377877433</Val>
</DBL>
<DBL>
<Name></Name>
<Val>0.10773618659966</Val>
</DBL>
<DBL>
<Name></Name>
<Val>8.45762897818111E-2</Val>
</DBL>
<DBL>
<Name></Name>
<Val>6.40049091926020E-2</Val>
</DBL>
<DBL>
<Name></Name>
<Val>4.76033496825834E-2</Val>
</DBL>
<DBL>
<Name></Name>
<Val>3.63104388880790E-2</Val>
</DBL>
<DBL>
<Name></Name>
<Val>3.05815994953776E-2</Val>
</DBL>
<DBL>
<Name></Name>
<Val>0.14542204866484</Val>
</DBL>
<DBL>
<Name></Name>
<Val>0.14081626563310</Val>
</DBL>
<DBL>
<Name></Name>
<Val>0.13211666105315</Val>
</DBL>
<DBL>
<Name></Name>
<Val>0.12027355917286</Val>
</DBL>
<DBL>
<Name></Name>
<Val>0.10654473994196</Val>
</DBL>
<DBL>
<Name></Name>
<Val>9.23346436427035E-2</Val>
</DBL>
<DBL>
<Name></Name>
<Val>7.90338616676833E-2</Val>
</DBL>
<DBL>
<Name></Name>
<Val>6.78833387905744E-2</Val>
</DBL>
<DBL>
<Name></Name>
<Val>5.98763134297786E-2</Val>
</DBL>
<DBL>
<Name></Name>
<Val>5.56985680033577E-2</Val>
</DBL>
<DBL>
<Name></Name>
<Val>0.12756514077554</Val>
</DBL>
<DBL>
<Name></Name>
<Val>0.12484366487362</Val>
</DBL>
<DBL>
<Name></Name>
<Val>0.11967597724988</Val>
</DBL>
<DBL>
<Name></Name>
<Val>0.11258227244072</Val>
</DBL>
<DBL>
<Name></Name>
<Val>0.10427127320590</Val>
</DBL>
<DBL>
<Name></Name>
<Val>9.55653770378241E-2</Val>
</DBL>
<DBL>
<Name></Name>
<Val>8.73167718577426E-2</Val>
</DBL>
<DBL>
<Name></Name>
<Val>8.03240227500005E-2</Val>
</DBL>
<DBL>
<Name></Name>
<Val>7.52572908278418E-2</Val>
</DBL>
<DBL>
<Name></Name>
<Val>7.25982089809393E-2</Val>
</DBL>
<DBL>
<Name></Name>
<Val>0.11684917879158</Val>
</DBL>
<DBL>
<Name></Name>
<Val>0.11519648156942</Val>
</DBL>
<DBL>
<Name></Name>
<Val>0.11205415657026</Val>
</DBL>
<DBL>
<Name></Name>
<Val>0.10773188680786</Val>
</DBL>
<DBL>
<Name></Name>
<Val>0.10265485645438</Val>
</DBL>
<DBL>
<Name></Name>
<Val>9.73213324185125E-2</Val>
</DBL>
<DBL>
<Name></Name>
<Val>9.22533971062834E-2</Val>
</DBL>
<DBL>
<Name></Name>
<Val>8.79458434297373E-2</Val>
</DBL>
<DBL>
<Name></Name>
<Val>8.48182345164446E-2</Val>
</DBL>
<DBL>
<Name></Name>
<Val>8.31746323355262E-2</Val>
</DBL>
<DBL>
<Name></Name>
<Val>0.11031680445762</Val>
</DBL>
<DBL>
<Name></Name>
<Val>0.10930643075043</Val>
</DBL>
<DBL>
<Name></Name>
<Val>0.10738477406609</Val>
</DBL>
<DBL>
<Name></Name>
<Val>0.10474024424443</Val>
</DBL>
<DBL>
<Name></Name>
<Val>0.10163201098368</Val>
</DBL>
<DBL>
<Name></Name>
<Val>9.83645181218040E-2</Val>
</DBL>
<DBL>
<Name></Name>
<Val>9.52576106247847E-2</Val>
</DBL>
<DBL>
<Name></Name>
<Val>9.26152259339115E-2</Val>
</DBL>
<DBL>
<Name></Name>
<Val>9.06957143803562E-2</Val>
</DBL>
<DBL>
<Name></Name>
<Val>8.96866664368956E-2</Val>
</DBL>
<DBL>
<Name></Name>
<Val>0.10631960456546</Val>
</DBL>
<DBL>
<Name></Name>
<Val>0.10570092577519</Val>
</DBL>
<DBL>
<Name></Name>
<Val>0.10452415623488</Val>
</DBL>
<DBL>
<Name></Name>
<Val>0.10290453076067</Val>
</DBL>
<DBL>
<Name></Name>
<Val>0.10100063399304</Val>
</DBL>
<DBL>
<Name></Name>
<Val>9.89988600624635E-2</Val>
</DBL>
<DBL>
<Name></Name>
<Val>9.70951565484317E-2</Val>
</DBL>
<DBL>
<Name></Name>
<Val>9.54758437651181E-2</Val>
</DBL>
<DBL>
<Name></Name>
<Val>9.42993869157095E-2</Val>
</DBL>
<DBL>
<Name></Name>
<Val>9.36809013790361E-2</Val>
</DBL>
<DBL>
<Name></Name>
<Val>0.10387148015154</Val>
</DBL>
<DBL>
<Name></Name>
<Val>0.10349250222464</Val>
</DBL>
<DBL>
<Name></Name>
<Val>0.10277164737211</Val>
</DBL>
<DBL>
<Name></Name>
<Val>0.10177948436360</Val>
</DBL>
<DBL>
<Name></Name>
<Val>0.10061313950137</Val>
</DBL>
<DBL>
<Name></Name>
<Val>9.93867867482325E-2</Val>
</DBL>
<DBL>
<Name></Name>
<Val>9.82204700561521E-2</Val>
</DBL>
<DBL>
<Name></Name>
<Val>9.72283526278863E-2</Val>
</DBL>
<DBL>
<Name></Name>
<Val>9.65075433556055E-2</Val>
</DBL>
<DBL>
<Name></Name>
<Val>9.61285935988575E-2</Val>
</DBL>
<DBL>
<Name></Name>
<Val>0.10237177925437</Val>
</DBL>
<DBL>
<Name></Name>
<Val>0.10213961144881</Val>
</DBL>
<DBL>
<Name></Name>
<Val>0.10169800262336</Val>
</DBL>
<DBL>
<Name></Name>
<Val>0.10109018147045</Val>
</DBL>
<DBL>
<Name></Name>
<Val>0.10037564670321</Val>
</DBL>
<DBL>
<Name></Name>
<Val>9.96243425463593E-2</Val>
</DBL>
<DBL>
<Name></Name>
<Val>9.89098118854147E-2</Val>
</DBL>
<DBL>
<Name></Name>
<Val>9.83019973766420E-2</Val>
</DBL>
<DBL>
<Name></Name>
<Val>9.78603951953236E-2</Val>
</DBL>
<DBL>
<Name></Name>
<Val>9.76282314960610E-2</Val>
</DBL>
<DBL>
<Name></Name>
<Val>0.10145302771233</Val>
</DBL>
<DBL>
<Name></Name>
<Val>0.10131079501342</Val>
</DBL>
<DBL>
<Name></Name>
<Val>0.10104025242819</Val>
</DBL>
<DBL>
<Name></Name>
<Val>0.10066788268742</Val>
</DBL>
<DBL>
<Name></Name>
<Val>0.10023013607336</Val>
</DBL>
<DBL>
<Name></Name>
<Val>9.97698623595728E-2</Val>
</DBL>
<DBL>
<Name></Name>
<Val>9.93321163440780E-2</Val>
</DBL>
<DBL>
<Name></Name>
<Val>9.89597475718091E-2</Val>
</DBL>
<DBL>
<Name></Name>
<Val>9.86892059550764E-2</Val>
</DBL>
<DBL>
<Name></Name>
<Val>9.85469738547347E-2</Val>
</DBL>
<DBL>
<Name></Name>
<Val>0.10089017234959</Val>
</DBL>
<DBL>
<Name></Name>
<Val>0.10080303604537</Val>
</DBL>
<DBL>
<Name></Name>
<Val>0.10063729295790</Val>
</DBL>
<DBL>
<Name></Name>
<Val>0.10040916719542</Val>
</DBL>
<DBL>
<Name></Name>
<Val>0.10014098931708</Val>
</DBL>
<DBL>
<Name></Name>
<Val>9.98590104544936E-2</Val>
</DBL>
<DBL>
<Name></Name>
<Val>9.95908326634005E-2</Val>
</DBL>
<DBL>
<Name></Name>
<Val>9.93627070421027E-2</Val>
</DBL>
<DBL>
<Name></Name>
<Val>9.91969640958051E-2</Val>
</DBL>
<DBL>
<Name></Name>
<Val>9.91098278788376E-2</Val>
</DBL>
<DBL>
<Name></Name>
<Val>0.10054534889693</Val>
</DBL>
<DBL>
<Name></Name>
<Val>0.10049196634250</Val>
</DBL>
<DBL>
<Name></Name>
<Val>0.10039042669181</Val>
</DBL>
<DBL>
<Name></Name>
<Val>0.10025066935626</Val>
</DBL>
<DBL>
<Name></Name>
<Val>0.10008637476054</Val>
</DBL>
<DBL>
<Name></Name>
<Val>9.99136252061667E-2</Val>
</DBL>
<DBL>
<Name></Name>
<Val>9.97493306231562E-2</Val>
</DBL>
<DBL>
<Name></Name>
<Val>9.96095733081904E-2</Val>
</DBL>
<DBL>
<Name></Name>
<Val>9.95080336780816E-2</Val>
</DBL>
<DBL>
<Name></Name>
<Val>9.94546511363701E-2</Val>
</DBL>
<DBL>
<Name></Name>
<Val>0.10033409871883</Val>
</DBL>
<DBL>
<Name></Name>
<Val>0.10030139480774</Val>
</DBL>
<DBL>
<Name></Name>
<Val>0.10023918827250</Val>
</DBL>
<DBL>
<Name></Name>
<Val>0.10015356832263</Val>
</DBL>
<DBL>
<Name></Name>
<Val>0.10005291603578</Val>
</DBL>
<DBL>
<Name></Name>
<Val>9.99470839593617E-2</Val>
</DBL>
<DBL>
<Name></Name>
<Val>9.98464316743738E-2</Val>
</DBL>
<DBL>
<Name></Name>
<Val>9.97608117274977E-2</Val>
</DBL>
<DBL>
<Name></Name>
<Val>9.96986051952567E-2</Val>
</DBL>
<DBL>
<Name></Name>
<Val>9.96659012860190E-2</Val>
</DBL>
<DBL>
<Name></Name>
<Val>0.10020467989673</Val>
</DBL>
<DBL>
<Name></Name>
<Val>0.10018464440225</Val>
</DBL>
<DBL>
<Name></Name>
<Val>0.10014653462712</Val>
</DBL>
<DBL>
<Name></Name>
<Val>0.10009408102172</Val>
</DBL>
<DBL>
<Name></Name>
<Val>0.10003241811048</Val>
</DBL>
<DBL>
<Name></Name>
<Val>9.99675818888127E-2</Val>
</DBL>
<DBL>
<Name></Name>
<Val>9.99059189778394E-2</Val>
</DBL>
<DBL>
<Name></Name>
<Val>9.98534653728783E-2</Val>
</DBL>
<DBL>
<Name></Name>
<Val>9.98153555981867E-2</Val>
</DBL>
<DBL>
<Name></Name>
<Val>9.97953201039757E-2</Val>
</DBL>
<DBL>
<Name></Name>
<Val>0.10012539365745</Val>
</DBL>
<DBL>
<Name></Name>
<Val>0.10011311925257</Val>
</DBL>
<DBL>
<Name></Name>
<Val>0.10008977194710</Val>
</DBL>
<DBL>
<Name></Name>
<Val>0.10005763713797</Val>
</DBL>
<DBL>
<Name></Name>
<Val>0.10001986040420</Val>
</DBL>
<DBL>
<Name></Name>
<Val>9.99801395957017E-2</Val>
</DBL>
<DBL>
<Name></Name>
<Val>9.99423628619711E-2</Val>
</DBL>
<DBL>
<Name></Name>
<Val>9.99102280529014E-2</Val>
</DBL>
<DBL>
<Name></Name>
<Val>9.98868807474917E-2</Val>
</DBL>
<DBL>
<Name></Name>
<Val>9.98746063426565E-2</Val>
</DBL>
<DBL>
<Name></Name>
<Val>0.10007682029156</Val>
</DBL>
<DBL>
<Name></Name>
<Val>0.10006930058618</Val>
</DBL>
<DBL>
<Name></Name>
<Val>0.10005499725658</Val>
</DBL>
<DBL>
<Name></Name>
<Val>0.10003531041232</Val>
</DBL>
<DBL>
<Name></Name>
<Val>0.10001216713888</Val>
</DBL>
<DBL>
<Name></Name>
<Val>9.99878328611092E-2</Val>
</DBL>
<DBL>
<Name></Name>
<Val>9.99646895876729E-2</Val>
</DBL>
<DBL>
<Name></Name>
<Val>9.99450027434186E-2</Val>
</DBL>
<DBL>
<Name></Name>
<Val>9.99306994138269E-2</Val>
</DBL>
<DBL>
<Name></Name>
<Val>9.99231797084540E-2</Val>
</DBL>
<DBL>
<Name></Name>
<Val>0.10004706264509</Val>
</DBL>
<DBL>
<Name></Name>
<Val>0.10004245582548</Val>
</DBL>
<DBL>
<Name></Name>
<Val>0.10003369313387</Val>
</DBL>
<DBL>
<Name></Name>
<Val>0.10002163232356</Val>
</DBL>
<DBL>
<Name></Name>
<Val>0.10000745399070</Val>
</DBL>
<DBL>
<Name></Name>
<Val>9.99925460092963E-2</Val>
</DBL>
<DBL>
<Name></Name>
<Val>9.99783676764366E-2</Val>
</DBL>
<DBL>
<Name></Name>
<Val>9.99663068661286E-2</Val>
</DBL>
<DBL>
<Name></Name>
<Val>9.99575441745179E-2</Val>
</DBL>
<DBL>
<Name></Name>
<Val>9.99529373549123E-2</Val>
</DBL>
<DBL>
<Name></Name>
<Val>0.10002883212909</Val>
</DBL>
<DBL>
<Name></Name>
<Val>0.10002600983941</Val>
</DBL>
<DBL>
<Name></Name>
<Val>0.10002064152543</Val>
</DBL>
<DBL>
<Name></Name>
<Val>0.10001325267512</Val>
</DBL>
<DBL>
<Name></Name>
<Val>0.10000456656063</Val>
</DBL>
<DBL>
<Name></Name>
<Val>9.99954334393706E-2</Val>
</DBL>
<DBL>
<Name></Name>
<Val>9.99867473248839E-2</Val>
</DBL>
<DBL>
<Name></Name>
<Val>9.99793584745743E-2</Val>
</DBL>
<DBL>
<Name></Name>
<Val>9.99739901605913E-2</Val>
</DBL>
<DBL>
<Name></Name>
<Val>9.99711678709109E-2</Val>
</DBL>
<DBL>
<Name></Name>
<Val>0.10001766351352</Val>
</DBL>
<DBL>
<Name></Name>
<Val>0.10001593448575</Val>
</DBL>
<DBL>
<Name></Name>
<Val>0.10001264567949</Val>
</DBL>
<DBL>
<Name></Name>
<Val>0.10000811902601</Val>
</DBL>
<DBL>
<Name></Name>
<Val>0.10000279762570</Val>
</DBL>
<DBL>
<Name></Name>
<Val>9.99972023742969E-2</Val>
</DBL>
<DBL>
<Name></Name>
<Val>9.99918809739868E-2</Val>
</DBL>
<DBL>
<Name></Name>
<Val>9.99873543205114E-2</Val>
</DBL>
<DBL>
<Name></Name>
<Val>9.99840655142521E-2</Val>
</DBL>
<DBL>
<Name></Name>
<Val>9.99823364864798E-2</Val>
</DBL>
<DBL>
<Name></Name>
<Val>0.10001082125114</Val>
</DBL>
<DBL>
<Name></Name>
<Val>0.10000976199169</Val>
</DBL>
<DBL>
<Name></Name>
<Val>0.10000774716047</Val>
</DBL>
<DBL>
<Name></Name>
<Val>0.10000497398320</Val>
</DBL>
<DBL>
<Name></Name>
<Val>0.10000171391781</Val>
</DBL>
<DBL>
<Name></Name>
<Val>9.99982860821940E-2</Val>
</DBL>
<DBL>
<Name></Name>
<Val>9.99950260167984E-2</Val>
</DBL>
<DBL>
<Name></Name>
<Val>9.99922528395344E-2</Val>
</DBL>
<DBL>
<Name></Name>
<Val>9.99902380083144E-2</Val>
</DBL>
<DBL>
<Name></Name>
<Val>9.99891787488564E-2</Val>
</DBL>
<DBL>
<Name></Name>
<Val>0.10000662945547</Val>
</DBL>
<DBL>
<Name></Name>
<Val>0.10000598051818</Val>
</DBL>
<DBL>
<Name></Name>
<Val>0.10000474616610</Val>
</DBL>
<DBL>
<Name></Name>
<Val>0.10000304722621</Val>
</DBL>
<DBL>
<Name></Name>
<Val>0.10000105000259</Val>
</DBL>
<DBL>
<Name></Name>
<Val>9.99989499974058E-2</Val>
</DBL>
<DBL>
<Name></Name>
<Val>9.99969527737872E-2</Val>
</DBL>
<DBL>
<Name></Name>
<Val>9.99952538339016E-2</Val>
</DBL>
<DBL>
<Name></Name>
<Val>9.99940194818222E-2</Val>
</DBL>
<DBL>
<Name></Name>
<Val>9.99933705445308E-2</Val>
</DBL>
<DBL>
<Name></Name>
<Val>0.10000406142314</Val>
</DBL>
<DBL>
<Name></Name>
<Val>0.10000366386275</Val>
</DBL>
<DBL>
<Name></Name>
<Val>0.10000290765794</Val>
</DBL>
<DBL>
<Name></Name>
<Val>0.10000186683131</Val>
</DBL>
<DBL>
<Name></Name>
<Val>0.10000064326623</Val>
</DBL>
<DBL>
<Name></Name>
<Val>9.99993567337687E-2</Val>
</DBL>
<DBL>
<Name></Name>
<Val>9.99981331686869E-2</Val>
</DBL>
<DBL>
<Name></Name>
<Val>9.99970923420609E-2</Val>
</DBL>
<DBL>
<Name></Name>
<Val>9.99963361372528E-2</Val>
</DBL>
<DBL>
<Name></Name>
<Val>9.99959385768581E-2</Val>
</DBL>
<DBL>
<Name></Name>
<Val>0.10000248816181</Val>
</DBL>
<DBL>
<Name></Name>
<Val>0.10000224460320</Val>
</DBL>
<DBL>
<Name></Name>
<Val>0.10000178132718</Val>
</DBL>
<DBL>
<Name></Name>
<Val>0.10000114368245</Val>
</DBL>
<DBL>
<Name></Name>
<Val>0.10000039408612</Val>
</DBL>
<DBL>
<Name></Name>
<Val>9.99996059138838E-2</Val>
</DBL>
<DBL>
<Name></Name>
<Val>9.99988563175464E-2</Val>
</DBL>
<DBL>
<Name></Name>
<Val>9.99982186728160E-2</Val>
</DBL>
<DBL>
<Name></Name>
<Val>9.99977553968016E-2</Val>
</DBL>
<DBL>
<Name></Name>
<Val>9.99975118381873E-2</Val>
</DBL>
<DBL>
<Name></Name>
<Val>0.10000152433002</Val>
</DBL>
<DBL>
<Name></Name>
<Val>0.10000137511797</Val>
</DBL>
<DBL>
<Name></Name>
<Val>0.10000109129980</Val>
</DBL>
<DBL>
<Name></Name>
<Val>0.10000070065760</Val>
</DBL>
<DBL>
<Name></Name>
<Val>0.10000024143016</Val>
</DBL>
<DBL>
<Name></Name>
<Val>9.99997585698434E-2</Val>
</DBL>
<DBL>
<Name></Name>
<Val>9.99992993423961E-2</Val>
</DBL>
<DBL>
<Name></Name>
<Val>9.99989087001968E-2</Val>
</DBL>
<DBL>
<Name></Name>
<Val>9.99986248820258E-2</Val>
</DBL>
<DBL>
<Name></Name>
<Val>9.99984756699832E-2</Val>
</DBL>
<DBL>
<Name></Name>
<Val>0.10000093385486</Val>
</DBL>
<DBL>
<Name></Name>
<Val>0.10000084244264</Val>
</DBL>
<DBL>
<Name></Name>
<Val>0.10000066856626</Val>
</DBL>
<DBL>
<Name></Name>
<Val>0.10000042924596</Val>
</DBL>
<DBL>
<Name></Name>
<Val>0.10000014790808</Val>
</DBL>
<DBL>
<Name></Name>
<Val>9.99998520919207E-2</Val>
</DBL>
<DBL>
<Name></Name>
<Val>9.99995707540355E-2</Val>
</DBL>
<DBL>
<Name></Name>
<Val>9.99993314337360E-2</Val>
</DBL>
<DBL>
<Name></Name>
<Val>9.99991575573606E-2</Val>
</DBL>
<DBL>
<Name></Name>
<Val>9.99990661451404E-2</Val>
</DBL>
<DBL>
<Name></Name>
<Val>0.10000057211030</Val>
</DBL>
<DBL>
<Name></Name>
<Val>0.10000051610815</Val>
</DBL>
<DBL>
<Name></Name>
<Val>0.10000040958575</Val>
</DBL>
<DBL>
<Name></Name>
<Val>0.10000026297024</Val>
</DBL>
<DBL>
<Name></Name>
<Val>0.10000009061337</Val>
</DBL>
<DBL>
<Name></Name>
<Val>9.99999093866307E-2</Val>
</DBL>
<DBL>
<Name></Name>
<Val>9.99997370297603E-2</Val>
</DBL>
<DBL>
<Name></Name>
<Val>9.99995904142491E-2</Val>
</DBL>
<DBL>
<Name></Name>
<Val>9.99994838918449E-2</Val>
</DBL>
<DBL>
<Name></Name>
<Val>9.99994278897029E-2</Val>
</DBL>
<DBL>
<Name></Name>
<Val>0.10000035049364</Val>
</DBL>
<DBL>
<Name></Name>
<Val>0.10000031618488</Val>
</DBL>
<DBL>
<Name></Name>
<Val>0.10000025092574</Val>
</DBL>
<DBL>
<Name></Name>
<Val>0.10000016110424</Val>
</DBL>
<DBL>
<Name></Name>
<Val>0.10000005551274</Val>
</DBL>
<DBL>
<Name></Name>
<Val>9.99999444872604E-2</Val>
</DBL>
<DBL>
<Name></Name>
<Val>9.99998388957551E-2</Val>
</DBL>
<DBL>
<Name></Name>
<Val>9.99997490742558E-2</Val>
</DBL>
<DBL>
<Name></Name>
<Val>9.99996838151165E-2</Val>
</DBL>
<DBL>
<Name></Name>
<Val>9.99996495063567E-2</Val>
</DBL>
<DBL>
<Name></Name>
<Val>0.10000021472397</Val>
</DBL>
<DBL>
<Name></Name>
<Val>0.10000019370529</Val>
</DBL>
<DBL>
<Name></Name>
<Val>0.10000015372539</Val>
</DBL>
<DBL>
<Name></Name>
<Val>0.10000009869778</Val>
</DBL>
<DBL>
<Name></Name>
<Val>0.10000003400894</Val>
</DBL>
<DBL>
<Name></Name>
<Val>9.99999659910642E-2</Val>
</DBL>
<DBL>
<Name></Name>
<Val>9.99999013022243E-2</Val>
</DBL>
<DBL>
<Name></Name>
<Val>9.99998462746104E-2</Val>
</DBL>
<DBL>
<Name></Name>
<Val>9.99998062947087E-2</Val>
</DBL>
<DBL>
<Name></Name>
<Val>9.99997852760305E-2</Val>
</DBL>
<DBL>
<Name></Name>
<Val>0.10000013154699</Val>
</DBL>
<DBL>
<Name></Name>
<Val>0.10000011867025</Val>
</DBL>
<DBL>
<Name></Name>
<Val>0.10000009417725</Val>
</DBL>
<DBL>
<Name></Name>
<Val>0.10000006046551</Val>
</DBL>
<DBL>
<Name></Name>
<Val>0.10000002083500</Val>
</DBL>
<DBL>
<Name></Name>
<Val>9.99999791650039E-2</Val>
</DBL>
<DBL>
<Name></Name>
<Val>9.99999395344863E-2</Val>
</DBL>
<DBL>
<Name></Name>
<Val>9.99999058227545E-2</Val>
</DBL>
<DBL>
<Name></Name>
<Val>9.99998813297477E-2</Val>
</DBL>
<DBL>
<Name></Name>
<Val>9.99998684530120E-2</Val>
</DBL>
<DBL>
<Name></Name>
<Val>0.10000008059002</Val>
</DBL>
<DBL>
<Name></Name>
<Val>0.10000007270131</Val>
</DBL>
<DBL>
<Name></Name>
<Val>0.10000005769609</Val>
</DBL>
<DBL>
<Name></Name>
<Val>0.10000003704317</Val>
</DBL>
<DBL>
<Name></Name>
<Val>0.10000001276421</Val>
</DBL>
<DBL>
<Name></Name>
<Val>9.99999872357939E-2</Val>
</DBL>
<DBL>
<Name></Name>
<Val>9.99999629568314E-2</Val>
</DBL>
<DBL>
<Name></Name>
<Val>9.99999423039123E-2</Val>
</DBL>
<DBL>
<Name></Name>
<Val>9.99999272986882E-2</Val>
</DBL>
<DBL>
<Name></Name>
<Val>9.99999194099750E-2</Val>
</DBL>
<DBL>
<Name></Name>
<Val>0.10000004937211</Val>
</DBL>
<DBL>
<Name></Name>
<Val>0.10000004453922</Val>
</DBL>
<DBL>
<Name></Name>
<Val>0.10000003534653</Val>
</DBL>
<DBL>
<Name></Name>
<Val>0.10000002269387</Val>
</DBL>
<DBL>
<Name></Name>
<Val>0.10000000781977</Val>
</DBL>
<DBL>
<Name></Name>
<Val>9.99999921802262E-2</Val>
</DBL>
<DBL>
<Name></Name>
<Val>9.99999773061327E-2</Val>
</DBL>
<DBL>
<Name></Name>
<Val>9.99999646534731E-2</Val>
</DBL>
<DBL>
<Name></Name>
<Val>9.99999554607778E-2</Val>
</DBL>
<DBL>
<Name></Name>
<Val>9.99999506278919E-2</Val>
</DBL>
<DBL>
<Name></Name>
<Val>0.10000003024698</Val>
</DBL>
<DBL>
<Name></Name>
<Val>0.10000002728620</Val>
</DBL>
<DBL>
<Name></Name>
<Val>0.10000002165445</Val>
</DBL>
<DBL>
<Name></Name>
<Val>0.10000001390301</Val>
</DBL>
<DBL>
<Name></Name>
<Val>0.10000000479065</Val>
</DBL>
<DBL>
<Name></Name>
<Val>9.99999952093486E-2</Val>
</DBL>
<DBL>
<Name></Name>
<Val>9.99999860969882E-2</Val>
</DBL>
<DBL>
<Name></Name>
<Val>9.99999783455514E-2</Val>
</DBL>
<DBL>
<Name></Name>
<Val>9.99999727138030E-2</Val>
</DBL>
<DBL>
<Name></Name>
<Val>9.99999697530176E-2</Val>
</DBL>
<DBL>
<Name></Name>
<Val>0.10000001853030</Val>
</DBL>
<DBL>
<Name></Name>
<Val>0.10000001671642</Val>
</DBL>
<DBL>
<Name></Name>
<Val>0.10000001326623</Val>
</DBL>
<DBL>
<Name></Name>
<Val>0.10000000851744</Val>
</DBL>
<DBL>
<Name></Name>
<Val>0.10000000293491</Val>
</DBL>
<DBL>
<Name></Name>
<Val>9.99999970650889E-2</Val>
</DBL>
<DBL>
<Name></Name>
<Val>9.99999914825562E-2</Val>
</DBL>
<DBL>
<Name></Name>
<Val>9.99999867337703E-2</Val>
</DBL>
<DBL>
<Name></Name>
<Val>9.99999832835754E-2</Val>
</DBL>
<DBL>
<Name></Name>
<Val>9.99999814697006E-2</Val>
</DBL>
<DBL>
<Name></Name>
<Val>0.10000001135227</Val>
</DBL>
<DBL>
<Name></Name>
<Val>0.10000001024103</Val>
</DBL>
<DBL>
<Name></Name>
<Val>0.10000000812733</Val>
</DBL>
<DBL>
<Name></Name>
<Val>0.10000000521807</Val>
</DBL>
<DBL>
<Name></Name>
<Val>0.10000000179802</Val>
</DBL>
<DBL>
<Name></Name>
<Val>9.99999982019766E-2</Val>
</DBL>
<DBL>
<Name></Name>
<Val>9.99999947819329E-2</Val>
</DBL>
<DBL>
<Name></Name>
<Val>9.99999918726700E-2</Val>
</DBL>
<DBL>
<Name></Name>
<Val>9.99999897589668E-2</Val>
</DBL>
<DBL>
<Name></Name>
<Val>9.99999886477273E-2</Val>
</DBL>
<DBL>
<Name></Name>
<Val>0.10000000695478</Val>
</DBL>
<DBL>
<Name></Name>
<Val>0.10000000627399</Val>
</DBL>
<DBL>
<Name></Name>
<Val>0.10000000497907</Val>
</DBL>
<DBL>
<Name></Name>
<Val>0.10000000319676</Val>
</DBL>
<DBL>
<Name></Name>
<Val>0.10000000110153</Val>
</DBL>
<DBL>
<Name></Name>
<Val>9.99999988984715E-2</Val>
</DBL>
<DBL>
<Name></Name>
<Val>9.99999968032400E-2</Val>
</DBL>
<DBL>
<Name></Name>
<Val>9.99999950209295E-2</Val>
</DBL>
<DBL>
<Name></Name>
<Val>9.99999937260052E-2</Val>
</DBL>
<DBL>
<Name></Name>
<Val>9.99999930452232E-2</Val>
</DBL>
<DBL>
<Name></Name>
<Val>0.10000000426073</Val>
</DBL>
<DBL>
<Name></Name>
<Val>0.10000000384366</Val>
</DBL>
<DBL>
<Name></Name>
<Val>0.10000000305034</Val>
</DBL>
<DBL>
<Name></Name>
<Val>0.10000000195844</Val>
</DBL>
<DBL>
<Name></Name>
<Val>0.10000000067483</Val>
</DBL>
<DBL>
<Name></Name>
<Val>9.99999993251673E-2</Val>
</DBL>
<DBL>
<Name></Name>
<Val>9.99999980415593E-2</Val>
</DBL>
<DBL>
<Name></Name>
<Val>9.99999969496571E-2</Val>
</DBL>
<DBL>
<Name></Name>
<Val>9.99999961563438E-2</Val>
</DBL>
<DBL>
<Name></Name>
<Val>9.99999957392743E-2</Val>
</DBL>
<DBL>
<Name></Name>
<Val>0.10000000261026</Val>
</DBL>
<DBL>
<Name></Name>
<Val>0.10000000235475</Val>
</DBL>
<DBL>
<Name></Name>
<Val>0.10000000186874</Val>
</DBL>
<DBL>
<Name></Name>
<Val>0.10000000119981</Val>
</DBL>
<DBL>
<Name></Name>
<Val>0.10000000041342</Val>
</DBL>
<DBL>
<Name></Name>
<Val>9.99999995865752E-2</Val>
</DBL>
<DBL>
<Name></Name>
<Val>9.99999988001946E-2</Val>
</DBL>
<DBL>
<Name></Name>
<Val>9.99999981312593E-2</Val>
</DBL>
<DBL>
<Name></Name>
<Val>9.99999976452493E-2</Val>
</DBL>
<DBL>
<Name></Name>
<Val>9.99999973897388E-2</Val>
</DBL>
<DBL>
<Name></Name>
<Val>0.10000000159913</Val>
</DBL>
<DBL>
<Name></Name>
<Val>0.10000000144260</Val>
</DBL>
<DBL>
<Name></Name>
<Val>0.10000000114485</Val>
</DBL>
<DBL>
<Name></Name>
<Val>0.10000000073504</Val>
</DBL>
<DBL>
<Name></Name>
<Val>0.10000000025328</Val>
</DBL>
<DBL>
<Name></Name>
<Val>9.99999997467223E-2</Val>
</DBL>
<DBL>
<Name></Name>
<Val>9.99999992649596E-2</Val>
</DBL>
<DBL>
<Name></Name>
<Val>9.99999988551477E-2</Val>
</DBL>
<DBL>
<Name></Name>
<Val>9.99999985574020E-2</Val>
</DBL>
<DBL>
<Name></Name>
<Val>9.99999984008678E-2</Val>
</DBL>
<DBL>
<Name></Name>
<Val>0.10000000097968</Val>
</DBL>
<DBL>
<Name></Name>
<Val>0.10000000088378</Val>
</DBL>
<DBL>
<Name></Name>
<Val>0.10000000070137</Val>
</DBL>
<DBL>
<Name></Name>
<Val>0.10000000045031</Val>
</DBL>
<DBL>
<Name></Name>
<Val>0.10000000015517</Val>
</DBL>
<DBL>
<Name></Name>
<Val>9.99999998448337E-2</Val>
</DBL>
<DBL>
<Name></Name>
<Val>9.99999995496899E-2</Val>
</DBL>
<DBL>
<Name></Name>
<Val>9.99999992986257E-2</Val>
</DBL>
<DBL>
<Name></Name>
<Val>9.99999991162168E-2</Val>
</DBL>
<DBL>
<Name></Name>
<Val>9.99999990203188E-2</Val>
</DBL>
<DBL>
<Name></Name>
<Val>0.10000000060018</Val>
</DBL>
<DBL>
<Name></Name>
<Val>0.10000000054143</Val>
</DBL>
<DBL>
<Name></Name>
<Val>0.10000000042968</Val>
</DBL>
<DBL>
<Name></Name>
<Val>0.10000000027587</Val>
</DBL>
<DBL>
<Name></Name>
<Val>0.10000000009506</Val>
</DBL>
<DBL>
<Name></Name>
<Val>9.99999999049400E-2</Val>
</DBL>
<DBL>
<Name></Name>
<Val>9.99999997241252E-2</Val>
</DBL>
<DBL>
<Name></Name>
<Val>9.99999995703149E-2</Val>
</DBL>
<DBL>
<Name></Name>
<Val>9.99999994585652E-2</Val>
</DBL>
<DBL>
<Name></Name>
<Val>9.99999993998150E-2</Val>
</DBL>
<DBL>
<Name></Name>
<Val>0.10000000036769</Val>
</DBL>
<DBL>
<Name></Name>
<Val>0.10000000033170</Val>
</DBL>
<DBL>
<Name></Name>
<Val>0.10000000026324</Val>
</DBL>
<DBL>
<Name></Name>
<Val>0.10000000016901</Val>
</DBL>
<DBL>
<Name></Name>
<Val>0.10000000005824</Val>
</DBL>
<DBL>
<Name></Name>
<Val>9.99999999417631E-2</Val>
</DBL>
<DBL>
<Name></Name>
<Val>9.99999998309900E-2</Val>
</DBL>
<DBL>
<Name></Name>
<Val>9.99999997367607E-2</Val>
</DBL>
<DBL>
<Name></Name>
<Val>9.99999996682992E-2</Val>
</DBL>
<DBL>
<Name></Name>
<Val>9.99999996323068E-2</Val>
</DBL>
<DBL>
<Name></Name>
<Val>0.10000000022526</Val>
</DBL>
<DBL>
<Name></Name>
<Val>0.10000000020321</Val>
</DBL>
<DBL>
<Name></Name>
<Val>0.10000000016127</Val>
</DBL>
<DBL>
<Name></Name>
<Val>0.10000000010354</Val>
</DBL>
<DBL>
<Name></Name>
<Val>0.10000000003568</Val>
</DBL>
<DBL>
<Name></Name>
<Val>9.99999999643221E-2</Val>
</DBL>
<DBL>
<Name></Name>
<Val>9.99999998964588E-2</Val>
</DBL>
<DBL>
<Name></Name>
<Val>9.99999998387309E-2</Val>
</DBL>
<DBL>
<Name></Name>
<Val>9.99999997967891E-2</Val>
</DBL>
<DBL>
<Name></Name>
<Val>9.99999997747390E-2</Val>
</DBL>
<DBL>
<Name></Name>
<Val>0.10000000013800</Val>
</DBL>
<DBL>
<Name></Name>
<Val>0.10000000012449</Val>
</DBL>
<DBL>
<Name></Name>
<Val>0.10000000009880</Val>
</DBL>
<DBL>
<Name></Name>
<Val>0.10000000006343</Val>
</DBL>
<DBL>
<Name></Name>
<Val>0.10000000002186</Val>
</DBL>
<DBL>
<Name></Name>
<Val>9.99999999781425E-2</Val>
</DBL>
<DBL>
<Name></Name>
<Val>9.99999999365672E-2</Val>
</DBL>
<DBL>
<Name></Name>
<Val>9.99999999012012E-2</Val>
</DBL>
<DBL>
<Name></Name>
<Val>9.99999998755063E-2</Val>
</DBL>
<DBL>
<Name></Name>
<Val>9.99999998619977E-2</Val>
</DBL>
<DBL>
<Name></Name>
<Val>0.10000000008454</Val>
</DBL>
<DBL>
<Name></Name>
<Val>0.10000000007627</Val>
</DBL>
<DBL>
<Name></Name>
<Val>0.10000000006053</Val>
</DBL>
<DBL>
<Name></Name>
<Val>0.10000000003886</Val>
</DBL>
<DBL>
<Name></Name>
<Val>0.10000000001339</Val>
</DBL>
<DBL>
<Name></Name>
<Val>9.99999999866093E-2</Val>
</DBL>
<DBL>
<Name></Name>
<Val>9.99999999611390E-2</Val>
</DBL>
<DBL>
<Name></Name>
<Val>9.99999999394726E-2</Val>
</DBL>
<DBL>
<Name></Name>
<Val>9.99999999237310E-2</Val>
</DBL>
<DBL>
<Name></Name>
<Val>9.99999999154552E-2</Val>
</DBL>
<DBL>
<Name></Name>
<Val>0.10000000005179</Val>
</DBL>
<DBL>
<Name></Name>
<Val>0.10000000004672</Val>
</DBL>
<DBL>
<Name></Name>
<Val>0.10000000003708</Val>
</DBL>
<DBL>
<Name></Name>
<Val>0.10000000002381</Val>
</DBL>
<DBL>
<Name></Name>
<Val>0.10000000000820</Val>
</DBL>
<DBL>
<Name></Name>
<Val>9.99999999917964E-2</Val>
</DBL>
<DBL>
<Name></Name>
<Val>9.99999999761924E-2</Val>
</DBL>
<DBL>
<Name></Name>
<Val>9.99999999629189E-2</Val>
</DBL>
<DBL>
<Name></Name>
<Val>9.99999999532751E-2</Val>
</DBL>
<DBL>
<Name></Name>
<Val>9.99999999482050E-2</Val>
</DBL>
<DBL>
<Name></Name>
<Val>0.10000000003173</Val>
</DBL>
<DBL>
<Name></Name>
<Val>0.10000000002863</Val>
</DBL>
<DBL>
<Name></Name>
<Val>0.10000000002272</Val>
</DBL>
<DBL>
<Name></Name>
<Val>0.10000000001459</Val>
</DBL>
<DBL>
<Name></Name>
<Val>0.10000000000503</Val>
</DBL>
<DBL>
<Name></Name>
<Val>9.99999999949742E-2</Val>
</DBL>
<DBL>
<Name></Name>
<Val>9.99999999854147E-2</Val>
</DBL>
<DBL>
<Name></Name>
<Val>9.99999999772829E-2</Val>
</DBL>
<DBL>
<Name></Name>
<Val>9.99999999713748E-2</Val>
</DBL>
<DBL>
<Name></Name>
<Val>9.99999999682687E-2</Val>
</DBL>
<DBL>
<Name></Name>
<Val>0.10000000001944</Val>
</DBL>
<DBL>
<Name></Name>
<Val>0.10000000001754</Val>
</DBL>
<DBL>
<Name></Name>
<Val>0.10000000001392</Val>
</DBL>
<DBL>
<Name></Name>
<Val>0.10000000000894</Val>
</DBL>
<DBL>
<Name></Name>
<Val>0.10000000000308</Val>
</DBL>
<DBL>
<Name></Name>
<Val>9.99999999969210E-2</Val>
</DBL>
<DBL>
<Name></Name>
<Val>9.99999999910646E-2</Val>
</DBL>
<DBL>
<Name></Name>
<Val>9.99999999860827E-2</Val>
</DBL>
<DBL>
<Name></Name>
<Val>9.99999999824632E-2</Val>
</DBL>
<DBL>
<Name></Name>
<Val>9.99999999805603E-2</Val>
</DBL>
<DBL>
<Name></Name>
<Val>0.10000000001191</Val>
</DBL>
<DBL>
<Name></Name>
<Val>0.10000000001074</Val>
</DBL>
<DBL>
<Name></Name>
<Val>0.10000000000853</Val>
</DBL>
<DBL>
<Name></Name>
<Val>0.10000000000547</Val>
</DBL>
<DBL>
<Name></Name>
<Val>0.10000000000189</Val>
</DBL>
<DBL>
<Name></Name>
<Val>9.99999999981137E-2</Val>
</DBL>
<DBL>
<Name></Name>
<Val>9.99999999945258E-2</Val>
</DBL>
<DBL>
<Name></Name>
<Val>9.99999999914738E-2</Val>
</DBL>
<DBL>
<Name></Name>
<Val>9.99999999892564E-2</Val>
</DBL>
<DBL>
<Name></Name>
<Val>9.99999999880906E-2</Val>
</DBL>
<DBL>
<Name></Name>
<Val>0.10000000000730</Val>
</DBL>
<DBL>
<Name></Name>
<Val>0.10000000000658</Val>
</DBL>
<DBL>
<Name></Name>
<Val>0.10000000000522</Val>
</DBL>
<DBL>
<Name></Name>
<Val>0.10000000000335</Val>
</DBL>
<DBL>
<Name></Name>
<Val>0.10000000000116</Val>
</DBL>
<DBL>
<Name></Name>
<Val>9.99999999988444E-2</Val>
</DBL>
<DBL>
<Name></Name>
<Val>9.99999999966463E-2</Val>
</DBL>
<DBL>
<Name></Name>
<Val>9.99999999947765E-2</Val>
</DBL>
<DBL>
<Name></Name>
<Val>9.99999999934181E-2</Val>
</DBL>
<DBL>
<Name></Name>
<Val>9.99999999927039E-2</Val>
</DBL>
<DBL>
<Name></Name>
<Val>0.10000000000447</Val>
</DBL>
<DBL>
<Name></Name>
<Val>0.10000000000403</Val>
</DBL>
<DBL>
<Name></Name>
<Val>0.10000000000320</Val>
</DBL>
<DBL>
<Name></Name>
<Val>0.10000000000205</Val>
</DBL>
<DBL>
<Name></Name>
<Val>0.10000000000071</Val>
</DBL>
<DBL>
<Name></Name>
<Val>9.99999999992920E-2</Val>
</DBL>
<DBL>
<Name></Name>
<Val>9.99999999979454E-2</Val>
</DBL>
<DBL>
<Name></Name>
<Val>9.99999999967999E-2</Val>
</DBL>
<DBL>
<Name></Name>
<Val>9.99999999959676E-2</Val>
</DBL>
<DBL>
<Name></Name>
<Val>9.99999999955301E-2</Val>
</DBL>
<DBL>
<Name></Name>
<Val>0.10000000000274</Val>
</DBL>
<DBL>
<Name></Name>
<Val>0.10000000000247</Val>
</DBL>
<DBL>
<Name></Name>
<Val>0.10000000000196</Val>
</DBL>
<DBL>
<Name></Name>
<Val>0.10000000000126</Val>
</DBL>
<DBL>
<Name></Name>
<Val>0.10000000000043</Val>
</DBL>
<DBL>
<Name></Name>
<Val>9.99999999995662E-2</Val>
</DBL>
<DBL>
<Name></Name>
<Val>9.99999999987413E-2</Val>
</DBL>
<DBL>
<Name></Name>
<Val>9.99999999980395E-2</Val>
</DBL>
<DBL>
<Name></Name>
<Val>9.99999999975296E-2</Val>
</DBL>
<DBL>
<Name></Name>
<Val>9.99999999972616E-2</Val>
</DBL>
<DBL>
<Name></Name>
<Val>0.10000000000168</Val>
</DBL>
<DBL>
<Name></Name>
<Val>0.10000000000151</Val>
</DBL>
<DBL>
<Name></Name>
<Val>0.10000000000120</Val>
</DBL>
<DBL>
<Name></Name>
<Val>0.10000000000077</Val>
</DBL>
<DBL>
<Name></Name>
<Val>0.10000000000027</Val>
</DBL>
<DBL>
<Name></Name>
<Val>9.99999999997342E-2</Val>
</DBL>
<DBL>
<Name></Name>
<Val>9.99999999992288E-2</Val>
</DBL>
<DBL>
<Name></Name>
<Val>9.99999999987989E-2</Val>
</DBL>
<DBL>
<Name></Name>
<Val>9.99999999984866E-2</Val>
</DBL>
<DBL>
<Name></Name>
<Val>9.99999999983224E-2</Val>
</DBL>
<DBL>
<Name></Name>
<Val>0.10000000000103</Val>
</DBL>
<DBL>
<Name></Name>
<Val>0.10000000000093</Val>
</DBL>
<DBL>
<Name></Name>
<Val>0.10000000000074</Val>
</DBL>
<DBL>
<Name></Name>
<Val>0.10000000000047</Val>
</DBL>
<DBL>
<Name></Name>
<Val>0.10000000000016</Val>
</DBL>
<DBL>
<Name></Name>
<Val>9.99999999998372E-2</Val>
</DBL>
<DBL>
<Name></Name>
<Val>9.99999999995276E-2</Val>
</DBL>
<DBL>
<Name></Name>
<Val>9.99999999992642E-2</Val>
</DBL>
<DBL>
<Name></Name>
<Val>9.99999999990728E-2</Val>
</DBL>
<DBL>
<Name></Name>
<Val>9.99999999989722E-2</Val>
</DBL>
<DBL>
<Name></Name>
<Val>0.10000000000063</Val>
</DBL>
<DBL>
<Name></Name>
<Val>0.10000000000057</Val>
</DBL>
<DBL>
<Name></Name>
<Val>0.10000000000045</Val>
</DBL>
<DBL>
<Name></Name>
<Val>0.10000000000029</Val>
</DBL>
<DBL>
<Name></Name>
<Val>0.10000000000010</Val>
</DBL>
<DBL>
<Name></Name>
<Val>9.99999999999003E-2</Val>
</DBL>
<DBL>
<Name></Name>
<Val>9.99999999997106E-2</Val>
</DBL>
<DBL>
<Name></Name>
<Val>9.99999999995492E-2</Val>
</DBL>
<DBL>
<Name></Name>
<Val>9.99999999994320E-2</Val>
</DBL>
<DBL>
<Name></Name>
<Val>9.99999999993703E-2</Val>
</DBL>
<DBL>
<Name></Name>
<Val>0.10000000000039</Val>
</DBL>
<DBL>
<Name></Name>
<Val>0.10000000000035</Val>
</DBL>
<DBL>
<Name></Name>
<Val>0.10000000000028</Val>
</DBL>
<DBL>
<Name></Name>
<Val>0.10000000000018</Val>
</DBL>
<DBL>
<Name></Name>
<Val>0.10000000000006</Val>
</DBL>
<DBL>
<Name></Name>
<Val>9.99999999999389E-2</Val>
</DBL>
<DBL>
<Name></Name>
<Val>9.99999999998227E-2</Val>
</DBL>
<DBL>
<Name></Name>
<Val>9.99999999997238E-2</Val>
</DBL>
<DBL>
<Name></Name>
<Val>9.99999999996520E-2</Val>
</DBL>
<DBL>
<Name></Name>
<Val>9.99999999996143E-2</Val>
</DBL>
<DBL>
<Name></Name>
<Val>0.10000000000024</Val>
</DBL>
<DBL>
<Name></Name>
<Val>0.10000000000021</Val>
</DBL>
<DBL>
<Name></Name>
<Val>0.10000000000017</Val>
</DBL>
<DBL>
<Name></Name>
<Val>0.10000000000011</Val>
</DBL>
<DBL>
<Name></Name>
<Val>0.10000000000004</Val>
</DBL>
<DBL>
<Name></Name>
<Val>9.99999999999625E-2</Val>
</DBL>
<DBL>
<Name></Name>
<Val>9.99999999998913E-2</Val>
</DBL>
<DBL>
<Name></Name>
<Val>9.99999999998308E-2</Val>
</DBL>
<DBL>
<Name></Name>
<Val>9.99999999997868E-2</Val>
</DBL>
<DBL>
<Name></Name>
<Val>9.99999999997637E-2</Val>
</DBL>
<DBL>
<Name></Name>
<Val>0.10000000000014</Val>
</DBL>
<DBL>
<Name></Name>
<Val>0.10000000000013</Val>
</DBL>
<DBL>
<Name></Name>
<Val>0.10000000000010</Val>
</DBL>
<DBL>
<Name></Name>
<Val>0.10000000000007</Val>
</DBL>
<DBL>
<Name></Name>
<Val>0.10000000000002</Val>
</DBL>
<DBL>
<Name></Name>
<Val>9.99999999999770E-2</Val>
</DBL>
<DBL>
<Name></Name>
<Val>9.99999999999334E-2</Val>
</DBL>
<DBL>
<Name></Name>
<Val>9.99999999998963E-2</Val>
</DBL>
<DBL>
<Name></Name>
<Val>9.99999999998694E-2</Val>
</DBL>
<DBL>
<Name></Name>
<Val>9.99999999998552E-2</Val>
</DBL>
<DBL>
<Name></Name>
<Val>0.10000000000009</Val>
</DBL>
<DBL>
<Name></Name>
<Val>0.10000000000008</Val>
</DBL>
<DBL>
<Name></Name>
<Val>0.10000000000006</Val>
</DBL>
<DBL>
<Name></Name>
<Val>0.10000000000004</Val>
</DBL>
<DBL>
<Name></Name>
<Val>0.10000000000001</Val>
</DBL>
<DBL>
<Name></Name>
<Val>9.99999999999859E-2</Val>
</DBL>
<DBL>
<Name></Name>
<Val>9.99999999999592E-2</Val>
</DBL>
<DBL>
<Name></Name>
<Val>9.99999999999365E-2</Val>
</DBL>
<DBL>
<Name></Name>
<Val>9.99999999999199E-2</Val>
</DBL>
<DBL>
<Name></Name>
<Val>9.99999999999113E-2</Val>
</DBL>
<DBL>
<Name></Name>
<Val>0.10000000000005</Val>
</DBL>
<DBL>
<Name></Name>
<Val>0.10000000000005</Val>
</DBL>
<DBL>
<Name></Name>
<Val>0.10000000000004</Val>
</DBL>
<DBL>
<Name></Name>
<Val>0.10000000000003</Val>
</DBL>
<DBL>
<Name></Name>
<Val>0.10000000000001</Val>
</DBL>
<DBL>
<Name></Name>
<Val>9.99999999999913E-2</Val>
</DBL>
<DBL>
<Name></Name>
<Val>9.99999999999750E-2</Val>
</DBL>
<DBL>
<Name></Name>
<Val>9.99999999999610E-2</Val>
</DBL>
<DBL>
<Name></Name>
<Val>9.99999999999509E-2</Val>
</DBL>
<DBL>
<Name></Name>
<Val>9.99999999999456E-2</Val>
</DBL>
<DBL>
<Name></Name>
<Val>0.10000000000003</Val>
</DBL>
<DBL>
<Name></Name>
<Val>0.10000000000003</Val>
</DBL>
<DBL>
<Name></Name>
<Val>0.10000000000002</Val>
</DBL>
<DBL>
<Name></Name>
<Val>0.10000000000002</Val>
</DBL>
<DBL>
<Name></Name>
<Val>0.10000000000001</Val>
</DBL>
<DBL>
<Name></Name>
<Val>9.99999999999946E-2</Val>
</DBL>
<DBL>
<Name></Name>
<Val>9.99999999999846E-2</Val>
</DBL>
<DBL>
<Name></Name>
<Val>9.99999999999760E-2</Val>
</DBL>
<DBL>
<Name></Name>
<Val>9.99999999999698E-2</Val>
</DBL>
<DBL>
<Name></Name>
<Val>9.99999999999666E-2</Val>
</DBL>
<DBL>
<Name></Name>
<Val>0.10000000000002</Val>
</DBL>
<DBL>
<Name></Name>
<Val>0.10000000000002</Val>
</DBL>
<DBL>
<Name></Name>
<Val>0.10000000000001</Val>
</DBL>
<DBL>
<Name></Name>
<Val>0.10000000000001</Val>
</DBL>
<DBL>
<Name></Name>
<Val>0.10000000000000</Val>
</DBL>
<DBL>
<Name></Name>
<Val>9.99999999999967E-2</Val>
</DBL>
<DBL>
<Name></Name>
<Val>9.99999999999905E-2</Val>
</DBL>
<DBL>
<Name></Name>
<Val>9.99999999999852E-2</Val>
</DBL>
<DBL>
<Name></Name>
<Val>9.99999999999814E-2</Val>
</DBL>
<DBL>
<Name></Name>
<Val>9.99999999999793E-2</Val>
</DBL>
<DBL>
<Name></Name>
<Val>0.10000000000001</Val>
</DBL>
<DBL>
<Name></Name>
<Val>0.10000000000001</Val>
</DBL>
<DBL>
<Name></Name>
<Val>0.10000000000001</Val>
</DBL>
<DBL>
<Name></Name>
<Val>0.10000000000001</Val>
</DBL>
<DBL>
<Name></Name>
<Val>0.10000000000000</Val>
</DBL>
<DBL>
<Name></Name>
<Val>9.99999999999980E-2</Val>
</DBL>
<DBL>
<Name></Name>
<Val>9.99999999999941E-2</Val>
</DBL>
<DBL>
<Name></Name>
<Val>9.99999999999907E-2</Val>
</DBL>
<DBL>
<Name></Name>
<Val>9.99999999999883E-2</Val>
</DBL>
<DBL>
<Name></Name>
<Val>9.99999999999871E-2</Val>
</DBL>
<DBL>
<Name></Name>
<Val>0.10000000000001</Val>
</DBL>
<DBL>
<Name></Name>
<Val>0.10000000000001</Val>
</DBL>
<DBL>
<Name></Name>
<Val>0.10000000000001</Val>
</DBL>
<DBL>
<Name></Name>
<Val>0.10000000000000</Val>
</DBL>
<DBL>
<Name></Name>
<Val>0.10000000000000</Val>
</DBL>
<DBL>
<Name></Name>
<Val>9.99999999999987E-2</Val>
</DBL>
<DBL>
<Name></Name>
<Val>9.99999999999963E-2</Val>
</DBL>
<DBL>
<Name></Name>
<Val>9.99999999999942E-2</Val>
</DBL>
<DBL>
<Name></Name>
<Val>9.99999999999927E-2</Val>
</DBL>
<DBL>
<Name></Name>
<Val>9.99999999999920E-2</Val>
</DBL>
<DBL>
<Name></Name>
<Val>0.10000000000001</Val>
</DBL>
<DBL>
<Name></Name>
<Val>0.10000000000000</Val>
</DBL>
<DBL>
<Name></Name>
<Val>0.10000000000000</Val>
</DBL>
<DBL>
<Name></Name>
<Val>0.10000000000000</Val>
</DBL>
<DBL>
<Name></Name>
<Val>0.10000000000000</Val>
</DBL>
<DBL>
<Name></Name>
<Val>9.99999999999992E-2</Val>
</DBL>
<DBL>
<Name></Name>
<Val>9.99999999999977E-2</Val>
</DBL>
<DBL>
<Name></Name>
<Val>9.99999999999964E-2</Val>
</DBL>
<DBL>
<Name></Name>
<Val>9.99999999999954E-2</Val>
</DBL>
<DBL>
<Name></Name>
<Val>9.99999999999949E-2</Val>
</DBL>
<DBL>
<Name></Name>
<Val>0.10000000000000</Val>
</DBL>
<DBL>
<Name></Name>
<Val>0.10000000000000</Val>
</DBL>
<DBL>
<Name></Name>
<Val>0.10000000000000</Val>
</DBL>
<DBL>
<Name></Name>
<Val>0.10000000000000</Val>
</DBL>
<DBL>
<Name></Name>
<Val>0.10000000000000</Val>
</DBL>
<DBL>
<Name></Name>
<Val>9.99999999999995E-2</Val>
</DBL>
<DBL>
<Name></Name>
<Val>9.99999999999985E-2</Val>
</DBL>
<DBL>
<Name></Name>
<Val>9.99999999999977E-2</Val>
</DBL>
<DBL>
<Name></Name>
<Val>9.99999999999970E-2</Val>
</DBL>
<DBL>
<Name></Name>
<Val>9.99999999999966E-2</Val>
</DBL>
<DBL>
<Name></Name>
<Val>0.10000000000000</Val>
</DBL>
<DBL>
<Name></Name>
<Val>0.10000000000000</Val>
</DBL>
<DBL>
<Name></Name>
<Val>0.10000000000000</Val>
</DBL>
<DBL>
<Name></Name>
<Val>0.10000000000000</Val>
</DBL>
<DBL>
<Name></Name>
<Val>0.10000000000000</Val>
</DBL>
<DBL>
<Name></Name>
<Val>9.99999999999996E-2</Val>
</DBL>
<DBL>
<Name></Name>
<Val>9.99999999999990E-2</Val>
</DBL>
<DBL>
<Name></Name>
<Val>9.99999999999985E-2</Val>
</DBL>
<DBL>
<Name></Name>
<Val>9.99999999999982E-2</Val>
</DBL>
<DBL>
<Name></Name>
<Val>9.99999999999980E-2</Val>
</DBL>
<DBL>
<Name></Name>
<Val>0.10000000000000</Val>
</DBL>
<DBL>
<Name></Name>
<Val>0.10000000000000</Val>
</DBL>
<DBL>
<Name></Name>
<Val>0.10000000000000</Val>
</DBL>
<DBL>
<Name></Name>
<Val>0.10000000000000</Val>
</DBL>
<DBL>
<Name></Name>
<Val>0.10000000000000</Val>
</DBL>
<DBL>
<Name></Name>
<Val>9.99999999999997E-2</Val>
</DBL>
<DBL>
<Name></Name>
<Val>9.99999999999991E-2</Val>
</DBL>
<DBL>
<Name></Name>
<Val>9.99999999999987E-2</Val>
</DBL>
<DBL>
<Name></Name>
<Val>9.99999999999984E-2</Val>
</DBL>
<DBL>
<Name></Name>
<Val>9.99999999999983E-2</Val>
</DBL>
<DBL>
<Name></Name>
<Val>0.10000000000000</Val>
</DBL>
<DBL>
<Name></Name>
<Val>0.10000000000000</Val>
</DBL>
<DBL>
<Name></Name>
<Val>0.10000000000000</Val>
</DBL>
<DBL>
<Name></Name>
<Val>0.10000000000000</Val>
</DBL>
<DBL>
<Name></Name>
<Val>0.10000000000000</Val>
</DBL>
<DBL>
<Name></Name>
<Val>9.99999999999997E-2</Val>
</DBL>
<DBL>
<Name></Name>
<Val>9.99999999999991E-2</Val>
</DBL>
<DBL>
<Name></Name>
<Val>9.99999999999987E-2</Val>
</DBL>
<DBL>
<Name></Name>
<Val>9.99999999999984E-2</Val>
</DBL>
<DBL>
<Name></Name>
<Val>9.99999999999983E-2</Val>
</DBL>
<DBL>
<Name></Name>
<Val>0.10000000000000</Val>
</DBL>
<DBL>
<Name></Name>
<Val>0.10000000000000</Val>
</DBL>
<DBL>
<Name></Name>
<Val>0.10000000000000</Val>
</DBL>
<DBL>
<Name></Name>
<Val>0.10000000000000</Val>
</DBL>
<DBL>
<Name></Name>
<Val>0.10000000000000</Val>
</DBL>
<DBL>
<Name></Name>
<Val>9.99999999999997E-2</Val>
</DBL>
<DBL>
<Name></Name>
<Val>9.99999999999991E-2</Val>
</DBL>
<DBL>
<Name></Name>
<Val>9.99999999999987E-2</Val>
</DBL>
<DBL>
<Name></Name>
<Val>9.99999999999984E-2</Val>
</DBL>
<DBL>
<Name></Name>
<Val>9.99999999999983E-2</Val>
</DBL>
<DBL>
<Name></Name>
<Val>0.10000000000000</Val>
</DBL>
<DBL>
<Name></Name>
<Val>0.10000000000000</Val>
</DBL>
<DBL>
<Name></Name>
<Val>0.10000000000000</Val>
</DBL>
<DBL>
<Name></Name>
<Val>0.10000000000000</Val>
</DBL>
<DBL>
<Name></Name>
<Val>0.10000000000000</Val>
</DBL>
<DBL>
<Name></Name>
<Val>9.99999999999997E-2</Val>
</DBL>
<DBL>
<Name></Name>
<Val>9.99999999999991E-2</Val>
</DBL>
<DBL>
<Name></Name>
<Val>9.99999999999987E-2</Val>
</DBL>
<DBL>
<Name></Name>
<Val>9.99999999999984E-2</Val>
</DBL>
<DBL>
<Name></Name>
<Val>9.99999999999983E-2</Val>
</DBL>
<DBL>
<Name></Name>
<Val>0.10000000000000</Val>
</DBL>
<DBL>
<Name></Name>
<Val>0.10000000000000</Val>
</DBL>
<DBL>
<Name></Name>
<Val>0.10000000000000</Val>
</DBL>
<DBL>
<Name></Name>
<Val>0.10000000000000</Val>
</DBL>
<DBL>
<Name></Name>
<Val>0.10000000000000</Val>
</DBL>
<DBL>
<Name></Name>
<Val>9.99999999999997E-2</Val>
</DBL>
<DBL>
<Name></Name>
<Val>9.99999999999991E-2</Val>
</DBL>
<DBL>
<Name></Name>
<Val>9.99999999999987E-2</Val>
</DBL>
<DBL>
<Name></Name>
<Val>9.99999999999984E-2</Val>
</DBL>
<DBL>
<Name></Name>
<Val>9.99999999999983E-2</Val>
</DBL>
<DBL>
<Name></Name>
<Val>0.10000000000000</Val>
</DBL>
<DBL>
<Name></Name>
<Val>0.10000000000000</Val>
</DBL>
<DBL>
<Name></Name>
<Val>0.10000000000000</Val>
</DBL>
<DBL>
<Name></Name>
<Val>0.10000000000000</Val>
</DBL>
<DBL>
<Name></Name>
<Val>0.10000000000000</Val>
</DBL>
<DBL>
<Name></Name>
<Val>9.99999999999997E-2</Val>
</DBL>
<DBL>
<Name></Name>
<Val>9.99999999999991E-2</Val>
</DBL>
<DBL>
<Name></Name>
<Val>9.99999999999987E-2</Val>
</DBL>
<DBL>
<Name></Name>
<Val>9.99999999999984E-2</Val>
</DBL>
<DBL>
<Name></Name>
<Val>9.99999999999983E-2</Val>
</DBL>
<DBL>
<Name></Name>
<Val>0.10000000000000</Val>
</DBL>
<DBL>
<Name></Name>
<Val>0.10000000000000</Val>
</DBL>
<DBL>
<Name></Name>
<Val>0.10000000000000</Val>
</DBL>
<DBL>
<Name></Name>
<Val>0.10000000000000</Val>
</DBL>
<DBL>
<Name></Name>
<Val>0.10000000000000</Val>
</DBL>
<DBL>
<Name></Name>
<Val>9.99999999999997E-2</Val>
</DBL>
<DBL>
<Name></Name>
<Val>9.99999999999991E-2</Val>
</DBL>
<DBL>
<Name></Name>
<Val>9.99999999999987E-2</Val>
</DBL>
<DBL>
<Name></Name>
<Val>9.99999999999984E-2</Val>
</DBL>
<DBL>
<Name></Name>
<Val>9.99999999999983E-2</Val>
</DBL>
<DBL>
<Name></Name>
<Val>0.10000000000000</Val>
</DBL>
<DBL>
<Name></Name>
<Val>0.10000000000000</Val>
</DBL>
<DBL>
<Name></Name>
<Val>0.10000000000000</Val>
</DBL>
<DBL>
<Name></Name>
<Val>0.10000000000000</Val>
</DBL>
<DBL>
<Name></Name>
<Val>0.10000000000000</Val>
</DBL>
<DBL>
<Name></Name>
<Val>9.99999999999997E-2</Val>
</DBL>
<DBL>
<Name></Name>
<Val>9.99999999999991E-2</Val>
</DBL>
<DBL>
<Name></Name>
<Val>9.99999999999987E-2</Val>
</DBL>
<DBL>
<Name></Name>
<Val>9.99999999999984E-2</Val>
</DBL>
<DBL>
<Name></Name>
<Val>9.99999999999983E-2</Val>
</DBL>
<DBL>
<Name></Name>
<Val>0.10000000000000</Val>
</DBL>
<DBL>
<Name></Name>
<Val>0.10000000000000</Val>
</DBL>
<DBL>
<Name></Name>
<Val>0.10000000000000</Val>
</DBL>
<DBL>
<Name></Name>
<Val>0.10000000000000</Val>
</DBL>
<DBL>
<Name></Name>
<Val>0.10000000000000</Val>
</DBL>
<DBL>
<Name></Name>
<Val>9.99999999999997E-2</Val>
</DBL>
<DBL>
<Name></Name>
<Val>9.99999999999991E-2</Val>
</DBL>
<DBL>
<Name></Name>
<Val>9.99999999999987E-2</Val>
</DBL>
<DBL>
<Name></Name>
<Val>9.99999999999984E-2</Val>
</DBL>
<DBL>
<Name></Name>
<Val>9.99999999999983E-2</Val>
</DBL>
<DBL>
<Name></Name>
<Val>0.10000000000000</Val>
</DBL>
<DBL>
<Name></Name>
<Val>0.10000000000000</Val>
</DBL>
<DBL>
<Name></Name>
<Val>0.10000000000000</Val>
</DBL>
<DBL>
<Name></Name>
<Val>0.10000000000000</Val>
</DBL>
<DBL>
<Name></Name>
<Val>0.10000000000000</Val>
</DBL>
<DBL>
<Name></Name>
<Val>9.99999999999997E-2</Val>
</DBL>
<DBL>
<Name></Name>
<Val>9.99999999999991E-2</Val>
</DBL>
<DBL>
<Name></Name>
<Val>9.99999999999987E-2</Val>
</DBL>
<DBL>
<Name></Name>
<Val>9.99999999999984E-2</Val>
</DBL>
<DBL>
<Name></Name>
<Val>9.99999999999983E-2</Val>
</DBL>
<DBL>
<Name></Name>
<Val>0.10000000000000</Val>
</DBL>
<DBL>
<Name></Name>
<Val>0.10000000000000</Val>
</DBL>
<DBL>
<Name></Name>
<Val>0.10000000000000</Val>
</DBL>
<DBL>
<Name></Name>
<Val>0.10000000000000</Val>
</DBL>
<DBL>
<Name></Name>
<Val>0.10000000000000</Val>
</DBL>
<DBL>
<Name></Name>
<Val>9.99999999999997E-2</Val>
</DBL>
<DBL>
<Name></Name>
<Val>9.99999999999991E-2</Val>
</DBL>
<DBL>
<Name></Name>
<Val>9.99999999999987E-2</Val>
</DBL>
<DBL>
<Name></Name>
<Val>9.99999999999984E-2</Val>
</DBL>
<DBL>
<Name></Name>
<Val>9.99999999999983E-2</Val>
</DBL>
<DBL>
<Name></Name>
<Val>0.10000000000000</Val>
</DBL>
<DBL>
<Name></Name>
<Val>0.10000000000000</Val>
</DBL>
<DBL>
<Name></Name>
<Val>0.10000000000000</Val>
</DBL>
<DBL>
<Name></Name>
<Val>0.10000000000000</Val>
</DBL>
<DBL>
<Name></Name>
<Val>0.10000000000000</Val>
</DBL>
<DBL>
<Name></Name>
<Val>9.99999999999997E-2</Val>
</DBL>
<DBL>
<Name></Name>
<Val>9.99999999999991E-2</Val>
</DBL>
<DBL>
<Name></Name>
<Val>9.99999999999987E-2</Val>
</DBL>
<DBL>
<Name></Name>
<Val>9.99999999999984E-2</Val>
</DBL>
<DBL>
<Name></Name>
<Val>9.99999999999983E-2</Val>
</DBL>
<DBL>
<Name></Name>
<Val>0.10000000000000</Val>
</DBL>
<DBL>
<Name></Name>
<Val>0.10000000000000</Val>
</DBL>
<DBL>
<Name></Name>
<Val>0.10000000000000</Val>
</DBL>
<DBL>
<Name></Name>
<Val>0.10000000000000</Val>
</DBL>
<DBL>
<Name></Name>
<Val>0.10000000000000</Val>
</DBL>
<DBL>
<Name></Name>
<Val>9.99999999999997E-2</Val>
</DBL>
<DBL>
<Name></Name>
<Val>9.99999999999991E-2</Val>
</DBL>
<DBL>
<Name></Name>
<Val>9.99999999999987E-2</Val>
</DBL>
<DBL>
<Name></Name>
<Val>9.99999999999984E-2</Val>
</DBL>
<DBL>
<Name></Name>
<Val>9.99999999999983E-2</Val>
</DBL>
<DBL>
<Name></Name>
<Val>0.10000000000000</Val>
</DBL>
<DBL>
<Name></Name>
<Val>0.10000000000000</Val>
</DBL>
<DBL>
<Name></Name>
<Val>0.10000000000000</Val>
</DBL>
<DBL>
<Name></Name>
<Val>0.10000000000000</Val>
</DBL>
<DBL>
<Name></Name>
<Val>0.10000000000000</Val>
</DBL>
<DBL>
<Name></Name>
<Val>9.99999999999997E-2</Val>
</DBL>
<DBL>
<Name></Name>
<Val>9.99999999999991E-2</Val>
</DBL>
<DBL>
<Name></Name>
<Val>9.99999999999987E-2</Val>
</DBL>
<DBL>
<Name></Name>
<Val>9.99999999999984E-2</Val>
</DBL>
<DBL>
<Name></Name>
<Val>9.99999999999983E-2</Val>
</DBL>
<DBL>
<Name></Name>
<Val>0.10000000000000</Val>
</DBL>
<DBL>
<Name></Name>
<Val>0.10000000000000</Val>
</DBL>
<DBL>
<Name></Name>
<Val>0.10000000000000</Val>
</DBL>
<DBL>
<Name></Name>
<Val>0.10000000000000</Val>
</DBL>
<DBL>
<Name></Name>
<Val>0.10000000000000</Val>
</DBL>
<DBL>
<Name></Name>
<Val>9.99999999999997E-2</Val>
</DBL>
<DBL>
<Name></Name>
<Val>9.99999999999991E-2</Val>
</DBL>
<DBL>
<Name></Name>
<Val>9.99999999999987E-2</Val>
</DBL>
<DBL>
<Name></Name>
<Val>9.99999999999984E-2</Val>
</DBL>
<DBL>
<Name></Name>
<Val>9.99999999999983E-2</Val>
</DBL>
<DBL>
<Name></Name>
<Val>0.10000000000000</Val>
</DBL>
<DBL>
<Name></Name>
<Val>0.10000000000000</Val>
</DBL>
<DBL>
<Name></Name>
<Val>0.10000000000000</Val>
</DBL>
<DBL>
<Name></Name>
<Val>0.10000000000000</Val>
</DBL>
<DBL>
<Name></Name>
<Val>0.10000000000000</Val>
</DBL>
<DBL>
<Name></Name>
<Val>9.99999999999997E-2</Val>
</DBL>
<DBL>
<Name></Name>
<Val>9.99999999999991E-2</Val>
</DBL>
<DBL>
<Name></Name>
<Val>9.99999999999987E-2</Val>
</DBL>
<DBL>
<Name></Name>
<Val>9.99999999999984E-2</Val>
</DBL>
<DBL>
<Name></Name>
<Val>9.99999999999983E-2</Val>
</DBL>
<DBL>
<Name></Name>
<Val>0.10000000000000</Val>
</DBL>
<DBL>
<Name></Name>
<Val>0.10000000000000</Val>
</DBL>
<DBL>
<Name></Name>
<Val>0.10000000000000</Val>
</DBL>
<DBL>
<Name></Name>
<Val>0.10000000000000</Val>
</DBL>
<DBL>
<Name></Name>
<Val>0.10000000000000</Val>
</DBL>
<DBL>
<Name></Name>
<Val>9.99999999999997E-2</Val>
</DBL>
<DBL>
<Name></Name>
<Val>9.99999999999991E-2</Val>
</DBL>
<DBL>
<Name></Name>
<Val>9.99999999999987E-2</Val>
</DBL>
<DBL>
<Name></Name>
<Val>9.99999999999984E-2</Val>
</DBL>
<DBL>
<Name></Name>
<Val>9.99999999999983E-2</Val>
</DBL>
<DBL>
<Name></Name>
<Val>0.10000000000000</Val>
</DBL>
<DBL>
<Name></Name>
<Val>0.10000000000000</Val>
</DBL>
<DBL>
<Name></Name>
<Val>0.10000000000000</Val>
</DBL>
<DBL>
<Name></Name>
<Val>0.10000000000000</Val>
</DBL>
<DBL>
<Name></Name>
<Val>0.10000000000000</Val>
</DBL>
<DBL>
<Name></Name>
<Val>9.99999999999997E-2</Val>
</DBL>
<DBL>
<Name></Name>
<Val>9.99999999999991E-2</Val>
</DBL>
<DBL>
<Name></Name>
<Val>9.99999999999987E-2</Val>
</DBL>
<DBL>
<Name></Name>
<Val>9.99999999999984E-2</Val>
</DBL>
<DBL>
<Name></Name>
<Val>9.99999999999983E-2</Val>
</DBL>
<DBL>
<Name></Name>
<Val>0.10000000000000</Val>
</DBL>
<DBL>
<Name></Name>
<Val>0.10000000000000</Val>
</DBL>
<DBL>
<Name></Name>
<Val>0.10000000000000</Val>
</DBL>
<DBL>
<Name></Name>
<Val>0.10000000000000</Val>
</DBL>
<DBL>
<Name></Name>
<Val>0.10000000000000</Val>
</DBL>
<DBL>
<Name></Name>
<Val>9.99999999999997E-2</Val>
</DBL>
<DBL>
<Name></Name>
<Val>9.99999999999991E-2</Val>
</DBL>
<DBL>
<Name></Name>
<Val>9.99999999999987E-2</Val>
</DBL>
<DBL>
<Name></Name>
<Val>9.99999999999984E-2</Val>
</DBL>
<DBL>
<Name></Name>
<Val>9.99999999999983E-2</Val>
</DBL>
<DBL>
<Name></Name>
<Val>0.10000000000000</Val>
</DBL>
<DBL>
<Name></Name>
<Val>0.10000000000000</Val>
</DBL>
<DBL>
<Name></Name>
<Val>0.10000000000000</Val>
</DBL>
<DBL>
<Name></Name>
<Val>0.10000000000000</Val>
</DBL>
<DBL>
<Name></Name>
<Val>0.10000000000000</Val>
</DBL>
<DBL>
<Name></Name>
<Val>9.99999999999997E-2</Val>
</DBL>
<DBL>
<Name></Name>
<Val>9.99999999999991E-2</Val>
</DBL>
<DBL>
<Name></Name>
<Val>9.99999999999987E-2</Val>
</DBL>
<DBL>
<Name></Name>
<Val>9.99999999999984E-2</Val>
</DBL>
<DBL>
<Name></Name>
<Val>9.99999999999983E-2</Val>
</DBL>
<DBL>
<Name></Name>
<Val>0.10000000000000</Val>
</DBL>
<DBL>
<Name></Name>
<Val>0.10000000000000</Val>
</DBL>
<DBL>
<Name></Name>
<Val>0.10000000000000</Val>
</DBL>
<DBL>
<Name></Name>
<Val>0.10000000000000</Val>
</DBL>
<DBL>
<Name></Name>
<Val>0.10000000000000</Val>
</DBL>
<DBL>
<Name></Name>
<Val>9.99999999999997E-2</Val>
</DBL>
<DBL>
<Name></Name>
<Val>9.99999999999991E-2</Val>
</DBL>
<DBL>
<Name></Name>
<Val>9.99999999999987E-2</Val>
</DBL>
<DBL>
<Name></Name>
<Val>9.99999999999984E-2</Val>
</DBL>
<DBL>
<Name></Name>
<Val>9.99999999999983E-2</Val>
</DBL>
<DBL>
<Name></Name>
<Val>0.10000000000000</Val>
</DBL>
<DBL>
<Name></Name>
<Val>0.10000000000000</Val>
</DBL>
<DBL>
<Name></Name>
<Val>0.10000000000000</Val>
</DBL>
<DBL>
<Name></Name>
<Val>0.10000000000000</Val>
</DBL>
<DBL>
<Name></Name>
<Val>0.10000000000000</Val>
</DBL>
<DBL>
<Name></Name>
<Val>9.99999999999997E-2</Val>
</DBL>
<DBL>
<Name></Name>
<Val>9.99999999999991E-2</Val>
</DBL>
<DBL>
<Name></Name>
<Val>9.99999999999987E-2</Val>
</DBL>
<DBL>
<Name></Name>
<Val>9.99999999999984E-2</Val>
</DBL>
<DBL>
<Name></Name>
<Val>9.99999999999983E-2</Val>
</DBL>
<DBL>
<Name></Name>
<Val>0.10000000000000</Val>
</DBL>
<DBL>
<Name></Name>
<Val>0.10000000000000</Val>
</DBL>
<DBL>
<Name></Name>
<Val>0.10000000000000</Val>
</DBL>
<DBL>
<Name></Name>
<Val>0.10000000000000</Val>
</DBL>
<DBL>
<Name></Name>
<Val>0.10000000000000</Val>
</DBL>
<DBL>
<Name></Name>
<Val>9.99999999999997E-2</Val>
</DBL>
<DBL>
<Name></Name>
<Val>9.99999999999991E-2</Val>
</DBL>
<DBL>
<Name></Name>
<Val>9.99999999999987E-2</Val>
</DBL>
<DBL>
<Name></Name>
<Val>9.99999999999984E-2</Val>
</DBL>
<DBL>
<Name></Name>
<Val>9.99999999999983E-2</Val>
</DBL>
<DBL>
<Name></Name>
<Val>0.10000000000000</Val>
</DBL>
<DBL>
<Name></Name>
<Val>0.10000000000000</Val>
</DBL>
<DBL>
<Name></Name>
<Val>0.10000000000000</Val>
</DBL>
<DBL>
<Name></Name>
<Val>0.10000000000000</Val>
</DBL>
<DBL>
<Name></Name>
<Val>0.10000000000000</Val>
</DBL>
<DBL>
<Name></Name>
<Val>9.99999999999997E-2</Val>
</DBL>
<DBL>
<Name></Name>
<Val>9.99999999999991E-2</Val>
</DBL>
<DBL>
<Name></Name>
<Val>9.99999999999987E-2</Val>
</DBL>
<DBL>
<Name></Name>
<Val>9.99999999999984E-2</Val>
</DBL>
<DBL>
<Name></Name>
<Val>9.99999999999983E-2</Val>
</DBL>
<DBL>
<Name></Name>
<Val>0.10000000000000</Val>
</DBL>
<DBL>
<Name></Name>
<Val>0.10000000000000</Val>
</DBL>
<DBL>
<Name></Name>
<Val>0.10000000000000</Val>
</DBL>
<DBL>
<Name></Name>
<Val>0.10000000000000</Val>
</DBL>
<DBL>
<Name></Name>
<Val>0.10000000000000</Val>
</DBL>
<DBL>
<Name></Name>
<Val>9.99999999999997E-2</Val>
</DBL>
<DBL>
<Name></Name>
<Val>9.99999999999991E-2</Val>
</DBL>
<DBL>
<Name></Name>
<Val>9.99999999999987E-2</Val>
</DBL>
<DBL>
<Name></Name>
<Val>9.99999999999984E-2</Val>
</DBL>
<DBL>
<Name></Name>
<Val>9.99999999999983E-2</Val>
</DBL>
<DBL>
<Name></Name>
<Val>0.10000000000000</Val>
</DBL>
<DBL>
<Name></Name>
<Val>0.10000000000000</Val>
</DBL>
<DBL>
<Name></Name>
<Val>0.10000000000000</Val>
</DBL>
<DBL>
<Name></Name>
<Val>0.10000000000000</Val>
</DBL>
<DBL>
<Name></Name>
<Val>0.10000000000000</Val>
</DBL>
<DBL>
<Name></Name>
<Val>9.99999999999997E-2</Val>
</DBL>
<DBL>
<Name></Name>
<Val>9.99999999999991E-2</Val>
</DBL>
<DBL>
<Name></Name>
<Val>9.99999999999987E-2</Val>
</DBL>
<DBL>
<Name></Name>
<Val>9.99999999999984E-2</Val>
</DBL>
<DBL>
<Name></Name>
<Val>9.99999999999983E-2</Val>
</DBL>
<DBL>
<Name></Name>
<Val>0.10000000000000</Val>
</DBL>
<DBL>
<Name></Name>
<Val>0.10000000000000</Val>
</DBL>
<DBL>
<Name></Name>
<Val>0.10000000000000</Val>
</DBL>
<DBL>
<Name></Name>
<Val>0.10000000000000</Val>
</DBL>
<DBL>
<Name></Name>
<Val>0.10000000000000</Val>
</DBL>
<DBL>
<Name></Name>
<Val>9.99999999999997E-2</Val>
</DBL>
<DBL>
<Name></Name>
<Val>9.99999999999991E-2</Val>
</DBL>
<DBL>
<Name></Name>
<Val>9.99999999999987E-2</Val>
</DBL>
<DBL>
<Name></Name>
<Val>9.99999999999984E-2</Val>
</DBL>
<DBL>
<Name></Name>
<Val>9.99999999999983E-2</Val>
</DBL>
<DBL>
<Name></Name>
<Val>0.10000000000000</Val>
</DBL>
<DBL>
<Name></Name>
<Val>0.10000000000000</Val>
</DBL>
<DBL>
<Name></Name>
<Val>0.10000000000000</Val>
</DBL>
<DBL>
<Name></Name>
<Val>0.10000000000000</Val>
</DBL>
<DBL>
<Name></Name>
<Val>0.10000000000000</Val>
</DBL>
<DBL>
<Name></Name>
<Val>9.99999999999997E-2</Val>
</DBL>
<DBL>
<Name></Name>
<Val>9.99999999999991E-2</Val>
</DBL>
<DBL>
<Name></Name>
<Val>9.99999999999987E-2</Val>
</DBL>
<DBL>
<Name></Name>
<Val>9.99999999999984E-2</Val>
</DBL>
<DBL>
<Name></Name>
<Val>9.99999999999983E-2</Val>
</DBL>
<DBL>
<Name></Name>
<Val>0.10000000000000</Val>
</DBL>
<DBL>
<Name></Name>
<Val>0.10000000000000</Val>
</DBL>
<DBL>
<Name></Name>
<Val>0.10000000000000</Val>
</DBL>
<DBL>
<Name></Name>
<Val>0.10000000000000</Val>
</DBL>
<DBL>
<Name></Name>
<Val>0.10000000000000</Val>
</DBL>
<DBL>
<Name></Name>
<Val>9.99999999999997E-2</Val>
</DBL>
<DBL>
<Name></Name>
<Val>9.99999999999991E-2</Val>
</DBL>
<DBL>
<Name></Name>
<Val>9.99999999999987E-2</Val>
</DBL>
<DBL>
<Name></Name>
<Val>9.99999999999984E-2</Val>
</DBL>
<DBL>
<Name></Name>
<Val>9.99999999999983E-2</Val>
</DBL>
<DBL>
<Name></Name>
<Val>0.10000000000000</Val>
</DBL>
<DBL>
<Name></Name>
<Val>0.10000000000000</Val>
</DBL>
<DBL>
<Name></Name>
<Val>0.10000000000000</Val>
</DBL>
<DBL>
<Name></Name>
<Val>0.10000000000000</Val>
</DBL>
<DBL>
<Name></Name>
<Val>0.10000000000000</Val>
</DBL>
<DBL>
<Name></Name>
<Val>9.99999999999997E-2</Val>
</DBL>
<DBL>
<Name></Name>
<Val>9.99999999999991E-2</Val>
</DBL>
<DBL>
<Name></Name>
<Val>9.99999999999987E-2</Val>
</DBL>
<DBL>
<Name></Name>
<Val>9.99999999999984E-2</Val>
</DBL>
<DBL>
<Name></Name>
<Val>9.99999999999983E-2</Val>
</DBL>
<DBL>
<Name></Name>
<Val>0.10000000000000</Val>
</DBL>
<DBL>
<Name></Name>
<Val>0.10000000000000</Val>
</DBL>
<DBL>
<Name></Name>
<Val>0.10000000000000</Val>
</DBL>
<DBL>
<Name></Name>
<Val>0.10000000000000</Val>
</DBL>
<DBL>
<Name></Name>
<Val>0.10000000000000</Val>
</DBL>
<DBL>
<Name></Name>
<Val>9.99999999999997E-2</Val>
</DBL>
<DBL>
<Name></Name>
<Val>9.99999999999991E-2</Val>
</DBL>
<DBL>
<Name></Name>
<Val>9.99999999999987E-2</Val>
</DBL>
<DBL>
<Name></Name>
<Val>9.99999999999984E-2</Val>
</DBL>
<DBL>
<Name></Name>
<Val>9.99999999999983E-2</Val>
</DBL>
<DBL>
<Name></Name>
<Val>0.10000000000000</Val>
</DBL>
<DBL>
<Name></Name>
<Val>0.10000000000000</Val>
</DBL>
<DBL>
<Name></Name>
<Val>0.10000000000000</Val>
</DBL>
<DBL>
<Name></Name>
<Val>0.10000000000000</Val>
</DBL>
<DBL>
<Name></Name>
<Val>0.10000000000000</Val>
</DBL>
<DBL>
<Name></Name>
<Val>9.99999999999997E-2</Val>
</DBL>
<DBL>
<Name></Name>
<Val>9.99999999999991E-2</Val>
</DBL>
<DBL>
<Name></Name>
<Val>9.99999999999987E-2</Val>
</DBL>
<DBL>
<Name></Name>
<Val>9.99999999999984E-2</Val>
</DBL>
<DBL>
<Name></Name>
<Val>9.99999999999983E-2</Val>
</DBL>
<DBL>
<Name></Name>
<Val>0.10000000000000</Val>
</DBL>
<DBL>
<Name></Name>
<Val>0.10000000000000</Val>
</DBL>
<DBL>
<Name></Name>
<Val>0.10000000000000</Val>
</DBL>
<DBL>
<Name></Name>
<Val>0.10000000000000</Val>
</DBL>
<DBL>
<Name></Name>
<Val>0.10000000000000</Val>
</DBL>
<DBL>
<Name></Name>
<Val>9.99999999999997E-2</Val>
</DBL>
<DBL>
<Name></Name>
<Val>9.99999999999991E-2</Val>
</DBL>
<DBL>
<Name></Name>
<Val>9.99999999999987E-2</Val>
</DBL>
<DBL>
<Name></Name>
<Val>9.99999999999984E-2</Val>
</DBL>
<DBL>
<Name></Name>
<Val>9.99999999999983E-2</Val>
</DBL>
</Array>
<Array>
<Name>StateAdjacencyMatrix</Name>
<Dimsize>10</Dimsize>
<Dimsize>10</Dimsize>
<String>
<Name></Name>
<Val>@</Val>
</String>
<String>
<Name></Name>
<Val>A</Val>
</String>
<String>
<Name></Name>
<Val>@</Val>
</String>
<String>
<Name></Name>
<Val>@</Val>
</String>
<String>
<Name></Name>
<Val>@</Val>
</String>
<String>
<Name></Name>
<Val>@</Val>
</String>
<String>
<Name></Name>
<Val>@</Val>
</String>
<String>
<Name></Name>
<Val>@</Val>
</String>
<String>
<Name></Name>
<Val>@</Val>
</String>
<String>
<Name></Name>
<Val>@</Val>
</String>
<String>
<Name></Name>
<Val>A</Val>
</String>
<String>
<Name></Name>
<Val>@</Val>
</String>
<String>
<Name></Name>
<Val>A</Val>
</String>
<String>
<Name></Name>
<Val>@</Val>
</String>
<String>
<Name></Name>
<Val>@</Val>
</String>
<String>
<Name></Name>
<Val>@</Val>
</String>
<String>
<Name></Name>
<Val>@</Val>
</String>
<String>
<Name></Name>
<Val>@</Val>
</String>
<String>
<Name></Name>
<Val>@</Val>
</String>
<String>
<Name></Name>
<Val>@</Val>
</String>
<String>
<Name></Name>
<Val>@</Val>
</String>
<String>
<Name></Name>
<Val>A</Val>
</String>
<String>
<Name></Name>
<Val>@</Val>
</String>
<String>
<Name></Name>
<Val>A</Val>
</String>
<String>
<Name></Name>
<Val>@</Val>
</String>
<String>
<Name></Name>
<Val>@</Val>
</String>
<String>
<Name></Name>
<Val>@</Val>
</String>
<String>
<Name></Name>
<Val>@</Val>
</String>
<String>
<Name></Name>
<Val>@</Val>
</String>
<String>
<Name></Name>
<Val>@</Val>
</String>
<String>
<Name></Name>
<Val>@</Val>
</String>
<String>
<Name></Name>
<Val>@</Val>
</String>
<String>
<Name></Name>
<Val>A</Val>
</String>
<String>
<Name></Name>
<Val>@</Val>
</String>
<String>
<Name></Name>
<Val>A</Val>
</String>
<String>
<Name></Name>
<Val>@</Val>
</String>
<String>
<Name></Name>
<Val>@</Val>
</String>
<String>
<Name></Name>
<Val>@</Val>
</String>
<String>
<Name></Name>
<Val>@</Val>
</String>
<String>
<Name></Name>
<Val>@</Val>
</String>
<String>
<Name></Name>
<Val>@</Val>
</String>
<String>
<Name></Name>
<Val>@</Val>
</String>
<String>
<Name></Name>
<Val>@</Val>
</String>
<String>
<Name></Name>
<Val>A</Val>
</String>
<String>
<Name></Name>
<Val>@</Val>
</String>
<String>
<Name></Name>
<Val>A</Val>
</String>
<String>
<Name></Name>
<Val>@</Val>
</String>
<String>
<Name></Name>
<Val>@</Val>
</String>
<String>
<Name></Name>
<Val>@</Val>
</String>
<String>
<Name></Name>
<Val>@</Val>
</String>
<String>
<Name></Name>
<Val>@</Val>
</String>
<String>
<Name></Name>
<Val>@</Val>
</String>
<String>
<Name></Name>
<Val>@</Val>
</String>
<String>
<Name></Name>
<Val>@</Val>
</String>
<String>
<Name></Name>
<Val>A</Val>
</String>
<String>
<Name></Name>
<Val>@</Val>
</String>
<String>
<Name></Name>
<Val>A</Val>
</String>
<String>
<Name></Name>
<Val>@</Val>
</String>
<String>
<Name></Name>
<Val>@</Val>
</String>
<String>
<Name></Name>
<Val>@</Val>
</String>
<String>
<Name></Name>
<Val>@</Val>
</String>
<String>
<Name></Name>
<Val>@</Val>
</String>
<String>
<Name></Name>
<Val>@</Val>
</String>
<String>
<Name></Name>
<Val>@</Val>
</String>
<String>
<Name></Name>
<Val>@</Val>
</String>
<String>
<Name></Name>
<Val>A</Val>
</String>
<String>
<Name></Name>
<Val>@</Val>
</String>
<String>
<Name></Name>
<Val>A</Val>
</String>
<String>
<Name></Name>
<Val>@</Val>
</String>
<String>
<Name></Name>
<Val>@</Val>
</String>
<String>
<Name></Name>
<Val>@</Val>
</String>
<String>
<Name></Name>
<Val>@</Val>
</String>
<String>
<Name></Name>
<Val>@</Val>
</String>
<String>
<Name></Name>
<Val>@</Val>
</String>
<String>
<Name></Name>
<Val>@</Val>
</String>
<String>
<Name></Name>
<Val>@</Val>
</String>
<String>
<Name></Name>
<Val>A</Val>
</String>
<String>
<Name></Name>
<Val>@</Val>
</String>
<String>
<Name></Name>
<Val>A</Val>
</String>
<String>
<Name></Name>
<Val>@</Val>
</String>
<String>
<Name></Name>
<Val>@</Val>
</String>
<String>
<Name></Name>
<Val>@</Val>
</String>
<String>
<Name></Name>
<Val>@</Val>
</String>
<String>
<Name></Name>
<Val>@</Val>
</String>
<String>
<Name></Name>
<Val>@</Val>
</String>
<String>
<Name></Name>
<Val>@</Val>
</String>
<String>
<Name></Name>
<Val>@</Val>
</String>
<String>
<Name></Name>
<Val>A</Val>
</String>
<String>
<Name></Name>
<Val>@</Val>
</String>
<String>
<Name></Name>
<Val>A</Val>
</String>
<String>
<Name></Name>
<Val>@</Val>
</String>
<String>
<Name></Name>
<Val>@</Val>
</String>
<String>
<Name></Name>
<Val>@</Val>
</String>
<String>
<Name></Name>
<Val>@</Val>
</String>
<String>
<Name></Name>
<Val>@</Val>
</String>
<String>
<Name></Name>
<Val>@</Val>
</String>
<String>
<Name></Name>
<Val>@</Val>
</String>
<String>
<Name></Name>
<Val>@</Val>
</String>
<String>
<Name></Name>
<Val>A</Val>
</String>
<String>
<Name></Name>
<Val>@</Val>
</String>
</Array>
<Cluster>
<Name>IntegrationParams</Name>
<NumElts>4</NumElts>
<DBL>
<Name>time start</Name>
<Val>0.00000000000000</Val>
</DBL>
<DBL>
<Name>time end</Name>
<Val>999.00000000000000</Val>
</DBL>
<DBL>
<Name>h (step rate)</Name>
<Val>0.10000000000000</Val>
</DBL>
<Array>
<Name>X0</Name>
<Dimsize>10</Dimsize>
<I32>
<Name></Name>
<Val>1</Val>
</I32>
<I32>
<Name></Name>
<Val>0</Val>
</I32>
<I32>
<Name></Name>
<Val>0</Val>
</I32>
<I32>
<Name></Name>
<Val>0</Val>
</I32>
<I32>
<Name></Name>
<Val>0</Val>
</I32>
<I32>
<Name></Name>
<Val>0</Val>
</I32>
<I32>
<Name></Name>
<Val>0</Val>
</I32>
<I32>
<Name></Name>
<Val>0</Val>
</I32>
<I32>
<Name></Name>
<Val>0</Val>
</I32>
<I32>
<Name></Name>
<Val>0</Val>
</I32>
</Array>
</Cluster>
<Array>
<Name>StateNames</Name>
<Dimsize>10</Dimsize>
<String>
<Name>string</Name>
<Val>a</Val>
</String>
<String>
<Name>string</Name>
<Val>b</Val>
</String>
<String>
<Name>string</Name>
<Val>c</Val>
</String>
<String>
<Name>string</Name>
<Val>d</Val>
</String>
<String>
<Name>string</Name>
<Val>e</Val>
</String>
<String>
<Name>string</Name>
<Val>f</Val>
</String>
<String>
<Name>string</Name>
<Val>g</Val>
</String>
<String>
<Name>string</Name>
<Val>h</Val>
</String>
<String>
<Name>string</Name>
<Val>i</Val>
</String>
<String>
<Name>string</Name>
<Val>j</Val>
</String>
</Array>
</Cluster>
</LVData>