<?xml version='1.0' standalone='yes' ?>
<LVData xmlns="http://www.ni.com/LVData">
<Version>10.0.1</Version>
<Cluster>
<Name>ModelData</Name>
<NumElts>7</NumElts>
<Array>
<Name>Transitions</Name>
<Dimsize>17</Dimsize>
<Dimsize>2</Dimsize>
<String>
<Name>string</Name>
<Val>A</Val>
</String>
<String>
<Name>string</Name>
<Val>A</Val>
</String>
<String>
<Name>string</Name>
<Val>B</Val>
</String>
<String>
<Name>string</Name>
<Val>B</Val>
</String>
<String>
<Name>string</Name>
<Val>C</Val>
</String>
<String>
<Name>string</Name>
<Val>C</Val>
</String>
<String>
<Name>string</Name>
<Val>D</Val>
</String>
<String>
<Name>string</Name>
<Val>D</Val>
</String>
<String>
<Name>string</Name>
<Val>E</Val>
</String>
<String>
<Name>string</Name>
<Val>E</Val>
</String>
<String>
<Name>string</Name>
<Val>F</Val>
</String>
<String>
<Name>string</Name>
<Val>F</Val>
</String>
<String>
<Name>string</Name>
<Val>G</Val>
</String>
<String>
<Name>string</Name>
<Val>G</Val>
</String>
<String>
<Name>string</Name>
<Val>H</Val>
</String>
<String>
<Name>string</Name>
<Val>H</Val>
</String>
<String>
<Name>string</Name>
<Val>I</Val>
</String>
<String>
<Name>string</Name>
<Val>I</Val>
</String>
<String>
<Name>string</Name>
<Val>J</Val>
</String>
<String>
<Name>string</Name>
<Val>J</Val>
</String>
<String>
<Name>string</Name>
<Val>K</Val>
</String>
<String>
<Name>string</Name>
<Val>K</Val>
</String>
<String>
<Name>string</Name>
<Val>L</Val>
</String>
<String>
<Name>string</Name>
<Val>L</Val>
</String>
<String>
<Name>string</Name>
<Val>M</Val>
</String>
<String>
<Name>string</Name>
<Val>M</Val>
</String>
<String>
<Name>string</Name>
<Val>N</Val>
</String>
<String>
<Name>string</Name>
<Val>N</Val>
</String>
<String>
<Name>string</Name>
<Val>O</Val>
</String>
<String>
<Name>string</Name>
<Val>O</Val>
</String>
<String>
<Name>string</Name>
<Val>P</Val>
</String>
<String>
<Name>string</Name>
<Val>P</Val>
</String>
<String>
<Name>string</Name>
<Val>Q</Val>
</String>
<String>
<Name>string</Name>
<Val>Q</Val>
</String>
</Array>
<Array>
<Name>RealValues</Name>
<Dimsize>17</Dimsize>
<Dimsize>2</Dimsize>
<String>
<Name>string</Name>
<Val>A</Val>
</String>
<String>
<Name>string</Name>
<Val>0,032354</Val>
</String>
<String>
<Name>string</Name>
<Val>B</Val>
</String>
<String>
<Name>string</Name>
<Val>0,875578</Val>
</String>
<String>
<Name>string</Name>
<Val>C</Val>
</String>
<String>
<Name>string</Name>
<Val>0,579391</Val>
</String>
<String>
<Name>string</Name>
<Val>D</Val>
</String>
<String>
<Name>string</Name>
<Val>0,086283</Val>
</String>
<String>
<Name>string</Name>
<Val>E</Val>
</String>
<String>
<Name>string</Name>
<Val>0,003141</Val>
</String>
<String>
<Name>string</Name>
<Val>F</Val>
</String>
<String>
<Name>string</Name>
<Val>0,013460</Val>
</String>
<String>
<Name>string</Name>
<Val>G</Val>
</String>
<String>
<Name>string</Name>
<Val>0,008364</Val>
</String>
<String>
<Name>string</Name>
<Val>H</Val>
</String>
<String>
<Name>string</Name>
<Val>0,007322</Val>
</String>
<String>
<Name>string</Name>
<Val>I</Val>
</String>
<String>
<Name>string</Name>
<Val>0,027683</Val>
</String>
<String>
<Name>string</Name>
<Val>J</Val>
</String>
<String>
<Name>string</Name>
<Val>0,523880</Val>
</String>
<String>
<Name>string</Name>
<Val>K</Val>
</String>
<String>
<Name>string</Name>
<Val>0,046991</Val>
</String>
<String>
<Name>string</Name>
<Val>L</Val>
</String>
<String>
<Name>string</Name>
<Val>0,911835</Val>
</String>
<String>
<Name>string</Name>
<Val>M</Val>
</String>
<String>
<Name>string</Name>
<Val>0,410342</Val>
</String>
<String>
<Name>string</Name>
<Val>N</Val>
</String>
<String>
<Name>string</Name>
<Val>0,002800</Val>
</String>
<String>
<Name>string</Name>
<Val>O</Val>
</String>
<String>
<Name>string</Name>
<Val>0,005884</Val>
</String>
<String>
<Name>string</Name>
<Val>P</Val>
</String>
<String>
<Name>string</Name>
<Val>0,565138</Val>
</String>
<String>
<Name>string</Name>
<Val>Q</Val>
</String>
<String>
<Name>string</Name>
<Val>0,364275</Val>
</String>
</Array>
<Array>
<Name>Times</Name>
<Dimsize>100</Dimsize>
<DBL>
<Name></Name>
<Val>0.00000000000000</Val>
</DBL>
<DBL>
<Name></Name>
<Val>10.00000000000000</Val>
</DBL>
<DBL>
<Name></Name>
<Val>20.00000000000000</Val>
</DBL>
<DBL>
<Name></Name>
<Val>30.00000000000000</Val>
</DBL>
<DBL>
<Name></Name>
<Val>40.00000000000000</Val>
</DBL>
<DBL>
<Name></Name>
<Val>50.00000000000000</Val>
</DBL>
<DBL>
<Name></Name>
<Val>60.00000000000000</Val>
</DBL>
<DBL>
<Name></Name>
<Val>70.00000000000000</Val>
</DBL>
<DBL>
<Name></Name>
<Val>80.00000000000000</Val>
</DBL>
<DBL>
<Name></Name>
<Val>90.00000000000000</Val>
</DBL>
<DBL>
<Name></Name>
<Val>100.00000000000000</Val>
</DBL>
<DBL>
<Name></Name>
<Val>110.00000000000000</Val>
</DBL>
<DBL>
<Name></Name>
<Val>120.00000000000000</Val>
</DBL>
<DBL>
<Name></Name>
<Val>130.00000000000000</Val>
</DBL>
<DBL>
<Name></Name>
<Val>140.00000000000000</Val>
</DBL>
<DBL>
<Name></Name>
<Val>150.00000000000000</Val>
</DBL>
<DBL>
<Name></Name>
<Val>160.00000000000000</Val>
</DBL>
<DBL>
<Name></Name>
<Val>170.00000000000000</Val>
</DBL>
<DBL>
<Name></Name>
<Val>180.00000000000000</Val>
</DBL>
<DBL>
<Name></Name>
<Val>190.00000000000000</Val>
</DBL>
<DBL>
<Name></Name>
<Val>200.00000000000000</Val>
</DBL>
<DBL>
<Name></Name>
<Val>210.00000000000000</Val>
</DBL>
<DBL>
<Name></Name>
<Val>220.00000000000000</Val>
</DBL>
<DBL>
<Name></Name>
<Val>230.00000000000000</Val>
</DBL>
<DBL>
<Name></Name>
<Val>240.00000000000000</Val>
</DBL>
<DBL>
<Name></Name>
<Val>250.00000000000000</Val>
</DBL>
<DBL>
<Name></Name>
<Val>260.00000000000000</Val>
</DBL>
<DBL>
<Name></Name>
<Val>270.00000000000000</Val>
</DBL>
<DBL>
<Name></Name>
<Val>280.00000000000000</Val>
</DBL>
<DBL>
<Name></Name>
<Val>290.00000000000000</Val>
</DBL>
<DBL>
<Name></Name>
<Val>300.00000000000000</Val>
</DBL>
<DBL>
<Name></Name>
<Val>310.00000000000000</Val>
</DBL>
<DBL>
<Name></Name>
<Val>320.00000000000000</Val>
</DBL>
<DBL>
<Name></Name>
<Val>330.00000000000000</Val>
</DBL>
<DBL>
<Name></Name>
<Val>340.00000000000000</Val>
</DBL>
<DBL>
<Name></Name>
<Val>350.00000000000000</Val>
</DBL>
<DBL>
<Name></Name>
<Val>360.00000000000000</Val>
</DBL>
<DBL>
<Name></Name>
<Val>370.00000000000000</Val>
</DBL>
<DBL>
<Name></Name>
<Val>380.00000000000000</Val>
</DBL>
<DBL>
<Name></Name>
<Val>390.00000000000000</Val>
</DBL>
<DBL>
<Name></Name>
<Val>400.00000000000000</Val>
</DBL>
<DBL>
<Name></Name>
<Val>410.00000000000000</Val>
</DBL>
<DBL>
<Name></Name>
<Val>420.00000000000000</Val>
</DBL>
<DBL>
<Name></Name>
<Val>430.00000000000000</Val>
</DBL>
<DBL>
<Name></Name>
<Val>440.00000000000000</Val>
</DBL>
<DBL>
<Name></Name>
<Val>450.00000000000000</Val>
</DBL>
<DBL>
<Name></Name>
<Val>460.00000000000000</Val>
</DBL>
<DBL>
<Name></Name>
<Val>470.00000000000000</Val>
</DBL>
<DBL>
<Name></Name>
<Val>480.00000000000000</Val>
</DBL>
<DBL>
<Name></Name>
<Val>490.00000000000000</Val>
</DBL>
<DBL>
<Name></Name>
<Val>500.00000000000000</Val>
</DBL>
<DBL>
<Name></Name>
<Val>510.00000000000000</Val>
</DBL>
<DBL>
<Name></Name>
<Val>520.00000000000000</Val>
</DBL>
<DBL>
<Name></Name>
<Val>530.00000000000000</Val>
</DBL>
<DBL>
<Name></Name>
<Val>540.00000000000000</Val>
</DBL>
<DBL>
<Name></Name>
<Val>550.00000000000000</Val>
</DBL>
<DBL>
<Name></Name>
<Val>560.00000000000000</Val>
</DBL>
<DBL>
<Name></Name>
<Val>570.00000000000000</Val>
</DBL>
<DBL>
<Name></Name>
<Val>580.00000000000000</Val>
</DBL>
<DBL>
<Name></Name>
<Val>590.00000000000000</Val>
</DBL>
<DBL>
<Name></Name>
<Val>600.00000000000000</Val>
</DBL>
<DBL>
<Name></Name>
<Val>610.00000000000000</Val>
</DBL>
<DBL>
<Name></Name>
<Val>620.00000000000000</Val>
</DBL>
<DBL>
<Name></Name>
<Val>630.00000000000000</Val>
</DBL>
<DBL>
<Name></Name>
<Val>640.00000000000000</Val>
</DBL>
<DBL>
<Name></Name>
<Val>650.00000000000000</Val>
</DBL>
<DBL>
<Name></Name>
<Val>660.00000000000000</Val>
</DBL>
<DBL>
<Name></Name>
<Val>670.00000000000000</Val>
</DBL>
<DBL>
<Name></Name>
<Val>680.00000000000000</Val>
</DBL>
<DBL>
<Name></Name>
<Val>690.00000000000000</Val>
</DBL>
<DBL>
<Name></Name>
<Val>700.00000000000000</Val>
</DBL>
<DBL>
<Name></Name>
<Val>710.00000000000000</Val>
</DBL>
<DBL>
<Name></Name>
<Val>720.00000000000000</Val>
</DBL>
<DBL>
<Name></Name>
<Val>730.00000000000000</Val>
</DBL>
<DBL>
<Name></Name>
<Val>740.00000000000000</Val>
</DBL>
<DBL>
<Name></Name>
<Val>750.00000000000000</Val>
</DBL>
<DBL>
<Name></Name>
<Val>760.00000000000000</Val>
</DBL>
<DBL>
<Name></Name>
<Val>770.00000000000000</Val>
</DBL>
<DBL>
<Name></Name>
<Val>780.00000000000000</Val>
</DBL>
<DBL>
<Name></Name>
<Val>790.00000000000000</Val>
</DBL>
<DBL>
<Name></Name>
<Val>800.00000000000000</Val>
</DBL>
<DBL>
<Name></Name>
<Val>810.00000000000000</Val>
</DBL>
<DBL>
<Name></Name>
<Val>820.00000000000000</Val>
</DBL>
<DBL>
<Name></Name>
<Val>830.00000000000000</Val>
</DBL>
<DBL>
<Name></Name>
<Val>840.00000000000000</Val>
</DBL>
<DBL>
<Name></Name>
<Val>850.00000000000000</Val>
</DBL>
<DBL>
<Name></Name>
<Val>860.00000000000000</Val>
</DBL>
<DBL>
<Name></Name>
<Val>870.00000000000000</Val>
</DBL>
<DBL>
<Name></Name>
<Val>880.00000000000000</Val>
</DBL>
<DBL>
<Name></Name>
<Val>890.00000000000000</Val>
</DBL>
<DBL>
<Name></Name>
<Val>900.00000000000000</Val>
</DBL>
<DBL>
<Name></Name>
<Val>910.00000000000000</Val>
</DBL>
<DBL>
<Name></Name>
<Val>920.00000000000000</Val>
</DBL>
<DBL>
<Name></Name>
<Val>930.00000000000000</Val>
</DBL>
<DBL>
<Name></Name>
<Val>940.00000000000000</Val>
</DBL>
<DBL>
<Name></Name>
<Val>950.00000000000000</Val>
</DBL>
<DBL>
<Name></Name>
<Val>960.00000000000000</Val>
</DBL>
<DBL>
<Name></Name>
<Val>970.00000000000000</Val>
</DBL>
<DBL>
<Name></Name>
<Val>980.00000000000000</Val>
</DBL>
<DBL>
<Name></Name>
<Val>990.00000000000000</Val>
</DBL>
</Array>
<Array>
<Name>RealSolution</Name>
<Dimsize>100</Dimsize>
<Dimsize>10</Dimsize>
<DBL>
<Name></Name>
<Val>1.00000000000000</Val>
</DBL>
<DBL>
<Name></Name>
<Val>0.00000000000000</Val>
</DBL>
<DBL>
<Name></Name>
<Val>0.00000000000000</Val>
</DBL>
<DBL>
<Name></Name>
<Val>0.00000000000000</Val>
</DBL>
<DBL>
<Name></Name>
<Val>0.00000000000000</Val>
</DBL>
<DBL>
<Name></Name>
<Val>0.00000000000000</Val>
</DBL>
<DBL>
<Name></Name>
<Val>0.00000000000000</Val>
</DBL>
<DBL>
<Name></Name>
<Val>0.00000000000000</Val>
</DBL>
<DBL>
<Name></Name>
<Val>0.00000000000000</Val>
</DBL>
<DBL>
<Name></Name>
<Val>0.00000000000000</Val>
</DBL>
<DBL>
<Name></Name>
<Val>7.31730060338803E-2</Val>
</DBL>
<DBL>
<Name></Name>
<Val>0.87345722587704</Val>
</DBL>
<DBL>
<Name></Name>
<Val>5.26509111036004E-2</Val>
</DBL>
<DBL>
<Name></Name>
<Val>5.22210346471198E-4</Val>
</DBL>
<DBL>
<Name></Name>
<Val>1.80674520456365E-4</Val>
</DBL>
<DBL>
<Name></Name>
<Val>7.05066860586353E-6</Val>
</DBL>
<DBL>
<Name></Name>
<Val>8.72395963430723E-6</Val>
</DBL>
<DBL>
<Name></Name>
<Val>1.26386816712986E-7</Val>
</DBL>
<DBL>
<Name></Name>
<Val>5.30955179721833E-8</Val>
</DBL>
<DBL>
<Name></Name>
<Val>1.80079750911320E-8</Val>
</DBL>
<DBL>
<Name></Name>
<Val>6.74877440260156E-2</Val>
</DBL>
<DBL>
<Name></Name>
<Val>0.82366935402421</Val>
</DBL>
<DBL>
<Name></Name>
<Val>0.10569351369944</Val>
</DBL>
<DBL>
<Name></Name>
<Val>2.14163893246292E-3</Val>
</DBL>
<DBL>
<Name></Name>
<Val>8.39802136912338E-4</Val>
</DBL>
<DBL>
<Name></Name>
<Val>4.41824828382301E-5</Val>
</DBL>
<DBL>
<Name></Name>
<Val>1.17835967888632E-4</Val>
</DBL>
<DBL>
<Name></Name>
<Val>2.56770328392861E-6</Val>
</DBL>
<DBL>
<Name></Name>
<Val>2.30428982887408E-6</Val>
</DBL>
<DBL>
<Name></Name>
<Val>1.05673712126859E-6</Val>
</DBL>
<DBL>
<Name></Name>
<Val>6.38036438488943E-2</Val>
</DBL>
<DBL>
<Name></Name>
<Val>0.77941082518347</Val>
</DBL>
<DBL>
<Name></Name>
<Val>0.14980188116301</Val>
</DBL>
<DBL>
<Name></Name>
<Val>4.53990299691925E-3</Val>
</DBL>
<DBL>
<Name></Name>
<Val>1.85186591752404E-3</Val>
</DBL>
<DBL>
<Name></Name>
<Val>1.12527765603493E-4</Val>
</DBL>
<DBL>
<Name></Name>
<Val>4.44145784772765E-4</Val>
</DBL>
<DBL>
<Name></Name>
<Val>1.14384956816480E-5</Val>
</DBL>
<DBL>
<Name></Name>
<Val>1.57747264759235E-5</Val>
</DBL>
<DBL>
<Name></Name>
<Val>7.99411764070751E-6</Val>
</DBL>
<DBL>
<Name></Name>
<Val>6.06141936574052E-2</Val>
</DBL>
<DBL>
<Name></Name>
<Val>0.74104818312849</Val>
</DBL>
<DBL>
<Name></Name>
<Val>0.18641145033651</Val>
</DBL>
<DBL>
<Name></Name>
<Val>7.44826324850760E-3</Val>
</DBL>
<DBL>
<Name></Name>
<Val>3.09682742107576E-3</Val>
</DBL>
<DBL>
<Name></Name>
<Val>2.08740303679535E-4</Val>
</DBL>
<DBL>
<Name></Name>
<Val>1.05701976670094E-3</Val>
</DBL>
<DBL>
<Name></Name>
<Val>3.01254742512863E-5</Val>
</DBL>
<DBL>
<Name></Name>
<Val>5.56276572674863E-5</Val>
</DBL>
<DBL>
<Name></Name>
<Val>2.95690061144745E-5</Val>
</DBL>
<DBL>
<Name></Name>
<Val>5.78420929739801E-2</Val>
</DBL>
<DBL>
<Name></Name>
<Val>0.70768496991923</Val>
</DBL>
<DBL>
<Name></Name>
<Val>0.21673580430572</Val>
</DBL>
<DBL>
<Name></Name>
<Val>1.06601390827038E-2</Val>
</DBL>
<DBL>
<Name></Name>
<Val>4.48228396993607E-3</Val>
</DBL>
<DBL>
<Name></Name>
<Val>3.29119937384070E-4</Val>
</DBL>
<DBL>
<Name></Name>
<Val>1.98786961703412E-3</Val>
</DBL>
<DBL>
<Name></Name>
<Val>6.10675492165330E-5</Val>
</DBL>
<DBL>
<Name></Name>
<Val>1.40099285862116E-4</Val>
</DBL>
<DBL>
<Name></Name>
<Val>7.65533589278735E-5</Val>
</DBL>
<DBL>
<Name></Name>
<Val>5.54240741064824E-2</Val>
</DBL>
<DBL>
<Name></Name>
<Val>0.67856419276288</Val>
</DBL>
<DBL>
<Name></Name>
<Val>0.24178944451151</Val>
</DBL>
<DBL>
<Name></Name>
<Val>1.40185592295349E-2</Val>
</DBL>
<DBL>
<Name></Name>
<Val>5.93792460984195E-3</Val>
</DBL>
<DBL>
<Name></Name>
<Val>4.69890585816170E-4</Val>
</DBL>
<DBL>
<Name></Name>
<Val>3.24148277807573E-3</Val>
</DBL>
<DBL>
<Name></Name>
<Val>1.05926762603370E-4</Val>
</DBL>
<DBL>
<Name></Name>
<Val>2.88191831727214E-4</Val>
</DBL>
<DBL>
<Name></Name>
<Val>1.60312821530079E-4</Val>
</DBL>
<DBL>
<Name></Name>
<Val>5.33068109662928E-2</Val>
</DBL>
<DBL>
<Name></Name>
<Val>0.65304768033347</Val>
</DBL>
<DBL>
<Name></Name>
<Val>0.26242086040149</Val>
</DBL>
<DBL>
<Name></Name>
<Val>1.74059641362041E-2</Val>
</DBL>
<DBL>
<Name></Name>
<Val>7.41099750677707E-3</Val>
</DBL>
<DBL>
<Name></Name>
<Val>6.27373262232082E-4</Val>
</DBL>
<DBL>
<Name></Name>
<Val>4.80462425775629E-3</Val>
</DBL>
<DBL>
<Name></Name>
<Val>1.65739481253778E-4</Val>
</DBL>
<DBL>
<Name></Name>
<Val>5.18119025805950E-4</Val>
</DBL>
<DBL>
<Name></Name>
<Val>2.91830628716256E-4</Val>
</DBL>
<DBL>
<Name></Name>
<Val>5.14453173562664E-2</Val>
</DBL>
<DBL>
<Name></Name>
<Val>0.63059698742206</Val>
</DBL>
<DBL>
<Name></Name>
<Val>0.27934006970354</Val>
</DBL>
<DBL>
<Name></Name>
<Val>2.07359602183627E-2</Val>
</DBL>
<DBL>
<Name></Name>
<Val>8.86264399679868E-3</Val>
</DBL>
<DBL>
<Name></Name>
<Val>7.98100298204376E-4</Val>
</DBL>
<DBL>
<Name></Name>
<Val>6.65248181974145E-3</Val>
</DBL>
<DBL>
<Name></Name>
<Val>2.41042881135297E-4</Val>
</DBL>
<DBL>
<Name></Name>
<Val>8.46315532499127E-4</Val>
</DBL>
<DBL>
<Name></Name>
<Val>4.81080771398018E-4</Val>
</DBL>
<DBL>
<Name></Name>
<Val>4.98016103714085E-2</Val>
</DBL>
<DBL>
<Name></Name>
<Val>0.61075742247041</Val>
</DBL>
<DBL>
<Name></Name>
<Val>0.29314154246599</Val>
</DBL>
<DBL>
<Name></Name>
<Val>2.39466666134878E-2</Val>
</DBL>
<DBL>
<Name></Name>
<Val>1.02649398627695E-2</Val>
</DBL>
<DBL>
<Name></Name>
<Val>9.78885730268671E-4</Val>
</DBL>
<DBL>
<Name></Name>
<Val>8.75343247514876E-3</Val>
</DBL>
<DBL>
<Name></Name>
<Val>3.31980309421294E-4</Val>
</DBL>
<DBL>
<Name></Name>
<Val>1.28686116149106E-3</Val>
</DBL>
<DBL>
<Name></Name>
<Val>7.36658539610407E-4</Val>
</DBL>
<DBL>
<Name></Name>
<Val>4.83435921028277E-2</Val>
</DBL>
<DBL>
<Name></Name>
<Val>0.59314468250424</Val>
</DBL>
<DBL>
<Name></Name>
<Val>0.30432328848442</Val>
</DBL>
<DBL>
<Name></Name>
<Val>2.69953596928545E-2</Val>
</DBL>
<DBL>
<Name></Name>
<Val>1.15985130282335E-2</Val>
</DBL>
<DBL>
<Name></Name>
<Val>1.16686341214245E-3</Val>
</DBL>
<DBL>
<Name></Name>
<Val>1.10725097860205E-2</Val>
</DBL>
<DBL>
<Name></Name>
<Val>4.38388703832634E-4</Val>
</DBL>
<DBL>
<Name></Name>
<Val>1.85120480936521E-3</Val>
</DBL>
<DBL>
<Name></Name>
<Val>1.06559747606605E-3</Val>
</DBL>
<DBL>
<Name></Name>
<Val>4.70441134694734E-2</Val>
</DBL>
<DBL>
<Name></Name>
<Val>0.57743366360478</Val>
</DBL>
<DBL>
<Name></Name>
<Val>0.31330275537034</Val>
</DBL>
<DBL>
<Name></Name>
<Val>2.98541737958980E-2</Val>
</DBL>
<DBL>
<Name></Name>
<Val>1.28506304626656E-2</Val>
</DBL>
<DBL>
<Name></Name>
<Val>1.35950179514600E-3</Val>
</DBL>
<DBL>
<Name></Name>
<Val>1.35738723438096E-2</Val>
</DBL>
<DBL>
<Name></Name>
<Val>5.59870806190226E-4</Val>
</DBL>
<DBL>
<Name></Name>
<Val>2.54810001014241E-3</Val>
</DBL>
<DBL>
<Name></Name>
<Val>1.47331834155223E-3</Val>
</DBL>
<DBL>
<Name></Name>
<Val>4.58801900650065E-2</Val>
</DBL>
<DBL>
<Name></Name>
<Val>0.56334908735972</Val>
</DBL>
<DBL>
<Name></Name>
<Val>0.32043007468741</Val>
</DBL>
<DBL>
<Name></Name>
<Val>3.25066604006909E-2</Val>
</DBL>
<DBL>
<Name></Name>
<Val>1.40136665020377E-2</Val>
</DBL>
<DBL>
<Name></Name>
<Val>1.55460224552905E-3</Val>
</DBL>
<DBL>
<Name></Name>
<Val>1.62225103155920E-2</Val>
</DBL>
<DBL>
<Name></Name>
<Val>6.95854521047235E-4</Val>
</DBL>
<DBL>
<Name></Name>
<Val>3.38368516891954E-3</Val>
</DBL>
<DBL>
<Name></Name>
<Val>1.96366873404689E-3</Val>
</DBL>
<DBL>
<Name></Name>
<Val>4.48323449423384E-2</Val>
</DBL>
<DBL>
<Name></Name>
<Val>0.55065764383984</Val>
</DBL>
<DBL>
<Name></Name>
<Val>0.32599910246507</Val>
</DBL>
<DBL>
<Name></Name>
<Val>3.49450439010894E-2</Val>
</DBL>
<DBL>
<Name></Name>
<Val>1.50838807419710E-2</Val>
</DBL>
<DBL>
<Name></Name>
<Val>1.75028613165836E-3</Val>
</DBL>
<DBL>
<Name></Name>
<Val>1.89853761590881E-2</Val>
</DBL>
<DBL>
<Name></Name>
<Val>8.45641434819188E-4</Val>
</DBL>
<DBL>
<Name></Name>
<Val>4.36165815850278E-3</Val>
</DBL>
<DBL>
<Name></Name>
<Val>2.53902222562313E-3</Val>
</DBL>
<DBL>
<Name></Name>
<Val>4.38840574446289E-2</Val>
</DBL>
<DBL>
<Name></Name>
<Val>0.53916140162078</Val>
</DBL>
<DBL>
<Name></Name>
<Val>0.33025662480064</Val>
</DBL>
<DBL>
<Name></Name>
<Val>3.71680416982277E-2</Val>
</DBL>
<DBL>
<Name></Name>
<Val>1.60604467666796E-2</Val>
</DBL>
<DBL>
<Name></Name>
<Val>1.94497462901038E-3</Val>
</DBL>
<DBL>
<Name></Name>
<Val>2.18320850562829E-2</Val>
</DBL>
<DBL>
<Name></Name>
<Val>1.00844621993935E-3</Val>
</DBL>
<DBL>
<Name></Name>
<Val>5.48350790718856E-3</Val>
</DBL>
<DBL>
<Name></Name>
<Val>3.20041385662376E-3</Val>
</DBL>
<DBL>
<Name></Name>
<Val>4.30213006728472E-2</Val>
</DBL>
<DBL>
<Name></Name>
<Val>0.52869227692988</Val>
</DBL>
<DBL>
<Name></Name>
<Val>0.33341003652663</Val>
</DBL>
<DBL>
<Name></Name>
<Val>3.91791405644934E-2</Val>
</DBL>
<DBL>
<Name></Name>
<Val>1.69446837378972E-2</Val>
</DBL>
<DBL>
<Name></Name>
<Val>2.13736418599638E-3</Val>
</DBL>
<DBL>
<Name></Name>
<Val>2.47352983225494E-2</Val>
</DBL>
<DBL>
<Name></Name>
<Val>1.18342839678923E-3</Val>
</DBL>
<DBL>
<Name></Name>
<Val>6.74877564721319E-3</Val>
</DBL>
<DBL>
<Name></Name>
<Val>3.94769501570233E-3</Val>
</DBL>
<DBL>
<Name></Name>
<Val>4.22321530758354E-2</Val>
</DBL>
<DBL>
<Name></Name>
<Val>0.51910738857000</Val>
</DBL>
<DBL>
<Name></Name>
<Val>0.33563374885539</Val>
</DBL>
<DBL>
<Name></Name>
<Val>4.09852411364935E-2</Val>
</DBL>
<DBL>
<Name></Name>
<Val>1.77394516984577E-2</Val>
</DBL>
<DBL>
<Name></Name>
<Val>2.32639981183858E-3</Val>
</DBL>
<DBL>
<Name></Name>
<Val>2.76708774045188E-2</Val>
</DBL>
<DBL>
<Name></Name>
<Val>1.36971770862929E-3</Val>
</DBL>
<DBL>
<Name></Name>
<Val>8.15532623136762E-3</Val>
</DBL>
<DBL>
<Name></Name>
<Val>4.77969550747451E-3</Val>
</DBL>
<DBL>
<Name></Name>
<Val>4.15064720582989E-2</Val>
</DBL>
<DBL>
<Name></Name>
<Val>0.51028515403985</Val>
</DBL>
<DBL>
<Name></Name>
<Val>0.33707453869548</Val>
</DBL>
<DBL>
<Name></Name>
<Val>4.25955987104969E-2</Val>
</DBL>
<DBL>
<Name></Name>
<Val>1.84486786869605E-2</Val>
</DBL>
<DBL>
<Name></Name>
<Val>2.51124774311772E-3</Val>
</DBL>
<DBL>
<Name></Name>
<Val>3.06178757804625E-2</Val>
</DBL>
<DBL>
<Name></Name>
<Val>1.56643417716047E-3</Val>
</DBL>
<DBL>
<Name></Name>
<Val>9.69961584419269E-3</Val>
</DBL>
<DBL>
<Name></Name>
<Val>5.69438426398216E-3</Val>
</DBL>
<DBL>
<Name></Name>
<Val>4.08356195075349E-2</Val>
</DBL>
<DBL>
<Name></Name>
<Val>0.50212200621423</Val>
</DBL>
<DBL>
<Name></Name>
<Val>0.33785601645600</Val>
</DBL>
<DBL>
<Name></Name>
<Val>4.40210018848123E-2</Val>
</DBL>
<DBL>
<Name></Name>
<Val>1.90769936947606E-2</Val>
</DBL>
<DBL>
<Name></Name>
<Val>2.69126858132651E-3</Val>
</DBL>
<DBL>
<Name></Name>
<Val>3.35584200644516E-2</Val>
</DBL>
<DBL>
<Name></Name>
<Val>1.77270374485241E-3</Val>
</DBL>
<DBL>
<Name></Name>
<Val>1.13769469219425E-2</Val>
</DBL>
<DBL>
<Name></Name>
<Val>6.68902293009047E-3</Val>
</DBL>
<DBL>
<Name></Name>
<Val>4.02122308092872E-2</Val>
</DBL>
<DBL>
<Name></Name>
<Val>0.49452962988321</Val>
</DBL>
<DBL>
<Name></Name>
<Val>0.33808235936346</Val>
</DBL>
<DBL>
<Name></Name>
<Val>4.52731415422380E-2</Val>
</DBL>
<DBL>
<Name></Name>
<Val>1.96294443566789E-2</Val>
</DBL>
<DBL>
<Name></Name>
<Val>2.86599164017876E-3</Val>
</DBL>
<DBL>
<Name></Name>
<Val>3.64775190347562E-2</Val>
</DBL>
<DBL>
<Name></Name>
<Val>1.98767027139378E-3</Val>
</DBL>
<DBL>
<Name></Name>
<Val>1.31817044621154E-2</Val>
</DBL>
<DBL>
<Name></Name>
<Val>7.76030863668038E-3</Val>
</DBL>
<DBL>
<Name></Name>
<Val>3.96300203135460E-2</Val>
</DBL>
<DBL>
<Name></Name>
<Val>0.48743263405277</Val>
</DBL>
<DBL>
<Name></Name>
<Val>0.33784143257537</Val>
</DBL>
<DBL>
<Name></Name>
<Val>4.63641316236337E-2</Val>
</DBL>
<DBL>
<Name></Name>
<Val>2.01112822436905E-2</Val>
</DBL>
<DBL>
<Name></Name>
<Val>3.03509097483208E-3</Val>
</DBL>
<DBL>
<Name></Name>
<Val>3.93628294668321E-2</Val>
</DBL>
<DBL>
<Name></Name>
<Val>2.21050453257029E-3</Val>
</DBL>
<DBL>
<Name></Name>
<Val>1.51075703959069E-2</Val>
</DBL>
<DBL>
<Name></Name>
<Val>8.90450382085332E-3</Val>
</DBL>
<DBL>
<Name></Name>
<Val>3.90836173694683E-2</Val>
</DBL>
<DBL>
<Name></Name>
<Val>0.48076658974232</Val>
</DBL>
<DBL>
<Name></Name>
<Val>0.33720739982394</Val>
</DBL>
<DBL>
<Name></Name>
<Val>4.73061504662928E-2</Val>
</DBL>
<DBL>
<Name></Name>
<Val>2.05278018771218E-2</Val>
</DBL>
<DBL>
<Name></Name>
<Val>3.19836336664007E-3</Val>
</DBL>
<DBL>
<Name></Name>
<Val>4.22043999943584E-2</Val>
</DBL>
<DBL>
<Name></Name>
<Val>2.44041076793431E-3</Val>
</DBL>
<DBL>
<Name></Name>
<Val>1.71477145118754E-2</Val>
</DBL>
<DBL>
<Name></Name>
<Val>1.01175520800460E-2</Val>
</DBL>
<DBL>
<Name></Name>
<Val>3.85684280139412E-2</Val>
</DBL>
<DBL>
<Name></Name>
<Val>0.47447637454352</Val>
</DBL>
<DBL>
<Name></Name>
<Val>0.33624290825037</Val>
</DBL>
<DBL>
<Name></Name>
<Val>4.81111774608618E-2</Val>
</DBL>
<DBL>
<Name></Name>
<Val>2.08842222393882E-2</Val>
</DBL>
<DBL>
<Name></Name>
<Val>3.35570839146445E-3</Val>
</DBL>
<DBL>
<Name></Name>
<Val>4.49944082991637E-2</Val>
</DBL>
<DBL>
<Name></Name>
<Val>2.67663123649578E-3</Val>
</DBL>
<DBL>
<Name></Name>
<Val>1.92949617121287E-2</Val>
</DBL>
<DBL>
<Name></Name>
<Val>1.13951798526647E-2</Val>
</DBL>
<DBL>
<Name></Name>
<Val>3.80805182031109E-2</Val>
</DBL>
<DBL>
<Name></Name>
<Val>0.46851477481673</Val>
</DBL>
<DBL>
<Name></Name>
<Val>0.33500091790274</Val>
</DBL>
<DBL>
<Name></Name>
<Val>4.87908046590486E-2</Val>
</DBL>
<DBL>
<Name></Name>
<Val>2.11856017229420E-2</Val>
</DBL>
<DBL>
<Name></Name>
<Val>3.50711059495356E-3</Val>
</DBL>
<DBL>
<Name></Name>
<Val>4.77269023815228E-2</Val>
</DBL>
<DBL>
<Name></Name>
<Val>2.91844916532460E-3</Val>
</DBL>
<DBL>
<Name></Name>
<Val>2.15419362764060E-2</Val>
</DBL>
<DBL>
<Name></Name>
<Val>1.27329842772210E-2</Val>
</DBL>
<DBL>
<Name></Name>
<Val>3.76165151474116E-2</Val>
</DBL>
<DBL>
<Name></Name>
<Val>0.46284130441891</Val>
</DBL>
<DBL>
<Name></Name>
<Val>0.33352623457920</Val>
</DBL>
<DBL>
<Name></Name>
<Val>4.93561069395642E-2</Val>
</DBL>
<DBL>
<Name></Name>
<Val>2.14367792248399E-2</Val>
</DBL>
<DBL>
<Name></Name>
<Val>3.65262372503181E-3</Val>
</DBL>
<DBL>
<Name></Name>
<Val>5.03975531965408E-2</Val>
</DBL>
<DBL>
<Name></Name>
<Val>3.16519041265190E-3</Val>
</DBL>
<DBL>
<Name></Name>
<Val>2.38811844013329E-2</Val>
</DBL>
<DBL>
<Name></Name>
<Val>1.41265079545224E-2</Val>
</DBL>
<DBL>
<Name></Name>
<Val>3.71735238706536E-2</Val>
</DBL>
<DBL>
<Name></Name>
<Val>0.45742120554606</Val>
</DBL>
<DBL>
<Name></Name>
<Val>0.33185679489528</Val>
</DBL>
<DBL>
<Name></Name>
<Val>4.98175575747777E-2</Val>
</DBL>
<DBL>
<Name></Name>
<Val>2.16423355315350E-2</Val>
</DBL>
<DBL>
<Name></Name>
<Val>3.79235692264314E-3</Val>
</DBL>
<DBL>
<Name></Name>
<Val>5.30034233281937E-2</Val>
</DBL>
<DBL>
<Name></Name>
<Val>3.41622411325856E-3</Val>
</DBL>
<DBL>
<Name></Name>
<Val>2.63052766476701E-2</Val>
</DBL>
<DBL>
<Name></Name>
<Val>1.55713015699184E-2</Val>
</DBL>
<DBL>
<Name></Name>
<Val>3.67490565811838E-2</Val>
</DBL>
<DBL>
<Name></Name>
<Val>0.45222460285797</Val>
</DBL>
<DBL>
<Name></Name>
<Val>0.33002474430291</Val>
</DBL>
<DBL>
<Name></Name>
<Val>5.01849786695427E-2</Val>
</DBL>
<DBL>
<Name></Name>
<Val>2.18065703066657E-2</Val>
</DBL>
<DBL>
<Name></Name>
<Val>3.92646274065779E-3</Val>
</DBL>
<DBL>
<Name></Name>
<Val>5.55427544247327E-2</Val>
</DBL>
<DBL>
<Name></Name>
<Val>3.67096252831156E-3</Val>
</DBL>
<DBL>
<Name></Name>
<Val>2.88068921266872E-2</Val>
</DBL>
<DBL>
<Name></Name>
<Val>1.70629754613325E-2</Val>
</DBL>
<DBL>
<Name></Name>
<Val>3.63409728334912E-2</Val>
</DBL>
<DBL>
<Name></Name>
<Val>0.44722578671622</Val>
</DBL>
<DBL>
<Name></Name>
<Val>0.32805734200885</Val>
</DBL>
<DBL>
<Name></Name>
<Val>5.04675180767851E-2</Val>
</DBL>
<DBL>
<Name></Name>
<Val>2.19334909426377E-2</Val>
</DBL>
<DBL>
<Name></Name>
<Val>4.05512684316809E-3</Val>
</DBL>
<DBL>
<Name></Name>
<Val>5.80147746898813E-2</Val>
</DBL>
<DBL>
<Name></Name>
<Val>3.92886028319384E-3</Val>
</DBL>
<DBL>
<Name></Name>
<Val>3.13788863336950E-2</Val>
</DBL>
<DBL>
<Name></Name>
<Val>1.85972412720784E-2</Val>
</DBL>
<DBL>
<Name></Name>
<Val>3.59474287847623E-2</Val>
</DBL>
<DBL>
<Name></Name>
<Val>0.44240260526360</Val>
</DBL>
<DBL>
<Name></Name>
<Val>0.32597772109988</Val>
</DBL>
<DBL>
<Name></Name>
<Val>5.06736461222688E-2</Val>
</DBL>
<DBL>
<Name></Name>
<Val>2.20268103048658E-2</Val>
</DBL>
<DBL>
<Name></Name>
<Val>4.17855922957549E-3</Val>
</DBL>
<DBL>
<Name></Name>
<Val>6.04195266961866E-2</Val>
</DBL>
<DBL>
<Name></Name>
<Val>4.18941314426766E-3</Val>
</DBL>
<DBL>
<Name></Name>
<Val>3.40143445275564E-2</Val>
</DBL>
<DBL>
<Name></Name>
<Val>2.01699448270306E-2</Val>
</DBL>
<DBL>
<Name></Name>
<Val>3.55668341234934E-2</Val>
</DBL>
<DBL>
<Name></Name>
<Val>0.43773594832999</Val>
</DBL>
<DBL>
<Name></Name>
<Val>0.32380552748796</Val>
</DBL>
<DBL>
<Name></Name>
<Val>5.08111668677971E-2</Val>
</DBL>
<DBL>
<Name></Name>
<Val>2.20899510186253E-2</Val>
</DBL>
<DBL>
<Name></Name>
<Val>4.29698682712616E-3</Val>
</DBL>
<DBL>
<Name></Name>
<Val>6.27577150670556E-2</Val>
</DBL>
<DBL>
<Name></Name>
<Val>4.45215645804618E-3</Val>
</DBL>
<DBL>
<Name></Name>
<Val>3.67066224866432E-2</Val>
</DBL>
<DBL>
<Name></Name>
<Val>2.17770913332573E-2</Val>
</DBL>
<DBL>
<Name></Name>
<Val>3.51978154752418E-2</Val>
</DBL>
<DBL>
<Name></Name>
<Val>0.43320930887448</Val>
</DBL>
<DBL>
<Name></Name>
<Val>0.32155745738078</Val>
</DBL>
<DBL>
<Name></Name>
<Val>5.08872397689508E-2</Val>
</DBL>
<DBL>
<Name></Name>
<Val>2.21260544496355E-2</Val>
</DBL>
<DBL>
<Name></Name>
<Val>4.41064729974991E-3</Val>
</DBL>
<DBL>
<Name></Name>
<Val>6.50305730889993E-2</Val>
</DBL>
<DBL>
<Name></Name>
<Val>4.71666335317187E-3</Val>
</DBL>
<DBL>
<Name></Name>
<Val>3.94493763646336E-2</Val>
</DBL>
<DBL>
<Name></Name>
<Val>2.34148639443488E-2</Val>
</DBL>
<DBL>
<Name></Name>
<Val>3.48391852813559E-2</Val>
</DBL>
<DBL>
<Name></Name>
<Val>0.42880840995307</Val>
</DBL>
<DBL>
<Name></Name>
<Val>0.31924770972988</Val>
</DBL>
<DBL>
<Name></Name>
<Val>5.09084084903049E-2</Val>
</DBL>
<DBL>
<Name></Name>
<Val>2.21379929329436E-2</Val>
</DBL>
<DBL>
<Name></Name>
<Val>4.51978392856931E-3</Val>
</DBL>
<DBL>
<Name></Name>
<Val>6.72397470077233E-2</Val>
</DBL>
<DBL>
<Name></Name>
<Val>4.98254278626648E-3</Val>
</DBL>
<DBL>
<Name></Name>
<Val>4.22365832390383E-2</Val>
</DBL>
<DBL>
<Name></Name>
<Val>2.50796366508505E-2</Val>
</DBL>
<DBL>
<Name></Name>
<Val>3.44899153062230E-2</Val>
</DBL>
<DBL>
<Name></Name>
<Val>0.42452088711030</Val>
</DBL>
<DBL>
<Name></Name>
<Val>0.31688836739752</Val>
</DBL>
<DBL>
<Name></Name>
<Val>5.08806343688857E-2</Val>
</DBL>
<DBL>
<Name></Name>
<Val>2.21283841285893E-2</Val>
</DBL>
<DBL>
<Name></Name>
<Val>4.62464142904414E-3</Val>
</DBL>
<DBL>
<Name></Name>
<Val>6.93871965857560E-2</Val>
</DBL>
<DBL>
<Name></Name>
<Val>5.24943749656645E-3</Val>
</DBL>
<DBL>
<Name></Name>
<Val>4.50625538026831E-2</Val>
</DBL>
<DBL>
<Name></Name>
<Val>2.67679823744374E-2</Val>
</DBL>
<DBL>
<Name></Name>
<Val>3.41491140623511E-2</Val>
</DBL>
<DBL>
<Name></Name>
<Val>0.42033601769221</Val>
</DBL>
<DBL>
<Name></Name>
<Val>0.31448971852569</Val>
</DBL>
<DBL>
<Name></Name>
<Val>5.08093325989694E-2</Val>
</DBL>
<DBL>
<Name></Name>
<Val>2.20996066417962E-2</Val>
</DBL>
<DBL>
<Name></Name>
<Val>4.72546258048637E-3</Val>
</DBL>
<DBL>
<Name></Name>
<Val>7.14751104201263E-2</Val>
</DBL>
<DBL>
<Name></Name>
<Val>5.51702192081113E-3</Val>
</DBL>
<DBL>
<Name></Name>
<Val>4.79219385017406E-2</Val>
</DBL>
<DBL>
<Name></Name>
<Val>2.84766770558240E-2</Val>
</DBL>
<DBL>
<Name></Name>
<Val>3.38160075547306E-2</Val>
</DBL>
<DBL>
<Name></Name>
<Val>0.41624448991863</Val>
</DBL>
<DBL>
<Name></Name>
<Val>0.31206052770758</Val>
</DBL>
<DBL>
<Name></Name>
<Val>5.06994096756291E-2</Val>
</DBL>
<DBL>
<Name></Name>
<Val>2.20538162522455E-2</Val>
</DBL>
<DBL>
<Name></Name>
<Val>4.82248555495127E-3</Val>
</DBL>
<DBL>
<Name></Name>
<Val>7.35058345089595E-2</Val>
</DBL>
<DBL>
<Name></Name>
<Val>5.78500010869580E-3</Val>
</DBL>
<DBL>
<Name></Name>
<Val>5.08097282790723E-2</Val>
</DBL>
<DBL>
<Name></Name>
<Val>3.02027004395043E-2</Val>
</DBL>
<DBL>
<Name></Name>
<Val>3.34899228399652E-2</Val>
</DBL>
<DBL>
<Name></Name>
<Val>0.41223820567713</Val>
</DBL>
<DBL>
<Name></Name>
<Val>0.30960826499255</Val>
</DBL>
<DBL>
<Name></Name>
<Val>5.05553010031443E-2</Val>
</DBL>
<DBL>
<Name></Name>
<Val>2.19929622612932E-2</Val>
</DBL>
<DBL>
<Name></Name>
<Val>4.91594184380056E-3</Val>
</DBL>
<DBL>
<Name></Name>
<Val>7.54818125948214E-2</Val>
</DBL>
<DBL>
<Name></Name>
<Val>6.05310366998502E-3</Val>
</DBL>
<DBL>
<Name></Name>
<Val>5.37212509425777E-2</Val>
</DBL>
<DBL>
<Name></Name>
<Val>3.19432341747315E-2</Val>
</DBL>
<DBL>
<Name></Name>
<Val>3.31702739745841E-2</Val>
</DBL>
<DBL>
<Name></Name>
<Val>0.40831011194484</Val>
</DBL>
<DBL>
<Name></Name>
<Val>0.30713929944574</Val>
</DBL>
<DBL>
<Name></Name>
<Val>5.03810078658121E-2</Val>
</DBL>
<DBL>
<Name></Name>
<Val>2.19188035959433E-2</Val>
</DBL>
<DBL>
<Name></Name>
<Val>5.00605469120534E-3</Val>
</DBL>
<DBL>
<Name></Name>
<Val>7.74055368842641E-2</Val>
</DBL>
<DBL>
<Name></Name>
<Val>6.32108977680047E-3</Val>
</DBL>
<DBL>
<Name></Name>
<Val>5.66521640475085E-2</Val>
</DBL>
<DBL>
<Name></Name>
<Val>3.36956577733090E-2</Val>
</DBL>
<DBL>
<Name></Name>
<Val>3.28565499932299E-2</Val>
</DBL>
<DBL>
<Name></Name>
<Val>0.40445405653690</Val>
</DBL>
<DBL>
<Name></Name>
<Val>0.30465906289097</Val>
</DBL>
<DBL>
<Name></Name>
<Val>5.01801331877852E-2</Val>
</DBL>
<DBL>
<Name></Name>
<Val>2.18329244106017E-2</Val>
</DBL>
<DBL>
<Name></Name>
<Val>5.09303795428633E-3</Val>
</DBL>
<DBL>
<Name></Name>
<Val>7.92795078352595E-2</Val>
</DBL>
<DBL>
<Name></Name>
<Val>6.58873923839411E-3</Val>
</DBL>
<DBL>
<Name></Name>
<Val>5.95984450608405E-2</Val>
</DBL>
<DBL>
<Name></Name>
<Val>3.54575428917376E-2</Val>
</DBL>
<DBL>
<Name></Name>
<Val>3.25483046131161E-2</Val>
</DBL>
<DBL>
<Name></Name>
<Val>0.40066466454669</Val>
</DBL>
<DBL>
<Name></Name>
<Val>0.30217218855293</Val>
</DBL>
<DBL>
<Name></Name>
<Val>4.99559156874848E-2</Val>
</DBL>
<DBL>
<Name></Name>
<Val>2.17367490075421E-2</Val>
</DBL>
<DBL>
<Name></Name>
<Val>5.17709531933339E-3</Val>
</DBL>
<DBL>
<Name></Name>
<Val>8.11062018080958E-2</Val>
</DBL>
<DBL>
<Name></Name>
<Val>6.85585466067077E-3</Val>
</DBL>
<DBL>
<Name></Name>
<Val>6.25563794655614E-2</Val>
</DBL>
<DBL>
<Name></Name>
<Val>3.72266463385793E-2</Val>
</DBL>
<DBL>
<Name></Name>
<Val>3.22451474079903E-2</Val>
</DBL>
<DBL>
<Name></Name>
<Val>0.39693723240316</Val>
</DBL>
<DBL>
<Name></Name>
<Val>0.29968262855258</Val>
</DBL>
<DBL>
<Name></Name>
<Val>4.97112621708018E-2</Val>
</DBL>
<DBL>
<Name></Name>
<Val>2.16315559589945E-2</Val>
</DBL>
<DBL>
<Name></Name>
<Val>5.25841981252663E-3</Val>
</DBL>
<DBL>
<Name></Name>
<Val>8.28880454842600E-2</Val>
</DBL>
<DBL>
<Name></Name>
<Val>7.12225869864631E-3</Val>
</DBL>
<DBL>
<Name></Name>
<Val>6.55225473633532E-2</Val>
</DBL>
<DBL>
<Name></Name>
<Val>3.90009021476886E-2</Val>
</DBL>
<DBL>
<Name></Name>
<Val>3.19467362342654E-2</Val>
</DBL>
<DBL>
<Name></Name>
<Val>0.39326763694230</Val>
</DBL>
<DBL>
<Name></Name>
<Val>0.29719375357300</Val>
</DBL>
<DBL>
<Name></Name>
<Val>4.94487778137570E-2</Val>
</DBL>
<DBL>
<Name></Name>
<Val>2.15184913614132E-2</Val>
</DBL>
<DBL>
<Name></Name>
<Val>5.33719355176378E-3</Val>
</DBL>
<DBL>
<Name></Name>
<Val>8.46273960671165E-2</Val>
</DBL>
<DBL>
<Name></Name>
<Val>7.38779240675899E-3</Val>
</DBL>
<DBL>
<Name></Name>
<Val>6.84938090454442E-2</Val>
</DBL>
<DBL>
<Name></Name>
<Val>4.07784130041734E-2</Val>
</DBL>
<DBL>
<Name></Name>
<Val>3.16527707251812E-2</Val>
</DBL>
<DBL>
<Name></Name>
<Val>0.38965225728728</Val>
</DBL>
<DBL>
<Name></Name>
<Val>0.29470843748009</Val>
</DBL>
<DBL>
<Name></Name>
<Val>4.91707943660739E-2</Val>
</DBL>
<DBL>
<Name></Name>
<Val>2.13985811886839E-2</Val>
</DBL>
<DBL>
<Name></Name>
<Val>5.41358769358234E-3</Val>
</DBL>
<DBL>
<Name></Name>
<Val>8.63265263845031E-2</Val>
</DBL>
<DBL>
<Name></Name>
<Val>7.65231368935711E-3</Val>
</DBL>
<DBL>
<Name></Name>
<Val>7.14672899229327E-2</Val>
</DBL>
<DBL>
<Name></Name>
<Val>4.25574412623105E-2</Val>
</DBL>
<DBL>
<Name></Name>
<Val>3.13629866968484E-2</Val>
</DBL>
<DBL>
<Name></Name>
<Val>0.38608790766629</Val>
</DBL>
<DBL>
<Name></Name>
<Val>0.29222912923745</Val>
</DBL>
<DBL>
<Name></Name>
<Val>4.88793962675104E-2</Val>
</DBL>
<DBL>
<Name></Name>
<Val>2.12727427381539E-2</Val>
</DBL>
<DBL>
<Name></Name>
<Val>5.48776253577239E-3</Val>
</DBL>
<DBL>
<Name></Name>
<Val>8.79876141144851E-2</Val>
</DBL>
<DBL>
<Name></Name>
<Val>7.91569585164960E-3</Val>
</DBL>
<DBL>
<Name></Name>
<Val>7.44403651390344E-2</Val>
</DBL>
<DBL>
<Name></Name>
<Val>4.43363997528037E-2</Val>
</DBL>
<DBL>
<Name></Name>
<Val>3.10771513336346E-2</Val>
</DBL>
<DBL>
<Name></Name>
<Val>0.38257177958021</Val>
</DBL>
<DBL>
<Name></Name>
<Val>0.28975791408170</Val>
</DBL>
<DBL>
<Name></Name>
<Val>4.85764447130806E-2</Val>
</DBL>
<DBL>
<Name></Name>
<Val>2.11417951833017E-2</Val>
</DBL>
<DBL>
<Name></Name>
<Val>5.55986774214512E-3</Val>
</DBL>
<DBL>
<Name></Name>
<Val>8.96127344500349E-2</Val>
</DBL>
<DBL>
<Name></Name>
<Val>8.17782624983224E-3</Val>
</DBL>
<DBL>
<Name></Name>
<Val>7.74106441257474E-2</Val>
</DBL>
<DBL>
<Name></Name>
<Val>4.61138425403149E-2</Val>
</DBL>
<DBL>
<Name></Name>
<Val>3.07950590402862E-2</Val>
</DBL>
<DBL>
<Name></Name>
<Val>0.37910139197045</Val>
</DBL>
<DBL>
<Name></Name>
<Val>0.28729656561238</Val>
</DBL>
<DBL>
<Name></Name>
<Val>4.82635997349155E-2</Val>
</DBL>
<DBL>
<Name></Name>
<Val>2.10064692611497E-2</Val>
</DBL>
<DBL>
<Name></Name>
<Val>5.63004266110049E-3</Val>
</DBL>
<DBL>
<Name></Name>
<Val>9.12038556055420E-2</Val>
</DBL>
<DBL>
<Name></Name>
<Val>8.43860503790803E-3</Val>
</DBL>
<DBL>
<Name></Name>
<Val>8.03759553156072E-2</Val>
</DBL>
<DBL>
<Name></Name>
<Val>4.78884557606552E-2</Val>
</DBL>
<DBL>
<Name></Name>
<Val>3.05165278650226E-2</Val>
</DBL>
<DBL>
<Name></Name>
<Val>0.37567454823912</Val>
</DBL>
<DBL>
<Name></Name>
<Val>0.28484659018907</Val>
</DBL>
<DBL>
<Name></Name>
<Val>4.79423403902433E-2</Val>
</DBL>
<DBL>
<Name></Name>
<Val>2.08674161323886E-2</Val>
</DBL>
<DBL>
<Name></Name>
<Val>5.69841671417794E-3</Val>
</DBL>
<DBL>
<Name></Name>
<Val>9.27628366474797E-2</Val>
</DBL>
<DBL>
<Name></Name>
<Val>8.69794400783644E-3</Val>
</DBL>
<DBL>
<Name></Name>
<Val>8.33343311747273E-2</Val>
</DBL>
<DBL>
<Name></Name>
<Val>4.96590486399296E-2</Val>
</DBL>
<DBL>
<Name></Name>
<Val>3.02413964120820E-2</Val>
</DBL>
<DBL>
<Name></Name>
<Val>0.37228929914427</Val>
</DBL>
<DBL>
<Name></Name>
<Val>0.28240926480874</Val>
</DBL>
<DBL>
<Name></Name>
<Val>4.76139831590395E-2</Val>
</DBL>
<DBL>
<Name></Name>
<Val>2.07252154586313E-2</Val>
</DBL>
<DBL>
<Name></Name>
<Val>5.76510983473251E-3</Val>
</DBL>
<DBL>
<Name></Name>
<Val>9.42914272032298E-2</Val>
</DBL>
<DBL>
<Name></Name>
<Val>8.95576551901639E-3</Val>
</DBL>
<DBL>
<Name></Name>
<Val>8.62839936854267E-2</Val>
</DBL>
<DBL>
<Name></Name>
<Val>5.14245447748277E-2</Val>
</DBL>
<DBL>
<Name></Name>
<Val>2.99695211742575E-2</Val>
</DBL>
<DBL>
<Name></Name>
<Val>0.36894391073728</Val>
</DBL>
<DBL>
<Name></Name>
<Val>0.27998566945277</Val>
</DBL>
<DBL>
<Name></Name>
<Val>4.72796986630832E-2</Val>
</DBL>
<DBL>
<Name></Name>
<Val>2.05803827450186E-2</Val>
</DBL>
<DBL>
<Name></Name>
<Val>5.83023294031073E-3</Val>
</DBL>
<DBL>
<Name></Name>
<Val>9.57912686662195E-2</Val>
</DBL>
<DBL>
<Name></Name>
<Val>9.21200151268197E-3</Val>
</DBL>
<DBL>
<Name></Name>
<Val>8.92233403746932E-2</Val>
</DBL>
<DBL>
<Name></Name>
<Val>5.31839737336939E-2</Val>
</DBL>
<DBL>
<Name></Name>
<Val>2.97007742261770E-2</Val>
</DBL>
<DBL>
<Name></Name>
<Val>0.36563683663188</Val>
</DBL>
<DBL>
<Name></Name>
<Val>0.27757671473812</Val>
</DBL>
<DBL>
<Name></Name>
<Val>4.69405268218872E-2</Val>
</DBL>
<DBL>
<Name></Name>
<Val>2.04333759982154E-2</Val>
</DBL>
<DBL>
<Name></Name>
<Val>5.89388842525957E-3</Val>
</DBL>
<DBL>
<Name></Name>
<Val>9.72638965725054E-2</Val>
</DBL>
<DBL>
<Name></Name>
<Val>9.46659260652837E-3</Val>
</DBL>
<DBL>
<Name></Name>
<Val>9.21509309578398E-2</Val>
</DBL>
<DBL>
<Name></Name>
<Val>5.49364630215861E-2</Val>
</DBL>
<DBL>
<Name></Name>
<Val>2.94350412277417E-2</Val>
</DBL>
<DBL>
<Name></Name>
<Val>0.36236669399813</Val>
</DBL>
<DBL>
<Name></Name>
<Val>0.27518316557785</Val>
</DBL>
<DBL>
<Name></Name>
<Val>4.65973905613577E-2</Val>
</DBL>
<DBL>
<Name></Name>
<Val>2.02846017501482E-2</Val>
</DBL>
<DBL>
<Name></Name>
<Val>5.95617066264044E-3</Val>
</DBL>
<DBL>
<Name></Name>
<Val>9.87107438742182E-2</Val>
</DBL>
<DBL>
<Name></Name>
<Val>9.71948726475456E-3</Val>
</DBL>
<DBL>
<Name></Name>
<Val>9.50654746443216E-2</Val>
</DBL>
<DBL>
<Name></Name>
<Val>5.66812304388435E-2</Val>
</DBL>
<DBL>
<Name></Name>
<Val>2.91722196944944E-2</Val>
</DBL>
<DBL>
<Name></Name>
<Val>0.35913224276254</Val>
</DBL>
<DBL>
<Name></Name>
<Val>0.27280566144657</Val>
</DBL>
<DBL>
<Name></Name>
<Val>4.62511081889953E-2</Val>
</DBL>
<DBL>
<Name></Name>
<Val>2.01344204970495E-2</Val>
</DBL>
<DBL>
<Name></Name>
<Val>6.01716650668525E-3</Val>
</DBL>
<DBL>
<Name></Name>
<Val>0.10013314487936</Val>
</DBL>
<DBL>
<Name></Name>
<Val>9.97064103868074E-3</Val>
</DBL>
<DBL>
<Name></Name>
<Val>9.79658181342287E-2</Val>
</DBL>
<DBL>
<Name></Name>
<Val>5.84175768513902E-2</Val>
</DBL>
<DBL>
<Name></Name>
<Val>2.89122174979312E-2</Val>
</DBL>
<DBL>
<Name></Name>
<Val>0.35593236757079</Val>
</DBL>
<DBL>
<Name></Name>
<Val>0.27044473375524</Val>
</DBL>
<DBL>
<Name></Name>
<Val>4.59024045456518E-2</Val>
</DBL>
<DBL>
<Name></Name>
<Val>1.99831516018000E-2</Val>
</DBL>
<DBL>
<Name></Name>
<Val>6.07695578886956E-3</Val>
</DBL>
<DBL>
<Name></Name>
<Val>0.10153233966590</Val>
</DBL>
<DBL>
<Name></Name>
<Val>1.02200158731494E-2</Val>
</DBL>
<DBL>
<Name></Name>
<Val>0.10085093431890</Val>
</DBL>
<DBL>
<Name></Name>
<Val>6.01448793817662E-2</Val>
</DBL>
<DBL>
<Name></Name>
<Val>2.86549515640880E-2</Val>
</DBL>
<DBL>
<Name></Name>
<Val>0.35276606213279</Val>
</DBL>
<DBL>
<Name></Name>
<Val>0.26810082076181</Val>
</DBL>
<DBL>
<Name></Name>
<Val>4.55519210388701E-2</Val>
</DBL>
<DBL>
<Name></Name>
<Val>1.98310777054445E-2</Val>
</DBL>
<DBL>
<Name></Name>
<Val>6.13561180222759E-3</Val>
</DBL>
<DBL>
<Name></Name>
<Val>0.10290947881135</Val>
</DBL>
<DBL>
<Name></Name>
<Val>1.04675794740306E-2</Val>
</DBL>
<DBL>
<Name></Name>
<Val>0.10371991168697</Val>
</DBL>
<DBL>
<Name></Name>
<Val>6.18625850224264E-2</Val>
</DBL>
<DBL>
<Name></Name>
<Val>2.84003467432517E-2</Val>
</DBL>
<DBL>
<Name></Name>
<Val>0.34963241562428</Val>
</DBL>
<DBL>
<Name></Name>
<Val>0.26577428037976</Val>
</DBL>
<DBL>
<Name></Name>
<Val>4.52002246570705E-2</Val>
</DBL>
<DBL>
<Name></Name>
<Val>1.96784486912824E-2</Val>
</DBL>
<DBL>
<Name></Name>
<Val>6.19320176983431E-3</Val>
</DBL>
<DBL>
<Name></Name>
<Val>0.10426562830784</Val>
</DBL>
<DBL>
<Name></Name>
<Val>1.07133047323072E-2</Val>
</DBL>
<DBL>
<Name></Name>
<Val>0.10657194442746</Val>
</DBL>
<DBL>
<Name></Name>
<Val>6.35702046669083E-2</Val>
</DBL>
<DBL>
<Name></Name>
<Val>2.81483348275022E-2</Val>
</DBL>
<DBL>
<Name></Name>
<Val>0.34653060086534</Val>
</DBL>
<DBL>
<Name></Name>
<Val>0.26346540119120</Val>
</DBL>
<DBL>
<Name></Name>
<Val>4.48478160576355E-2</Val>
</DBL>
<DBL>
<Name></Name>
<Val>1.95254852422571E-2</Val>
</DBL>
<DBL>
<Name></Name>
<Val>6.24978729446267E-3</Val>
</DBL>
<DBL>
<Name></Name>
<Val>0.10560177455724</Val>
</DBL>
<DBL>
<Name></Name>
<Val>1.09571692004067E-2</Val>
</DBL>
<DBL>
<Name></Name>
<Val>0.10940632321413</Val>
</DBL>
<DBL>
<Name></Name>
<Val>6.52673075498270E-2</Val>
</DBL>
<DBL>
<Name></Name>
<Val>2.78988536960764E-2</Val>
</DBL>
<DBL>
<Name></Name>
<Val>0.34345986403543</Val>
</DBL>
<DBL>
<Name></Name>
<Val>0.26117441192513</Val>
</DBL>
<DBL>
<Name></Name>
<Val>4.44951368155307E-2</Val>
</DBL>
<DBL>
<Name></Name>
<Val>1.93723820295848E-2</Val>
</DBL>
<DBL>
<Name></Name>
<Val>6.30542478732036E-3</Val>
</DBL>
<DBL>
<Name></Name>
<Val>0.10691882936191</Val>
</DBL>
<DBL>
<Name></Name>
<Val>1.11991546166537E-2</Val>
</DBL>
<DBL>
<Name></Name>
<Val>0.11222242664926</Val>
</DBL>
<DBL>
<Name></Name>
<Val>6.69535160830965E-2</Val>
</DBL>
<DBL>
<Name></Name>
<Val>2.76518465713526E-2</Val>
</DBL>
<DBL>
<Name></Name>
<Val>0.34041951571858</Val>
</DBL>
<DBL>
<Name></Name>
<Val>0.25890148962234</Val>
</DBL>
<DBL>
<Name></Name>
<Val>4.41425759126664E-2</Val>
</DBL>
<DBL>
<Name></Name>
<Val>1.92193105677715E-2</Val>
</DBL>
<DBL>
<Name></Name>
<Val>6.36016587450586E-3</Val>
</DBL>
<DBL>
<Name></Name>
<Val>0.10821763484454</Val>
</DBL>
<DBL>
<Name></Name>
<Val>1.14392464739433E-2</Val>
</DBL>
<DBL>
<Name></Name>
<Val>0.11501971334117</Val>
</DBL>
<DBL>
<Name></Name>
<Val>6.86285010731356E-2</Val>
</DBL>
<DBL>
<Name></Name>
<Val>2.74072613706513E-2</Val>
</DBL>
<DBL>
<Name></Name>
<Val>0.33740892310067</Val>
</DBL>
<DBL>
<Name></Name>
<Val>0.25664676667527</Val>
</DBL>
<DBL>
<Name></Name>
<Val>4.37904755418904E-2</Val>
</DBL>
<DBL>
<Name></Name>
<Val>1.90664217684157E-2</Val>
</DBL>
<DBL>
<Name></Name>
<Val>6.41405778042136E-3</Val>
</DBL>
<DBL>
<Name></Name>
<Val>0.10949896824539</Val>
</DBL>
<DBL>
<Name></Name>
<Val>1.16774336289676E-2</Val>
</DBL>
<DBL>
<Name></Name>
<Val>0.11779771458639</Val>
</DBL>
<DBL>
<Name></Name>
<Val>7.02919773019328E-2</Val>
</DBL>
<DBL>
<Name></Name>
<Val>2.71650501411007E-2</Val>
</DBL>
<DBL>
<Name></Name>
<Val>0.33442750316584</Val>
</DBL>
<DBL>
<Name></Name>
<Val>0.25441033690326</Val>
</DBL>
<DBL>
<Name></Name>
<Val>4.34391362933972E-2</Val>
</DBL>
<DBL>
<Name></Name>
<Val>1.89138482225300E-2</Val>
</DBL>
<DBL>
<Name></Name>
<Val>6.46714368786167E-3</Val>
</DBL>
<DBL>
<Name></Name>
<Val>0.11076354655815</Val>
</DBL>
<DBL>
<Name></Name>
<Val>1.19137079485578E-2</Val>
</DBL>
<DBL>
<Name></Name>
<Val>0.12055602762571</Val>
</DBL>
<DBL>
<Name></Name>
<Val>7.19436994535889E-2</Val>
</DBL>
<DBL>
<Name></Name>
<Val>2.69251685665713E-2</Val>
</DBL>
<DBL>
<Name></Name>
<Val>0.33147471675975</Val>
</DBL>
<DBL>
<Name></Name>
<Val>0.25219226079988</Val>
</DBL>
<DBL>
<Name></Name>
<Val>4.30888217855131E-2</Val>
</DBL>
<DBL>
<Name></Name>
<Val>1.87617062385732E-2</Val>
</DBL>
<DBL>
<Name></Name>
<Val>6.51946307488034E-3</Val>
</DBL>
<DBL>
<Name></Name>
<Val>0.11201203097574</Val>
</DBL>
<DBL>
<Name></Name>
<Val>1.21480639899414E-2</Val>
</DBL>
<DBL>
<Name></Name>
<Val>0.12329430944193</Val>
</DBL>
<DBL>
<Name></Name>
<Val>7.35834583672182E-2</Val>
</DBL>
<DBL>
<Name></Name>
<Val>2.66875755371908E-2</Val>
</DBL>
<DBL>
<Name></Name>
<Val>0.32855006340568</Val>
</DBL>
<DBL>
<Name></Name>
<Val>0.24999257006904</Val>
</DBL>
<DBL>
<Name></Name>
<Val>4.27397627963151E-2</Val>
</DBL>
<DBL>
<Name></Name>
<Val>1.86100976609768E-2</Val>
</DBL>
<DBL>
<Name></Name>
<Val>6.57105202883314E-3</Val>
</DBL>
<DBL>
<Name></Name>
<Val>0.11324503112639</Val>
</DBL>
<DBL>
<Name></Name>
<Val>1.23804987119342E-2</Val>
</DBL>
<DBL>
<Name></Name>
<Val>0.12601227106688</Val>
</DBL>
<DBL>
<Name></Name>
<Val>7.52110775967597E-2</Val>
</DBL>
<DBL>
<Name></Name>
<Val>2.64522327732413E-2</Val>
</DBL>
<DBL>
<Name></Name>
<Val>0.32565307677504</Val>
</DBL>
<DBL>
<Name></Name>
<Val>0.24781127154945</Val>
</DBL>
<DBL>
<Name></Name>
<Val>4.23921609473796E-2</Val>
</DBL>
<DBL>
<Name></Name>
<Val>1.84591114916922E-2</Val>
</DBL>
<DBL>
<Name></Name>
<Val>6.62194353822859E-3</Val>
</DBL>
<DBL>
<Name></Name>
<Val>0.11446310908721</Val>
</DBL>
<DBL>
<Name></Name>
<Val>1.26110112143111E-2</Val>
</DBL>
<DBL>
<Name></Name>
<Val>0.12870967236519</Val>
</DBL>
<DBL>
<Name></Name>
<Val>7.68264102582625E-2</Val>
</DBL>
<DBL>
<Name></Name>
<Val>2.62191044963534E-2</Val>
</DBL>
<DBL>
<Name></Name>
<Val>0.32278332072697</Val>
</DBL>
<DBL>
<Name></Name>
<Val>0.24564835061260</Val>
</DBL>
<DBL>
<Name></Name>
<Val>4.20461919861557E-2</Val>
</DBL>
<DBL>
<Name></Name>
<Val>1.83088253351810E-2</Val>
</DBL>
<DBL>
<Name></Name>
<Val>6.67216776318586E-3</Val>
</DBL>
<DBL>
<Name></Name>
<Val>0.11566678316841</Val>
</DBL>
<DBL>
<Name></Name>
<Val>1.28396025028083E-2</Val>
</DBL>
<DBL>
<Name></Name>
<Val>0.13138631726286</Val>
</DBL>
<DBL>
<Name></Name>
<Val>7.84293361454785E-2</Val>
</DBL>
<DBL>
<Name></Name>
<Val>2.59881571418619E-2</Val>
</DBL>
<DBL>
<Name></Name>
<Val>0.31994038584333</Val>
</DBL>
<DBL>
<Name></Name>
<Val>0.24350377410719</Val>
</DBL>
<DBL>
<Name></Name>
<Val>4.17020087090133E-2</Val>
</DBL>
<DBL>
<Name></Name>
<Val>1.81593066853255E-2</Val>
</DBL>
<DBL>
<Name></Name>
<Val>6.72175228542369E-3</Val>
</DBL>
<DBL>
<Name></Name>
<Val>0.11685653146581</Val>
</DBL>
<DBL>
<Name></Name>
<Val>1.30662752774088E-2</Val>
</DBL>
<DBL>
<Name></Name>
<Val>0.13404204938957</Val>
</DBL>
<DBL>
<Name></Name>
<Val>8.00197590950698E-2</Val>
</DBL>
<DBL>
<Name></Name>
<Val>2.57593591070122E-2</Val>
</DBL>
<DBL>
<Name></Name>
<Val>0.31712388639530</Val>
</DBL>
<DBL>
<Name></Name>
<Val>0.24137749291232</Val>
</DBL>
<DBL>
<Name></Name>
<Val>4.13597435629197E-2</Val>
</DBL>
<DBL>
<Name></Name>
<Val>1.80106140709380E-2</Val>
</DBL>
<DBL>
<Name></Name>
<Val>6.77072233878756E-3</Val>
</DBL>
<DBL>
<Name></Name>
<Val>0.11803279518306</Val>
</DBL>
<DBL>
<Name></Name>
<Val>1.32910337417547E-2</Val>
</DBL>
<DBL>
<Name></Name>
<Val>0.13667674810454</Val>
</DBL>
<DBL>
<Name></Name>
<Val>8.15976045833662E-2</Val>
</DBL>
<DBL>
<Name></Name>
<Val>2.55326805304132E-2</Val>
</DBL>
<DBL>
<Name></Name>
<Val>0.31433345768604</Val>
</DBL>
<DBL>
<Name></Name>
<Val>0.23926944415309</Val>
</DBL>
<DBL>
<Name></Name>
<Val>4.10195109599437E-2</Val>
</DBL>
<DBL>
<Name></Name>
<Val>1.78627980749020E-2</Val>
</DBL>
<DBL>
<Name></Name>
<Val>6.81910102137332E-3</Val>
</DBL>
<DBL>
<Name></Name>
<Val>0.11919598172797</Val>
</DBL>
<DBL>
<Name></Name>
<Val>1.35138834317077E-2</Val>
</DBL>
<DBL>
<Name></Name>
<Val>0.13929032487722</Val>
</DBL>
<DBL>
<Name></Name>
<Val>8.31628175373502E-2</Val>
</DBL>
<DBL>
<Name></Name>
<Val>2.53080930987407E-2</Val>
</DBL>
<DBL>
<Name></Name>
<Val>0.31156875372143</Val>
</DBL>
<DBL>
<Name></Name>
<Val>0.23717955312445</Val>
</DBL>
<DBL>
<Name></Name>
<Val>4.06814093353540E-2</Val>
</DBL>
<DBL>
<Name></Name>
<Val>1.77159022404720E-2</Val>
</DBL>
<DBL>
<Name></Name>
<Val>6.86690949033140E-3</Val>
</DBL>
<DBL>
<Name></Name>
<Val>0.12034646758920</Val>
</DBL>
<DBL>
<Name></Name>
<Val>1.37348310612443E-2</Val>
</DBL>
<DBL>
<Name></Name>
<Val>0.14188271999542</Val>
</DBL>
<DBL>
<Name></Name>
<Val>8.47153603433609E-2</Val>
</DBL>
<DBL>
<Name></Name>
<Val>2.50855698772231E-2</Val>
</DBL>
<DBL>
<Name></Name>
<Val>0.30882944516728</Val>
</DBL>
<DBL>
<Name></Name>
<Val>0.23510773496287</Val>
</DBL>
<DBL>
<Name></Name>
<Val>4.03455229769469E-2</Val>
</DBL>
<DBL>
<Name></Name>
<Val>1.75699638768838E-2</Val>
</DBL>
<DBL>
<Name></Name>
<Val>6.91416714044010E-3</Val>
</DBL>
<DBL>
<Name></Name>
<Val>0.12148460100169</Val>
</DBL>
<DBL>
<Name></Name>
<Val>1.39538843840328E-2</Val>
</DBL>
<DBL>
<Name></Name>
<Val>0.14445389957475</Val>
</DBL>
<DBL>
<Name></Name>
<Val>8.62552110378816E-2</Val>
</DBL>
<DBL>
<Name></Name>
<Val>2.48650851608952E-2</Val>
</DBL>
<DBL>
<Name></Name>
<Val>0.30611521755650</Val>
</DBL>
<DBL>
<Name></Name>
<Val>0.23305389609957</Val>
</DBL>
<DBL>
<Name></Name>
<Val>4.00119236504043E-2</Val>
</DBL>
<DBL>
<Name></Name>
<Val>1.74250147751825E-2</Val>
</DBL>
<DBL>
<Name></Name>
<Val>6.96089176752494E-3</Val>
</DBL>
<DBL>
<Name></Name>
<Val>0.12261070440990</Val>
</DBL>
<DBL>
<Name></Name>
<Val>1.41710520691792E-2</Val>
</DBL>
<DBL>
<Name></Name>
<Val>0.14700385284517</Val>
</DBL>
<DBL>
<Name></Name>
<Val>8.77823616656668E-2</Val>
</DBL>
<DBL>
<Name></Name>
<Val>2.46466143439992E-2</Val>
</DBL>
<DBL>
<Name></Name>
<Val>0.30342576971495</Val>
</DBL>
<DBL>
<Name></Name>
<Val>0.23101793552481</Val>
</DBL>
<DBL>
<Name></Name>
<Val>3.96806720428984E-2</Val>
</DBL>
<DBL>
<Name></Name>
<Val>1.72810818440410E-2</Val>
</DBL>
<DBL>
<Name></Name>
<Val>7.00709971777710E-3</Val>
</DBL>
<DBL>
<Name></Name>
<Val>0.12372507673901</Val>
</DBL>
<DBL>
<Name></Name>
<Val>1.43863435897665E-2</Val>
</DBL>
<DBL>
<Name></Name>
<Val>0.14953258969138</Val>
</DBL>
<DBL>
<Name></Name>
<Val>8.92968167913716E-2</Val>
</DBL>
<DBL>
<Name></Name>
<Val>2.44301338052518E-2</Val>
</DBL>
<DBL>
<Name></Name>
<Val>0.30076081237828</Val>
</DBL>
<DBL>
<Name></Name>
<Val>0.22899974588809</Val>
</DBL>
<DBL>
<Name></Name>
<Val>3.93518190448389E-2</Val>
</DBL>
<DBL>
<Name></Name>
<Val>1.71381876743203E-2</Val>
</DBL>
<DBL>
<Name></Name>
<Val>7.05280602399013E-3</Val>
</DBL>
<DBL>
<Name></Name>
<Val>0.12482799548470</Val>
</DBL>
<DBL>
<Name></Name>
<Val>1.45997691229367E-2</Val>
</DBL>
<DBL>
<Name></Name>
<Val>0.15204013842584</Val>
</DBL>
<DBL>
<Name></Name>
<Val>9.07985921517460E-2</Val>
</DBL>
<DBL>
<Name></Name>
<Val>2.42156208069908E-2</Val>
</DBL>
<DBL>
<Name></Name>
<Val>0.29812006697606</Val>
</DBL>
<DBL>
<Name></Name>
<Val>0.22699921445626</Val>
</DBL>
<DBL>
<Name></Name>
<Val>3.90254068875511E-2</Val>
</DBL>
<DBL>
<Name></Name>
<Val>1.69963510401999E-2</Val>
</DBL>
<DBL>
<Name></Name>
<Val>7.09802452969355E-3</Val>
</DBL>
<DBL>
<Name></Name>
<Val>0.12591971863213</Val>
</DBL>
<DBL>
<Name></Name>
<Val>1.48113394603761E-2</Val>
</DBL>
<DBL>
<Name></Name>
<Val>0.15452654377440</Val>
</DBL>
<DBL>
<Name></Name>
<Val>9.22877134363361E-2</Val>
</DBL>
<DBL>
<Name></Name>
<Val>2.40030534064705E-2</Val>
</DBL>
<DBL>
<Name></Name>
<Val>0.29550326456219</Val>
</DBL>
<DBL>
<Name></Name>
<Val>0.22501622394801</Val>
</DBL>
<DBL>
<Name></Name>
<Val>3.87014701527819E-2</Val>
</DBL>
<DBL>
<Name></Name>
<Val>1.68555873438715E-2</Val>
</DBL>
<DBL>
<Name></Name>
<Val>7.14276800211658E-3</Val>
</DBL>
<DBL>
<Name></Name>
<Val>0.12700048641509</Val>
</DBL>
<DBL>
<Name></Name>
<Val>1.50210659281727E-2</Val>
</DBL>
<DBL>
<Name></Name>
<Val>0.15699186505579</Val>
</DBL>
<DBL>
<Name></Name>
<Val>9.37642151854951E-2</Val>
</DBL>
<DBL>
<Name></Name>
<Val>2.37924103777957E-2</Val>
</DBL>
<DBL>
<Name></Name>
<Val>0.29291014487356</Val>
</DBL>
<DBL>
<Name></Name>
<Val>0.22305065326117</Val>
</DBL>
<DBL>
<Name></Name>
<Val>3.83800366682265E-2</Val>
</DBL>
<DBL>
<Name></Name>
<Val>1.67159090100437E-2</Val>
</DBL>
<DBL>
<Name></Name>
<Val>7.18704823486655E-3</Val>
</DBL>
<DBL>
<Name></Name>
<Val>0.12807052292581</Val>
</DBL>
<DBL>
<Name></Name>
<Val>1.52289603151098E-2</Val>
</DBL>
<DBL>
<Name></Name>
<Val>0.15943617453809</Val>
</DBL>
<DBL>
<Name></Name>
<Val>9.52281397953306E-2</Val>
</DBL>
<DBL>
<Name></Name>
<Val>2.35836711431771E-2</Val>
</DBL>
<DBL>
<Name></Name>
<Val>0.29034045550094</Val>
</DBL>
<DBL>
<Name></Name>
<Val>0.22110237810659</Val>
</DBL>
<DBL>
<Name></Name>
<Val>3.80611283017374E-2</Val>
</DBL>
<DBL>
<Name></Name>
<Val>1.65773258358291E-2</Val>
</DBL>
<DBL>
<Name></Name>
<Val>7.23087614115613E-3</Val>
</DBL>
<DBL>
<Name></Name>
<Val>0.12913003758600</Val>
</DBL>
<DBL>
<Name></Name>
<Val>1.54350348085488E-2</Val>
</DBL>
<DBL>
<Name></Name>
<Val>0.16185955595602</Val>
</DBL>
<DBL>
<Name></Name>
<Val>9.66795366200034E-2</Val>
</DBL>
<DBL>
<Name></Name>
<Val>2.33768157123587E-2</Val>
</DBL>
<DBL>
<Name></Name>
<Val>0.28779395115843</Val>
</DBL>
<DBL>
<Name></Name>
<Val>0.21917127156089</Val>
</DBL>
<DBL>
<Name></Name>
<Val>3.77447616655061E-2</Val>
</DBL>
<DBL>
<Name></Name>
<Val>1.64398453009837E-2</Val>
</DBL>
<DBL>
<Name></Name>
<Val>7.27426183836241E-3</Val>
</DBL>
<DBL>
<Name></Name>
<Val>0.13017922648912</Val>
</DBL>
<DBL>
<Name></Name>
<Val>1.56393019371345E-2</Val>
</DBL>
<DBL>
<Name></Name>
<Val>0.16426210317468</Val>
</DBL>
<DBL>
<Name></Name>
<Val>9.81184611625442E-2</Val>
</DBL>
<DBL>
<Name></Name>
<Val>2.31718246292106E-2</Val>
</DBL>
<DBL>
<Name></Name>
<Val>0.28527039303920</Val>
</DBL>
<DBL>
<Name></Name>
<Val>0.21725720454847</Val>
</DBL>
<DBL>
<Name></Name>
<Val>3.74309487402776E-2</Val>
</DBL>
<DBL>
<Name></Name>
<Val>1.63034728429271E-2</Val>
</DBL>
<DBL>
<Name></Name>
<Val>7.31721472465008E-3</Val>
</DBL>
<DBL>
<Name></Name>
<Val>0.13121827362353</Val>
</DBL>
<DBL>
<Name></Name>
<Val>1.58417745196296E-2</Val>
</DBL>
<DBL>
<Name></Name>
<Val>0.16664391898604</Val>
</DBL>
<DBL>
<Name></Name>
<Val>9.95449743460620E-2</Val>
</DBL>
<DBL>
<Name></Name>
<Val>2.29686789246102E-2</Val>
</DBL>
<DBL>
<Name></Name>
<Val>0.28276954824708</Val>
</DBL>
<DBL>
<Name></Name>
<Val>0.21536004626192</Val>
</DBL>
<DBL>
<Name></Name>
<Val>3.71196974285524E-2</Val>
</DBL>
<DBL>
<Name></Name>
<Val>1.61682121004861E-2</Val>
</DBL>
<DBL>
<Name></Name>
<Val>7.35974354834088E-3</Val>
</DBL>
<DBL>
<Name></Name>
<Val>0.13224735198579</Val>
</DBL>
<DBL>
<Name></Name>
<Val>1.60424656192544E-2</Val>
</DBL>
<DBL>
<Name></Name>
<Val>0.16900511402609</Val>
</DBL>
<DBL>
<Name></Name>
<Val>0.10095914185789</Val>
</DBL>
<DBL>
<Name></Name>
<Val>2.27673600748432E-2</Val>
</DBL>
<DBL>
<Name></Name>
<Val>0.28029118929457</Val>
</DBL>
<DBL>
<Name></Name>
<Val>0.21347966452872</Val>
</DBL>
<DBL>
<Name></Name>
<Val>3.68110120447535E-2</Val>
</DBL>
<DBL>
<Name></Name>
<Val>1.60340651298731E-2</Val>
</DBL>
<DBL>
<Name></Name>
<Val>7.40185647066288E-3</Val>
</DBL>
<DBL>
<Name></Name>
<Val>0.13326662459274</Val>
</DBL>
<DBL>
<Name></Name>
<Val>1.62413885029650E-2</Val>
</DBL>
<DBL>
<Name></Name>
<Val>0.17134580580107</Val>
</DBL>
<DBL>
<Name></Name>
<Val>0.10236103355980</Val>
</DBL>
<DBL>
<Name></Name>
<Val>2.25678499648504E-2</Val>
</DBL>
<DBL>
<Name></Name>
<Val>0.27783509365940</Val>
</DBL>
<DBL>
<Name></Name>
<Val>0.21161592613104</Val>
</DBL>
<DBL>
<Name></Name>
<Val>3.65048937494485E-2</Val>
</DBL>
<DBL>
<Name></Name>
<Val>1.59010325960214E-2</Val>
</DBL>
<DBL>
<Name></Name>
<Val>7.44356112246632E-3</Val>
</DBL>
<DBL>
<Name></Name>
<Val>0.13427624540071</Val>
</DBL>
<DBL>
<Name></Name>
<Val>1.64385566051641E-2</Val>
</DBL>
<DBL>
<Name></Name>
<Val>0.17366611781275</Val>
</DBL>
<DBL>
<Name></Name>
<Val>0.10375072295814</Val>
</DBL>
<DBL>
<Name></Name>
<Val>2.23701308557339E-2</Val>
</DBL>
<DBL>
<Name></Name>
<Val>0.27540104339236</Val>
</DBL>
<DBL>
<Name></Name>
<Val>0.20976869708470</Val>
</DBL>
<DBL>
<Name></Name>
<Val>3.62013409339350E-2</Val>
</DBL>
<DBL>
<Name></Name>
<Val>1.57691139420561E-2</Val>
</DBL>
<DBL>
<Name></Name>
<Val>7.48486465544793E-3</Val>
</DBL>
<DBL>
<Name></Name>
<Val>0.13527636013943</Val>
</DBL>
<DBL>
<Name></Name>
<Val>1.66339834953833E-2</Val>
</DBL>
<DBL>
<Name></Name>
<Val>0.17596617877296</Val>
</DBL>
<DBL>
<Name></Name>
<Val>0.10512828672799</Val>
</DBL>
<DBL>
<Name></Name>
<Val>2.21741853560049E-2</Val>
</DBL>
<DBL>
<Name></Name>
<Val>0.27298882477020</Val>
</DBL>
<DBL>
<Name></Name>
<Val>0.20793784288229</Val>
</DBL>
<DBL>
<Name></Name>
<Val>3.59003495607977E-2</Val>
</DBL>
<DBL>
<Name></Name>
<Val>1.56383075393682E-2</Val>
</DBL>
<DBL>
<Name></Name>
<Val>7.52577378838328E-3</Val>
</DBL>
<DBL>
<Name></Name>
<Val>0.13626710706796</Val>
</DBL>
<DBL>
<Name></Name>
<Val>1.68276828495252E-2</Val>
</DBL>
<DBL>
<Name></Name>
<Val>0.17824612189913</Val>
</DBL>
<DBL>
<Name></Name>
<Val>0.10649380428634</Val>
</DBL>
<DBL>
<Name></Name>
<Val>2.19799963961222E-2</Val>
</DBL>
<DBL>
<Name></Name>
<Val>0.27059822798832</Val>
</DBL>
<DBL>
<Name></Name>
<Val>0.20612322870518</Val>
</DBL>
<DBL>
<Name></Name>
<Val>3.56019134654166E-2</Val>
</DBL>
<DBL>
<Name></Name>
<Val>1.55086108204866E-2</Val>
</DBL>
<DBL>
<Name></Name>
<Val>7.56629484882603E-3</Val>
</DBL>
<DBL>
<Name></Name>
<Val>0.13724861765930</Val>
</DBL>
<DBL>
<Name></Name>
<Val>1.70196684242948E-2</Val>
</DBL>
<DBL>
<Name></Name>
<Val>0.18050608428264</Val>
</DBL>
<DBL>
<Name></Name>
<Val>0.10784735740942</Val>
</DBL>
<DBL>
<Name></Name>
<Val>2.17875472059243E-2</Val>
</DBL>
<DBL>
<Name></Name>
<Val>0.26822904688822</Val>
</DBL>
<DBL>
<Name></Name>
<Val>0.20432471960816</Val>
</DBL>
<DBL>
<Name></Name>
<Val>3.53060246228535E-2</Val>
</DBL>
<DBL>
<Name></Name>
<Val>1.53800203966971E-2</Val>
</DBL>
<DBL>
<Name></Name>
<Val>7.60643381069582E-3</Val>
</DBL>
<DBL>
<Name></Name>
<Val>0.13822101721996</Val>
</DBL>
<DBL>
<Name></Name>
<Val>1.72099540344847E-2</Val>
</DBL>
<DBL>
<Name></Name>
<Val>0.18274620632315</Val>
</DBL>
<DBL>
<Name></Name>
<Val>0.10918902988985</Val>
</DBL>
<DBL>
<Name></Name>
<Val>2.15968212946084E-2</Val>
</DBL>
<DBL>
<Name></Name>
<Val>0.26588107871577</Val>
</DBL>
<DBL>
<Name></Name>
<Val>0.20254218068022</Val>
</DBL>
<DBL>
<Name></Name>
<Val>3.50126733840454E-2</Val>
</DBL>
<DBL>
<Name></Name>
<Val>1.52525321621387E-2</Val>
</DBL>
<DBL>
<Name></Name>
<Val>7.64619632814059E-3</Val>
</DBL>
<DBL>
<Name></Name>
<Val>0.13918442545021</Val>
</DBL>
<DBL>
<Name></Name>
<Val>1.73985535328156E-2</Val>
</DBL>
<DBL>
<Name></Name>
<Val>0.18496663122220</Val>
</DBL>
<DBL>
<Name></Name>
<Val>0.11051890722984</Val>
</DBL>
<DBL>
<Name></Name>
<Val>2.14078024329498E-2</Val>
</DBL>
<DBL>
<Name></Name>
<Val>0.26355412390642</Val>
</DBL>
<DBL>
<Name></Name>
<Val>0.20077547718446</Val>
</DBL>
<DBL>
<Name></Name>
<Val>3.47218486847925E-2</Val>
</DBL>
<DBL>
<Name></Name>
<Val>1.51261413859131E-2</Val>
</DBL>
<DBL>
<Name></Name>
<Val>7.68558776602619E-3</Val>
</DBL>
<DBL>
<Name></Name>
<Val>0.14013895695037</Val>
</DBL>
<DBL>
<Name></Name>
<Val>1.75854807920615E-2</Val>
</DBL>
<DBL>
<Name></Name>
<Val>0.18716750453034</Val>
</DBL>
<DBL>
<Name></Name>
<Val>0.11183707636667</Val>
</DBL>
<DBL>
<Name></Name>
<Val>2.12204746374949E-2</Val>
</DBL>
<DBL>
<Name></Name>
<Val>0.26124798589422</Val>
</DBL>
<DBL>
<Name></Name>
<Val>0.19902447467965</Val>
</DBL>
<DBL>
<Name></Name>
<Val>3.44335382306374E-2</Val>
</DBL>
<DBL>
<Name></Name>
<Val>1.50008427935723E-2</Val>
</DBL>
<DBL>
<Name></Name>
<Val>7.72461322737582E-3</Val>
</DBL>
<DBL>
<Name></Name>
<Val>0.14108472167802</Val>
</DBL>
<DBL>
<Name></Name>
<Val>1.77707496892182E-2</Val>
</DBL>
<DBL>
<Name></Name>
<Val>0.18934897374243</Val>
</DBL>
<DBL>
<Name></Name>
<Val>0.11314362542737</Val>
</DBL>
<DBL>
<Name></Name>
<Val>2.10348221564922E-2</Val>
</DBL>
<DBL>
<Name></Name>
<Val>0.25896247094188</Val>
</DBL>
<DBL>
<Name></Name>
<Val>0.19728903912585</Val>
</DBL>
<DBL>
<Name></Name>
<Val>3.41477286603820E-2</Val>
</DBL>
<DBL>
<Name></Name>
<Val>1.48766306391923E-2</Val>
</DBL>
<DBL>
<Name></Name>
<Val>7.76327757805273E-3</Val>
</DBL>
<DBL>
<Name></Name>
<Val>0.14202182536075</Val>
</DBL>
<DBL>
<Name></Name>
<Val>1.79543740914979E-2</Val>
</DBL>
<DBL>
<Name></Name>
<Val>0.19151118793622</Val>
</DBL>
<DBL>
<Name></Name>
<Val>0.11443864350969</Val>
</DBL>
<DBL>
<Name></Name>
<Val>2.08508294573546E-2</Val>
</DBL>
<DBL>
<Name></Name>
<Val>0.25669738798917</Val>
</DBL>
<DBL>
<Name></Name>
<Val>0.19556903697588</Val>
</DBL>
<DBL>
<Name></Name>
<Val>3.38644056906773E-2</Val>
</DBL>
<DBL>
<Name></Name>
<Val>1.47534987691084E-2</Val>
</DBL>
<DBL>
<Name></Name>
<Val>7.80158546895402E-3</Val>
</DBL>
<DBL>
<Name></Name>
<Val>0.14295036986839</Val>
</DBL>
<DBL>
<Name></Name>
<Val>1.81363678439557E-2</Val>
</DBL>
<DBL>
<Name></Name>
<Val>0.19365429744990</Val>
</DBL>
<DBL>
<Name></Name>
<Val>0.11572222048661</Val>
</DBL>
<DBL>
<Name></Name>
<Val>2.06684812154713E-2</Val>
</DBL>
<DBL>
<Name></Name>
<Val>0.25445254851770</Val>
</DBL>
<DBL>
<Name></Name>
<Val>0.19386433525466</Val>
</DBL>
<DBL>
<Name></Name>
<Val>3.35835542438486E-2</Val>
</DBL>
<DBL>
<Name></Name>
<Val>1.46314406782619E-2</Val>
</DBL>
<DBL>
<Name></Name>
<Val>7.83954135595841E-3</Val>
</DBL>
<DBL>
<Name></Name>
<Val>0.14387045354879</Val>
</DBL>
<DBL>
<Name></Name>
<Val>1.83167447585732E-2</Val>
</DBL>
<DBL>
<Name></Name>
<Val>0.19577845359471</Val>
</DBL>
<DBL>
<Name></Name>
<Val>0.11699444683202</Val>
</DBL>
<DBL>
<Name></Name>
<Val>2.04877623042096E-2</Val>
</DBL>
<DBL>
<Name></Name>
<Val>0.25222776643003</Val>
</DBL>
<DBL>
<Name></Name>
<Val>0.19217480162759</Val>
</DBL>
<DBL>
<Name></Name>
<Val>3.33051585608701E-2</Val>
</DBL>
<DBL>
<Name></Name>
<Val>1.45104495600033E-2</Val>
</DBL>
<DBL>
<Name></Name>
<Val>7.87714951784918E-3</Val>
</DBL>
<DBL>
<Name></Name>
<Val>0.14478217153028</Val>
</DBL>
<DBL>
<Name></Name>
<Val>1.84955186046424E-2</Val>
</DBL>
<DBL>
<Name></Name>
<Val>0.19788380839893</Val>
</DBL>
<DBL>
<Name></Name>
<Val>0.11825541346560</Val>
</DBL>
<DBL>
<Name></Name>
<Val>2.03086577859663E-2</Val>
</DBL>
<DBL>
<Name></Name>
<Val>0.25002285794140</Val>
</DBL>
<DBL>
<Name></Name>
<Val>0.19050030445958</Val>
</DBL>
<DBL>
<Name></Name>
<Val>3.30292023011895E-2</Val>
</DBL>
<DBL>
<Name></Name>
<Val>1.43905183501002E-2</Val>
</DBL>
<DBL>
<Name></Name>
<Val>7.91441407241249E-3</Val>
</DBL>
<DBL>
<Name></Name>
<Val>0.14568561599434</Val>
</DBL>
<DBL>
<Name></Name>
<Val>1.86727031003110E-2</Val>
</DBL>
<DBL>
<Name></Name>
<Val>0.19997051438012</Val>
</DBL>
<DBL>
<Name></Name>
<Val>0.11950521161459</Val>
</DBL>
<DBL>
<Name></Name>
<Val>2.01311529041451E-2</Val>
</DBL>
<DBL>
<Name></Name>
<Val>0.24783764148267</Val>
</DBL>
<DBL>
<Name></Name>
<Val>0.18884071286578</Val>
</DBL>
<DBL>
<Name></Name>
<Val>3.27556686309057E-2</Val>
</DBL>
<DBL>
<Name></Name>
<Val>1.42716397656131E-2</Val>
</DBL>
<DBL>
<Name></Name>
<Val>7.95133899089277E-3</Val>
</DBL>
<DBL>
<Name></Name>
<Val>0.14658087642107</Val>
</DBL>
<DBL>
<Name></Name>
<Val>1.88483119051630E-2</Val>
</DBL>
<DBL>
<Name></Name>
<Val>0.20203872434269</Val>
</DBL>
<DBL>
<Name></Name>
<Val>0.12074393269108</Val>
</DBL>
<DBL>
<Name></Name>
<Val>1.99552330759511E-2</Val>
</DBL>
<DBL>
<Name></Name>
<Val>0.24567193761313</Val>
</DBL>
<DBL>
<Name></Name>
<Val>0.18719589675501</Val>
</DBL>
<DBL>
<Name></Name>
<Val>3.24845403006359E-2</Val>
</DBL>
<DBL>
<Name></Name>
<Val>1.41538063392271E-2</Val>
</DBL>
<DBL>
<Name></Name>
<Val>7.98792811096960E-3</Val>
</DBL>
<DBL>
<Name></Name>
<Val>0.14746803981021</Val>
</DBL>
<DBL>
<Name></Name>
<Val>1.90223586137227E-2</Val>
</DBL>
<DBL>
<Name></Name>
<Val>0.20408859119816</Val>
</DBL>
<DBL>
<Name></Name>
<Val>0.12197166818298</Val>
</DBL>
<DBL>
<Name></Name>
<Val>1.97808838859069E-2</Val>
</DBL>
<DBL>
<Name></Name>
<Val>0.24352556894198</Val>
</DBL>
<DBL>
<Name></Name>
<Val>0.18556572686684</Val>
</DBL>
<DBL>
<Name></Name>
<Val>3.22157997142529E-2</Val>
</DBL>
<DBL>
<Name></Name>
<Val>1.40370104495594E-2</Val>
</DBL>
<DBL>
<Name></Name>
<Val>8.02418514840487E-3</Val>
</DBL>
<DBL>
<Name></Name>
<Val>0.14834719088017</Val>
</DBL>
<DBL>
<Name></Name>
<Val>1.91948567497822E-2</Val>
</DBL>
<DBL>
<Name></Name>
<Val>0.20612026780582</Val>
</DBL>
<DBL>
<Name></Name>
<Val>0.12318850955728</Val>
</DBL>
<DBL>
<Name></Name>
<Val>1.96080910800059E-2</Val>
</DBL>
<DBL>
<Name></Name>
<Val>0.24139836005750</Val>
</DBL>
<DBL>
<Name></Name>
<Val>0.18395007480305</Val>
</DBL>
<DBL>
<Name></Name>
<Val>3.19494289895409E-2</Val>
</DBL>
<DBL>
<Name></Name>
<Val>1.39212443479063E-2</Val>
</DBL>
<DBL>
<Name></Name>
<Val>8.06011370749457E-3</Val>
</DBL>
<DBL>
<Name></Name>
<Val>0.14921841224707</Val>
</DBL>
<DBL>
<Name></Name>
<Val>1.93658197614610E-2</Val>
</DBL>
<DBL>
<Name></Name>
<Val>0.20813390683150</Val>
</DBL>
<DBL>
<Name></Name>
<Val>0.12439454817447</Val>
</DBL>
<DBL>
<Name></Name>
<Val>1.94368405604290E-2</Val>
</DBL>
<DBL>
<Name></Name>
<Val>0.23929013746306</Val>
</DBL>
<DBL>
<Name></Name>
<Val>0.18234881305415</Val>
</DBL>
<DBL>
<Name></Name>
<Val>3.16854100116974E-2</Val>
</DBL>
<DBL>
<Name></Name>
<Val>1.38065001818364E-2</Val>
</DBL>
<DBL>
<Name></Name>
<Val>8.09571729044672E-3</Val>
</DBL>
<DBL>
<Name></Name>
<Val>0.15008178458591</Val>
</DBL>
<DBL>
<Name></Name>
<Val>1.95352610169205E-2</Val>
</DBL>
<DBL>
<Name></Name>
<Val>0.21012966062282</Val>
</DBL>
<DBL>
<Name></Name>
<Val>0.12558987521273</Val>
</DBL>
<DBL>
<Name></Name>
<Val>1.92671183807583E-2</Val>
</DBL>
<DBL>
<Name></Name>
<Val>0.23720072951910</Val>
</DBL>
<DBL>
<Name></Name>
<Val>0.18076181502168</Val>
</DBL>
<DBL>
<Name></Name>
<Val>3.14237244805036E-2</Val>
</DBL>
<DBL>
<Name></Name>
<Val>1.36927700159927E-2</Val>
</DBL>
<DBL>
<Name></Name>
<Val>8.13099930579485E-3</Val>
</DBL>
<DBL>
<Name></Name>
<Val>0.15093738677555</Val>
</DBL>
<DBL>
<Name></Name>
<Val>1.97031938006589E-2</Val>
</DBL>
<DBL>
<Name></Name>
<Val>0.21210768109892</Val>
</DBL>
<DBL>
<Name></Name>
<Val>0.12677458160105</Val>
</DBL>
<DBL>
<Name></Name>
<Val>1.90989107416319E-2</Val>
</DBL>
<DBL>
<Name></Name>
<Val>0.23512996639038</Val>
</DBL>
<DBL>
<Name></Name>
<Val>0.17918895503665</Val>
</DBL>
<DBL>
<Name></Name>
<Val>3.11643539518904E-2</Val>
</DBL>
<DBL>
<Name></Name>
<Val>1.35800458504264E-2</Val>
</DBL>
<DBL>
<Name></Name>
<Val>8.16596307594591E-3</Val>
</DBL>
<DBL>
<Name></Name>
<Val>0.15178529602919</Val>
</DBL>
<DBL>
<Name></Name>
<Val>1.98696313103236E-2</Val>
</DBL>
<DBL>
<Name></Name>
<Val>0.21406811965332</Val>
</DBL>
<DBL>
<Name></Name>
<Val>0.12794875796024</Val>
</DBL>
<DBL>
<Name></Name>
<Val>1.89322039867872E-2</Val>
</DBL>
<DBL>
<Name></Name>
<Val>0.23307767999807</Val>
</DBL>
<DBL>
<Name></Name>
<Val>0.17763010837468</Val>
</DBL>
<DBL>
<Name></Name>
<Val>3.09072798745456E-2</Val>
</DBL>
<DBL>
<Name></Name>
<Val>1.34683196367431E-2</Val>
</DBL>
<DBL>
<Name></Name>
<Val>8.20061184395155E-3</Val>
</DBL>
<DBL>
<Name></Name>
<Val>0.15262558801176</Val>
</DBL>
<DBL>
<Name></Name>
<Val>2.00345866539846E-2</Val>
</DBL>
<DBL>
<Name></Name>
<Val>0.21601112706846</Val>
</DBL>
<DBL>
<Name></Name>
<Val>0.12911249455102</Val>
</DBL>
</Array>
<Array>
<Name>StateAdjacencyMatrix</Name>
<Dimsize>10</Dimsize>
<Dimsize>10</Dimsize>
<String>
<Name></Name>
<Val>@</Val>
</String>
<String>
<Name></Name>
<Val>C</Val>
</String>
<String>
<Name></Name>
<Val>@</Val>
</String>
<String>
<Name></Name>
<Val>@</Val>
</String>
<String>
<Name></Name>
<Val>@</Val>
</String>
<String>
<Name></Name>
<Val>@</Val>
</String>
<String>
<Name></Name>
<Val>@</Val>
</String>
<String>
<Name></Name>
<Val>@</Val>
</String>
<String>
<Name></Name>
<Val>@</Val>
</String>
<String>
<Name></Name>
<Val>@</Val>
</String>
<String>
<Name></Name>
<Val>K</Val>
</String>
<String>
<Name></Name>
<Val>@</Val>
</String>
<String>
<Name></Name>
<Val>H</Val>
</String>
<String>
<Name></Name>
<Val>@</Val>
</String>
<String>
<Name></Name>
<Val>@</Val>
</String>
<String>
<Name></Name>
<Val>@</Val>
</String>
<String>
<Name></Name>
<Val>@</Val>
</String>
<String>
<Name></Name>
<Val>@</Val>
</String>
<String>
<Name></Name>
<Val>@</Val>
</String>
<String>
<Name></Name>
<Val>@</Val>
</String>
<String>
<Name></Name>
<Val>@</Val>
</String>
<String>
<Name></Name>
<Val>G</Val>
</String>
<String>
<Name></Name>
<Val>@</Val>
</String>
<String>
<Name></Name>
<Val>E</Val>
</String>
<String>
<Name></Name>
<Val>@</Val>
</String>
<String>
<Name></Name>
<Val>@</Val>
</String>
<String>
<Name></Name>
<Val>@</Val>
</String>
<String>
<Name></Name>
<Val>@</Val>
</String>
<String>
<Name></Name>
<Val>@</Val>
</String>
<String>
<Name></Name>
<Val>@</Val>
</String>
<String>
<Name></Name>
<Val>@</Val>
</String>
<String>
<Name></Name>
<Val>@</Val>
</String>
<String>
<Name></Name>
<Val>O</Val>
</String>
<String>
<Name></Name>
<Val>@</Val>
</String>
<String>
<Name></Name>
<Val>M</Val>
</String>
<String>
<Name></Name>
<Val>@</Val>
</String>
<String>
<Name></Name>
<Val>@</Val>
</String>
<String>
<Name></Name>
<Val>@</Val>
</String>
<String>
<Name></Name>
<Val>@</Val>
</String>
<String>
<Name></Name>
<Val>@</Val>
</String>
<String>
<Name></Name>
<Val>@</Val>
</String>
<String>
<Name></Name>
<Val>@</Val>
</String>
<String>
<Name></Name>
<Val>@</Val>
</String>
<String>
<Name></Name>
<Val>L</Val>
</String>
<String>
<Name></Name>
<Val>@</Val>
</String>
<String>
<Name></Name>
<Val>A</Val>
</String>
<String>
<Name></Name>
<Val>@</Val>
</String>
<String>
<Name></Name>
<Val>@</Val>
</String>
<String>
<Name></Name>
<Val>@</Val>
</String>
<String>
<Name></Name>
<Val>@</Val>
</String>
<String>
<Name></Name>
<Val>@</Val>
</String>
<String>
<Name></Name>
<Val>@</Val>
</String>
<String>
<Name></Name>
<Val>@</Val>
</String>
<String>
<Name></Name>
<Val>@</Val>
</String>
<String>
<Name></Name>
<Val>N</Val>
</String>
<String>
<Name></Name>
<Val>@</Val>
</String>
<String>
<Name></Name>
<Val>P</Val>
</String>
<String>
<Name></Name>
<Val>@</Val>
</String>
<String>
<Name></Name>
<Val>@</Val>
</String>
<String>
<Name></Name>
<Val>@</Val>
</String>
<String>
<Name></Name>
<Val>@</Val>
</String>
<String>
<Name></Name>
<Val>@</Val>
</String>
<String>
<Name></Name>
<Val>@</Val>
</String>
<String>
<Name></Name>
<Val>@</Val>
</String>
<String>
<Name></Name>
<Val>@</Val>
</String>
<String>
<Name></Name>
<Val>I</Val>
</String>
<String>
<Name></Name>
<Val>@</Val>
</String>
<String>
<Name></Name>
<Val>F</Val>
</String>
<String>
<Name></Name>
<Val>@</Val>
</String>
<String>
<Name></Name>
<Val>@</Val>
</String>
<String>
<Name></Name>
<Val>@</Val>
</String>
<String>
<Name></Name>
<Val>@</Val>
</String>
<String>
<Name></Name>
<Val>@</Val>
</String>
<String>
<Name></Name>
<Val>@</Val>
</String>
<String>
<Name></Name>
<Val>@</Val>
</String>
<String>
<Name></Name>
<Val>@</Val>
</String>
<String>
<Name></Name>
<Val>D</Val>
</String>
<String>
<Name></Name>
<Val>@</Val>
</String>
<String>
<Name></Name>
<Val>Q</Val>
</String>
<String>
<Name></Name>
<Val>@</Val>
</String>
<String>
<Name></Name>
<Val>@</Val>
</String>
<String>
<Name></Name>
<Val>@</Val>
</String>
<String>
<Name></Name>
<Val>@</Val>
</String>
<String>
<Name></Name>
<Val>@</Val>
</String>
<String>
<Name></Name>
<Val>@</Val>
</String>
<String>
<Name></Name>
<Val>@</Val>
</String>
<String>
<Name></Name>
<Val>@</Val>
</String>
<String>
<Name></Name>
<Val>A</Val>
</String>
<String>
<Name></Name>
<Val>@</Val>
</String>
<String>
<Name></Name>
<Val>J</Val>
</String>
<String>
<Name></Name>
<Val>@</Val>
</String>
<String>
<Name></Name>
<Val>@</Val>
</String>
<String>
<Name></Name>
<Val>@</Val>
</String>
<String>
<Name></Name>
<Val>@</Val>
</String>
<String>
<Name></Name>
<Val>@</Val>
</String>
<String>
<Name></Name>
<Val>@</Val>
</String>
<String>
<Name></Name>
<Val>@</Val>
</String>
<String>
<Name></Name>
<Val>@</Val>
</String>
<String>
<Name></Name>
<Val>B</Val>
</String>
<String>
<Name></Name>
<Val>@</Val>
</String>
</Array>
<Cluster>
<Name>IntegrationParams</Name>
<NumElts>4</NumElts>
<DBL>
<Name>time start</Name>
<Val>0.00000000000000</Val>
</DBL>
<DBL>
<Name>time end</Name>
<Val>999.00000000000000</Val>
</DBL>
<DBL>
<Name>h (step rate)</Name>
<Val>0.10000000000000</Val>
</DBL>
<Array>
<Name>X0</Name>
<Dimsize>10</Dimsize>
<I32>
<Name></Name>
<Val>1</Val>
</I32>
<I32>
<Name></Name>
<Val>0</Val>
</I32>
<I32>
<Name></Name>
<Val>0</Val>
</I32>
<I32>
<Name></Name>
<Val>0</Val>
</I32>
<I32>
<Name></Name>
<Val>0</Val>
</I32>
<I32>
<Name></Name>
<Val>0</Val>
</I32>
<I32>
<Name></Name>
<Val>0</Val>
</I32>
<I32>
<Name></Name>
<Val>0</Val>
</I32>
<I32>
<Name></Name>
<Val>0</Val>
</I32>
<I32>
<Name></Name>
<Val>0</Val>
</I32>
</Array>
</Cluster>
<Array>
<Name>StateNames</Name>
<Dimsize>10</Dimsize>
<String>
<Name>string</Name>
<Val>a</Val>
</String>
<String>
<Name>string</Name>
<Val>b</Val>
</String>
<String>
<Name>string</Name>
<Val>c</Val>
</String>
<String>
<Name>string</Name>
<Val>d</Val>
</String>
<String>
<Name>string</Name>
<Val>e</Val>
</String>
<String>
<Name>string</Name>
<Val>f</Val>
</String>
<String>
<Name>string</Name>
<Val>g</Val>
</String>
<String>
<Name>string</Name>
<Val>h</Val>
</String>
<String>
<Name>string</Name>
<Val>i</Val>
</String>
<String>
<Name>string</Name>
<Val>j</Val>
</String>
</Array>
</Cluster>
</LVData>