<?xml version='1.0' standalone='yes' ?>
<LVData xmlns="http://www.ni.com/LVData">
<Version>10.0.1</Version>
<Cluster>
<Name>ModelData</Name>
<NumElts>7</NumElts>
<Array>
<Name>Transitions</Name>
<Dimsize>14</Dimsize>
<Dimsize>2</Dimsize>
<String>
<Name>string</Name>
<Val>A</Val>
</String>
<String>
<Name>string</Name>
<Val>A</Val>
</String>
<String>
<Name>string</Name>
<Val>B</Val>
</String>
<String>
<Name>string</Name>
<Val>B</Val>
</String>
<String>
<Name>string</Name>
<Val>C</Val>
</String>
<String>
<Name>string</Name>
<Val>C</Val>
</String>
<String>
<Name>string</Name>
<Val>D</Val>
</String>
<String>
<Name>string</Name>
<Val>D</Val>
</String>
<String>
<Name>string</Name>
<Val>E</Val>
</String>
<String>
<Name>string</Name>
<Val>E</Val>
</String>
<String>
<Name>string</Name>
<Val>F</Val>
</String>
<String>
<Name>string</Name>
<Val>F</Val>
</String>
<String>
<Name>string</Name>
<Val>G</Val>
</String>
<String>
<Name>string</Name>
<Val>G</Val>
</String>
<String>
<Name>string</Name>
<Val>H</Val>
</String>
<String>
<Name>string</Name>
<Val>H</Val>
</String>
<String>
<Name>string</Name>
<Val>I</Val>
</String>
<String>
<Name>string</Name>
<Val>I</Val>
</String>
<String>
<Name>string</Name>
<Val>J</Val>
</String>
<String>
<Name>string</Name>
<Val>J</Val>
</String>
<String>
<Name>string</Name>
<Val>K</Val>
</String>
<String>
<Name>string</Name>
<Val>K</Val>
</String>
<String>
<Name>string</Name>
<Val>L</Val>
</String>
<String>
<Name>string</Name>
<Val>L</Val>
</String>
<String>
<Name>string</Name>
<Val>M</Val>
</String>
<String>
<Name>string</Name>
<Val>M</Val>
</String>
<String>
<Name>string</Name>
<Val>N</Val>
</String>
<String>
<Name>string</Name>
<Val>N</Val>
</String>
</Array>
<Array>
<Name>RealValues</Name>
<Dimsize>14</Dimsize>
<Dimsize>2</Dimsize>
<String>
<Name>string</Name>
<Val>A</Val>
</String>
<String>
<Name>string</Name>
<Val>0,033895</Val>
</String>
<String>
<Name>string</Name>
<Val>B</Val>
</String>
<String>
<Name>string</Name>
<Val>0,770595</Val>
</String>
<String>
<Name>string</Name>
<Val>C</Val>
</String>
<String>
<Name>string</Name>
<Val>0,088603</Val>
</String>
<String>
<Name>string</Name>
<Val>D</Val>
</String>
<String>
<Name>string</Name>
<Val>0,000324</Val>
</String>
<String>
<Name>string</Name>
<Val>E</Val>
</String>
<String>
<Name>string</Name>
<Val>0,009915</Val>
</String>
<String>
<Name>string</Name>
<Val>F</Val>
</String>
<String>
<Name>string</Name>
<Val>0,000808</Val>
</String>
<String>
<Name>string</Name>
<Val>G</Val>
</String>
<String>
<Name>string</Name>
<Val>0,000120</Val>
</String>
<String>
<Name>string</Name>
<Val>H</Val>
</String>
<String>
<Name>string</Name>
<Val>0,009044</Val>
</String>
<String>
<Name>string</Name>
<Val>I</Val>
</String>
<String>
<Name>string</Name>
<Val>0,020373</Val>
</String>
<String>
<Name>string</Name>
<Val>J</Val>
</String>
<String>
<Name>string</Name>
<Val>0,097849</Val>
</String>
<String>
<Name>string</Name>
<Val>K</Val>
</String>
<String>
<Name>string</Name>
<Val>0,099312</Val>
</String>
<String>
<Name>string</Name>
<Val>L</Val>
</String>
<String>
<Name>string</Name>
<Val>0,031710</Val>
</String>
<String>
<Name>string</Name>
<Val>M</Val>
</String>
<String>
<Name>string</Name>
<Val>0,001283</Val>
</String>
<String>
<Name>string</Name>
<Val>N</Val>
</String>
<String>
<Name>string</Name>
<Val>0,990709</Val>
</String>
</Array>
<Array>
<Name>Times</Name>
<Dimsize>100</Dimsize>
<DBL>
<Name></Name>
<Val>0.00000000000000</Val>
</DBL>
<DBL>
<Name></Name>
<Val>10.00000000000000</Val>
</DBL>
<DBL>
<Name></Name>
<Val>20.00000000000000</Val>
</DBL>
<DBL>
<Name></Name>
<Val>30.00000000000000</Val>
</DBL>
<DBL>
<Name></Name>
<Val>40.00000000000000</Val>
</DBL>
<DBL>
<Name></Name>
<Val>50.00000000000000</Val>
</DBL>
<DBL>
<Name></Name>
<Val>60.00000000000000</Val>
</DBL>
<DBL>
<Name></Name>
<Val>70.00000000000000</Val>
</DBL>
<DBL>
<Name></Name>
<Val>80.00000000000000</Val>
</DBL>
<DBL>
<Name></Name>
<Val>90.00000000000000</Val>
</DBL>
<DBL>
<Name></Name>
<Val>100.00000000000000</Val>
</DBL>
<DBL>
<Name></Name>
<Val>110.00000000000000</Val>
</DBL>
<DBL>
<Name></Name>
<Val>120.00000000000000</Val>
</DBL>
<DBL>
<Name></Name>
<Val>130.00000000000000</Val>
</DBL>
<DBL>
<Name></Name>
<Val>140.00000000000000</Val>
</DBL>
<DBL>
<Name></Name>
<Val>150.00000000000000</Val>
</DBL>
<DBL>
<Name></Name>
<Val>160.00000000000000</Val>
</DBL>
<DBL>
<Name></Name>
<Val>170.00000000000000</Val>
</DBL>
<DBL>
<Name></Name>
<Val>180.00000000000000</Val>
</DBL>
<DBL>
<Name></Name>
<Val>190.00000000000000</Val>
</DBL>
<DBL>
<Name></Name>
<Val>200.00000000000000</Val>
</DBL>
<DBL>
<Name></Name>
<Val>210.00000000000000</Val>
</DBL>
<DBL>
<Name></Name>
<Val>220.00000000000000</Val>
</DBL>
<DBL>
<Name></Name>
<Val>230.00000000000000</Val>
</DBL>
<DBL>
<Name></Name>
<Val>240.00000000000000</Val>
</DBL>
<DBL>
<Name></Name>
<Val>250.00000000000000</Val>
</DBL>
<DBL>
<Name></Name>
<Val>260.00000000000000</Val>
</DBL>
<DBL>
<Name></Name>
<Val>270.00000000000000</Val>
</DBL>
<DBL>
<Name></Name>
<Val>280.00000000000000</Val>
</DBL>
<DBL>
<Name></Name>
<Val>290.00000000000000</Val>
</DBL>
<DBL>
<Name></Name>
<Val>300.00000000000000</Val>
</DBL>
<DBL>
<Name></Name>
<Val>310.00000000000000</Val>
</DBL>
<DBL>
<Name></Name>
<Val>320.00000000000000</Val>
</DBL>
<DBL>
<Name></Name>
<Val>330.00000000000000</Val>
</DBL>
<DBL>
<Name></Name>
<Val>340.00000000000000</Val>
</DBL>
<DBL>
<Name></Name>
<Val>350.00000000000000</Val>
</DBL>
<DBL>
<Name></Name>
<Val>360.00000000000000</Val>
</DBL>
<DBL>
<Name></Name>
<Val>370.00000000000000</Val>
</DBL>
<DBL>
<Name></Name>
<Val>380.00000000000000</Val>
</DBL>
<DBL>
<Name></Name>
<Val>390.00000000000000</Val>
</DBL>
<DBL>
<Name></Name>
<Val>400.00000000000000</Val>
</DBL>
<DBL>
<Name></Name>
<Val>410.00000000000000</Val>
</DBL>
<DBL>
<Name></Name>
<Val>420.00000000000000</Val>
</DBL>
<DBL>
<Name></Name>
<Val>430.00000000000000</Val>
</DBL>
<DBL>
<Name></Name>
<Val>440.00000000000000</Val>
</DBL>
<DBL>
<Name></Name>
<Val>450.00000000000000</Val>
</DBL>
<DBL>
<Name></Name>
<Val>460.00000000000000</Val>
</DBL>
<DBL>
<Name></Name>
<Val>470.00000000000000</Val>
</DBL>
<DBL>
<Name></Name>
<Val>480.00000000000000</Val>
</DBL>
<DBL>
<Name></Name>
<Val>490.00000000000000</Val>
</DBL>
<DBL>
<Name></Name>
<Val>500.00000000000000</Val>
</DBL>
<DBL>
<Name></Name>
<Val>510.00000000000000</Val>
</DBL>
<DBL>
<Name></Name>
<Val>520.00000000000000</Val>
</DBL>
<DBL>
<Name></Name>
<Val>530.00000000000000</Val>
</DBL>
<DBL>
<Name></Name>
<Val>540.00000000000000</Val>
</DBL>
<DBL>
<Name></Name>
<Val>550.00000000000000</Val>
</DBL>
<DBL>
<Name></Name>
<Val>560.00000000000000</Val>
</DBL>
<DBL>
<Name></Name>
<Val>570.00000000000000</Val>
</DBL>
<DBL>
<Name></Name>
<Val>580.00000000000000</Val>
</DBL>
<DBL>
<Name></Name>
<Val>590.00000000000000</Val>
</DBL>
<DBL>
<Name></Name>
<Val>600.00000000000000</Val>
</DBL>
<DBL>
<Name></Name>
<Val>610.00000000000000</Val>
</DBL>
<DBL>
<Name></Name>
<Val>620.00000000000000</Val>
</DBL>
<DBL>
<Name></Name>
<Val>630.00000000000000</Val>
</DBL>
<DBL>
<Name></Name>
<Val>640.00000000000000</Val>
</DBL>
<DBL>
<Name></Name>
<Val>650.00000000000000</Val>
</DBL>
<DBL>
<Name></Name>
<Val>660.00000000000000</Val>
</DBL>
<DBL>
<Name></Name>
<Val>670.00000000000000</Val>
</DBL>
<DBL>
<Name></Name>
<Val>680.00000000000000</Val>
</DBL>
<DBL>
<Name></Name>
<Val>690.00000000000000</Val>
</DBL>
<DBL>
<Name></Name>
<Val>700.00000000000000</Val>
</DBL>
<DBL>
<Name></Name>
<Val>710.00000000000000</Val>
</DBL>
<DBL>
<Name></Name>
<Val>720.00000000000000</Val>
</DBL>
<DBL>
<Name></Name>
<Val>730.00000000000000</Val>
</DBL>
<DBL>
<Name></Name>
<Val>740.00000000000000</Val>
</DBL>
<DBL>
<Name></Name>
<Val>750.00000000000000</Val>
</DBL>
<DBL>
<Name></Name>
<Val>760.00000000000000</Val>
</DBL>
<DBL>
<Name></Name>
<Val>770.00000000000000</Val>
</DBL>
<DBL>
<Name></Name>
<Val>780.00000000000000</Val>
</DBL>
<DBL>
<Name></Name>
<Val>790.00000000000000</Val>
</DBL>
<DBL>
<Name></Name>
<Val>800.00000000000000</Val>
</DBL>
<DBL>
<Name></Name>
<Val>810.00000000000000</Val>
</DBL>
<DBL>
<Name></Name>
<Val>820.00000000000000</Val>
</DBL>
<DBL>
<Name></Name>
<Val>830.00000000000000</Val>
</DBL>
<DBL>
<Name></Name>
<Val>840.00000000000000</Val>
</DBL>
<DBL>
<Name></Name>
<Val>850.00000000000000</Val>
</DBL>
<DBL>
<Name></Name>
<Val>860.00000000000000</Val>
</DBL>
<DBL>
<Name></Name>
<Val>870.00000000000000</Val>
</DBL>
<DBL>
<Name></Name>
<Val>880.00000000000000</Val>
</DBL>
<DBL>
<Name></Name>
<Val>890.00000000000000</Val>
</DBL>
<DBL>
<Name></Name>
<Val>900.00000000000000</Val>
</DBL>
<DBL>
<Name></Name>
<Val>910.00000000000000</Val>
</DBL>
<DBL>
<Name></Name>
<Val>920.00000000000000</Val>
</DBL>
<DBL>
<Name></Name>
<Val>930.00000000000000</Val>
</DBL>
<DBL>
<Name></Name>
<Val>940.00000000000000</Val>
</DBL>
<DBL>
<Name></Name>
<Val>950.00000000000000</Val>
</DBL>
<DBL>
<Name></Name>
<Val>960.00000000000000</Val>
</DBL>
<DBL>
<Name></Name>
<Val>970.00000000000000</Val>
</DBL>
<DBL>
<Name></Name>
<Val>980.00000000000000</Val>
</DBL>
<DBL>
<Name></Name>
<Val>990.00000000000000</Val>
</DBL>
</Array>
<Array>
<Name>RealSolution</Name>
<Dimsize>100</Dimsize>
<Dimsize>10</Dimsize>
<DBL>
<Name></Name>
<Val>1.00000000000000</Val>
</DBL>
<DBL>
<Name></Name>
<Val>0.00000000000000</Val>
</DBL>
<DBL>
<Name></Name>
<Val>0.00000000000000</Val>
</DBL>
<DBL>
<Name></Name>
<Val>0.00000000000000</Val>
</DBL>
<DBL>
<Name></Name>
<Val>0.00000000000000</Val>
</DBL>
<DBL>
<Name></Name>
<Val>0.00000000000000</Val>
</DBL>
<DBL>
<Name></Name>
<Val>0.00000000000000</Val>
</DBL>
<DBL>
<Name></Name>
<Val>0.00000000000000</Val>
</DBL>
<DBL>
<Name></Name>
<Val>0.00000000000000</Val>
</DBL>
<DBL>
<Name></Name>
<Val>0.00000000000000</Val>
</DBL>
<DBL>
<Name></Name>
<Val>0.36875009442938</Val>
</DBL>
<DBL>
<Name></Name>
<Val>6.60706926429134E-2</Val>
</DBL>
<DBL>
<Name></Name>
<Val>0.48091287263665</Val>
</DBL>
<DBL>
<Name></Name>
<Val>1.90644468847229E-2</Val>
</DBL>
<DBL>
<Name></Name>
<Val>5.02664032699980E-2</Val>
</DBL>
<DBL>
<Name></Name>
<Val>4.64396757442007E-3</Val>
</DBL>
<DBL>
<Name></Name>
<Val>9.63297237105468E-3</Val>
</DBL>
<DBL>
<Name></Name>
<Val>6.57212304944374E-4</Val>
</DBL>
<DBL>
<Name></Name>
<Val>1.19683830703691E-6</Val>
</DBL>
<DBL>
<Name></Name>
<Val>1.41047614715137E-7</Val>
</DBL>
<DBL>
<Name></Name>
<Val>0.13601085379185</Val>
</DBL>
<DBL>
<Name></Name>
<Val>3.51112914242164E-2</Val>
</DBL>
<DBL>
<Name></Name>
<Val>0.56673492878609</Val>
</DBL>
<DBL>
<Name></Name>
<Val>2.53758937387357E-2</Val>
</DBL>
<DBL>
<Name></Name>
<Val>0.13129106532915</Val>
</DBL>
<DBL>
<Name></Name>
<Val>1.80525707526563E-2</Val>
</DBL>
<DBL>
<Name></Name>
<Val>7.42520481455588E-2</Val>
</DBL>
<DBL>
<Name></Name>
<Val>1.31058659976274E-2</Val>
</DBL>
<DBL>
<Name></Name>
<Val>5.08825867055864E-5</Val>
</DBL>
<DBL>
<Name></Name>
<Val>1.45994474056761E-5</Val>
</DBL>
<DBL>
<Name></Name>
<Val>5.01851369415797E-2</Val>
</DBL>
<DBL>
<Name></Name>
<Val>2.07770428938789E-2</Val>
</DBL>
<DBL>
<Name></Name>
<Val>0.49301188882780</Val>
</DBL>
<DBL>
<Name></Name>
<Val>2.31454523852707E-2</Val>
</DBL>
<DBL>
<Name></Name>
<Val>0.16228123960389</Val>
</DBL>
<DBL>
<Name></Name>
<Val>2.97477229451990E-2</Val>
</DBL>
<DBL>
<Name></Name>
<Val>0.16721737468766</Val>
</DBL>
<DBL>
<Name></Name>
<Val>5.31792642502097E-2</Val>
</DBL>
<DBL>
<Name></Name>
<Val>3.05260952795860E-4</Val>
</DBL>
<DBL>
<Name></Name>
<Val>1.49616511718910E-4</Val>
</DBL>
<DBL>
<Name></Name>
<Val>1.85307459991499E-2</Val>
</DBL>
<DBL>
<Name></Name>
<Val>1.33744715724700E-2</Val>
</DBL>
<DBL>
<Name></Name>
<Val>0.38903340934704</Val>
</DBL>
<DBL>
<Name></Name>
<Val>1.87539356822965E-2</Val>
</DBL>
<DBL>
<Name></Name>
<Val>0.15544432252923</Val>
</DBL>
<DBL>
<Name></Name>
<Val>3.64677448643542E-2</Val>
</DBL>
<DBL>
<Name></Name>
<Val>0.24492961483492</Val>
</DBL>
<DBL>
<Name></Name>
<Val>0.12191947802728</Val>
</DBL>
<DBL>
<Name></Name>
<Val>8.95300252843701E-4</Val>
</DBL>
<DBL>
<Name></Name>
<Val>6.50976890415068E-4</Val>
</DBL>
<DBL>
<Name></Name>
<Val>6.85227061420884E-3</Val>
</DBL>
<DBL>
<Name></Name>
<Val>9.10098295982524E-3</Val>
</DBL>
<DBL>
<Name></Name>
<Val>0.29468936616247</Val>
</DBL>
<DBL>
<Name></Name>
<Val>1.44382610324043E-2</Val>
</DBL>
<DBL>
<Name></Name>
<Val>0.13226766816123</Val>
</DBL>
<DBL>
<Name></Name>
<Val>3.86126680593017E-2</Val>
</DBL>
<DBL>
<Name></Name>
<Val>0.29031281466610</Val>
</DBL>
<DBL>
<Name></Name>
<Val>0.21007173842697</Val>
</DBL>
<DBL>
<Name></Name>
<Val>1.82766444799510E-3</Val>
</DBL>
<DBL>
<Name></Name>
<Val>1.82656546949557E-3</Val>
</DBL>
<DBL>
<Name></Name>
<Val>2.54098942787041E-3</Val>
</DBL>
<DBL>
<Name></Name>
<Val>6.39882794348932E-3</Val>
</DBL>
<DBL>
<Name></Name>
<Val>0.21904360656658</Val>
</DBL>
<DBL>
<Name></Name>
<Val>1.08431974171723E-2</Val>
</DBL>
<DBL>
<Name></Name>
<Val>0.10577455083727</Val>
</DBL>
<DBL>
<Name></Name>
<Val>3.75406014942315E-2</Val>
</DBL>
<DBL>
<Name></Name>
<Val>0.30463258415927</Val>
</DBL>
<DBL>
<Name></Name>
<Val>0.30627115468384</Val>
</DBL>
<DBL>
<Name></Name>
<Val>3.01217199755082E-3</Val>
</DBL>
<DBL>
<Name></Name>
<Val>3.94231547271704E-3</Val>
</DBL>
<DBL>
<Name></Name>
<Val>9.47477053120053E-4</Val>
</DBL>
<DBL>
<Name></Name>
<Val>4.58051960815668E-3</Val>
</DBL>
<DBL>
<Name></Name>
<Val>0.16133582229086</Val>
</DBL>
<DBL>
<Name></Name>
<Val>8.04064374962193E-3</Val>
</DBL>
<DBL>
<Name></Name>
<Val>8.17390161405963E-2</Val>
</DBL>
<DBL>
<Name></Name>
<Val>3.45672967300977E-2</Val>
</DBL>
<DBL>
<Name></Name>
<Val>0.29608498693604</Val>
</DBL>
<DBL>
<Name></Name>
<Val>0.40121645248573</Val>
</DBL>
<DBL>
<Name></Name>
<Val>4.32377599511751E-3</Val>
</DBL>
<DBL>
<Name></Name>
<Val>7.16400901066328E-3</Val>
</DBL>
<DBL>
<Name></Name>
<Val>3.57078099414916E-4</Val>
</DBL>
<DBL>
<Name></Name>
<Val>3.31019981651955E-3</Val>
</DBL>
<DBL>
<Name></Name>
<Val>0.11829818314310</Val>
</DBL>
<DBL>
<Name></Name>
<Val>5.92305610479622E-3</Val>
</DBL>
<DBL>
<Name></Name>
<Val>6.19591493023169E-2</Val>
</DBL>
<DBL>
<Name></Name>
<Val>3.06860901668742E-2</Val>
</DBL>
<DBL>
<Name></Name>
<Val>0.27350594134614</Val>
</DBL>
<DBL>
<Name></Name>
<Val>0.48876471842358</Val>
</DBL>
<DBL>
<Name></Name>
<Val>5.64730148399314E-3</Val>
</DBL>
<DBL>
<Name></Name>
<Val>1.15482821132590E-2</Val>
</DBL>
<DBL>
<Name></Name>
<Val>1.37305206485273E-4</Val>
</DBL>
<DBL>
<Name></Name>
<Val>2.40398771814866E-3</Val>
</DBL>
<DBL>
<Name></Name>
<Val>8.65479132501756E-2</Val>
</DBL>
<DBL>
<Name></Name>
<Val>4.34798697567912E-3</Val>
</DBL>
<DBL>
<Name></Name>
<Val>4.64596917780014E-2</Val>
</DBL>
<DBL>
<Name></Name>
<Val>2.65572238811273E-2</Val>
</DBL>
<DBL>
<Name></Name>
<Val>0.24398255846171</Val>
</DBL>
<DBL>
<Name></Name>
<Val>0.56560399517391</Val>
</DBL>
<DBL>
<Name></Name>
<Val>6.89731085390764E-3</Val>
</DBL>
<DBL>
<Name></Name>
<Val>1.70620267008518E-2</Val>
</DBL>
<DBL>
<Name></Name>
<Val>5.47484300783834E-5</Val>
</DBL>
<DBL>
<Name></Name>
<Val>1.75028891102513E-3</Val>
</DBL>
<DBL>
<Name></Name>
<Val>6.32492065527000E-2</Val>
</DBL>
<DBL>
<Name></Name>
<Val>3.18597682297117E-3</Val>
</DBL>
<DBL>
<Name></Name>
<Val>3.46303634355115E-2</Val>
</DBL>
<DBL>
<Name></Name>
<Val>2.25774332842697E-2</Val>
</DBL>
<DBL>
<Name></Name>
<Val>0.21241805854468</Val>
</DBL>
<DBL>
<Name></Name>
<Val>0.63050178387448</Val>
</DBL>
<DBL>
<Name></Name>
<Val>8.02099426119381E-3</Val>
</DBL>
<DBL>
<Name></Name>
<Val>2.36111458830912E-2</Val>
</DBL>
<DBL>
<Name></Name>
<Val>2.31959200207559E-5</Val>
</DBL>
<DBL>
<Name></Name>
<Val>1.27600472879474E-3</Val>
</DBL>
<DBL>
<Name></Name>
<Val>4.61974672879537E-2</Val>
</DBL>
<DBL>
<Name></Name>
<Val>2.33238204632298E-3</Val>
</DBL>
<DBL>
<Name></Name>
<Val>2.57329667227324E-2</Val>
</DBL>
<DBL>
<Name></Name>
<Val>1.89582501482896E-2</Val>
</DBL>
<DBL>
<Name></Name>
<Val>0.18184765063425</Val>
</DBL>
<DBL>
<Name></Name>
<Val>0.68357150803058</Val>
</DBL>
<DBL>
<Name></Name>
<Val>8.99291907368641E-3</Val>
</DBL>
<DBL>
<Name></Name>
<Val>3.10676554073709E-2</Val>
</DBL>
<DBL>
<Name></Name>
<Val>1.07496495015701E-5</Val>
</DBL>
<DBL>
<Name></Name>
<Val>9.30866814451905E-4</Val>
</DBL>
<DBL>
<Name></Name>
<Val>3.37340908462680E-2</Val>
</DBL>
<DBL>
<Name></Name>
<Val>1.70676938233490E-3</Val>
</DBL>
<DBL>
<Name></Name>
<Val>1.90952910312371E-2</Val>
</DBL>
<DBL>
<Name></Name>
<Val>1.57905445848300E-2</Val>
</DBL>
<DBL>
<Name></Name>
<Val>0.15393372256655</Val>
</DBL>
<DBL>
<Name></Name>
<Val>0.72569984216597</Val>
</DBL>
<DBL>
<Name></Name>
<Val>9.80741240978276E-3</Val>
</DBL>
<DBL>
<Name></Name>
<Val>3.92907105490768E-2</Val>
</DBL>
<DBL>
<Name></Name>
<Val>5.56742824102876E-6</Val>
</DBL>
<DBL>
<Name></Name>
<Val>6.79325071743142E-4</Val>
</DBL>
<DBL>
<Name></Name>
<Val>2.46303179085707E-2</Val>
</DBL>
<DBL>
<Name></Name>
<Val>1.24879813026788E-3</Val>
</DBL>
<DBL>
<Name></Name>
<Val>1.41660900333453E-2</Val>
</DBL>
<DBL>
<Name></Name>
<Val>1.30915949019901E-2</Val>
</DBL>
<DBL>
<Name></Name>
<Val>0.12941785561073</Val>
</DBL>
<DBL>
<Name></Name>
<Val>0.75814808699857</Val>
</DBL>
<DBL>
<Name></Name>
<Val>1.04714465249708E-2</Val>
</DBL>
<DBL>
<Name></Name>
<Val>4.81409173915775E-2</Val>
</DBL>
<DBL>
<Name></Name>
<Val>3.22369665598995E-6</Val>
</DBL>
<DBL>
<Name></Name>
<Val>4.95853388654652E-4</Val>
</DBL>
<DBL>
<Name></Name>
<Val>1.79826312010670E-2</Val>
</DBL>
<DBL>
<Name></Name>
<Val>9.13756419961410E-4</Val>
</DBL>
<DBL>
<Name></Name>
<Val>1.05150206863393E-2</Val>
</DBL>
<DBL>
<Name></Name>
<Val>1.08371306995478E-2</Val>
</DBL>
<DBL>
<Name></Name>
<Val>0.10846791942799</Val>
</DBL>
<DBL>
<Name></Name>
<Val>0.78229645373803</Val>
</DBL>
<DBL>
<Name></Name>
<Val>1.09990643340244E-2</Val>
</DBL>
<DBL>
<Name></Name>
<Val>5.74889464077315E-2</Val>
</DBL>
<DBL>
<Name></Name>
<Val>2.04345988740383E-6</Val>
</DBL>
<DBL>
<Name></Name>
<Val>3.61976370385410E-4</Val>
</DBL>
<DBL>
<Name></Name>
<Val>1.31291216658045E-2</Val>
</DBL>
<DBL>
<Name></Name>
<Val>6.68725501213033E-4</Val>
</DBL>
<DBL>
<Name></Name>
<Val>7.81454199489992E-3</Val>
</DBL>
<DBL>
<Name></Name>
<Val>8.98208533921184E-3</Val>
</DBL>
<DBL>
<Name></Name>
<Val>9.09217390687265E-2</Val>
</DBL>
<DBL>
<Name></Name>
<Val>0.79949239007734</Val>
</DBL>
<DBL>
<Name></Name>
<Val>1.14074555206165E-2</Val>
</DBL>
<DBL>
<Name></Name>
<Val>6.72199210019179E-2</Val>
</DBL>
<DBL>
<Name></Name>
<Val>1.37755877639842E-6</Val>
</DBL>
<DBL>
<Name></Name>
<Val>2.64266574706547E-4</Val>
</DBL>
<DBL>
<Name></Name>
<Val>9.58577112400414E-3</Val>
</DBL>
<DBL>
<Name></Name>
<Val>4.89551037055977E-4</Val>
</DBL>
<DBL>
<Name></Name>
<Val>5.81873193251281E-3</Val>
</DBL>
<DBL>
<Name></Name>
<Val>7.47343095653977E-3</Val>
</DBL>
<DBL>
<Name></Name>
<Val>7.64481372747597E-2</Val>
</DBL>
<DBL>
<Name></Name>
<Val>0.81096935798169</Val>
</DBL>
<DBL>
<Name></Name>
<Val>1.17144213421714E-2</Val>
</DBL>
<DBL>
<Name></Name>
<Val>7.72349542177851E-2</Val>
</DBL>
<DBL>
<Name></Name>
<Val>9.63595531716985E-7</Val>
</DBL>
<DBL>
<Name></Name>
<Val>1.92944606329689E-4</Val>
</DBL>
<DBL>
<Name></Name>
<Val>6.99896575084855E-3</Val>
</DBL>
<DBL>
<Name></Name>
<Val>3.58541216159842E-4</Val>
</DBL>
<DBL>
<Name></Name>
<Val>4.34432224305495E-3</Val>
</DBL>
<DBL>
<Name></Name>
<Val>6.25770146530097E-3</Val>
</DBL>
<DBL>
<Name></Name>
<Val>6.46480345056460E-2</Val>
</DBL>
<DBL>
<Name></Name>
<Val>0.81781073213138</Val>
</DBL>
<DBL>
<Name></Name>
<Val>1.19368765973575E-2</Val>
</DBL>
<DBL>
<Name></Name>
<Val>8.74509178883933E-2</Val>
</DBL>
<DBL>
<Name></Name>
<Val>6.87999084617754E-7</Val>
</DBL>
<DBL>
<Name></Name>
<Val>1.40880248819764E-4</Val>
</DBL>
<DBL>
<Name></Name>
<Val>5.11047793518356E-3</Val>
</DBL>
<DBL>
<Name></Name>
<Val>2.62749843268694E-4</Val>
</DBL>
<DBL>
<Name></Name>
<Val>3.25529937840663E-3</Val>
</DBL>
<DBL>
<Name></Name>
<Val>5.28507340851693E-3</Val>
</DBL>
<DBL>
<Name></Name>
<Val>5.51144834526104E-2</Val>
</DBL>
<DBL>
<Name></Name>
<Val>0.82094105695327</Val>
</DBL>
<DBL>
<Name></Name>
<Val>1.20900681969512E-2</Val>
</DBL>
<DBL>
<Name></Name>
<Val>9.77992225838844E-2</Val>
</DBL>
<DBL>
<Name></Name>
<Val>4.96615438899181E-7</Val>
</DBL>
<DBL>
<Name></Name>
<Val>1.02871894455048E-4</Val>
</DBL>
<DBL>
<Name></Name>
<Val>3.73177645062825E-3</Val>
</DBL>
<DBL>
<Name></Name>
<Val>1.92708014467823E-4</Val>
</DBL>
<DBL>
<Name></Name>
<Val>2.45095311152587E-3</Val>
</DBL>
<DBL>
<Name></Name>
<Val>4.51129008687398E-3</Val>
</DBL>
<DBL>
<Name></Name>
<Val>4.74657191177876E-2</Val>
</DBL>
<DBL>
<Name></Name>
<Val>0.82113279643557</Val>
</DBL>
<DBL>
<Name></Name>
<Val>1.21872585235151E-2</Val>
</DBL>
<DBL>
<Name></Name>
<Val>0.10822412974974</Val>
</DBL>
<DBL>
<Name></Name>
<Val>3.60514403731660E-7</Val>
</DBL>
<DBL>
<Name></Name>
<Val>7.51237636916042E-5</Val>
</DBL>
<DBL>
<Name></Name>
<Val>2.72522846884163E-3</Val>
</DBL>
<DBL>
<Name></Name>
<Val>1.41491864235409E-4</Val>
</DBL>
<DBL>
<Name></Name>
<Val>1.85681099079797E-3</Val>
</DBL>
<DBL>
<Name></Name>
<Val>3.89828641950282E-3</Val>
</DBL>
<DBL>
<Name></Name>
<Val>4.13611247831078E-2</Val>
</DBL>
<DBL>
<Name></Name>
<Val>0.81902095739786</Val>
</DBL>
<DBL>
<Name></Name>
<Val>1.22396916039743E-2</Val>
</DBL>
<DBL>
<Name></Name>
<Val>0.11868092419359</Val>
</DBL>
<DBL>
<Name></Name>
<Val>2.62486532640282E-7</Val>
</DBL>
<DBL>
<Name></Name>
<Val>5.48655090608082E-5</Val>
</DBL>
<DBL>
<Name></Name>
<Val>1.99036210431202E-3</Val>
</DBL>
<DBL>
<Name></Name>
<Val>1.04039138217566E-4</Val>
</DBL>
<DBL>
<Name></Name>
<Val>1.41784466796827E-3</Val>
</DBL>
<DBL>
<Name></Name>
<Val>3.41407221236535E-3</Val>
</DBL>
<DBL>
<Name></Name>
<Val>3.65068119190217E-2</Val>
</DBL>
<DBL>
<Name></Name>
<Val>0.81512088458177</Val>
</DBL>
<DBL>
<Name></Name>
<Val>1.22567179451341E-2</Val>
</DBL>
<DBL>
<Name></Name>
<Val>0.12913413943562</Val>
</DBL>
<DBL>
<Name></Name>
<Val>1.91410669678788E-7</Val>
</DBL>
<DBL>
<Name></Name>
<Val>4.00750069464915E-5</Val>
</DBL>
<DBL>
<Name></Name>
<Val>1.45383349754041E-3</Val>
</DBL>
<DBL>
<Name></Name>
<Val>7.66488716943342E-5</Val>
</DBL>
<DBL>
<Name></Name>
<Val>1.09341201963120E-3</Val>
</DBL>
<DBL>
<Name></Name>
<Val>3.03222742600292E-3</Val>
</DBL>
<DBL>
<Name></Name>
<Val>3.26552123279420E-2</Val>
</DBL>
<DBL>
<Name></Name>
<Val>0.80984646413372</Val>
</DBL>
<DBL>
<Name></Name>
<Val>1.22459972745728E-2</Val>
</DBL>
<DBL>
<Name></Name>
<Val>0.13955593803128</Val>
</DBL>
<DBL>
<Name></Name>
<Val>1.39700052910327E-7</Val>
</DBL>
<DBL>
<Name></Name>
<Val>2.92761894690599E-5</Val>
</DBL>
<DBL>
<Name></Name>
<Val>1.06210168815826E-3</Val>
</DBL>
<DBL>
<Name></Name>
<Val>5.66153807767747E-5</Val>
</DBL>
<DBL>
<Name></Name>
<Val>8.53505070432660E-4</Val>
</DBL>
<DBL>
<Name></Name>
<Val>2.73122704808677E-3</Val>
</DBL>
<DBL>
<Name></Name>
<Val>2.96014915908230E-2</Val>
</DBL>
<DBL>
<Name></Name>
<Val>0.80352722275859</Val>
</DBL>
<DBL>
<Name></Name>
<Val>1.22137290951335E-2</Val>
</DBL>
<DBL>
<Name></Name>
<Val>0.14992469147848</Val>
</DBL>
<DBL>
<Name></Name>
<Val>1.02012398735554E-7</Val>
</DBL>
<DBL>
<Name></Name>
<Val>2.13915436143687E-5</Val>
</DBL>
<DBL>
<Name></Name>
<Val>7.76081235255437E-4</Val>
</DBL>
<DBL>
<Name></Name>
<Val>4.19606099009096E-5</Val>
</DBL>
<DBL>
<Name></Name>
<Val>6.75972149651436E-4</Val>
</DBL>
<DBL>
<Name></Name>
<Val>2.49372427894986E-3</Val>
</DBL>
<DBL>
<Name></Name>
<Val>2.71785237676416E-2</Val>
</DBL>
<DBL>
<Name></Name>
<Val>0.79642359310161</Val>
</DBL>
<DBL>
<Name></Name>
<Val>1.21648817165216E-2</Val>
</DBL>
<DBL>
<Name></Name>
<Val>0.16022376958446</Val>
</DBL>
<DBL>
<Name></Name>
<Val>7.45200973647866E-8</Val>
</DBL>
<DBL>
<Name></Name>
<Val>1.56344721126302E-5</Val>
</DBL>
<DBL>
<Name></Name>
<Val>5.67238840330822E-4</Val>
</DBL>
<DBL>
<Name></Name>
<Val>3.12384416083563E-5</Val>
</DBL>
<DBL>
<Name></Name>
<Val>5.44463647915435E-4</Val>
</DBL>
<DBL>
<Name></Name>
<Val>2.30586376573999E-3</Val>
</DBL>
<DBL>
<Name></Name>
<Val>2.52514637574553E-2</Val>
</DBL>
<DBL>
<Name></Name>
<Val>0.78874008902222</Val>
</DBL>
<DBL>
<Name></Name>
<Val>1.21034039715605E-2</Val>
</DBL>
<DBL>
<Name></Name>
<Val>0.17044052956096</Val>
</DBL>
<DBL>
<Name></Name>
<Val>5.44555839311315E-8</Val>
</DBL>
<DBL>
<Name></Name>
<Val>1.14307340787443E-5</Val>
</DBL>
<DBL>
<Name></Name>
<Val>4.14744090656093E-4</Val>
</DBL>
<DBL>
<Name></Name>
<Val>2.33916334481488E-5</Val>
</DBL>
<DBL>
<Name></Name>
<Val>4.46913892224379E-4</Val>
</DBL>
<DBL>
<Name></Name>
<Val>2.15666095103190E-3</Val>
</DBL>
<DBL>
<Name></Name>
<Val>2.37125005108504E-2</Val>
</DBL>
<DBL>
<Name></Name>
<Val>0.78063640617041</Val>
</DBL>
<DBL>
<Name></Name>
<Val>1.20324123473499E-2</Val>
</DBL>
<DBL>
<Name></Name>
<Val>0.18056548521437</Val>
</DBL>
<DBL>
<Name></Name>
<Val>3.98082802620514E-8</Val>
</DBL>
<DBL>
<Name></Name>
<Val>8.36110510316024E-6</Val>
</DBL>
<DBL>
<Name></Name>
<Val>3.03389651206286E-4</Val>
</DBL>
<DBL>
<Name></Name>
<Val>1.76472329749894E-5</Val>
</DBL>
<DBL>
<Name></Name>
<Val>3.74419682785929E-4</Val>
</DBL>
<DBL>
<Name></Name>
<Val>2.03746193689164E-3</Val>
</DBL>
<DBL>
<Name></Name>
<Val>2.24760892050795E-2</Val>
</DBL>
<DBL>
<Name></Name>
<Val>0.77223660729431</Val>
</DBL>
<DBL>
<Name></Name>
<Val>1.19543514007866E-2</Val>
</DBL>
<DBL>
<Name></Name>
<Val>0.19059163268258</Val>
</DBL>
<DBL>
<Name></Name>
<Val>2.91139970995077E-8</Val>
</DBL>
<DBL>
<Name></Name>
<Val>6.11952327501962E-6</Val>
</DBL>
<DBL>
<Name></Name>
<Val>2.22073095626757E-4</Val>
</DBL>
<DBL>
<Name></Name>
<Val>1.34401226618476E-5</Val>
</DBL>
<DBL>
<Name></Name>
<Val>3.20412075904505E-4</Val>
</DBL>
<DBL>
<Name></Name>
<Val>1.94148566260396E-3</Val>
</DBL>
<DBL>
<Name></Name>
<Val>2.14747864533532E-2</Val>
</DBL>
<DBL>
<Name></Name>
<Val>0.76363661692972</Val>
</DBL>
<DBL>
<Name></Name>
<Val>1.18711282510300E-2</Val>
</DBL>
<DBL>
<Name></Name>
<Val>0.20051390877183</Val>
</DBL>
<DBL>
<Name></Name>
<Val>2.13051232364462E-8</Val>
</DBL>
<DBL>
<Name></Name>
<Val>4.48253773743697E-6</Val>
</DBL>
<DBL>
<Name></Name>
<Val>1.62688690101127E-4</Val>
</DBL>
<DBL>
<Name></Name>
<Val>1.03571285175783E-5</Val>
</DBL>
<DBL>
<Name></Name>
<Val>2.80044854074979E-4</Val>
</DBL>
<DBL>
<Name></Name>
<Val>1.86344334619562E-3</Val>
</DBL>
<DBL>
<Name></Name>
<Val>2.06557106993776E-2</Val>
</DBL>
<DBL>
<Name></Name>
<Val>0.75491026851621</Val>
</DBL>
<DBL>
<Name></Name>
<Val>1.17842234537149E-2</Val>
</DBL>
<DBL>
<Name></Name>
<Val>0.21032875946895</Val>
</DBL>
<DBL>
<Name></Name>
<Val>1.56027129897012E-8</Val>
</DBL>
<DBL>
<Name></Name>
<Val>3.28700691678266E-6</Val>
</DBL>
<DBL>
<Name></Name>
<Val>1.19318414018888E-4</Val>
</DBL>
<DBL>
<Name></Name>
<Val>8.09616105299720E-6</Val>
</DBL>
<DBL>
<Name></Name>
<Val>2.49743061631558E-4</Val>
</DBL>
<DBL>
<Name></Name>
<Val>1.79922685976861E-3</Val>
</DBL>
<DBL>
<Name></Name>
<Val>1.99775939847458E-2</Val>
</DBL>
<DBL>
<Name></Name>
<Val>0.74611413905801</Val>
</DBL>
<DBL>
<Name></Name>
<Val>1.16947812045553E-2</Val>
</DBL>
<DBL>
<Name></Name>
<Val>0.22003379864659</Val>
</DBL>
<DBL>
<Name></Name>
<Val>1.14382450817004E-8</Val>
</DBL>
<DBL>
<Name></Name>
<Val>2.41381838274300E-6</Val>
</DBL>
<DBL>
<Name></Name>
<Val>8.76414060229606E-5</Val>
</DBL>
<DBL>
<Name></Name>
<Val>6.43634510080923E-6</Val>
</DBL>
<DBL>
<Name></Name>
<Val>2.26869753682228E-4</Val>
</DBL>
<DBL>
<Name></Name>
<Val>1.74565656939680E-3</Val>
</DBL>
<DBL>
<Name></Name>
<Val>1.94083639163271E-2</Val>
</DBL>
<DBL>
<Name></Name>
<Val>0.73729138506767</Val>
</DBL>
<DBL>
<Name></Name>
<Val>1.16036819495876E-2</Val>
</DBL>
<DBL>
<Name></Name>
<Val>0.22962753973559</Val>
</DBL>
<DBL>
<Name></Name>
<Val>8.39670371342357E-9</Val>
</DBL>
<DBL>
<Name></Name>
<Val>1.77600417053429E-6</Val>
</DBL>
<DBL>
<Name></Name>
<Val>6.45028509134273E-5</Val>
</DBL>
<DBL>
<Name></Name>
<Val>5.21618271451214E-6</Val>
</DBL>
<DBL>
<Name></Name>
<Val>2.09480034239723E-4</Val>
</DBL>
<DBL>
<Name></Name>
<Val>1.70027925483312E-3</Val>
</DBL>
<DBL>
<Name></Name>
<Val>1.89231845470400E-2</Val>
</DBL>
<DBL>
<Name></Name>
<Val>0.72847476654073</Val>
</DBL>
<DBL>
<Name></Name>
<Val>1.15116003246926E-2</Val>
</DBL>
<DBL>
<Name></Name>
<Val>0.23910918586396</Val>
</DBL>
<DBL>
<Name></Name>
<Val>6.17509982413221E-9</Val>
</DBL>
<DBL>
<Name></Name>
<Val>1.31006463549313E-6</Val>
</DBL>
<DBL>
<Name></Name>
<Val>4.75992537554935E-5</Val>
</DBL>
<DBL>
<Name></Name>
<Val>4.31758849711597E-6</Val>
</DBL>
<DBL>
<Name></Name>
<Val>1.96139539875338E-4</Val>
</DBL>
<DBL>
<Name></Name>
<Val>1.66120745446855E-3</Val>
</DBL>
<DBL>
<Name></Name>
<Val>1.85028846990827E-2</Val>
</DBL>
<DBL>
<Name></Name>
<Val>0.71968901770191</Val>
</DBL>
<DBL>
<Name></Name>
<Val>1.14190510517429E-2</Val>
</DBL>
<DBL>
<Name></Name>
<Val>0.24847846647094</Val>
</DBL>
<DBL>
<Name></Name>
<Val>4.55221741758898E-9</Val>
</DBL>
<DBL>
<Name></Name>
<Val>9.69634480495885E-7</Val>
</DBL>
<DBL>
<Name></Name>
<Val>3.52486751201803E-5</Val>
</DBL>
<DBL>
<Name></Name>
<Val>3.65421792971653E-6</Val>
</DBL>
<DBL>
<Name></Name>
<Val>1.85790497416236E-4</Val>
</DBL>
<DBL>
<Name></Name>
<Val>1.62699260177886E-3</Val>
</DBL>
<DBL>
<Name></Name>
<Val>1.81327073780644E-2</Val>
</DBL>
<DBL>
<Name></Name>
<Val>0.71095269675630</Val>
</DBL>
<DBL>
<Name></Name>
<Val>1.13264250698102E-2</Val>
</DBL>
<DBL>
<Name></Name>
<Val>0.25773551061688</Val>
</DBL>
<DBL>
<Name></Name>
<Val>3.36653708879469E-9</Val>
</DBL>
<DBL>
<Name></Name>
<Val>7.20858569001260E-7</Val>
</DBL>
<DBL>
<Name></Name>
<Val>2.62229882096926E-5</Val>
</DBL>
<DBL>
<Name></Name>
<Val>3.16293412472228E-6</Val>
</DBL>
<DBL>
<Name></Name>
<Val>1.77652896964049E-4</Val>
</DBL>
<DBL>
<Name></Name>
<Val>1.59652542052631E-3</Val>
</DBL>
<DBL>
<Name></Name>
<Val>1.78013214973362E-2</Val>
</DBL>
<DBL>
<Name></Name>
<Val>0.70227962310873</Val>
</DBL>
<DBL>
<Name></Name>
<Val>1.12340178277656E-2</Val>
</DBL>
<DBL>
<Name></Name>
<Val>0.26688074910124</Val>
</DBL>
<DBL>
<Name></Name>
<Val>2.50012264160615E-9</Val>
</DBL>
<DBL>
<Name></Name>
<Val>5.39015909920665E-7</Val>
</DBL>
<DBL>
<Name></Name>
<Val>1.96254131567593E-5</Val>
</DBL>
<DBL>
<Name></Name>
<Val>2.79756898687914E-6</Val>
</DBL>
<DBL>
<Name></Name>
<Val>1.71151581345107E-4</Val>
</DBL>
<DBL>
<Name></Name>
<Val>1.56895810934935E-3</Val>
</DBL>
<DBL>
<Name></Name>
<Val>1.75000454556584E-2</Val>
</DBL>
<DBL>
<Name></Name>
<Val>0.69367998993444</Val>
</DBL>
<DBL>
<Name></Name>
<Val>1.11420513364718E-2</Val>
</DBL>
<DBL>
<Name></Name>
<Val>0.27591483908457</Val>
</DBL>
<DBL>
<Name></Name>
<Val>1.86685852922320E-9</Val>
</DBL>
<DBL>
<Name></Name>
<Val>4.06054849326096E-7</Val>
</DBL>
<DBL>
<Name></Name>
<Val>1.48011052757544E-5</Val>
</DBL>
<DBL>
<Name></Name>
<Val>2.52436177844853E-6</Val>
</DBL>
<DBL>
<Name></Name>
<Val>1.65862460833389E-4</Val>
</DBL>
<DBL>
<Name></Name>
<Val>1.54364381203382E-3</Val>
</DBL>
<DBL>
<Name></Name>
<Val>1.72222402284704E-2</Val>
</DBL>
<DBL>
<Name></Name>
<Val>0.68516122260874</Val>
</DBL>
<DBL>
<Name></Name>
<Val>1.10506912873334E-2</Val>
</DBL>
<DBL>
<Name></Name>
<Val>0.28483860621383</Val>
</DBL>
<DBL>
<Name></Name>
<Val>1.40386266316825E-9</Val>
</DBL>
<DBL>
<Name></Name>
<Val>3.08793488412355E-7</Val>
</DBL>
<DBL>
<Name></Name>
<Val>1.12718744185737E-5</Val>
</DBL>
<DBL>
<Name></Name>
<Val>2.31862403053572E-6</Val>
</DBL>
<DBL>
<Name></Name>
<Val>1.61472840095499E-4</Val>
</DBL>
<DBL>
<Name></Name>
<Val>1.52008971287349E-3</Val>
</DBL>
<DBL>
<Name></Name>
<Val>1.69628370473674E-2</Val>
</DBL>
<DBL>
<Name></Name>
<Val>0.67672863910059</Val>
</DBL>
<DBL>
<Name></Name>
<Val>1.09600602933589E-2</Val>
</DBL>
<DBL>
<Name></Name>
<Val>0.29365300030992</Val>
</DBL>
<DBL>
<Name></Name>
<Val>1.06521706371890E-9</Val>
</DBL>
<DBL>
<Name></Name>
<Val>2.37605760607538E-7</Val>
</DBL>
<DBL>
<Name></Name>
<Val>8.68852168779450E-6</Val>
</DBL>
<DBL>
<Name></Name>
<Val>2.16230105021264E-6</Val>
</DBL>
<DBL>
<Name></Name>
<Val>1.57752157268597E-4</Val>
</DBL>
<DBL>
<Name></Name>
<Val>1.49792081281661E-3</Val>
</DBL>
<DBL>
<Name></Name>
<Val>1.67179712410846E-2</Val>
</DBL>
<DBL>
<Name></Name>
<Val>0.66838595666905</Val>
</DBL>
<DBL>
<Name></Name>
<Val>1.08702480983103E-2</Val>
</DBL>
<DBL>
<Name></Name>
<Val>0.30235906152776</Val>
</DBL>
<DBL>
<Name></Name>
<Val>8.17390555410945E-10</Val>
</DBL>
<DBL>
<Name></Name>
<Val>1.85462079939497E-7</Val>
</DBL>
<DBL>
<Name></Name>
<Val>6.79603831425851E-6</Val>
</DBL>
<DBL>
<Name></Name>
<Val>2.04218895161872E-6</Val>
</DBL>
<DBL>
<Name></Name>
<Val>1.54530404460176E-4</Val>
</DBL>
<DBL>
<Name></Name>
<Val>1.47685203853914E-3</Val>
</DBL>
<DBL>
<Name></Name>
<Val>1.64846993478127E-2</Val>
</DBL>
<DBL>
<Name></Name>
<Val>0.66013567969767</Val>
</DBL>
<DBL>
<Name></Name>
<Val>1.07813194256288E-2</Val>
</DBL>
<DBL>
<Name></Name>
<Val>0.31095789457915</Val>
</DBL>
<DBL>
<Name></Name>
<Val>6.35896739812620E-10</Val>
</DBL>
<DBL>
<Name></Name>
<Val>1.47228861486641E-7</Val>
</DBL>
<DBL>
<Name></Name>
<Val>5.40819521556681E-6</Val>
</DBL>
<DBL>
<Name></Name>
<Val>1.94863096639938E-6</Val>
</DBL>
<DBL>
<Name></Name>
<Val>1.51682214581089E-4</Val>
</DBL>
<DBL>
<Name></Name>
<Val>1.45666682565571E-3</Val>
</DBL>
<DBL>
<Name></Name>
<Val>1.62607812285293E-2</Val>
</DBL>
<DBL>
<Name></Name>
<Val>0.65197939589727</Val>
</DBL>
<DBL>
<Name></Name>
<Val>1.06933199971824E-2</Val>
</DBL>
<DBL>
<Name></Name>
<Val>0.31945064914584</Val>
</DBL>
<DBL>
<Name></Name>
<Val>5.02853817812242E-10</Val>
</DBL>
<DBL>
<Name></Name>
<Val>1.19157048287421E-7</Val>
</DBL>
<DBL>
<Name></Name>
<Val>4.38898885491921E-6</Val>
</DBL>
<DBL>
<Name></Name>
<Val>1.87456418072933E-6</Val>
</DBL>
<DBL>
<Name></Name>
<Val>1.49115127657235E-4</Val>
</DBL>
<DBL>
<Name></Name>
<Val>1.43720071345586E-3</Val>
</DBL>
<DBL>
<Name></Name>
<Val>1.60445127053747E-2</Val>
</DBL>
<DBL>
<Name></Name>
<Val>0.64391800206929</Val>
</DBL>
<DBL>
<Name></Name>
<Val>1.06062811377433E-2</Val>
</DBL>
<DBL>
<Name></Name>
<Val>0.32783850503355</Val>
</DBL>
<DBL>
<Name></Name>
<Val>4.05202853334334E-10</Val>
</DBL>
<DBL>
<Name></Name>
<Val>9.85086378370436E-8</Val>
</DBL>
<DBL>
<Name></Name>
<Val>3.63909311669732E-6</Val>
</DBL>
<DBL>
<Name></Name>
<Val>1.81482249265707E-6</Val>
</DBL>
<DBL>
<Name></Name>
<Val>1.46760939637063E-4</Val>
</DBL>
<DBL>
<Name></Name>
<Val>1.41832880633182E-3</Val>
</DBL>
<DBL>
<Name></Name>
<Val>1.58345973267703E-2</Val>
</DBL>
<DBL>
<Name></Name>
<Val>0.63595187585903</Val>
</DBL>
<DBL>
<Name></Name>
<Val>1.05202232899526E-2</Val>
</DBL>
<DBL>
<Name></Name>
<Val>0.33612266094883</Val>
</DBL>
<DBL>
<Name></Name>
<Val>3.33406778783694E-10</Val>
</DBL>
<DBL>
<Name></Name>
<Val>8.32839686949589E-8</Val>
</DBL>
<DBL>
<Name></Name>
<Val>3.08596632583114E-6</Val>
</DBL>
<DBL>
<Name></Name>
<Val>1.76562691278741E-6</Val>
</DBL>
<DBL>
<Name></Name>
<Val>1.44569324432863E-4</Val>
</DBL>
<DBL>
<Name></Name>
<Val>1.39995620988851E-3</Val>
</DBL>
<DBL>
<Name></Name>
<Val>1.56300483322501E-2</Val>
</DBL>
<DBL>
<Name></Name>
<Val>0.62808100619197</Val>
</DBL>
<DBL>
<Name></Name>
<Val>1.04351586922760E-2</Val>
</DBL>
<DBL>
<Name></Name>
<Val>0.34430432603857</Val>
</DBL>
<DBL>
<Name></Name>
<Val>2.80500408599250E-10</Val>
</DBL>
<DBL>
<Name></Name>
<Val>7.20225785194436E-8</Val>
</DBL>
<DBL>
<Name></Name>
<Val>2.67662713044498E-6</Val>
</DBL>
<DBL>
<Name></Name>
<Val>1.72421284934805E-6</Val>
</DBL>
<DBL>
<Name></Name>
<Val>1.42503132246642E-4</Val>
</DBL>
<DBL>
<Name></Name>
<Val>1.38201074949886E-3</Val>
</DBL>
<DBL>
<Name></Name>
<Val>1.54301138578733E-2</Val>
</DBL>
<DBL>
<Name></Name>
<Val>0.62030509216966</Val>
</DBL>
<DBL>
<Name></Name>
<Val>1.03510934155355E-2</Val>
</DBL>
<DBL>
<Name></Name>
<Val>0.35238471353214</Val>
</DBL>
<DBL>
<Name></Name>
<Val>2.41396743397346E-10</Val>
</DBL>
<DBL>
<Name></Name>
<Val>6.36577825232233E-8</Val>
</DBL>
<DBL>
<Name></Name>
<Val>2.37237914231339E-6</Val>
</DBL>
<DBL>
<Name></Name>
<Val>1.68855755732626E-6</Val>
</DBL>
<DBL>
<Name></Name>
<Val>1.40534923883932E-4</Val>
</DBL>
<DBL>
<Name></Name>
<Val>1.36443743600061E-3</Val>
</DBL>
<DBL>
<Name></Name>
<Val>1.52342199792125E-2</Val>
</DBL>
<DBL>
<Name></Name>
<Val>0.61262361793497</Val>
</DBL>
<DBL>
<Name></Name>
<Val>1.02680289090143E-2</Val>
</DBL>
<DBL>
<Name></Name>
<Val>0.36036503598104</Val>
</DBL>
<DBL>
<Name></Name>
<Val>2.12380410441401E-10</Val>
</DBL>
<DBL>
<Name></Name>
<Val>5.74104784062842E-8</Val>
</DBL>
<DBL>
<Name></Name>
<Val>2.14495855825050E-6</Val>
</DBL>
<DBL>
<Name></Name>
<Val>1.65718082972902E-6</Val>
</DBL>
<DBL>
<Name></Name>
<Val>1.38644416331814E-4</Val>
</DBL>
<DBL>
<Name></Name>
<Val>1.34719426589123E-3</Val>
</DBL>
<DBL>
<Name></Name>
<Val>1.50419274121385E-2</Val>
</DBL>
<DBL>
<Name></Name>
<Val>0.60503590926075</Val>
</DBL>
<DBL>
<Name></Name>
<Val>1.01859631723556E-2</Val>
</DBL>
<DBL>
<Name></Name>
<Val>0.36824650171029</Val>
</DBL>
<DBL>
<Name></Name>
<Val>1.90737748983785E-10</Val>
</DBL>
<DBL>
<Name></Name>
<Val>5.27115949721658E-8</Val>
</DBL>
<DBL>
<Name></Name>
<Val>1.97372086380926E-6</Val>
</DBL>
<DBL>
<Name></Name>
<Val>1.62899924605055E-6</Val>
</DBL>
<DBL>
<Name></Name>
<Val>1.36816600134984E-4</Val>
</DBL>
<DBL>
<Name></Name>
<Val>1.33024903882933E-3</Val>
</DBL>
<DBL>
<Name></Name>
<Val>1.48528986482349E-2</Val>
</DBL>
<DBL>
<Name></Name>
<Val>0.59754117626060</Val>
</DBL>
<DBL>
<Name></Name>
<Val>1.01048916424763E-2</Val>
</DBL>
<DBL>
<Name></Name>
<Val>0.37603031218729</Val>
</DBL>
<DBL>
<Name></Name>
<Val>1.74486674414199E-10</Val>
</DBL>
<DBL>
<Name></Name>
<Val>4.91454571988345E-8</Val>
</DBL>
<DBL>
<Name></Name>
<Val>1.84358630753070E-6</Val>
</DBL>
<DBL>
<Name></Name>
<Val>1.60321958436772E-6</Val>
</DBL>
<DBL>
<Name></Name>
<Val>1.35040351991904E-4</Val>
</DBL>
<DBL>
<Name></Name>
<Val>1.31357694924410E-3</Val>
</DBL>
<DBL>
<Name></Name>
<Val>1.46668730464649E-2</Val>
</DBL>
<DBL>
<Name></Name>
<Val>0.59013854557815</Val>
</DBL>
<DBL>
<Name></Name>
<Val>1.00248078638167E-2</Val>
</DBL>
<DBL>
<Name></Name>
<Val>0.38371766008450</Val>
</DBL>
<DBL>
<Name></Name>
<Val>1.62179403043550E-10</Val>
</DBL>
<DBL>
<Name></Name>
<Val>4.64084254546488E-8</Val>
</DBL>
<DBL>
<Name></Name>
<Val>1.74353946557809E-6</Val>
</DBL>
<DBL>
<Name></Name>
<Val>1.57926087230567E-6</Val>
</DBL>
<DBL>
<Name></Name>
<Val>1.33307412376719E-4</Val>
</DBL>
<DBL>
<Name></Name>
<Val>1.29715876601622E-3</Val>
</DBL>
<DBL>
<Name></Name>
<Val>1.44836479803077E-2</Val>
</DBL>
<DBL>
<Name></Name>
<Val>0.58282708461033</Val>
</DBL>
<DBL>
<Name></Name>
<Val>9.94570399413501E-3</Val>
</DBL>
<DBL>
<Name></Name>
<Val>0.39130972786590</Val>
</DBL>
<DBL>
<Name></Name>
<Val>1.52758382477518E-10</Val>
</DBL>
<DBL>
<Name></Name>
<Val>4.42786888358594E-8</Val>
</DBL>
<DBL>
<Name></Name>
<Val>1.66553343851518E-6</Val>
</DBL>
<DBL>
<Name></Name>
<Val>1.55669738090130E-6</Val>
</DBL>
<DBL>
<Name></Name>
<Val>1.31611632200218E-4</Val>
</DBL>
<DBL>
<Name></Name>
<Val>1.28097945821891E-3</Val>
</DBL>
<DBL>
<Name></Name>
<Val>1.43030645859670E-2</Val>
</DBL>
<DBL>
<Name></Name>
<Val>0.57560581970739</Val>
</DBL>
<DBL>
<Name></Name>
<Val>9.86757118565822E-3</Val>
</DBL>
<DBL>
<Name></Name>
<Val>0.39880768676830</Val>
</DBL>
<DBL>
<Name></Name>
<Val>1.45451075584468E-10</Val>
</DBL>
<DBL>
<Name></Name>
<Val>4.25942041108663E-8</Val>
</DBL>
<DBL>
<Name></Name>
<Val>1.60368954282261E-6</Val>
</DBL>
<DBL>
<Name></Name>
<Val>1.53521693376960E-6</Val>
</DBL>
<DBL>
<Name></Name>
<Val>1.29948417748652E-4</Val>
</DBL>
<DBL>
<Name></Name>
<Val>1.26502715872239E-3</Val>
</DBL>
<DBL>
<Name></Name>
<Val>1.41249970011700E-2</Val>
</DBL>
<DBL>
<Name></Name>
<Val>0.56847374982453</Val>
</DBL>
<DBL>
<Name></Name>
<Val>9.79039987189324E-3</Val>
</DBL>
<DBL>
<Name></Name>
<Val>0.40621269607981</Val>
</DBL>
<DBL>
<Name></Name>
<Val>1.39693118084171E-10</Val>
</DBL>
<DBL>
<Name></Name>
<Val>4.12365833512291E-8</Val>
</DBL>
<DBL>
<Name></Name>
<Val>1.55371280105979E-6</Val>
</DBL>
<DBL>
<Name></Name>
<Val>1.51459041637925E-6</Val>
</DBL>
<DBL>
<Name></Name>
<Val>1.28314321739641E-4</Val>
</DBL>
<DBL>
<Name></Name>
<Val>1.24929238337284E-3</Val>
</DBL>
<DBL>
<Name></Name>
<Val>1.39493442483078E-2</Val>
</DBL>
<DBL>
<Name></Name>
<Val>0.56142985674228</Val>
</DBL>
<DBL>
<Name></Name>
<Val>9.71417998312757E-3</Val>
</DBL>
<DBL>
<Name></Name>
<Val>0.41352590264168</Val>
</DBL>
<DBL>
<Name></Name>
<Val>1.35072197003377E-10</Val>
</DBL>
<DBL>
<Name></Name>
<Val>4.01193259480215E-8</Val>
</DBL>
<DBL>
<Name></Name>
<Val>1.51246503240442E-6</Val>
</DBL>
<DBL>
<Name></Name>
<Val>1.49464947613736E-6</Val>
</DBL>
<DBL>
<Name></Name>
<Val>1.26706742048447E-4</Val>
</DBL>
<DBL>
<Name></Name>
<Val>1.23376744326250E-3</Val>
</DBL>
<DBL>
<Name></Name>
<Val>1.37760241181761E-2</Val>
</DBL>
<DBL>
<Name></Name>
<Val>0.55447311270185</Val>
</DBL>
<DBL>
<Name></Name>
<Val>9.63890110809098E-3</Val>
</DBL>
<DBL>
<Name></Name>
<Val>0.42074844051767</Val>
</DBL>
<DBL>
<Name></Name>
<Val>1.31287061630852E-10</Val>
</DBL>
<DBL>
<Name></Name>
<Val>3.91792234460545E-8</Val>
</DBL>
<DBL>
<Name></Name>
<Val>1.47765304320024E-6</Val>
</DBL>
<DBL>
<Name></Name>
<Val>1.47527021264413E-6</Val>
</DBL>
<DBL>
<Name></Name>
<Val>1.25123699768493E-4</Val>
</DBL>
<DBL>
<Name></Name>
<Val>1.21844600271748E-3</Val>
</DBL>
<DBL>
<Name></Name>
<Val>1.36049685654213E-2</Val>
</DBL>
<DBL>
<Name></Name>
<Val>0.54760248609446</Val>
</DBL>
<DBL>
<Name></Name>
<Val>9.56455261501603E-3</Val>
</DBL>
<DBL>
<Name></Name>
<Val>0.42788143078885</Val>
</DBL>
<DBL>
<Name></Name>
<Val>1.28117586017132E-10</Val>
</DBL>
<DBL>
<Name></Name>
<Val>3.83700816206549E-8</Val>
</DBL>
<DBL>
<Name></Name>
<Val>1.44760088014064E-6</Val>
</DBL>
<DBL>
<Name></Name>
<Val>1.45636124880693E-6</Val>
</DBL>
<DBL>
<Name></Name>
<Val>1.23563675723250E-4</Val>
</DBL>
<DBL>
<Name></Name>
<Val>1.20332274713512E-3</Val>
</DBL>
<DBL>
<Name></Name>
<Val>1.34361202449601E-2</Val>
</DBL>
<DBL>
<Name></Name>
<Val>0.54081694568760</Val>
</DBL>
<DBL>
<Name></Name>
<Val>9.49112374211267E-3</Val>
</DBL>
<DBL>
<Name></Name>
<Val>0.43492598144214</Val>
</DBL>
<DBL>
<Name></Name>
<Val>1.25402902799728E-10</Val>
</DBL>
<DBL>
<Name></Name>
<Val>3.76581349714518E-8</Val>
</DBL>
<DBL>
<Name></Name>
<Val>1.42108347946716E-6</Val>
</DBL>
<DBL>
<Name></Name>
<Val>1.43785500591540E-6</Val>
</DBL>
<DBL>
<Name></Name>
<Val>1.22025490040667E-4</Val>
</DBL>
<DBL>
<Name></Name>
<Val>1.18839313354906E-3</Val>
</DBL>
<DBL>
<Name></Name>
<Val>1.32694299086322E-2</Val>
</DBL>
<DBL>
<Name></Name>
<Val>0.53411546375207</Val>
</DBL>
<DBL>
<Name></Name>
<Val>9.41860366502565E-3</Val>
</DBL>
<DBL>
<Name></Name>
<Val>0.44188318732866</Val>
</DBL>
<DBL>
<Name></Name>
<Val>1.23025431926084E-10</Val>
</DBL>
<DBL>
<Name></Name>
<Val>3.70186973138293E-8</Val>
</DBL>
<DBL>
<Name></Name>
<Val>1.39720515836476E-6</Val>
</DBL>
<DBL>
<Name></Name>
<Val>1.41970132198976E-6</Val>
</DBL>
<DBL>
<Name></Name>
<Val>1.20508213450651E-4</Val>
</DBL>
<DBL>
<Name></Name>
<Val>1.17365320343851E-3</Val>
</DBL>
<DBL>
<Name></Name>
<Val>1.31048544497739E-2</Val>
</DBL>
<DBL>
<Name></Name>
<Val>0.52749701836420</Val>
</DBL>
<DBL>
<Name></Name>
<Val>9.34698154698753E-3</Val>
</DBL>
<DBL>
<Name></Name>
<Val>0.44875413017395</Val>
</DBL>
<DBL>
<Name></Name>
<Val>1.20899214813321E-10</Val>
</DBL>
<DBL>
<Name></Name>
<Val>3.64337152039379E-8</Val>
</DBL>
<DBL>
<Name></Name>
<Val>1.37531085875310E-6</Val>
</DBL>
<DBL>
<Name></Name>
<Val>1.40186278395377E-6</Val>
</DBL>
<DBL>
<Name></Name>
<Val>1.19011101950627E-4</Val>
</DBL>
<DBL>
<Name></Name>
<Val>1.15909944232844E-3</Val>
</DBL>
<DBL>
<Name></Name>
<Val>1.29423554353421E-2</Val>
</DBL>
<DBL>
<Name></Name>
<Val>0.52096059508959</Val>
</DBL>
<DBL>
<Name></Name>
<Val>9.27624657597450E-3</Val>
</DBL>
<DBL>
<Name></Name>
<Val>0.45553987862656</Val>
</DBL>
<DBL>
<Name></Name>
<Val>1.18961393124345E-10</Val>
</DBL>
<DBL>
<Name></Name>
<Val>3.58899807988514E-8</Val>
</DBL>
<DBL>
<Name></Name>
<Val>1.35492131369891E-6</Val>
</DBL>
<DBL>
<Name></Name>
<Val>1.38431131328808E-6</Val>
</DBL>
<DBL>
<Name></Name>
<Val>1.17533548683550E-4</Val>
</DBL>
<DBL>
<Name></Name>
<Val>1.14472867453523E-3</Val>
</DBL>
<DBL>
<Name></Name>
<Val>1.27818980045859E-2</Val>
</DBL>
<DBL>
<Name></Name>
<Val>0.51450518820366</Val>
</DBL>
<DBL>
<Name></Name>
<Val>9.20638799210937E-3</Val>
</DBL>
<DBL>
<Name></Name>
<Val>0.46224148833486</Val>
</DBL>
<DBL>
<Name></Name>
<Val>1.17165984367440E-10</Val>
</DBL>
<DBL>
<Name></Name>
<Val>3.53778263826876E-8</Val>
</DBL>
<DBL>
<Name></Name>
<Val>1.33568568748971E-6</Val>
</DBL>
<DBL>
<Name></Name>
<Val>1.36702566848760E-6</Val>
</DBL>
<DBL>
<Name></Name>
<Val>1.16075048493503E-4</Val>
</DBL>
<DBL>
<Name></Name>
<Val>1.13053798429017E-3</Val>
</DBL>
<DBL>
<Name></Name>
<Val>1.26234500430691E-2</Val>
</DBL>
<DBL>
<Name></Name>
<Val>0.50812980156557</Val>
</DBL>
<DBL>
<Name></Name>
<Val>9.13739510775298E-3</Val>
</DBL>
<DBL>
<Name></Name>
<Val>0.46886000204449</Val>
</DBL>
<DBL>
<Name></Name>
<Val>1.15479335129191E-10</Val>
</DBL>
<DBL>
<Name></Name>
<Val>3.48901707198242E-8</Val>
</DBL>
<DBL>
<Name></Name>
<Val>1.31734697917044E-6</Val>
</DBL>
<DBL>
<Name></Name>
<Val>1.34998961808760E-6</Val>
</DBL>
<DBL>
<Name></Name>
<Val>1.14635171818215E-4</Val>
</DBL>
<DBL>
<Name></Name>
<Val>1.11652465664560E-3</Val>
</DBL>
<DBL>
<Name></Name>
<Val>1.24669815633727E-2</Val>
</DBL>
<DBL>
<Name></Name>
<Val>0.50183344923306</Val>
</DBL>
<DBL>
<Name></Name>
<Val>9.06925732211965E-3</Val>
</DBL>
<DBL>
<Name></Name>
<Val>0.47539644971074</Val>
</DBL>
<DBL>
<Name></Name>
<Val>1.13876799701949E-10</Val>
</DBL>
<DBL>
<Name></Name>
<Val>3.44218224015649E-8</Val>
</DBL>
<DBL>
<Name></Name>
<Val>1.29971674922818E-6</Val>
</DBL>
<DBL>
<Name></Name>
<Val>1.33319060416584E-6</Val>
</DBL>
<DBL>
<Name></Name>
<Val>1.13213545457753E-4</Val>
</DBL>
<DBL>
<Name></Name>
<Val>1.10268613320789E-3</Val>
</DBL>
<DBL>
<Name></Name>
<Val>1.23124642408221E-2</Val>
</DBL>
<DBL>
<Name></Name>
<Val>0.49561515588401</Val>
</DBL>
<DBL>
<Name></Name>
<Val>9.00196413179515E-3</Val>
</DBL>
<DBL>
<Name></Name>
<Val>0.48185184862166</Val>
</DBL>
<DBL>
<Name></Name>
<Val>1.12340313796313E-10</Val>
</DBL>
<DBL>
<Name></Name>
<Val>3.39689709187312E-8</Val>
</DBL>
<DBL>
<Name></Name>
<Val>1.28265665657376E-6</Val>
</DBL>
<DBL>
<Name></Name>
<Val>1.31661876460160E-6</Val>
</DBL>
<DBL>
<Name></Name>
<Val>1.11809838406888E-4</Val>
</DBL>
<DBL>
<Name></Name>
<Val>1.08901997897514E-3</Val>
</DBL>
<DBL>
<Name></Name>
<Val>1.21598710654115E-2</Val>
</DBL>
<DBL>
<Name></Name>
<Val>0.48947395709370</Val>
</DBL>
<DBL>
<Name></Name>
<Val>8.93550513819212E-3</Val>
</DBL>
<DBL>
<Name></Name>
<Val>0.48822720352859</Val>
</DBL>
<DBL>
<Name></Name>
<Val>1.10856622079430E-10</Val>
</DBL>
<DBL>
<Name></Name>
<Val>3.35288148653271E-8</Val>
</DBL>
<DBL>
<Name></Name>
<Val>1.26606497036165E-6</Val>
</DBL>
<DBL>
<Name></Name>
<Val>1.30026621775106E-6</Val>
</DBL>
<DBL>
<Name></Name>
<Val>1.10423751416202E-4</Val>
</DBL>
<DBL>
<Name></Name>
<Val>1.07552385748737E-3</Val>
</DBL>
<DBL>
<Name></Name>
<Val>1.20091760807697E-2</Val>
</DBL>
<DBL>
<Name></Name>
<Val>0.48340889950489</Val>
</DBL>
<DBL>
<Name></Name>
<Val>8.86987005271904E-3</Val>
</DBL>
<DBL>
<Name></Name>
<Val>0.49452350678186</Val>
</DBL>
<DBL>
<Name></Name>
<Val>1.09415983318758E-10</Val>
</DBL>
<DBL>
<Name></Name>
<Val>3.30992903166386E-8</Val>
</DBL>
<DBL>
<Name></Name>
<Val>1.24986671594646E-6</Val>
</DBL>
<DBL>
<Name></Name>
<Val>1.28412653907319E-6</Val>
</DBL>
<DBL>
<Name></Name>
<Val>1.09055009298795E-4</Val>
</DBL>
<DBL>
<Name></Name>
<Val>1.06219551219517E-3</Val>
</DBL>
<DBL>
<Name></Name>
<Val>1.18603541882856E-2</Val>
</DBL>
<DBL>
<Name></Name>
<Val>0.47741904091814</Val>
</DBL>
<DBL>
<Name></Name>
<Val>8.80504870024443E-3</Val>
</DBL>
<DBL>
<Name></Name>
<Val>0.50074173846988</Val>
</DBL>
<DBL>
<Name></Name>
<Val>1.08011224413724E-10</Val>
</DBL>
<DBL>
<Name></Name>
<Val>3.26788723864799E-8</Val>
</DBL>
<DBL>
<Name></Name>
<Val>1.23400647564664E-6</Val>
</DBL>
<DBL>
<Name></Name>
<Val>1.26819437816528E-6</Val>
</DBL>
<DBL>
<Name></Name>
<Val>1.07703355258588E-4</Val>
</DBL>
<DBL>
<Name></Name>
<Val>1.04903275247827E-3</Val>
</DBL>
<DBL>
<Name></Name>
<Val>1.17133809999884E-2</Val>
</DBL>
<DBL>
<Name></Name>
<Val>0.47150345032310</Val>
</DBL>
<DBL>
<Name></Name>
<Val>8.74103102129168E-3</Val>
</DBL>
<DBL>
<Name></Name>
<Val>0.50688286656015</Val>
</DBL>
<DBL>
<Name></Name>
<Val>1.06637049293400E-10</Val>
</DBL>
<DBL>
<Name></Name>
<Val>3.22664302442196E-8</Val>
</DBL>
<DBL>
<Name></Name>
<Val>1.21844312893790E-6</Val>
</DBL>
<DBL>
<Name></Name>
<Val>1.25246517850820E-6</Val>
</DBL>
<DBL>
<Name></Name>
<Val>1.06368546707081E-4</Val>
</DBL>
<DBL>
<Name></Name>
<Val>1.03603344313902E-3</Val>
</DBL>
<DBL>
<Name></Name>
<Val>1.15682327278879E-2</Val>
</DBL>
<DBL>
<Name></Name>
<Val>0.46566120788618</Val>
</DBL>
<DBL>
<Name></Name>
<Val>8.67780707329074E-3</Val>
</DBL>
<DBL>
<Name></Name>
<Val>0.51294784704143</Val>
</DBL>
<DBL>
<Name></Name>
<Val>1.05289534000345E-10</Val>
</DBL>
<DBL>
<Name></Name>
<Val>3.18611211867857E-8</Val>
</DBL>
<DBL>
<Name></Name>
<Val>1.20314600949923E-6</Val>
</DBL>
<DBL>
<Name></Name>
<Val>1.23693497234601E-6</Val>
</DBL>
<DBL>
<Name></Name>
<Val>1.05050352175984E-4</Val>
</DBL>
<DBL>
<Name></Name>
<Val>1.02319549649196E-3</Val>
</DBL>
<DBL>
<Name></Name>
<Val>1.14248861005678E-2</Val>
</DBL>
<DBL>
<Name></Name>
<Val>0.45989140490608</Val>
</DBL>
<DBL>
<Name></Name>
<Val>8.61536703113030E-3</Val>
</DBL>
<DBL>
<Name></Name>
<Val>0.51893762406617</Val>
</DBL>
<DBL>
<Name></Name>
<Val>1.03965757791133E-10</Val>
</DBL>
<DBL>
<Name></Name>
<Val>3.14623132428591E-8</Val>
</DBL>
<DBL>
<Name></Name>
<Val>1.18809209736398E-6</Val>
</DBL>
<DBL>
<Name></Name>
<Val>1.22160023052864E-6</Val>
</DBL>
<DBL>
<Name></Name>
<Val>1.03748549036670E-4</Val>
</DBL>
<DBL>
<Name></Name>
<Val>1.01051686639204E-3</Val>
</DBL>
<DBL>
<Name></Name>
<Val>1.12833183001438E-2</Val>
</DBL>
<DBL>
<Name></Name>
<Val>0.45419314374586</Val>
</DBL>
<DBL>
<Name></Name>
<Val>8.55370118719272E-3</Val>
</DBL>
<DBL>
<Name></Name>
<Val>0.52485313009277</Val>
</DBL>
<DBL>
<Name></Name>
<Val>1.02663533604883E-10</Val>
</DBL>
<DBL>
<Name></Name>
<Val>3.10695286221271E-8</Val>
</DBL>
<DBL>
<Name></Name>
<Val>1.17326396730122E-6</Val>
</DBL>
<DBL>
<Name></Name>
<Val>1.20645775256314E-6</Val>
</DBL>
<DBL>
<Name></Name>
<Val>1.02462921813638E-4</Val>
</DBL>
<DBL>
<Name></Name>
<Val>9.97995543710046E-4</Val>
</DBL>
<DBL>
<Name></Name>
<Val>1.11435069144327E-2</Val>
</DBL>
<DBL>
<Name></Name>
<Val>0.44856553774791</Val>
</DBL>
<DBL>
<Name></Name>
<Val>8.49279995100790E-3</Val>
</DBL>
<DBL>
<Name></Name>
<Val>0.53069528602721</Val>
</DBL>
<DBL>
<Name></Name>
<Val>1.01381211127367E-10</Val>
</DBL>
<DBL>
<Name></Name>
<Val>3.06824023938656E-8</Val>
</DBL>
<DBL>
<Name></Name>
<Val>1.15864828969755E-6</Val>
</DBL>
<DBL>
<Name></Name>
<Val>1.19150458608028E-6</Val>
</DBL>
<DBL>
<Name></Name>
<Val>1.01193260935302E-4</Val>
</DBL>
<DBL>
<Name></Name>
<Val>9.85629552888104E-4</Val>
</DBL>
<DBL>
<Name></Name>
<Val>1.10054299004805E-2</Val>
</DBL>
<DBL>
<Name></Name>
<Val>0.44300771113663</Val>
</DBL>
<DBL>
<Name></Name>
<Val>8.43265384862749E-3</Val>
</DBL>
<DBL>
<Name></Name>
<Val>0.53646500136378</Val>
</DBL>
<DBL>
<Name></Name>
<Val>1.00117532892670E-10</Val>
</DBL>
<DBL>
<Name></Name>
<Val>3.03006522922597E-8</Val>
</DBL>
<DBL>
<Name></Name>
<Val>1.14423473510417E-6</Val>
</DBL>
<DBL>
<Name></Name>
<Val>1.17673796782140E-6</Val>
</DBL>
<DBL>
<Name></Name>
<Val>9.99393618067712E-5</Val>
</DBL>
<DBL>
<Name></Name>
<Val>9.73416949301345E-4</Val>
</DBL>
<DBL>
<Name></Name>
<Val>1.08690655565720E-2</Val>
</DBL>
<DBL>
<Name></Name>
<Val>0.43751879891233</Val>
</DBL>
<DBL>
<Name></Name>
<Val>8.37325352179550E-3</Val>
</DBL>
<DBL>
<Name></Name>
<Val>0.54216317432473</Val>
</DBL>
<DBL>
<Name></Name>
<Val>9.88715291343440E-11</Val>
</DBL>
<DBL>
<Name></Name>
<Val>2.99240566512385E-8</Val>
</DBL>
<DBL>
<Name></Name>
<Val>1.13001517371409E-6</Val>
</DBL>
<DBL>
<Name></Name>
<Val>1.16215528036984E-6</Val>
</DBL>
<DBL>
<Name></Name>
<Val>9.87010241196986E-5</Val>
</DBL>
<DBL>
<Name></Name>
<Val>9.61355817220955E-4</Val>
</DBL>
<DBL>
<Name></Name>
<Val>1.07343925005726E-2</Val>
</DBL>
<DBL>
<Name></Name>
<Val>0.43209794673909</Val>
</DBL>
<DBL>
<Name></Name>
<Val>8.31458972697140E-3</Val>
</DBL>
<DBL>
<Name></Name>
<Val>0.54779069199865</Val>
</DBL>
<DBL>
<Name></Name>
<Val>9.76424409477805E-11</Val>
</DBL>
<DBL>
<Name></Name>
<Val>2.95524382791011E-8</Val>
</DBL>
<DBL>
<Name></Name>
<Val>1.11598309032937E-6</Val>
</DBL>
<DBL>
<Name></Name>
<Val>1.14775402040192E-6</Val>
</DBL>
<DBL>
<Name></Name>
<Val>9.74780513367080E-5</Val>
</DBL>
<DBL>
<Name></Name>
<Val>9.49444268226124E-4</Val>
</DBL>
<DBL>
<Name></Name>
<Val>1.06013896529989E-2</Val>
</DBL>
<DBL>
<Name></Name>
<Val>0.42674431082848</Val>
</DBL>
<DBL>
<Name></Name>
<Val>8.25665333424816E-3</Val>
</DBL>
<DBL>
<Name></Name>
<Val>0.55334843047753</Val>
</DBL>
<DBL>
<Name></Name>
<Val>9.64296641378157E-11</Val>
</DBL>
<DBL>
<Name></Name>
<Val>2.91856526731201E-8</Val>
</DBL>
<DBL>
<Name></Name>
<Val>1.10213315677922E-6</Val>
</DBL>
<DBL>
<Name></Name>
<Val>1.13353177536672E-6</Val>
</DBL>
<DBL>
<Name></Name>
<Val>9.62702503043884E-5</Val>
</DBL>
<DBL>
<Name></Name>
<Val>9.37680439951066E-4</Val>
</DBL>
<DBL>
<Name></Name>
<Val>1.04700362236209E-2</Val>
</DBL>
<DBL>
<Name></Name>
<Val>0.42145705782063</Val>
</DBL>
<DBL>
<Name></Name>
<Val>8.19943532619631E-3</Val>
</DBL>
<DBL>
<Name></Name>
<Val>0.55883725499229</Val>
</DBL>
<DBL>
<Name></Name>
<Val>9.52327081800973E-11</Val>
</DBL>
<DBL>
<Name></Name>
<Val>2.88235794052768E-8</Val>
</DBL>
<DBL>
<Name></Name>
<Val>1.08846091938436E-6</Val>
</DBL>
<DBL>
<Name></Name>
<Val>1.11948620633353E-6</Val>
</DBL>
<DBL>
<Name></Name>
<Val>9.50774309609938E-5</Val>
</DBL>
<DBL>
<Name></Name>
<Val>9.26062495082297E-4</Val>
</DBL>
<DBL>
<Name></Name>
<Val>1.03403117007037E-2</Val>
</DBL>
<DBL>
<Name></Name>
<Val>0.41623536466372</Val>
</DBL>
<DBL>
<Name></Name>
<Val>8.14292679665731E-3</Val>
</DBL>
<DBL>
<Name></Name>
<Val>0.56425802004694</Val>
</DBL>
<DBL>
<Name></Name>
<Val>9.40511662256403E-11</Val>
</DBL>
<DBL>
<Name></Name>
<Val>2.84661158251313E-8</Val>
</DBL>
<DBL>
<Name></Name>
<Val>1.07496257048581E-6</Val>
</DBL>
<DBL>
<Name></Name>
<Val>1.10561503535272E-6</Val>
</DBL>
<DBL>
<Name></Name>
<Val>9.38994061139257E-5</Val>
</DBL>
<DBL>
<Name></Name>
<Val>9.14588620542962E-4</Val>
</DBL>
<DBL>
<Name></Name>
<Val>1.02121958422231E-2</Val>
</DBL>
<DBL>
<Name></Name>
<Val>0.41107841849269</Val>
</DBL>
<DBL>
<Name></Name>
<Val>8.08711894950359E-3</Val>
</DBL>
<DBL>
<Name></Name>
<Val>0.56961156955115</Val>
</DBL>
<DBL>
<Name></Name>
<Val>9.28846931745204E-11</Val>
</DBL>
<DBL>
<Name></Name>
<Val>2.81131724558576E-8</Val>
</DBL>
<DBL>
<Name></Name>
<Val>1.06163478140089E-6</Val>
</DBL>
<DBL>
<Name></Name>
<Val>1.09191603611984E-6</Val>
</DBL>
<DBL>
<Name></Name>
<Val>9.27359912686545E-5</Val>
</DBL>
<DBL>
<Name></Name>
<Val>9.03257026817153E-4</Val>
</DBL>
<DBL>
<Name></Name>
<Val>1.00856686685599E-2</Val>
</DBL>
<DBL>
<Name></Name>
<Val>0.40598541650780</Val>
</DBL>
<DBL>
<Name></Name>
<Val>8.03200309737795E-3</Val>
</DBL>
<DBL>
<Name></Name>
<Val>0.57489873695131</Val>
</DBL>
<DBL>
<Name></Name>
<Val>9.17329896457435E-11</Val>
</DBL>
<DBL>
<Name></Name>
<Val>2.77646696275350E-8</Val>
</DBL>
<DBL>
<Name></Name>
<Val>1.04847458026639E-6</Val>
</DBL>
<DBL>
<Name></Name>
<Val>1.07838702705765E-6</Val>
</DBL>
<DBL>
<Name></Name>
<Val>9.15870044955813E-5</Val>
</DBL>
<DBL>
<Name></Name>
<Val>8.92065947379160E-4</Val>
</DBL>
<DBL>
<Name></Name>
<Val>9.96071045630356E-3</Val>
</DBL>
<DBL>
<Name></Name>
<Val>0.40095556585338</Val>
</DBL>
<DBL>
<Name></Name>
<Val>7.97757066042195E-3</Val>
</DBL>
<DBL>
<Name></Name>
<Val>0.58012034536001</Val>
</DBL>
<DBL>
<Name></Name>
<Val>9.05957902556098E-11</Val>
</DBL>
<DBL>
<Name></Name>
<Val>2.74205350145701E-8</Val>
</DBL>
<DBL>
<Name></Name>
<Val>1.03547926268355E-6</Val>
</DBL>
<DBL>
<Name></Name>
<Val>1.06502586616832E-6</Val>
</DBL>
<DBL>
<Name></Name>
<Val>9.04522663249023E-5</Val>
</DBL>
<DBL>
<Name></Name>
<Val>8.81013638201553E-4</Val>
</DBL>
<DBL>
<Name></Name>
<Val>9.83730173288959E-3</Val>
</DBL>
<DBL>
<Name></Name>
<Val>0.39598808349727</Val>
</DBL>
<DBL>
<Name></Name>
<Val>7.92381316500012E-3</Val>
</DBL>
<DBL>
<Name></Name>
<Val>0.58527720768406</Val>
</DBL>
<DBL>
<Name></Name>
<Val>8.94728550444973E-11</Val>
</DBL>
<DBL>
<Name></Name>
<Val>2.70807018338395E-8</Val>
</DBL>
<DBL>
<Name></Name>
<Val>1.02264632633394E-6</Val>
</DBL>
<DBL>
<Name></Name>
<Val>1.05183044718169E-6</Val>
</DBL>
<DBL>
<Name></Name>
<Val>8.93315996621672E-5</Val>
</DBL>
<DBL>
<Name></Name>
<Val>8.70098377322690E-4</Val>
</DBL>
<DBL>
<Name></Name>
<Val>9.71542327186664E-3</Val>
</DBL>
<DBL>
<Name></Name>
<Val>0.39108219611093</Val>
</DBL>
<DBL>
<Name></Name>
<Val>7.87072224242536E-3</Val>
</DBL>
<DBL>
<Name></Name>
<Val>0.59037012675085</Val>
</DBL>
<DBL>
<Name></Name>
<Val>8.83639632044159E-11</Val>
</DBL>
<DBL>
<Name></Name>
<Val>2.67451075256898E-8</Val>
</DBL>
<DBL>
<Name></Name>
<Val>1.00997342311346E-6</Val>
</DBL>
<DBL>
<Name></Name>
<Val>1.03879869665311E-6</Val>
</DBL>
<DBL>
<Name></Name>
<Val>8.82248297191466E-5</Val>
</DBL>
<DBL>
<Name></Name>
<Val>8.59318464459191E-4</Val>
</DBL>
<DBL>
<Name></Name>
<Val>9.59505608864035E-3</Val>
</DBL>
<DBL>
<Name></Name>
<Val>0.38623713995062</Val>
</DBL>
<DBL>
<Name></Name>
<Val>7.81828962768902E-3</Val>
</DBL>
<DBL>
<Name></Name>
<Val>0.59539989543328</Val>
</DBL>
<DBL>
<Name></Name>
<Val>8.72689084879537E-11</Val>
</DBL>
<DBL>
<Name></Name>
<Val>2.64136927878269E-8</Val>
</DBL>
<DBL>
<Name></Name>
<Val>9.97458324069298E-7</Val>
</DBL>
<DBL>
<Name></Name>
<Val>1.02592857175695E-6</Val>
</DBL>
<DBL>
<Name></Name>
<Val>8.71317839560514E-5</Val>
</DBL>
<DBL>
<Name></Name>
<Val>8.48672220652624E-4</Val>
</DBL>
<DBL>
<Name></Name>
<Val>9.47618143658064E-3</Val>
</DBL>
<DBL>
<Name></Name>
<Val>0.38145216073964</Val>
</DBL>
<DBL>
<Name></Name>
<Val>7.76650715819878E-3</Val>
</DBL>
<DBL>
<Name></Name>
<Val>0.60036729677311</Val>
</DBL>
<DBL>
<Name></Name>
<Val>8.61874958460254E-11</Val>
</DBL>
<DBL>
<Name></Name>
<Val>2.60864008671204E-8</Val>
</DBL>
<DBL>
<Name></Name>
<Val>9.85098893694304E-7</Val>
</DBL>
<DBL>
<Name></Name>
<Val>1.01321805859021E-6</Val>
</DBL>
<DBL>
<Name></Name>
<Val>8.60522920321866E-5</Val>
</DBL>
<DBL>
<Name></Name>
<Val>8.38157987942403E-4</Val>
</DBL>
<DBL>
<Name></Name>
<Val>9.35878080340812E-3</Val>
</DBL>
<DBL>
<Name></Name>
<Val>0.37672651355175</Val>
</DBL>
<DBL>
<Name></Name>
<Val>7.71536677252597E-3</Val>
</DBL>
<DBL>
<Name></Name>
<Val>0.60527310410280</Val>
</DBL>
<DBL>
<Name></Name>
<Val>8.51195389636977E-11</Val>
</DBL>
<DBL>
<Name></Name>
<Val>2.57631770399216E-8</Val>
</DBL>
<DBL>
<Name></Name>
<Val>9.72893071060688E-7</Val>
</DBL>
<DBL>
<Name></Name>
<Val>1.00066517085036E-6</Val>
</DBL>
<DBL>
<Name></Name>
<Val>8.49861857628957E-5</Val>
</DBL>
<DBL>
<Name></Name>
<Val>8.27774129058953E-4</Val>
</DBL>
<DBL>
<Name></Name>
<Val>9.24283590779642E-3</Val>
</DBL>
<DBL>
<Name></Name>
<Val>0.37205946269580</Val>
</DBL>
<DBL>
<Name></Name>
<Val>7.66486050916409E-3</Val>
</DBL>
<DBL>
<Name></Name>
<Val>0.61011808116588</Val>
</DBL>
<DBL>
<Name></Name>
<Val>8.40648584524184E-11</Val>
</DBL>
<DBL>
<Name></Name>
<Val>2.54439682301768E-8</Val>
</DBL>
<DBL>
<Name></Name>
<Val>9.60838855953203E-7</Val>
</DBL>
<DBL>
<Name></Name>
<Val>9.88267948788071E-7</Val>
</DBL>
<DBL>
<Name></Name>
<Val>8.39332990812157E-5</Val>
</DBL>
<DBL>
<Name></Name>
<Val>8.17519027132690E-4</Val>
</DBL>
<DBL>
<Name></Name>
<Val>9.12832869614381E-3</Val>
</DBL>
<DBL>
<Name></Name>
<Val>0.36745028160171</Val>
</DBL>
<DBL>
<Name></Name>
<Val>7.61498050529928E-3</Val>
</DBL>
<DBL>
<Name></Name>
<Val>0.61490298223580</Val>
</DBL>
<DBL>
<Name></Name>
<Val>8.30232805220405E-11</Val>
</DBL>
<DBL>
<Name></Name>
<Val>2.51287227282735E-8</Val>
</DBL>
<DBL>
<Name></Name>
<Val>9.48934298657055E-7</Val>
</DBL>
<DBL>
<Name></Name>
<Val>9.76024458362036E-7</Val>
</DBL>
<DBL>
<Name></Name>
<Val>8.28934680030783E-5</Val>
</DBL>
<DBL>
<Name></Name>
<Val>8.07391085415534E-4</Val>
</DBL>
<DBL>
<Name></Name>
<Val>9.01524133947918E-3</Val>
</DBL>
<DBL>
<Name></Name>
<Val>0.36289825270765</Val>
</DBL>
<DBL>
<Name></Name>
<Val>7.56571899559363E-3</Val>
</DBL>
<DBL>
<Name></Name>
<Val>0.61962855223336</Val>
</DBL>
<DBL>
<Name></Name>
<Val>8.19946360035770E-11</Val>
</DBL>
<DBL>
<Name></Name>
<Val>2.48173899835308E-8</Val>
</DBL>
<DBL>
<Name></Name>
<Val>9.37177492417841E-7</Val>
</DBL>
<DBL>
<Name></Name>
<Val>9.63932790542634E-7</Val>
</DBL>
<DBL>
<Name></Name>
<Val>8.18665305952045E-5</Val>
</DBL>
<DBL>
<Name></Name>
<Val>7.97388727012497E-4</Val>
</DBL>
<DBL>
<Name></Name>
<Val>8.90355623047638E-3</Val>
</DBL>
<DBL>
<Name></Name>
<Val>0.35840266734862</Val>
</DBL>
<DBL>
<Name></Name>
<Val>7.51706831098178E-3</Val>
</DBL>
<DBL>
<Name></Name>
<Val>0.62429552684265</Val>
</DBL>
<DBL>
<Name></Name>
<Val>8.09787596283716E-11</Val>
</DBL>
<DBL>
<Name></Name>
<Val>2.45099204505419E-8</Val>
</DBL>
<DBL>
<Name></Name>
<Val>9.25566567855361E-7</Val>
</DBL>
<DBL>
<Name></Name>
<Val>9.51991060725505E-7</Val>
</DBL>
<DBL>
<Name></Name>
<Val>8.08523269450561E-5</Val>
</DBL>
<DBL>
<Name></Name>
<Val>7.87510394621481E-4</Val>
</DBL>
<DBL>
<Name></Name>
<Val>8.79325598055738E-3</Val>
</DBL>
<DBL>
<Name></Name>
<Val>0.35396282564631</Val>
</DBL>
<DBL>
<Name></Name>
<Val>7.46902087748101E-3</Val>
</DBL>
<DBL>
<Name></Name>
<Val>0.62890463262556</Val>
</DBL>
<DBL>
<Name></Name>
<Val>7.99754894947531E-11</Val>
</DBL>
<DBL>
<Name></Name>
<Val>2.42062654748975E-8</Val>
</DBL>
<DBL>
<Name></Name>
<Val>9.14099688806394E-7</Val>
</DBL>
<DBL>
<Name></Name>
<Val>9.40197408226513E-7</Val>
</DBL>
<DBL>
<Name></Name>
<Val>7.98506991323845E-5</Val>
</DBL>
<DBL>
<Name></Name>
<Val>7.77754550279963E-4</Val>
</DBL>
<DBL>
<Name></Name>
<Val>8.68432341706995E-3</Val>
</DBL>
<DBL>
<Name></Name>
<Val>0.34957803640026</Val>
</DBL>
<DBL>
<Name></Name>
<Val>7.42156921501512E-3</Val>
</DBL>
<DBL>
<Name></Name>
<Val>0.63345658713491</Val>
</DBL>
<DBL>
<Name></Name>
<Val>7.89846666717981E-11</Val>
</DBL>
<DBL>
<Name></Name>
<Val>2.39063772077198E-8</Val>
</DBL>
<DBL>
<Name></Name>
<Val>9.02775049212830E-7</Val>
</DBL>
<DBL>
<Name></Name>
<Val>9.28549995837168E-7</Val>
</DBL>
<DBL>
<Name></Name>
<Val>7.88614912020295E-5</Val>
</DBL>
<DBL>
<Name></Name>
<Val>7.68119675117491E-4</Val>
</DBL>
<DBL>
<Name></Name>
<Val>8.57674158052871E-3</Val>
</DBL>
<DBL>
<Name></Name>
<Val>0.34524761698037</Val>
</DBL>
<DBL>
<Name></Name>
<Val>7.37470593625216E-3</Val>
</DBL>
<DBL>
<Name></Name>
<Val>0.63795209902613</Val>
</DBL>
<DBL>
<Name></Name>
<Val>7.80061349033841E-11</Val>
</DBL>
<DBL>
<Name></Name>
<Val>2.36102085412764E-8</Val>
</DBL>
<DBL>
<Name></Name>
<Val>8.91590870774784E-7</Val>
</DBL>
<DBL>
<Name></Name>
<Val>9.17047009425259E-7</Val>
</DBL>
<DBL>
<Name></Name>
<Val>7.78845491377173E-5</Val>
</DBL>
<DBL>
<Name></Name>
<Val>7.58604269113269E-4</Val>
</DBL>
<DBL>
<Name></Name>
<Val>8.47049372191167E-3</Val>
</DBL>
<DBL>
<Name></Name>
<Val>0.34097089322070</Val>
</DBL>
<DBL>
<Name></Name>
<Val>7.32842374545600E-3</Val>
</DBL>
<DBL>
<Name></Name>
<Val>0.64239186816759</Val>
</DBL>
<DBL>
<Name></Name>
<Val>7.70397403856242E-11</Val>
</DBL>
<DBL>
<Name></Name>
<Val>2.33177130600277E-8</Val>
</DBL>
<DBL>
<Name></Name>
<Val>8.80545401163733E-7</Val>
</DBL>
<DBL>
<Name></Name>
<Val>9.05686657569473E-7</Val>
</DBL>
<DBL>
<Name></Name>
<Val>7.69197208366685E-5</Val>
</DBL>
<DBL>
<Name></Name>
<Val>7.49206850858201E-4</Val>
</DBL>
<DBL>
<Name></Name>
<Val>8.36556330000586E-3</Val>
</DBL>
<DBL>
<Name></Name>
<Val>0.33674719931460</Val>
</DBL>
<DBL>
<Name></Name>
<Val>7.28271543735172E-3</Val>
</DBL>
<DBL>
<Name></Name>
<Val>0.64677658574954</Val>
</DBL>
<DBL>
<Name></Name>
<Val>7.60853315980151E-11</Val>
</DBL>
<DBL>
<Name></Name>
<Val>2.30288450029766E-8</Val>
</DBL>
<DBL>
<Name></Name>
<Val>8.69636912645903E-7</Val>
</DBL>
<DBL>
<Name></Name>
<Val>8.94467171219791E-7</Val>
</DBL>
<DBL>
<Name></Name>
<Val>7.59668560848794E-5</Val>
</DBL>
<DBL>
<Name></Name>
<Val>7.39925957321004E-4</Val>
</DBL>
<DBL>
<Name></Name>
<Val>8.26193397879749E-3</Val>
</DBL>
<DBL>
<Name></Name>
<Val>0.33257587771103</Val>
</DBL>
<DBL>
<Name></Name>
<Val>7.23757389600484E-3</Val>
</DBL>
<DBL>
<Name></Name>
<Val>0.65110693439175</Val>
</DBL>
<DBL>
<Name></Name>
<Val>7.51427591739218E-11</Val>
</DBL>
<DBL>
<Name></Name>
<Val>2.27435592343048E-8</Val>
</DBL>
<DBL>
<Name></Name>
<Val>8.58863701006396E-7</Val>
</DBL>
<DBL>
<Name></Name>
<Val>8.83386803377647E-7</Val>
</DBL>
<DBL>
<Name></Name>
<Val>7.50258065329721E-5</Val>
</DBL>
<DBL>
<Name></Name>
<Val>7.30760143618013E-4</Val>
</DBL>
<DBL>
<Name></Name>
<Val>8.15958962490309E-3</Val>
</DBL>
<DBL>
<Name></Name>
<Val>0.32845627901231</Val>
</DBL>
<DBL>
<Name></Name>
<Val>7.19299209371410E-3</Val>
</DBL>
<DBL>
<Name></Name>
<Val>0.65538358824972</Val>
</DBL>
<DBL>
<Name></Name>
<Val>7.42118757998926E-11</Val>
</DBL>
<DBL>
<Name></Name>
<Val>2.24618112200880E-8</Val>
</DBL>
<DBL>
<Name></Name>
<Val>8.48224084694007E-7</Val>
</DBL>
<DBL>
<Name></Name>
<Val>8.72443828791441E-7</Val>
</DBL>
<DBL>
<Name></Name>
<Val>7.40964256725366E-5</Val>
</DBL>
<DBL>
<Name></Name>
<Val>7.21707982786456E-4</Val>
</DBL>
<DBL>
<Name></Name>
<Val>8.05851430503883E-3</Val>
</DBL>
<DBL>
<Name></Name>
<Val>0.32438776187296</Val>
</DBL>
<DBL>
<Name></Name>
<Val>7.14896308991789E-3</Val>
</DBL>
<DBL>
<Name></Name>
<Val>0.65960721311970</Val>
</DBL>
<DBL>
<Name></Name>
<Val>7.32925361361204E-11</Val>
</DBL>
<DBL>
<Name></Name>
<Val>2.21835570094776E-8</Val>
</DBL>
<DBL>
<Name></Name>
<Val>8.37716404128229E-7</Val>
</DBL>
<DBL>
<Name></Name>
<Val>8.61636543664143E-7</Val>
</DBL>
<DBL>
<Name></Name>
<Val>7.31785688129099E-5</Val>
</DBL>
<DBL>
<Name></Name>
<Val>7.12768065560974E-4</Val>
</DBL>
<DBL>
<Name></Name>
<Val>7.95869228352602E-3</Val>
</DBL>
<DBL>
<Name></Name>
<Val>0.32036969289993</Val>
</DBL>
<DBL>
<Name></Name>
<Val>7.10548003011414E-3</Val>
</DBL>
<DBL>
<Name></Name>
<Val>0.66377846654227</Val>
</DBL>
<DBL>
<Name></Name>
<Val>7.23845967524365E-11</Val>
</DBL>
<DBL>
<Name></Name>
<Val>2.19087532191695E-8</Val>
</DBL>
<DBL>
<Name></Name>
<Val>8.27339021125639E-7</Val>
</DBL>
<DBL>
<Name></Name>
<Val>8.50963265370629E-7</Val>
</DBL>
<DBL>
<Name></Name>
<Val>7.22720930583463E-5</Val>
</DBL>
<DBL>
<Name></Name>
<Val>7.03939000153246E-4</Val>
</DBL>
<DBL>
<Name></Name>
<Val>7.86010801983084E-3</Val>
</DBL>
<DBL>
<Name></Name>
<Val>0.31640144655398</Val>
</DBL>
<DBL>
<Name></Name>
<Val>7.06253614479342E-3</Val>
</DBL>
<DBL>
<Name></Name>
<Val>0.66789799790476</Val>
</DBL>
</Array>
<Array>
<Name>StateAdjacencyMatrix</Name>
<Dimsize>10</Dimsize>
<Dimsize>10</Dimsize>
<String>
<Name></Name>
<Val>@</Val>
</String>
<String>
<Name></Name>
<Val>K</Val>
</String>
<String>
<Name></Name>
<Val>@</Val>
</String>
<String>
<Name></Name>
<Val>@</Val>
</String>
<String>
<Name></Name>
<Val>@</Val>
</String>
<String>
<Name></Name>
<Val>@</Val>
</String>
<String>
<Name></Name>
<Val>@</Val>
</String>
<String>
<Name></Name>
<Val>@</Val>
</String>
<String>
<Name></Name>
<Val>@</Val>
</String>
<String>
<Name></Name>
<Val>@</Val>
</String>
<String>
<Name></Name>
<Val>D</Val>
</String>
<String>
<Name></Name>
<Val>@</Val>
</String>
<String>
<Name></Name>
<Val>B</Val>
</String>
<String>
<Name></Name>
<Val>@</Val>
</String>
<String>
<Name></Name>
<Val>@</Val>
</String>
<String>
<Name></Name>
<Val>@</Val>
</String>
<String>
<Name></Name>
<Val>@</Val>
</String>
<String>
<Name></Name>
<Val>@</Val>
</String>
<String>
<Name></Name>
<Val>@</Val>
</String>
<String>
<Name></Name>
<Val>@</Val>
</String>
<String>
<Name></Name>
<Val>@</Val>
</String>
<String>
<Name></Name>
<Val>I</Val>
</String>
<String>
<Name></Name>
<Val>@</Val>
</String>
<String>
<Name></Name>
<Val>A</Val>
</String>
<String>
<Name></Name>
<Val>@</Val>
</String>
<String>
<Name></Name>
<Val>@</Val>
</String>
<String>
<Name></Name>
<Val>@</Val>
</String>
<String>
<Name></Name>
<Val>@</Val>
</String>
<String>
<Name></Name>
<Val>@</Val>
</String>
<String>
<Name></Name>
<Val>@</Val>
</String>
<String>
<Name></Name>
<Val>@</Val>
</String>
<String>
<Name></Name>
<Val>@</Val>
</String>
<String>
<Name></Name>
<Val>L</Val>
</String>
<String>
<Name></Name>
<Val>@</Val>
</String>
<String>
<Name></Name>
<Val>B</Val>
</String>
<String>
<Name></Name>
<Val>@</Val>
</String>
<String>
<Name></Name>
<Val>@</Val>
</String>
<String>
<Name></Name>
<Val>@</Val>
</String>
<String>
<Name></Name>
<Val>@</Val>
</String>
<String>
<Name></Name>
<Val>@</Val>
</String>
<String>
<Name></Name>
<Val>@</Val>
</String>
<String>
<Name></Name>
<Val>@</Val>
</String>
<String>
<Name></Name>
<Val>@</Val>
</String>
<String>
<Name></Name>
<Val>H</Val>
</String>
<String>
<Name></Name>
<Val>@</Val>
</String>
<String>
<Name></Name>
<Val>J</Val>
</String>
<String>
<Name></Name>
<Val>@</Val>
</String>
<String>
<Name></Name>
<Val>@</Val>
</String>
<String>
<Name></Name>
<Val>@</Val>
</String>
<String>
<Name></Name>
<Val>@</Val>
</String>
<String>
<Name></Name>
<Val>@</Val>
</String>
<String>
<Name></Name>
<Val>@</Val>
</String>
<String>
<Name></Name>
<Val>@</Val>
</String>
<String>
<Name></Name>
<Val>@</Val>
</String>
<String>
<Name></Name>
<Val>E</Val>
</String>
<String>
<Name></Name>
<Val>@</Val>
</String>
<String>
<Name></Name>
<Val>N</Val>
</String>
<String>
<Name></Name>
<Val>@</Val>
</String>
<String>
<Name></Name>
<Val>@</Val>
</String>
<String>
<Name></Name>
<Val>@</Val>
</String>
<String>
<Name></Name>
<Val>@</Val>
</String>
<String>
<Name></Name>
<Val>@</Val>
</String>
<String>
<Name></Name>
<Val>@</Val>
</String>
<String>
<Name></Name>
<Val>@</Val>
</String>
<String>
<Name></Name>
<Val>@</Val>
</String>
<String>
<Name></Name>
<Val>C</Val>
</String>
<String>
<Name></Name>
<Val>@</Val>
</String>
<String>
<Name></Name>
<Val>A</Val>
</String>
<String>
<Name></Name>
<Val>@</Val>
</String>
<String>
<Name></Name>
<Val>@</Val>
</String>
<String>
<Name></Name>
<Val>@</Val>
</String>
<String>
<Name></Name>
<Val>@</Val>
</String>
<String>
<Name></Name>
<Val>@</Val>
</String>
<String>
<Name></Name>
<Val>@</Val>
</String>
<String>
<Name></Name>
<Val>@</Val>
</String>
<String>
<Name></Name>
<Val>@</Val>
</String>
<String>
<Name></Name>
<Val>F</Val>
</String>
<String>
<Name></Name>
<Val>@</Val>
</String>
<String>
<Name></Name>
<Val>M</Val>
</String>
<String>
<Name></Name>
<Val>@</Val>
</String>
<String>
<Name></Name>
<Val>@</Val>
</String>
<String>
<Name></Name>
<Val>@</Val>
</String>
<String>
<Name></Name>
<Val>@</Val>
</String>
<String>
<Name></Name>
<Val>@</Val>
</String>
<String>
<Name></Name>
<Val>@</Val>
</String>
<String>
<Name></Name>
<Val>@</Val>
</String>
<String>
<Name></Name>
<Val>@</Val>
</String>
<String>
<Name></Name>
<Val>G</Val>
</String>
<String>
<Name></Name>
<Val>@</Val>
</String>
<String>
<Name></Name>
<Val>C</Val>
</String>
<String>
<Name></Name>
<Val>@</Val>
</String>
<String>
<Name></Name>
<Val>@</Val>
</String>
<String>
<Name></Name>
<Val>@</Val>
</String>
<String>
<Name></Name>
<Val>@</Val>
</String>
<String>
<Name></Name>
<Val>@</Val>
</String>
<String>
<Name></Name>
<Val>@</Val>
</String>
<String>
<Name></Name>
<Val>@</Val>
</String>
<String>
<Name></Name>
<Val>@</Val>
</String>
<String>
<Name></Name>
<Val>D</Val>
</String>
<String>
<Name></Name>
<Val>@</Val>
</String>
</Array>
<Cluster>
<Name>IntegrationParams</Name>
<NumElts>4</NumElts>
<DBL>
<Name>time start</Name>
<Val>0.00000000000000</Val>
</DBL>
<DBL>
<Name>time end</Name>
<Val>999.00000000000000</Val>
</DBL>
<DBL>
<Name>h (step rate)</Name>
<Val>0.10000000000000</Val>
</DBL>
<Array>
<Name>X0</Name>
<Dimsize>10</Dimsize>
<I32>
<Name></Name>
<Val>1</Val>
</I32>
<I32>
<Name></Name>
<Val>0</Val>
</I32>
<I32>
<Name></Name>
<Val>0</Val>
</I32>
<I32>
<Name></Name>
<Val>0</Val>
</I32>
<I32>
<Name></Name>
<Val>0</Val>
</I32>
<I32>
<Name></Name>
<Val>0</Val>
</I32>
<I32>
<Name></Name>
<Val>0</Val>
</I32>
<I32>
<Name></Name>
<Val>0</Val>
</I32>
<I32>
<Name></Name>
<Val>0</Val>
</I32>
<I32>
<Name></Name>
<Val>0</Val>
</I32>
</Array>
</Cluster>
<Array>
<Name>StateNames</Name>
<Dimsize>10</Dimsize>
<String>
<Name>string</Name>
<Val>a</Val>
</String>
<String>
<Name>string</Name>
<Val>b</Val>
</String>
<String>
<Name>string</Name>
<Val>c</Val>
</String>
<String>
<Name>string</Name>
<Val>d</Val>
</String>
<String>
<Name>string</Name>
<Val>e</Val>
</String>
<String>
<Name>string</Name>
<Val>f</Val>
</String>
<String>
<Name>string</Name>
<Val>g</Val>
</String>
<String>
<Name>string</Name>
<Val>h</Val>
</String>
<String>
<Name>string</Name>
<Val>i</Val>
</String>
<String>
<Name>string</Name>
<Val>j</Val>
</String>
</Array>
</Cluster>
</LVData>