<?xml version='1.0' standalone='yes' ?>
<LVData xmlns="http://www.ni.com/LVData">
<Version>10.0.1</Version>
<Cluster>
<Name>ModelData</Name>
<NumElts>7</NumElts>
<Array>
<Name>Transitions</Name>
<Dimsize>9</Dimsize>
<Dimsize>2</Dimsize>
<String>
<Name>string</Name>
<Val>A</Val>
</String>
<String>
<Name>string</Name>
<Val>A</Val>
</String>
<String>
<Name>string</Name>
<Val>B</Val>
</String>
<String>
<Name>string</Name>
<Val>B</Val>
</String>
<String>
<Name>string</Name>
<Val>C</Val>
</String>
<String>
<Name>string</Name>
<Val>C</Val>
</String>
<String>
<Name>string</Name>
<Val>D</Val>
</String>
<String>
<Name>string</Name>
<Val>D</Val>
</String>
<String>
<Name>string</Name>
<Val>E</Val>
</String>
<String>
<Name>string</Name>
<Val>E</Val>
</String>
<String>
<Name>string</Name>
<Val>F</Val>
</String>
<String>
<Name>string</Name>
<Val>F</Val>
</String>
<String>
<Name>string</Name>
<Val>G</Val>
</String>
<String>
<Name>string</Name>
<Val>G</Val>
</String>
<String>
<Name>string</Name>
<Val>H</Val>
</String>
<String>
<Name>string</Name>
<Val>H</Val>
</String>
<String>
<Name>string</Name>
<Val>I</Val>
</String>
<String>
<Name>string</Name>
<Val>I</Val>
</String>
</Array>
<Array>
<Name>RealValues</Name>
<Dimsize>9</Dimsize>
<Dimsize>2</Dimsize>
<String>
<Name>string</Name>
<Val>A</Val>
</String>
<String>
<Name>string</Name>
<Val>0,024504</Val>
</String>
<String>
<Name>string</Name>
<Val>B</Val>
</String>
<String>
<Name>string</Name>
<Val>0,002540</Val>
</String>
<String>
<Name>string</Name>
<Val>C</Val>
</String>
<String>
<Name>string</Name>
<Val>0,019099</Val>
</String>
<String>
<Name>string</Name>
<Val>D</Val>
</String>
<String>
<Name>string</Name>
<Val>0,038468</Val>
</String>
<String>
<Name>string</Name>
<Val>E</Val>
</String>
<String>
<Name>string</Name>
<Val>0,071323</Val>
</String>
<String>
<Name>string</Name>
<Val>F</Val>
</String>
<String>
<Name>string</Name>
<Val>0,080996</Val>
</String>
<String>
<Name>string</Name>
<Val>G</Val>
</String>
<String>
<Name>string</Name>
<Val>0,071102</Val>
</String>
<String>
<Name>string</Name>
<Val>H</Val>
</String>
<String>
<Name>string</Name>
<Val>0,098397</Val>
</String>
<String>
<Name>string</Name>
<Val>I</Val>
</String>
<String>
<Name>string</Name>
<Val>0,551235</Val>
</String>
</Array>
<Array>
<Name>Times</Name>
<Dimsize>100</Dimsize>
<DBL>
<Name></Name>
<Val>0.00000000000000</Val>
</DBL>
<DBL>
<Name></Name>
<Val>10.00000000000000</Val>
</DBL>
<DBL>
<Name></Name>
<Val>20.00000000000000</Val>
</DBL>
<DBL>
<Name></Name>
<Val>30.00000000000000</Val>
</DBL>
<DBL>
<Name></Name>
<Val>40.00000000000000</Val>
</DBL>
<DBL>
<Name></Name>
<Val>50.00000000000000</Val>
</DBL>
<DBL>
<Name></Name>
<Val>60.00000000000000</Val>
</DBL>
<DBL>
<Name></Name>
<Val>70.00000000000000</Val>
</DBL>
<DBL>
<Name></Name>
<Val>80.00000000000000</Val>
</DBL>
<DBL>
<Name></Name>
<Val>90.00000000000000</Val>
</DBL>
<DBL>
<Name></Name>
<Val>100.00000000000000</Val>
</DBL>
<DBL>
<Name></Name>
<Val>110.00000000000000</Val>
</DBL>
<DBL>
<Name></Name>
<Val>120.00000000000000</Val>
</DBL>
<DBL>
<Name></Name>
<Val>130.00000000000000</Val>
</DBL>
<DBL>
<Name></Name>
<Val>140.00000000000000</Val>
</DBL>
<DBL>
<Name></Name>
<Val>150.00000000000000</Val>
</DBL>
<DBL>
<Name></Name>
<Val>160.00000000000000</Val>
</DBL>
<DBL>
<Name></Name>
<Val>170.00000000000000</Val>
</DBL>
<DBL>
<Name></Name>
<Val>180.00000000000000</Val>
</DBL>
<DBL>
<Name></Name>
<Val>190.00000000000000</Val>
</DBL>
<DBL>
<Name></Name>
<Val>200.00000000000000</Val>
</DBL>
<DBL>
<Name></Name>
<Val>210.00000000000000</Val>
</DBL>
<DBL>
<Name></Name>
<Val>220.00000000000000</Val>
</DBL>
<DBL>
<Name></Name>
<Val>230.00000000000000</Val>
</DBL>
<DBL>
<Name></Name>
<Val>240.00000000000000</Val>
</DBL>
<DBL>
<Name></Name>
<Val>250.00000000000000</Val>
</DBL>
<DBL>
<Name></Name>
<Val>260.00000000000000</Val>
</DBL>
<DBL>
<Name></Name>
<Val>270.00000000000000</Val>
</DBL>
<DBL>
<Name></Name>
<Val>280.00000000000000</Val>
</DBL>
<DBL>
<Name></Name>
<Val>290.00000000000000</Val>
</DBL>
<DBL>
<Name></Name>
<Val>300.00000000000000</Val>
</DBL>
<DBL>
<Name></Name>
<Val>310.00000000000000</Val>
</DBL>
<DBL>
<Name></Name>
<Val>320.00000000000000</Val>
</DBL>
<DBL>
<Name></Name>
<Val>330.00000000000000</Val>
</DBL>
<DBL>
<Name></Name>
<Val>340.00000000000000</Val>
</DBL>
<DBL>
<Name></Name>
<Val>350.00000000000000</Val>
</DBL>
<DBL>
<Name></Name>
<Val>360.00000000000000</Val>
</DBL>
<DBL>
<Name></Name>
<Val>370.00000000000000</Val>
</DBL>
<DBL>
<Name></Name>
<Val>380.00000000000000</Val>
</DBL>
<DBL>
<Name></Name>
<Val>390.00000000000000</Val>
</DBL>
<DBL>
<Name></Name>
<Val>400.00000000000000</Val>
</DBL>
<DBL>
<Name></Name>
<Val>410.00000000000000</Val>
</DBL>
<DBL>
<Name></Name>
<Val>420.00000000000000</Val>
</DBL>
<DBL>
<Name></Name>
<Val>430.00000000000000</Val>
</DBL>
<DBL>
<Name></Name>
<Val>440.00000000000000</Val>
</DBL>
<DBL>
<Name></Name>
<Val>450.00000000000000</Val>
</DBL>
<DBL>
<Name></Name>
<Val>460.00000000000000</Val>
</DBL>
<DBL>
<Name></Name>
<Val>470.00000000000000</Val>
</DBL>
<DBL>
<Name></Name>
<Val>480.00000000000000</Val>
</DBL>
<DBL>
<Name></Name>
<Val>490.00000000000000</Val>
</DBL>
<DBL>
<Name></Name>
<Val>500.00000000000000</Val>
</DBL>
<DBL>
<Name></Name>
<Val>510.00000000000000</Val>
</DBL>
<DBL>
<Name></Name>
<Val>520.00000000000000</Val>
</DBL>
<DBL>
<Name></Name>
<Val>530.00000000000000</Val>
</DBL>
<DBL>
<Name></Name>
<Val>540.00000000000000</Val>
</DBL>
<DBL>
<Name></Name>
<Val>550.00000000000000</Val>
</DBL>
<DBL>
<Name></Name>
<Val>560.00000000000000</Val>
</DBL>
<DBL>
<Name></Name>
<Val>570.00000000000000</Val>
</DBL>
<DBL>
<Name></Name>
<Val>580.00000000000000</Val>
</DBL>
<DBL>
<Name></Name>
<Val>590.00000000000000</Val>
</DBL>
<DBL>
<Name></Name>
<Val>600.00000000000000</Val>
</DBL>
<DBL>
<Name></Name>
<Val>610.00000000000000</Val>
</DBL>
<DBL>
<Name></Name>
<Val>620.00000000000000</Val>
</DBL>
<DBL>
<Name></Name>
<Val>630.00000000000000</Val>
</DBL>
<DBL>
<Name></Name>
<Val>640.00000000000000</Val>
</DBL>
<DBL>
<Name></Name>
<Val>650.00000000000000</Val>
</DBL>
<DBL>
<Name></Name>
<Val>660.00000000000000</Val>
</DBL>
<DBL>
<Name></Name>
<Val>670.00000000000000</Val>
</DBL>
<DBL>
<Name></Name>
<Val>680.00000000000000</Val>
</DBL>
<DBL>
<Name></Name>
<Val>690.00000000000000</Val>
</DBL>
<DBL>
<Name></Name>
<Val>700.00000000000000</Val>
</DBL>
<DBL>
<Name></Name>
<Val>710.00000000000000</Val>
</DBL>
<DBL>
<Name></Name>
<Val>720.00000000000000</Val>
</DBL>
<DBL>
<Name></Name>
<Val>730.00000000000000</Val>
</DBL>
<DBL>
<Name></Name>
<Val>740.00000000000000</Val>
</DBL>
<DBL>
<Name></Name>
<Val>750.00000000000000</Val>
</DBL>
<DBL>
<Name></Name>
<Val>760.00000000000000</Val>
</DBL>
<DBL>
<Name></Name>
<Val>770.00000000000000</Val>
</DBL>
<DBL>
<Name></Name>
<Val>780.00000000000000</Val>
</DBL>
<DBL>
<Name></Name>
<Val>790.00000000000000</Val>
</DBL>
<DBL>
<Name></Name>
<Val>800.00000000000000</Val>
</DBL>
<DBL>
<Name></Name>
<Val>810.00000000000000</Val>
</DBL>
<DBL>
<Name></Name>
<Val>820.00000000000000</Val>
</DBL>
<DBL>
<Name></Name>
<Val>830.00000000000000</Val>
</DBL>
<DBL>
<Name></Name>
<Val>840.00000000000000</Val>
</DBL>
<DBL>
<Name></Name>
<Val>850.00000000000000</Val>
</DBL>
<DBL>
<Name></Name>
<Val>860.00000000000000</Val>
</DBL>
<DBL>
<Name></Name>
<Val>870.00000000000000</Val>
</DBL>
<DBL>
<Name></Name>
<Val>880.00000000000000</Val>
</DBL>
<DBL>
<Name></Name>
<Val>890.00000000000000</Val>
</DBL>
<DBL>
<Name></Name>
<Val>900.00000000000000</Val>
</DBL>
<DBL>
<Name></Name>
<Val>910.00000000000000</Val>
</DBL>
<DBL>
<Name></Name>
<Val>920.00000000000000</Val>
</DBL>
<DBL>
<Name></Name>
<Val>930.00000000000000</Val>
</DBL>
<DBL>
<Name></Name>
<Val>940.00000000000000</Val>
</DBL>
<DBL>
<Name></Name>
<Val>950.00000000000000</Val>
</DBL>
<DBL>
<Name></Name>
<Val>960.00000000000000</Val>
</DBL>
<DBL>
<Name></Name>
<Val>970.00000000000000</Val>
</DBL>
<DBL>
<Name></Name>
<Val>980.00000000000000</Val>
</DBL>
<DBL>
<Name></Name>
<Val>990.00000000000000</Val>
</DBL>
</Array>
<Array>
<Name>RealSolution</Name>
<Dimsize>100</Dimsize>
<Dimsize>10</Dimsize>
<DBL>
<Name></Name>
<Val>1.00000000000000</Val>
</DBL>
<DBL>
<Name></Name>
<Val>0.00000000000000</Val>
</DBL>
<DBL>
<Name></Name>
<Val>0.00000000000000</Val>
</DBL>
<DBL>
<Name></Name>
<Val>0.00000000000000</Val>
</DBL>
<DBL>
<Name></Name>
<Val>0.00000000000000</Val>
</DBL>
<DBL>
<Name></Name>
<Val>0.00000000000000</Val>
</DBL>
<DBL>
<Name></Name>
<Val>0.00000000000000</Val>
</DBL>
<DBL>
<Name></Name>
<Val>0.00000000000000</Val>
</DBL>
<DBL>
<Name></Name>
<Val>0.00000000000000</Val>
</DBL>
<DBL>
<Name></Name>
<Val>0.00000000000000</Val>
</DBL>
<DBL>
<Name></Name>
<Val>3.21487430003989E-2</Val>
</DBL>
<DBL>
<Name></Name>
<Val>0.61183765811188</Val>
</DBL>
<DBL>
<Name></Name>
<Val>0.25306544001874</Val>
</DBL>
<DBL>
<Name></Name>
<Val>9.24951358118499E-2</Val>
</DBL>
<DBL>
<Name></Name>
<Val>9.63010077163491E-3</Val>
</DBL>
<DBL>
<Name></Name>
<Val>6.89461210593835E-4</Val>
</DBL>
<DBL>
<Name></Name>
<Val>1.32931503498233E-4</Val>
</DBL>
<DBL>
<Name></Name>
<Val>5.21291985374148E-7</Val>
</DBL>
<DBL>
<Name></Name>
<Val>7.65737510223759E-9</Val>
</DBL>
<DBL>
<Name></Name>
<Val>6.22046314058213E-10</Val>
</DBL>
<DBL>
<Name></Name>
<Val>2.11495908008686E-2</Val>
</DBL>
<DBL>
<Name></Name>
<Val>0.45181625828615</Val>
</DBL>
<DBL>
<Name></Name>
<Val>0.24493214522794</Val>
</DBL>
<DBL>
<Name></Name>
<Val>0.22769844820699</Val>
</DBL>
<DBL>
<Name></Name>
<Val>4.58049222834927E-2</Val>
</DBL>
<DBL>
<Name></Name>
<Val>5.88018992932498E-3</Val>
</DBL>
<DBL>
<Name></Name>
<Val>2.69388323197281E-3</Val>
</DBL>
<DBL>
<Name></Name>
<Val>2.39544736145901E-5</Val>
</DBL>
<DBL>
<Name></Name>
<Val>5.16267891142950E-7</Val>
</DBL>
<DBL>
<Name></Name>
<Val>9.12917596243324E-8</Val>
</DBL>
<DBL>
<Name></Name>
<Val>1.63579684622108E-2</Val>
</DBL>
<DBL>
<Name></Name>
<Val>0.35166414426595</Val>
</DBL>
<DBL>
<Name></Name>
<Val>0.19894150004972</Val>
</DBL>
<DBL>
<Name></Name>
<Val>0.31960935131818</Val>
</DBL>
<DBL>
<Name></Name>
<Val>8.73511428812638E-2</Val>
</DBL>
<DBL>
<Name></Name>
<Val>1.46604856964992E-2</Val>
</DBL>
<DBL>
<Name></Name>
<Val>1.12484062988708E-2</Val>
</DBL>
<DBL>
<Name></Name>
<Val>1.61837321008583E-4</Val>
</DBL>
<DBL>
<Name></Name>
<Val>4.06273590119005E-6</Val>
</DBL>
<DBL>
<Name></Name>
<Val>1.10097040303542E-6</Val>
</DBL>
<DBL>
<Name></Name>
<Val>1.28693419077631E-2</Val>
</DBL>
<DBL>
<Name></Name>
<Val>0.27712722426579</Val>
</DBL>
<DBL>
<Name></Name>
<Val>0.15900421144995</Val>
</DBL>
<DBL>
<Name></Name>
<Val>0.37764596415723</Val>
</DBL>
<DBL>
<Name></Name>
<Val>0.12238531081852</Val>
</DBL>
<DBL>
<Name></Name>
<Val>2.40180347743011E-2</Val>
</DBL>
<DBL>
<Name></Name>
<Val>2.63983095289683E-2</Val>
</DBL>
<DBL>
<Name></Name>
<Val>5.31906083027180E-4</Val>
</DBL>
<DBL>
<Name></Name>
<Val>1.44955879403794E-5</Val>
</DBL>
<DBL>
<Name></Name>
<Val>5.20142650115994E-6</Val>
</DBL>
<DBL>
<Name></Name>
<Val>1.01957493912355E-2</Val>
</DBL>
<DBL>
<Name></Name>
<Val>0.21981102414171</Val>
</DBL>
<DBL>
<Name></Name>
<Val>0.12755017526545</Val>
</DBL>
<DBL>
<Name></Name>
<Val>0.41325670240395</Val>
</DBL>
<DBL>
<Name></Name>
<Val>0.14877688624390</Val>
</DBL>
<DBL>
<Name></Name>
<Val>3.24924814142238E-2</Val>
</DBL>
<DBL>
<Name></Name>
<Val>4.66549902109423E-2</Val>
</DBL>
<DBL>
<Name></Name>
<Val>1.21197043217623E-3</Val>
</DBL>
<DBL>
<Name></Name>
<Val>3.47798745689941E-5</Val>
</DBL>
<DBL>
<Name></Name>
<Val>1.52406218509348E-5</Val>
</DBL>
<DBL>
<Name></Name>
<Val>8.12836049442748E-3</Val>
</DBL>
<DBL>
<Name></Name>
<Val>0.17545544629263</Val>
</DBL>
<DBL>
<Name></Name>
<Val>0.10304884560588</Val>
</DBL>
<DBL>
<Name></Name>
<Val>0.43370491567191</Val>
</DBL>
<DBL>
<Name></Name>
<Val>0.16752963135697</Val>
</DBL>
<DBL>
<Name></Name>
<Val>3.97135567483441E-2</Val>
</DBL>
<DBL>
<Name></Name>
<Val>7.00953838062487E-2</Val>
</DBL>
<DBL>
<Name></Name>
<Val>2.22407216217670E-3</Val>
</DBL>
<DBL>
<Name></Name>
<Val>6.61468502984067E-5</Val>
</DBL>
<DBL>
<Name></Name>
<Val>3.36410111104881E-5</Val>
</DBL>
<DBL>
<Name></Name>
<Val>6.52500692331377E-3</Val>
</DBL>
<DBL>
<Name></Name>
<Val>0.14104061062919</Val>
</DBL>
<DBL>
<Name></Name>
<Val>8.39574433932379E-2</Val>
</DBL>
<DBL>
<Name></Name>
<Val>0.44370352569520</Val>
</DBL>
<DBL>
<Name></Name>
<Val>0.18025873320037</Val>
</DBL>
<DBL>
<Name></Name>
<Val>4.57303497375814E-2</Val>
</DBL>
<DBL>
<Name></Name>
<Val>9.50673617549693E-2</Val>
</DBL>
<DBL>
<Name></Name>
<Val>3.54690057829861E-3</Val>
</DBL>
<DBL>
<Name></Name>
<Val>1.08303438708110E-4</Val>
</DBL>
<DBL>
<Name></Name>
<Val>6.17646491343843E-5</Val>
</DBL>
<DBL>
<Name></Name>
<Val>5.27879581985385E-3</Val>
</DBL>
<DBL>
<Name></Name>
<Val>0.11428051279655</Val>
</DBL>
<DBL>
<Name></Name>
<Val>6.90499190519872E-2</Val>
</DBL>
<DBL>
<Name></Name>
<Val>0.44649422059753</Val>
</DBL>
<DBL>
<Name></Name>
<Val>0.18845447054705</Val>
</DBL>
<DBL>
<Name></Name>
<Val>5.07076058168481E-2</Val>
</DBL>
<DBL>
<Name></Name>
<Val>0.12034138778557</Val>
</DBL>
<DBL>
<Name></Name>
<Val>5.13332055051725E-3</Val>
</DBL>
<DBL>
<Name></Name>
<Val>1.59947682484510E-4</Val>
</DBL>
<DBL>
<Name></Name>
<Val>9.98193515996706E-5</Val>
</DBL>
<DBL>
<Name></Name>
<Val>4.30799070327732E-3</Val>
</DBL>
<DBL>
<Name></Name>
<Val>9.34249931796190E-2</Val>
</DBL>
<DBL>
<Name></Name>
<Val>5.73789316999421E-2</Val>
</DBL>
<DBL>
<Name></Name>
<Val>0.44438390339021</Val>
</DBL>
<DBL>
<Name></Name>
<Val>0.19332298512164</Val>
</DBL>
<DBL>
<Name></Name>
<Val>5.48202945387349E-2</Val>
</DBL>
<DBL>
<Name></Name>
<Val>0.14506998012084</Val>
</DBL>
<DBL>
<Name></Name>
<Val>6.92460099654287E-3</Val>
</DBL>
<DBL>
<Name></Name>
<Val>2.19247076373588E-4</Val>
</DBL>
<DBL>
<Name></Name>
<Val>1.47073172814135E-4</Val>
</DBL>
<DBL>
<Name></Name>
<Val>3.54987021287553E-3</Val>
</DBL>
<DBL>
<Name></Name>
<Val>7.71305722328690E-2</Val>
</DBL>
<DBL>
<Name></Name>
<Val>4.82150333949834E-2</Val>
</DBL>
<DBL>
<Name></Name>
<Val>0.43903620233653</Val>
</DBL>
<DBL>
<Name></Name>
<Val>0.19579446784208</Val>
</DBL>
<DBL>
<Name></Name>
<Val>5.82233060703162E-2</Val>
</DBL>
<DBL>
<Name></Name>
<Val>0.16870417947573</Val>
</DBL>
<DBL>
<Name></Name>
<Val>8.86000939843362E-3</Val>
</DBL>
<DBL>
<Name></Name>
<Val>2.84190199271037E-4</Val>
</DBL>
<DBL>
<Name></Name>
<Val>2.02168836922861E-4</Val>
</DBL>
<DBL>
<Name></Name>
<Val>2.95623865603014E-3</Val>
</DBL>
<DBL>
<Name></Name>
<Val>6.43646964269517E-2</Val>
</DBL>
<DBL>
<Name></Name>
<Val>4.09964715494880E-2</Val>
</DBL>
<DBL>
<Name></Name>
<Val>0.43165235982044</Val>
</DBL>
<DBL>
<Name></Name>
<Val>0.19657088183085</Val>
</DBL>
<DBL>
<Name></Name>
<Val>6.10460445286845E-2</Val>
</DBL>
<DBL>
<Name></Name>
<Val>0.19091449955015</Val>
</DBL>
<DBL>
<Name></Name>
<Val>1.08825710751498E-2</Val>
</DBL>
<DBL>
<Name></Name>
<Val>3.52815219323883E-4</Val>
</DBL>
<DBL>
<Name></Name>
<Val>2.63421342937775E-4</Val>
</DBL>
<DBL>
<Name></Name>
<Val>2.49002521985092E-3</Val>
</DBL>
<DBL>
<Name></Name>
<Val>5.43330099225779E-2</Val>
</DBL>
<DBL>
<Name></Name>
<Val>3.52902803283160E-2</Val>
</DBL>
<DBL>
<Name></Name>
<Val>0.42309475243183</Val>
</DBL>
<DBL>
<Name></Name>
<Val>0.19617557112790</Val>
</DBL>
<DBL>
<Name></Name>
<Val>6.33943902880770E-2</Val>
</DBL>
<DBL>
<Name></Name>
<Val>0.21152746641234</Val>
</DBL>
<DBL>
<Name></Name>
<Val>1.29421094529279E-2</Val>
</DBL>
<DBL>
<Name></Name>
<Val>4.23342895784470E-4</Val>
</DBL>
<DBL>
<Name></Name>
<Val>3.29051920399611E-4</Val>
</DBL>
<DBL>
<Name></Name>
<Val>2.12268858274420E-3</Val>
</DBL>
<DBL>
<Name></Name>
<Val>4.64238128380137E-2</Val>
</DBL>
<DBL>
<Name></Name>
<Val>3.07624017422295E-2</Val>
</DBL>
<DBL>
<Name></Name>
<Val>0.41397574839768</Val>
</DBL>
<DBL>
<Name></Name>
<Val>0.19499522919871</Val>
</DBL>
<DBL>
<Name></Name>
<Val>6.53543385167149E-2</Val>
</DBL>
<DBL>
<Name></Name>
<Val>0.23047768686680</Val>
</DBL>
<DBL>
<Name></Name>
<Val>1.49965011694646E-2</Val>
</DBL>
<DBL>
<Name></Name>
<Val>4.94242430354607E-4</Val>
</DBL>
<DBL>
<Name></Name>
<Val>3.97350257288510E-4</Val>
</DBL>
<DBL>
<Name></Name>
<Val>1.83223182572797E-3</Val>
</DBL>
<DBL>
<Name></Name>
<Val>4.01655692889321E-2</Val>
</DBL>
<DBL>
<Name></Name>
<Val>2.71547753643542E-2</Val>
</DBL>
<DBL>
<Name></Name>
<Val>0.40472319902180</Val>
</DBL>
<DBL>
<Name></Name>
<Val>0.19331312707843</Val>
</DBL>
<DBL>
<Name></Name>
<Val>6.69955897243975E-2</Val>
</DBL>
<DBL>
<Name></Name>
<Val>0.24777265518390</Val>
</DBL>
<DBL>
<Name></Name>
<Val>1.70118253747086E-2</Val>
</DBL>
<DBL>
<Name></Name>
<Val>5.64253050272050E-4</Val>
</DBL>
<DBL>
<Name></Name>
<Val>4.66774087473158E-4</Val>
</DBL>
<DBL>
<Name></Name>
<Val>1.60168265941660E-3</Val>
</DBL>
<DBL>
<Name></Name>
<Val>3.51943713173444E-2</Val>
</DBL>
<DBL>
<Name></Name>
<Val>2.42677730169392E-2</Val>
</DBL>
<DBL>
<Name></Name>
<Val>0.39562919114247</Val>
</DBL>
<DBL>
<Name></Name>
<Val>0.19133474764560</Val>
</DBL>
<DBL>
<Name></Name>
<Val>6.83746472876930E-2</Val>
</DBL>
<DBL>
<Name></Name>
<Val>0.26346733586917</Val>
</DBL>
<DBL>
<Name></Name>
<Val>1.89618723733548E-2</Val>
</DBL>
<DBL>
<Name></Name>
<Val>6.32378151628799E-4</Val>
</DBL>
<DBL>
<Name></Name>
<Val>5.36000536383916E-4</Val>
</DBL>
<DBL>
<Name></Name>
<Val>1.41792918795787E-3</Val>
</DBL>
<DBL>
<Name></Name>
<Val>3.12290118396031E-2</Val>
</DBL>
<DBL>
<Name></Name>
<Val>2.19467278794746E-2</Val>
</DBL>
<DBL>
<Name></Name>
<Val>0.38688645349149</Val>
</DBL>
<DBL>
<Name></Name>
<Val>0.18920733995646</Val>
</DBL>
<DBL>
<Name></Name>
<Val>6.95373714976767E-2</Val>
</DBL>
<DBL>
<Name></Name>
<Val>0.27764604035969</Val>
</DBL>
<DBL>
<Name></Name>
<Val>2.08273186523732E-2</Val>
</DBL>
<DBL>
<Name></Name>
<Val>6.97863758397642E-4</Val>
</DBL>
<DBL>
<Name></Name>
<Val>6.03943376871343E-4</Val>
</DBL>
<DBL>
<Name></Name>
<Val>1.27082759530300E-3</Val>
</DBL>
<DBL>
<Name></Name>
<Val>2.80518779105211E-2</Val>
</DBL>
<DBL>
<Name></Name>
<Val>2.00715994213868E-2</Val>
</DBL>
<DBL>
<Name></Name>
<Val>0.37861554058495</Val>
</DBL>
<DBL>
<Name></Name>
<Val>0.18703475351103</Val>
</DBL>
<DBL>
<Name></Name>
<Val>7.05210496192425E-2</Val>
</DBL>
<DBL>
<Name></Name>
<Val>0.29040966957902</Val>
</DBL>
<DBL>
<Name></Name>
<Val>2.25947646014372E-2</Val>
</DBL>
<DBL>
<Name></Name>
<Val>7.60169196759784E-4</Val>
</DBL>
<DBL>
<Name></Name>
<Val>6.69747980343761E-4</Val>
</DBL>
<DBL>
<Name></Name>
<Val>1.15251792015162E-3</Val>
</DBL>
<DBL>
<Name></Name>
<Val>2.54942983747699E-2</Val>
</DBL>
<DBL>
<Name></Name>
<Val>1.85490402844424E-2</Val>
</DBL>
<DBL>
<Name></Name>
<Val>0.37088509314432</Val>
</DBL>
<DBL>
<Name></Name>
<Val>0.18488865469416</Val>
</DBL>
<DBL>
<Name></Name>
<Val>7.13560623357362E-2</Val>
</DBL>
<DBL>
<Name></Name>
<Val>0.30186686950190</Val>
</DBL>
<DBL>
<Name></Name>
<Val>2.42557557208505E-2</Val>
</DBL>
<DBL>
<Name></Name>
<Val>8.18935092587371E-4</Val>
</DBL>
<DBL>
<Name></Name>
<Val>7.32772931080921E-4</Val>
</DBL>
<DBL>
<Name></Name>
<Val>1.05689913576864E-3</Val>
</DBL>
<DBL>
<Name></Name>
<Val>2.34253018711062E-2</Val>
</DBL>
<DBL>
<Name></Name>
<Val>1.73063034579160E-2</Val>
</DBL>
<DBL>
<Name></Name>
<Val>0.36372689352357</Val>
</DBL>
<DBL>
<Name></Name>
<Val>0.18281698602951</Val>
</DBL>
<DBL>
<Name></Name>
<Val>7.20672217497581E-2</Val>
</DBL>
<DBL>
<Name></Name>
<Val>0.31212802009800</Val>
</DBL>
<DBL>
<Name></Name>
<Val>2.58058575801136E-2</Val>
</DBL>
<DBL>
<Name></Name>
<Val>8.73951841119565E-4</Val>
</DBL>
<DBL>
<Name></Name>
<Val>7.92564713135950E-4</Val>
</DBL>
<DBL>
<Name></Name>
<Val>9.79226231320618E-4</Val>
</DBL>
<DBL>
<Name></Name>
<Val>2.17429867842830E-2</Val>
</DBL>
<DBL>
<Name></Name>
<Val>1.62865598849135E-2</Val>
</DBL>
<DBL>
<Name></Name>
<Val>0.35714700907439</Val>
</DBL>
<DBL>
<Name></Name>
<Val>0.18085033018285</Val>
</DBL>
<DBL>
<Name></Name>
<Val>7.26748447407406E-2</Val>
</DBL>
<DBL>
<Name></Name>
<Val>0.32130126132481</Val>
</DBL>
<DBL>
<Name></Name>
<Val>2.72438216071584E-2</Val>
</DBL>
<DBL>
<Name></Name>
<Val>9.25130358548694E-4</Val>
</DBL>
<DBL>
<Name></Name>
<Val>8.48829810984958E-4</Val>
</DBL>
<DBL>
<Name></Name>
<Val>9.15800759473641E-4</Val>
</DBL>
<DBL>
<Name></Name>
<Val>2.03678923658807E-2</Val>
</DBL>
<DBL>
<Name></Name>
<Val>1.54452974546826E-2</Val>
</DBL>
<DBL>
<Name></Name>
<Val>0.35113399860396</Val>
</DBL>
<DBL>
<Name></Name>
<Val>0.17900668456472</Val>
</DBL>
<DBL>
<Name></Name>
<Val>7.31956139796187E-2</Val>
</DBL>
<DBL>
<Name></Name>
<Val>0.32948997172951</Val>
</DBL>
<DBL>
<Name></Name>
<Val>2.85708575064926E-2</Val>
</DBL>
<DBL>
<Name></Name>
<Val>9.72476033153858E-4</Val>
</DBL>
<DBL>
<Name></Name>
<Val>9.01407002514827E-4</Val>
</DBL>
<DBL>
<Name></Name>
<Val>8.63733015640275E-4</Val>
</DBL>
<DBL>
<Name></Name>
<Val>1.92379036432007E-2</Val>
</DBL>
<DBL>
<Name></Name>
<Val>1.47475494500318E-2</Val>
</DBL>
<DBL>
<Name></Name>
<Val>0.34566491785959</Val>
</DBL>
<DBL>
<Name></Name>
<Val>0.17729503197399</Val>
</DBL>
<DBL>
<Name></Name>
<Val>7.36432688795404E-2</Val>
</DBL>
<DBL>
<Name></Name>
<Val>0.33679127255947</Val>
</DBL>
<DBL>
<Name></Name>
<Val>2.97900149035422E-2</Val>
</DBL>
<DBL>
<Name></Name>
<Val>1.01606621759381E-3</Val>
</DBL>
<DBL>
<Name></Name>
<Val>9.50241497404193E-4</Val>
</DBL>
<DBL>
<Name></Name>
<Val>8.20759136837255E-4</Val>
</DBL>
<DBL>
<Name></Name>
<Val>1.83043323679284E-2</Val>
</DBL>
<DBL>
<Name></Name>
<Val>1.41657595090945E-2</Val>
</DBL>
<DBL>
<Name></Name>
<Val>0.34070967929518</Val>
</DBL>
<DBL>
<Name></Name>
<Val>0.17571800053630</Val>
</DBL>
<DBL>
<Name></Name>
<Val>7.40291604537636E-2</Val>
</DBL>
<DBL>
<Name></Name>
<Val>0.34329524662497</Val>
</DBL>
<DBL>
<Name></Name>
<Val>3.09056690338688E-2</Val>
</DBL>
<DBL>
<Name></Name>
<Val>1.05603124717125E-3</Val>
</DBL>
<DBL>
<Name></Name>
<Val>9.95361794888919E-4</Val>
</DBL>
<DBL>
<Name></Name>
<Val>7.85100325333444E-4</Val>
</DBL>
<DBL>
<Name></Name>
<Val>1.75289000959247E-2</Val>
</DBL>
<DBL>
<Name></Name>
<Val>1.36781352938706E-2</Val>
</DBL>
<DBL>
<Name></Name>
<Val>0.33623418474549</Val>
</DBL>
<DBL>
<Name></Name>
<Val>0.17427383583883</Val>
</DBL>
<DBL>
<Name></Name>
<Val>7.43626972980849E-2</Val>
</DBL>
<DBL>
<Name></Name>
<Val>0.34908464692502</Val>
</DBL>
<DBL>
<Name></Name>
<Val>3.19231010997050E-2</Val>
</DBL>
<DBL>
<Name></Name>
<Val>1.09253876128826E-3</Val>
</DBL>
<DBL>
<Name></Name>
<Val>1.03685961644758E-3</Val>
</DBL>
<DBL>
<Name></Name>
<Val>7.55354398459370E-4</Val>
</DBL>
<DBL>
<Name></Name>
<Val>1.68814136193533E-2</Val>
</DBL>
<DBL>
<Name></Name>
<Val>1.32673775963140E-2</Val>
</DBL>
<DBL>
<Name></Name>
<Val>0.33220254629094</Val>
</DBL>
<DBL>
<Name></Name>
<Val>0.17295785455379</Val>
</DBL>
<DBL>
<Name></Name>
<Val>7.46517044710481E-2</Val>
</DBL>
<DBL>
<Name></Name>
<Val>0.35423493309728</Val>
</DBL>
<DBL>
<Name></Name>
<Val>3.28481620364289E-2</Val>
</DBL>
<DBL>
<Name></Name>
<Val>1.12578099709019E-3</Val>
</DBL>
<DBL>
<Name></Name>
<Val>1.07487293930007E-3</Val>
</DBL>
<DBL>
<Name></Name>
<Val>7.30412158189108E-4</Val>
</DBL>
<DBL>
<Name></Name>
<Val>1.63379720370713E-2</Val>
</DBL>
<DBL>
<Name></Name>
<Val>1.29196980493608E-2</Val>
</DBL>
<DBL>
<Name></Name>
<Val>0.32857863244451</Val>
</DBL>
<DBL>
<Name></Name>
<Val>0.17176350802420</Val>
</DBL>
<DBL>
<Name></Name>
<Val>7.49027126746913E-2</Val>
</DBL>
<DBL>
<Name></Name>
<Val>0.35881451996797</Val>
</DBL>
<DBL>
<Name></Name>
<Val>3.36870080039218E-2</Val>
</DBL>
<DBL>
<Name></Name>
<Val>1.15596468046786E-3</Val>
</DBL>
<DBL>
<Name></Name>
<Val>1.10957195962068E-3</Val>
</DBL>
<DBL>
<Name></Name>
<Val>7.09392828189128E-4</Val>
</DBL>
<DBL>
<Name></Name>
<Val>1.58795822965394E-2</Val>
</DBL>
<DBL>
<Name></Name>
<Val>1.26240588506357E-2</Val>
</DBL>
<DBL>
<Name></Name>
<Val>0.32532711772069</Val>
</DBL>
<DBL>
<Name></Name>
<Val>0.17068315322090</Val>
</DBL>
<DBL>
<Name></Name>
<Val>7.51211916378975E-2</Val>
</DBL>
<DBL>
<Name></Name>
<Val>0.36288515624277</Val>
</DBL>
<DBL>
<Name></Name>
<Val>3.44458963585196E-2</Val>
</DBL>
<DBL>
<Name></Name>
<Val>1.18330313596330E-3</Val>
</DBL>
<DBL>
<Name></Name>
<Val>1.14114770789767E-3</Val>
</DBL>
<DBL>
<Name></Name>
<Val>6.91594148623082E-4</Val>
</DBL>
<DBL>
<Name></Name>
<Val>1.54910887809796E-2</Val>
</DBL>
<DBL>
<Name></Name>
<Val>1.23715834070682E-2</Val>
</DBL>
<DBL>
<Name></Name>
<Val>0.32241416902434</Val>
</DBL>
<DBL>
<Name></Name>
<Val>0.16970860484861</Val>
</DBL>
<DBL>
<Name></Name>
<Val>7.53117388043943E-2</Val>
</DBL>
<DBL>
<Name></Name>
<Val>0.36650237595447</Val>
</DBL>
<DBL>
<Name></Name>
<Val>3.51310317820104E-2</Val>
</DBL>
<DBL>
<Name></Name>
<Val>1.20801025723304E-3</Val>
</DBL>
<DBL>
<Name></Name>
<Val>1.16980299226281E-3</Val>
</DBL>
<DBL>
<Name></Name>
<Val>6.76453746897562E-4</Val>
</DBL>
<DBL>
<Name></Name>
<Val>1.51603445204206E-2</Val>
</DBL>
<DBL>
<Name></Name>
<Val>1.21550986826467E-2</Val>
</DBL>
<DBL>
<Name></Name>
<Val>0.31980786861877</Val>
</DBL>
<DBL>
<Name></Name>
<Val>0.16883152441071</Val>
</DBL>
<DBL>
<Name></Name>
<Val>7.54782321901327E-2</Val>
</DBL>
<DBL>
<Name></Name>
<Val>0.36971598308921</Val>
</DBL>
<DBL>
<Name></Name>
<Val>3.57484533915612E-2</Val>
</DBL>
<DBL>
<Name></Name>
<Val>1.23029601256734E-3</Val>
</DBL>
<DBL>
<Name></Name>
<Val>1.19574533709128E-3</Val>
</DBL>
<DBL>
<Name></Name>
<Val>6.63519189707446E-4</Val>
</DBL>
<DBL>
<Name></Name>
<Val>1.48775684577631E-2</Val>
</DBL>
<DBL>
<Name></Name>
<Val>1.19687791303070E-2</Val>
</DBL>
<DBL>
<Name></Name>
<Val>0.31747844803734</Val>
</DBL>
<DBL>
<Name></Name>
<Val>0.16804368838668</Val>
</DBL>
<DBL>
<Name></Name>
<Val>7.56239544884423E-2</Val>
</DBL>
<DBL>
<Name></Name>
<Val>0.37257054264468</Val>
</DBL>
<DBL>
<Name></Name>
<Val>3.63039548680836E-2</Val>
</DBL>
<DBL>
<Name></Name>
<Val>1.25036319837970E-3</Val>
</DBL>
<DBL>
<Name></Name>
<Val>1.21918159861262E-3</Val>
</DBL>
<DBL>
<Name></Name>
<Val>6.52424724738933E-4</Val>
</DBL>
<DBL>
<Name></Name>
<Val>1.46348461112602E-2</Val>
</DBL>
<DBL>
<Name></Name>
<Val>1.18078690634405E-2</Val>
</DBL>
<DBL>
<Name></Name>
<Val>0.31539838817787</Val>
</DBL>
<DBL>
<Name></Name>
<Val>0.16733716730477</Val>
</DBL>
<DBL>
<Name></Name>
<Val>7.57516940759435E-2</Val>
</DBL>
<DBL>
<Name></Name>
<Val>0.37510586055951</Val>
</DBL>
<DBL>
<Name></Name>
<Val>3.68030308230032E-2</Val>
</DBL>
<DBL>
<Name></Name>
<Val>1.26840519305480E-3</Val>
</DBL>
<DBL>
<Name></Name>
<Val>1.24031396641609E-3</Val>
</DBL>
<DBL>
<Name></Name>
<Val>6.42873182448092E-4</Val>
</DBL>
<DBL>
<Name></Name>
<Val>1.44257408681472E-2</Val>
</DBL>
<DBL>
<Name></Name>
<Val>1.16684656706004E-2</Val>
</DBL>
<DBL>
<Name></Name>
<Val>0.31354242643481</Val>
</DBL>
<DBL>
<Name></Name>
<Val>0.16670443962015</Val>
</DBL>
<DBL>
<Name></Name>
<Val>7.58638274352864E-2</Val>
</DBL>
<DBL>
<Name></Name>
<Val>0.37735744147485</Val>
</DBL>
<DBL>
<Name></Name>
<Val>3.72508437195427E-2</Val>
</DBL>
<DBL>
<Name></Name>
<Val>1.28460450137050E-3</Val>
</DBL>
<DBL>
<Name></Name>
<Val>1.25933709279832E-3</Val>
</DBL>
<DBL>
<Name></Name>
<Val>6.34621862513232E-4</Val>
</DBL>
<DBL>
<Name></Name>
<Val>1.42449907281521E-2</Val>
</DBL>
<DBL>
<Name></Name>
<Val>1.15473489795655E-2</Val>
</DBL>
<DBL>
<Name></Name>
<Val>0.31188750092567</Val>
</DBL>
<DBL>
<Name></Name>
<Val>0.16613845834005</Val>
</DBL>
<DBL>
<Name></Name>
<Val>7.59623866042589E-2</Val>
</DBL>
<DBL>
<Name></Name>
<Val>0.37935691787170</Val>
</DBL>
<DBL>
<Name></Name>
<Val>3.76522066471308E-2</Val>
</DBL>
<DBL>
<Name></Name>
<Val>1.29913191439839E-3</Val>
</DBL>
<DBL>
<Name></Name>
<Val>1.27643612655470E-3</Val>
</DBL>
<DBL>
<Name></Name>
<Val>6.27471501146516E-4</Val>
</DBL>
<DBL>
<Name></Name>
<Val>1.40882711314820E-2</Val>
</DBL>
<DBL>
<Name></Name>
<Val>1.14418482254028E-2</Val>
</DBL>
<DBL>
<Name></Name>
<Val>0.31041265377620</Val>
</DBL>
<DBL>
<Name></Name>
<Val>0.16563268381497</Val>
</DBL>
<DBL>
<Name></Name>
<Val>7.60491145381218E-2</Val>
</DBL>
<DBL>
<Name></Name>
<Val>0.38113244730381</Val>
</DBL>
<DBL>
<Name></Name>
<Val>3.80115781068158E-2</Val>
</DBL>
<DBL>
<Name></Name>
<Val>1.31214614064015E-3</Val>
</DBL>
<DBL>
<Name></Name>
<Val>1.29178546141735E-3</Val>
</DBL>
<DBL>
<Name></Name>
<Val>6.21257623786971E-4</Val>
</DBL>
<DBL>
<Name></Name>
<Val>1.39520089676245E-2</Val>
</DBL>
<DBL>
<Name></Name>
<Val>1.13497364945881E-2</Val>
</DBL>
<DBL>
<Name></Name>
<Val>0.30909890938090</Val>
</DBL>
<DBL>
<Name></Name>
<Val>0.16518109269417</Val>
</DBL>
<DBL>
<Name></Name>
<Val>7.61255106959191E-2</Val>
</DBL>
<DBL>
<Name></Name>
<Val>0.38270907660866</Val>
</DBL>
<DBL>
<Name></Name>
<Val>3.83330657029735E-2</Val>
</DBL>
<DBL>
<Name></Name>
<Val>1.32379379098131E-3</Val>
</DBL>
<DBL>
<Name></Name>
<Val>1.30554804039855E-3</Val>
</DBL>
<DBL>
<Name></Name>
<Val>6.15843747583162E-4</Val>
</DBL>
<DBL>
<Name></Name>
<Val>1.38332362857280E-2</Val>
</DBL>
<DBL>
<Name></Name>
<Val>1.12691473743084E-2</Val>
</DBL>
<DBL>
<Name></Name>
<Val>0.30792913904875</Val>
</DBL>
<DBL>
<Name></Name>
<Val>0.16477817045911</Val>
</DBL>
<DBL>
<Name></Name>
<Val>7.61928687022216E-2</Val>
</DBL>
<DBL>
<Name></Name>
<Val>0.38410907341446</Val>
</DBL>
<DBL>
<Name></Name>
<Val>3.86204362598200E-2</Val>
</DBL>
<DBL>
<Name></Name>
<Val>1.33420962295383E-3</Val>
</DBL>
<DBL>
<Name></Name>
<Val>1.31787508507236E-3</Val>
</DBL>
<DBL>
<Name></Name>
<Val>6.11116020835439E-4</Val>
</DBL>
<DBL>
<Name></Name>
<Val>1.37294748568682E-2</Val>
</DBL>
<DBL>
<Name></Name>
<Val>1.11985087635002E-2</Val>
</DBL>
<DBL>
<Name></Name>
<Val>0.30688792009678</Val>
</DBL>
<DBL>
<Name></Name>
<Val>0.16441889299946</Val>
</DBL>
<DBL>
<Name></Name>
<Val>7.62523075695160E-2</Val>
</DBL>
<DBL>
<Name></Name>
<Val>0.38535222617963</Val>
</DBL>
<DBL>
<Name></Name>
<Val>3.88771304012591E-2</Val>
</DBL>
<DBL>
<Name></Name>
<Val>1.34351696908316E-3</Val>
</DBL>
<DBL>
<Name></Name>
<Val>1.32890614307330E-3</Val>
</DBL>
<DBL>
<Name></Name>
<Val>6.06978980874404E-4</Val>
</DBL>
<DBL>
<Name></Name>
<Val>1.36386447587639E-2</Val>
</DBL>
<DBL>
<Name></Name>
<Val>1.11364901000590E-2</Val>
</DBL>
<DBL>
<Name></Name>
<Val>0.30596139498024</Val>
</DBL>
<DBL>
<Name></Name>
<Val>0.16409870123010</Val>
</DBL>
<DBL>
<Name></Name>
<Val>7.63047976743000E-2</Val>
</DBL>
<DBL>
<Name></Name>
<Val>0.38645611455601</Val>
</DBL>
<DBL>
<Name></Name>
<Val>3.91062800616688E-2</Val>
</DBL>
<DBL>
<Name></Name>
<Val>1.35182829012869E-3</Val>
</DBL>
<DBL>
<Name></Name>
<Val>1.33876936786290E-3</Val>
</DBL>
<DBL>
<Name></Name>
<Val>6.03352184341669E-4</Val>
</DBL>
<DBL>
<Name></Name>
<Val>1.35589917065644E-2</Val>
</DBL>
<DBL>
<Name></Name>
<Val>1.10819601036820E-2</Val>
</DBL>
<DBL>
<Name></Name>
<Val>0.30513713422892</Val>
</DBL>
<DBL>
<Name></Name>
<Val>0.16381347164684</Val>
</DBL>
<DBL>
<Name></Name>
<Val>7.63511824467734E-2</Val>
</DBL>
<DBL>
<Name></Name>
<Val>0.38743635216758</Val>
</DBL>
<DBL>
<Name></Name>
<Val>3.93107277457442E-2</Val>
</DBL>
<DBL>
<Name></Name>
<Val>1.35924580721129E-3</Val>
</DBL>
<DBL>
<Name></Name>
<Val>1.34758196233995E-3</Val>
</DBL>
<DBL>
<Name></Name>
<Val>6.00167519594369E-4</Val>
</DBL>
<DBL>
<Name></Name>
<Val>1.34890290480273E-2</Val>
</DBL>
<DBL>
<Name></Name>
<Val>1.10339527847172E-2</Val>
</DBL>
<DBL>
<Name></Name>
<Val>0.30440400563059</Val>
</DBL>
<DBL>
<Name></Name>
<Val>0.16355948489571</Val>
</DBL>
<DBL>
<Name></Name>
<Val>7.63921965477957E-2</Val>
</DBL>
<DBL>
<Name></Name>
<Val>0.38830680402437</Val>
</DBL>
<DBL>
<Name></Name>
<Val>3.94930466391696E-2</Val>
</DBL>
<DBL>
<Name></Name>
<Val>1.36586217755872E-3</Val>
</DBL>
<DBL>
<Name></Name>
<Val>1.35545073246737E-3</Val>
</DBL>
<DBL>
<Name></Name>
<Val>5.97367053869892E-4</Val>
</DBL>
<DBL>
<Name></Name>
<Val>1.34274912610926E-2</Val>
</DBL>
<DBL>
<Name></Name>
<Val>1.09916399712270E-2</Val>
</DBL>
<DBL>
<Name></Name>
<Val>0.30375205114095</Val>
</DBL>
<DBL>
<Name></Name>
<Val>0.16333339381676</Val>
</DBL>
<DBL>
<Name></Name>
<Val>7.64284811579351E-2</Val>
</DBL>
<DBL>
<Name></Name>
<Val>0.38907978080241</Val>
</DBL>
<DBL>
<Name></Name>
<Val>3.96555608993894E-2</Val>
</DBL>
<DBL>
<Name></Name>
<Val>1.37176118726072E-3</Val>
</DBL>
<DBL>
<Name></Name>
<Val>1.36247270910879E-3</Val>
</DBL>
<DBL>
<Name></Name>
<Val>5.94901300905452E-4</Val>
</DBL>
<DBL>
<Name></Name>
<Val>1.33732965004269E-2</Val>
</DBL>
<DBL>
<Name></Name>
<Val>1.09543089937556E-2</Val>
</DBL>
<DBL>
<Name></Name>
<Val>0.30317237231074</Val>
</DBL>
<DBL>
<Name></Name>
<Val>0.16313219196900</Val>
</DBL>
<DBL>
<Name></Name>
<Val>7.64605968843377E-2</Val>
</DBL>
<DBL>
<Name></Name>
<Val>0.38976621215685</Val>
</DBL>
<DBL>
<Name></Name>
<Val>3.98003656365732E-2</Val>
</DBL>
<DBL>
<Name></Name>
<Val>1.37701844134915E-3</Val>
</DBL>
<DBL>
<Name></Name>
<Val>1.36873580606570E-3</Val>
</DBL>
<DBL>
<Name></Name>
<Val>5.92727820195011E-4</Val>
</DBL>
<DBL>
<Name></Name>
<Val>1.33255162859129E-2</Val>
</DBL>
<DBL>
<Name></Name>
<Val>1.09213444664917E-2</Val>
</DBL>
<DBL>
<Name></Name>
<Val>0.30265702453493</Val>
</DBL>
<DBL>
<Name></Name>
<Val>0.16295318330740</Val>
</DBL>
<DBL>
<Name></Name>
<Val>7.64890346957432E-2</Val>
</DBL>
<DBL>
<Name></Name>
<Val>0.39037580112484</Val>
</DBL>
<DBL>
<Name></Name>
<Val>3.99293462372714E-2</Val>
</DBL>
<DBL>
<Name></Name>
<Val>1.38170203700287E-3</Val>
</DBL>
<DBL>
<Name></Name>
<Val>1.37431949021469E-3</Val>
</DBL>
<DBL>
<Name></Name>
<Val>5.90810078736822E-4</Val>
</DBL>
<DBL>
<Name></Name>
<Val>1.32833508478421E-2</Val>
</DBL>
<DBL>
<Name></Name>
<Val>1.08922133349639E-2</Val>
</DBL>
<DBL>
<Name></Name>
<Val>0.30219892009303</Val>
</DBL>
<DBL>
<Name></Name>
<Val>0.16279395343763</Val>
</DBL>
<DBL>
<Name></Name>
<Val>7.65142252194462E-2</Val>
</DBL>
<DBL>
<Name></Name>
<Val>0.39091716153810</Val>
</DBL>
<DBL>
<Name></Name>
<Val>4.00441967942990E-2</Val>
</DBL>
<DBL>
<Name></Name>
<Val>1.38587320997891E-3</Val>
</DBL>
<DBL>
<Name></Name>
<Val>1.37929544596902E-3</Val>
</DBL>
<DBL>
<Name></Name>
<Val>5.89116521323047E-4</Val>
</DBL>
<DBL>
<Name></Name>
<Val>1.32461089695198E-2</Val>
</DBL>
<DBL>
<Name></Name>
<Val>1.08664525396796E-2</Val>
</DBL>
<DBL>
<Name></Name>
<Val>0.30179173972358</Val>
</DBL>
<DBL>
<Name></Name>
<Val>0.16265234269647</Val>
</DBL>
<DBL>
<Name></Name>
<Val>7.65365466725126E-2</Val>
</DBL>
<DBL>
<Name></Name>
<Val>0.39139794021588</Val>
</DBL>
<DBL>
<Name></Name>
<Val>4.01464374920293E-2</Val>
</DBL>
<DBL>
<Name></Name>
<Val>1.38958694771159E-3</Val>
</DBL>
<DBL>
<Name></Name>
<Val>1.38372822129822E-3</Val>
</DBL>
<DBL>
<Name></Name>
<Val>5.87619807179986E-4</Val>
</DBL>
<DBL>
<Name></Name>
<Val>1.32131914202058E-2</Val>
</DBL>
<DBL>
<Name></Name>
<Val>1.08436587841980E-2</Val>
</DBL>
<DBL>
<Name></Name>
<Val>0.30142985233046</Val>
</DBL>
<DBL>
<Name></Name>
<Val>0.16252642117845</Val>
</DBL>
<DBL>
<Name></Name>
<Val>7.65563316500731E-2</Val>
</DBL>
<DBL>
<Name></Name>
<Val>0.39182492555636</Val>
</DBL>
<DBL>
<Name></Name>
<Val>4.02374308615176E-2</Val>
</DBL>
<DBL>
<Name></Name>
<Val>1.39289256508435E-3</Val>
</DBL>
<DBL>
<Name></Name>
<Val>1.38767584646812E-3</Val>
</DBL>
<DBL>
<Name></Name>
<Val>5.86296179875281E-4</Val>
</DBL>
<DBL>
<Name></Name>
<Val>1.31840772667538E-2</Val>
</DBL>
<DBL>
<Name></Name>
<Val>1.08234800042091E-2</Val>
</DBL>
<DBL>
<Name></Name>
<Val>0.30110824233143</Val>
</DBL>
<DBL>
<Name></Name>
<Val>0.16241446573973</Val>
</DBL>
<DBL>
<Name></Name>
<Val>7.65738729536069E-2</Val>
</DBL>
<DBL>
<Name></Name>
<Val>0.39220414399504</Val>
</DBL>
<DBL>
<Name></Name>
<Val>4.03183968688289E-2</Val>
</DBL>
<DBL>
<Name></Name>
<Val>1.39583424081888E-3</Val>
</DBL>
<DBL>
<Name></Name>
<Val>1.39119041971225E-3</Val>
</DBL>
<DBL>
<Name></Name>
<Val>5.85124944474910E-4</Val>
</DBL>
<DBL>
<Name></Name>
<Val>1.31583125039898E-2</Val>
</DBL>
<DBL>
<Name></Name>
<Val>1.08056082183415E-2</Val>
</DBL>
<DBL>
<Name></Name>
<Val>0.30082244411323</Val>
</DBL>
<DBL>
<Name></Name>
<Val>0.16231493894829</Val>
</DBL>
<DBL>
<Name></Name>
<Val>7.65894286098678E-2</Val>
</DBL>
<DBL>
<Name></Name>
<Val>0.39254094565554</Val>
</DBL>
<DBL>
<Name></Name>
<Val>4.03904268360160E-2</Val>
</DBL>
<DBL>
<Name></Name>
<Val>1.39845151387144E-3</Val>
</DBL>
<DBL>
<Name></Name>
<Val>1.39431865638208E-3</Val>
</DBL>
<DBL>
<Name></Name>
<Val>5.84088031424883E-4</Val>
</DBL>
<DBL>
<Name></Name>
<Val>1.31355005617986E-2</Val>
</DBL>
<DBL>
<Name></Name>
<Val>1.07897735070827E-2</Val>
</DBL>
<DBL>
<Name></Name>
<Val>0.30056848304124</Val>
</DBL>
<DBL>
<Name></Name>
<Val>0.16222646990870</Val>
</DBL>
<DBL>
<Name></Name>
<Val>7.66032262049718E-2</Val>
</DBL>
<DBL>
<Name></Name>
<Val>0.39284008038447</Val>
</DBL>
<DBL>
<Name></Name>
<Val>4.04544962201436E-2</Val>
</DBL>
<DBL>
<Name></Name>
<Val>1.40077974027951E-3</Val>
</DBL>
<DBL>
<Name></Name>
<Val>1.39710239988938E-3</Val>
</DBL>
<DBL>
<Name></Name>
<Val>5.83169630909370E-4</Val>
</DBL>
<DBL>
<Name></Name>
<Val>1.31152943387567E-2</Val>
</DBL>
<DBL>
<Name></Name>
<Val>1.07757389175510E-2</Val>
</DBL>
<DBL>
<Name></Name>
<Val>0.30034282247529</Val>
</DBL>
<DBL>
<Name></Name>
<Val>0.16214783686345</Val>
</DBL>
<DBL>
<Name></Name>
<Val>7.66154666369352E-2</Val>
</DBL>
<DBL>
<Name></Name>
<Val>0.39310576523757</Val>
</DBL>
<DBL>
<Name></Name>
<Val>4.05114762938185E-2</Val>
</DBL>
<DBL>
<Name></Name>
<Val>1.40285051165028E-3</Val>
</DBL>
<DBL>
<Name></Name>
<Val>1.39957909406642E-3</Val>
</DBL>
<DBL>
<Name></Name>
<Val>5.82355884774516E-4</Val>
</DBL>
<DBL>
<Name></Name>
<Val>1.30973894838711E-2</Val>
</DBL>
<DBL>
<Name></Name>
<Val>1.07632961321206E-2</Val>
</DBL>
<DBL>
<Name></Name>
<Val>0.30014231626032</Val>
</DBL>
<DBL>
<Name></Name>
<Val>0.16207795145766</Val>
</DBL>
<DBL>
<Name></Name>
<Val>7.66263273726574E-2</Val>
</DBL>
<DBL>
<Name></Name>
<Val>0.39334174437141</Val>
</DBL>
<DBL>
<Name></Name>
<Val>4.05621447826781E-2</Val>
</DBL>
<DBL>
<Name></Name>
<Val>1.40469203699228E-3</Val>
</DBL>
<DBL>
<Name></Name>
<Val>1.40178221752295E-3</Val>
</DBL>
<DBL>
<Name></Name>
<Val>5.81634625717939E-4</Val>
</DBL>
<DBL>
<Name></Name>
<Val>1.30815187041146E-2</Val>
</DBL>
<DBL>
<Name></Name>
<Val>1.07522617705723E-2</Val>
</DBL>
<DBL>
<Name></Name>
<Val>0.29996416618659</Val>
</DBL>
<DBL>
<Name></Name>
<Val>0.16201584454672</Val>
</DBL>
<DBL>
<Name></Name>
<Val>7.66359652812119E-2</Val>
</DBL>
<DBL>
<Name></Name>
<Val>0.39355134219126</Val>
</DBL>
<DBL>
<Name></Name>
<Val>4.06071955226377E-2</Val>
</DBL>
<DBL>
<Name></Name>
<Val>1.40632948992017E-3</Val>
</DBL>
<DBL>
<Name></Name>
<Val>1.40374168125287E-3</Val>
</DBL>
<DBL>
<Name></Name>
<Val>5.80995155491522E-4</Val>
</DBL>
<DBL>
<Name></Name>
<Val>1.30674469194954E-2</Val>
</DBL>
<DBL>
<Name></Name>
<Val>1.07424742204165E-2</Val>
</DBL>
<DBL>
<Name></Name>
<Val>0.29980588394494</Val>
</DBL>
<DBL>
<Name></Name>
<Val>0.16196065342474</Val>
</DBL>
<DBL>
<Name></Name>
<Val>7.66445191037276E-2</Val>
</DBL>
<DBL>
<Name></Name>
<Val>0.39373751051299</Val>
</DBL>
<DBL>
<Name></Name>
<Val>4.06472472035533E-2</Val>
</DBL>
<DBL>
<Name></Name>
<Val>1.40778532345183E-3</Val>
</DBL>
<DBL>
<Name></Name>
<Val>1.40548419119895E-3</Val>
</DBL>
<DBL>
<Name></Name>
<Val>5.80428055475642E-4</Val>
</DBL>
<DBL>
<Name></Name>
<Val>1.30549671220612E-2</Val>
</DBL>
<DBL>
<Name></Name>
<Val>1.07337909098102E-2</Val>
</DBL>
<DBL>
<Name></Name>
<Val>0.29966525713639</Val>
</DBL>
<DBL>
<Name></Name>
<Val>0.16191161035320</Val>
</DBL>
<DBL>
<Name></Name>
<Val>7.66521116106139E-2</Val>
</DBL>
<DBL>
<Name></Name>
<Val>0.39390287041275</Val>
</DBL>
<DBL>
<Name></Name>
<Val>4.06828512672220E-2</Val>
</DBL>
<DBL>
<Name></Name>
<Val>1.40907955470349E-3</Val>
</DBL>
<DBL>
<Name></Name>
<Val>1.40703357777369E-3</Val>
</DBL>
<DBL>
<Name></Name>
<Val>5.79925024253774E-4</Val>
</DBL>
<DBL>
<Name></Name>
<Val>1.30438968226097E-2</Val>
</DBL>
<DBL>
<Name></Name>
<Val>1.07260859531956E-2</Val>
</DBL>
<DBL>
<Name></Name>
<Val>0.29954031892997</Val>
</DBL>
<DBL>
<Name></Name>
<Val>0.16186803227419</Val>
</DBL>
<DBL>
<Name></Name>
<Val>7.66588514890233E-2</Val>
</DBL>
<DBL>
<Name></Name>
<Val>0.39404974936345</Val>
</DBL>
<DBL>
<Name></Name>
<Val>4.07144990270243E-2</Val>
</DBL>
<DBL>
<Name></Name>
<Val>1.41023002179852E-3</Val>
</DBL>
<DBL>
<Name></Name>
<Val>1.40841109449694E-3</Val>
</DBL>
<DBL>
<Name></Name>
<Val>5.79478737822571E-4</Val>
</DBL>
<DBL>
<Name></Name>
<Val>1.30340749905577E-2</Val>
</DBL>
<DBL>
<Name></Name>
<Val>1.07192481123155E-2</Val>
</DBL>
<DBL>
<Name></Name>
<Val>0.29942932099650</Val>
</DBL>
<DBL>
<Name></Name>
<Val>0.16182931159832</Val>
</DBL>
<DBL>
<Name></Name>
<Val>7.66648349969304E-2</Val>
</DBL>
<DBL>
<Name></Name>
<Val>0.39418021418975</Val>
</DBL>
<DBL>
<Name></Name>
<Val>4.07426280745637E-2</Val>
</DBL>
<DBL>
<Name></Name>
<Val>1.41125261526087E-3</Val>
</DBL>
<DBL>
<Name></Name>
<Val>1.40963568797970E-3</Val>
</DBL>
<DBL>
<Name></Name>
<Val>5.79082728872095E-4</Val>
</DBL>
<DBL>
<Name></Name>
<Val>1.30253594096687E-2</Val>
</DBL>
<DBL>
<Name></Name>
<Val>1.07131790252992E-2</Val>
</DBL>
<DBL>
<Name></Name>
<Val>0.29933070937970</Val>
</DBL>
<DBL>
<Name></Name>
<Val>0.16179490796463</Val>
</DBL>
<DBL>
<Name></Name>
<Val>7.66701474147940E-2</Val>
</DBL>
<DBL>
<Name></Name>
<Val>0.39429610031367</Val>
</DBL>
<DBL>
<Name></Name>
<Val>4.07676280357995E-2</Val>
</DBL>
<DBL>
<Name></Name>
<Val>1.41216148608152E-3</Val>
</DBL>
<DBL>
<Name></Name>
<Val>1.41072424148225E-3</Val>
</DBL>
<DBL>
<Name></Name>
<Val>5.78731282208857E-4</Val>
</DBL>
<DBL>
<Name></Name>
<Val>1.30176243861083E-2</Val>
</DBL>
<DBL>
<Name></Name>
<Val>1.07077916645821E-2</Val>
</DBL>
<DBL>
<Name></Name>
<Val>0.29924310299675</Val>
</DBL>
<DBL>
<Name></Name>
<Val>0.16176434087708</Val>
</DBL>
<DBL>
<Name></Name>
<Val>7.66748643212481E-2</Val>
</DBL>
<DBL>
<Name></Name>
<Val>0.39439903770954</Val>
</DBL>
<DBL>
<Name></Name>
<Val>4.07898457357297E-2</Val>
</DBL>
<DBL>
<Name></Name>
<Val>1.41296923253781E-3</Val>
</DBL>
<DBL>
<Name></Name>
<Val>1.41169179422504E-3</Val>
</DBL>
<DBL>
<Name></Name>
<Val>5.78419343905514E-4</Val>
</DBL>
<DBL>
<Name></Name>
<Val>1.30107587563376E-2</Val>
</DBL>
<DBL>
<Name></Name>
<Val>1.07030089909542E-2</Val>
</DBL>
<DBL>
<Name></Name>
<Val>0.29916527449044</Val>
</DBL>
<DBL>
<Name></Name>
<Val>0.16173718312993</Val>
</DBL>
<DBL>
<Name></Name>
<Val>7.66790527154839E-2</Val>
</DBL>
<DBL>
<Name></Name>
<Val>0.39449047393979</Val>
</DBL>
<DBL>
<Name></Name>
<Val>4.08095898269022E-2</Val>
</DBL>
<DBL>
<Name></Name>
<Val>1.41368706772239E-3</Val>
</DBL>
<DBL>
<Name></Name>
<Val>1.41255173854559E-3</Val>
</DBL>
<DBL>
<Name></Name>
<Val>5.78142442172523E-4</Val>
</DBL>
<DBL>
<Name></Name>
<Val>1.30046641512528E-2</Val>
</DBL>
<DBL>
<Name></Name>
<Val>1.06987627763292E-2</Val>
</DBL>
<DBL>
<Name></Name>
<Val>0.29909613318200</Val>
</DBL>
<DBL>
<Name></Name>
<Val>0.16171305494168</Val>
</DBL>
<DBL>
<Name></Name>
<Val>7.66827720058020E-2</Val>
</DBL>
<DBL>
<Name></Name>
<Val>0.39457169460118</Val>
</DBL>
<DBL>
<Name></Name>
<Val>4.08271349330986E-2</Val>
</DBL>
<DBL>
<Name></Name>
<Val>1.41432496960582E-3</Val>
</DBL>
<DBL>
<Name></Name>
<Val>1.41331599688770E-3</Val>
</DBL>
<DBL>
<Name></Name>
<Val>5.77896618279790E-4</Val>
</DBL>
<DBL>
<Name></Name>
<Val>1.29992534801780E-2</Val>
</DBL>
<DBL>
<Name></Name>
<Val>1.06949925721602E-2</Val>
</DBL>
<DBL>
<Name></Name>
<Val>0.29903470989908</Val>
</DBL>
<DBL>
<Name></Name>
<Val>0.16169161872438</Val>
</DBL>
<DBL>
<Name></Name>
<Val>7.66860748811250E-2</Val>
</DBL>
<DBL>
<Name></Name>
<Val>0.39464384147341</Val>
</DBL>
<DBL>
<Name></Name>
<Val>4.08427253555797E-2</Val>
</DBL>
<DBL>
<Name></Name>
<Val>1.41489181532213E-3</Val>
</DBL>
<DBL>
<Name></Name>
<Val>1.41399518048810E-3</Val>
</DBL>
<DBL>
<Name></Name>
<Val>5.77678366126798E-4</Val>
</DBL>
<DBL>
<Name></Name>
<Val>1.29944496041773E-2</Val>
</DBL>
<DBL>
<Name></Name>
<Val>1.06916448039770E-2</Val>
</DBL>
<DBL>
<Name></Name>
<Val>0.29898014347622</Val>
</DBL>
<DBL>
<Name></Name>
<Val>0.16167257442195</Val>
</DBL>
<DBL>
<Name></Name>
<Val>7.66890080799893E-2</Val>
</DBL>
<DBL>
<Name></Name>
<Val>0.39470792862943</Val>
</DBL>
<DBL>
<Name></Name>
<Val>4.08565783854030E-2</Val>
</DBL>
<DBL>
<Name></Name>
<Val>1.41539550123245E-3</Val>
</DBL>
<DBL>
<Name></Name>
<Val>1.41459873149778E-3</Val>
</DBL>
<DBL>
<Name></Name>
<Val>5.77484579280514E-4</Val>
</DBL>
<DBL>
<Name></Name>
<Val>1.29901841729398E-2</Val>
</DBL>
<DBL>
<Name></Name>
<Val>1.06886719754510E-2</Val>
</DBL>
<DBL>
<Name></Name>
<Val>0.29893166874633</Val>
</DBL>
<DBL>
<Name></Name>
<Val>0.16165565535749</Val>
</DBL>
<DBL>
<Name></Name>
<Val>7.66916130695950E-2</Val>
</DBL>
<DBL>
<Name></Name>
<Val>0.39476485673700</Val>
</DBL>
<DBL>
<Name></Name>
<Val>4.08688872615807E-2</Val>
</DBL>
<DBL>
<Name></Name>
<Val>1.41584305019145E-3</Val>
</DBL>
<DBL>
<Name></Name>
<Val>1.41513505014487E-3</Val>
</DBL>
<DBL>
<Name></Name>
<Val>5.77312504481804E-4</Val>
</DBL>
<DBL>
<Name></Name>
<Val>1.29863966034271E-2</Val>
</DBL>
<DBL>
<Name></Name>
<Val>1.06860319678270E-2</Val>
</DBL>
<DBL>
<Name></Name>
<Val>0.29888860586060</Val>
</DBL>
<DBL>
<Name></Name>
<Val>0.16164062453537</Val>
</DBL>
<DBL>
<Name></Name>
<Val>7.66939266458441E-2</Val>
</DBL>
<DBL>
<Name></Name>
<Val>0.39481542575543</Val>
</DBL>
<DBL>
<Name></Name>
<Val>4.08798238112941E-2</Val>
</DBL>
<DBL>
<Name></Name>
<Val>1.41624070731635E-3</Val>
</DBL>
<DBL>
<Name></Name>
<Val>1.41561160841722E-3</Val>
</DBL>
<DBL>
<Name></Name>
<Val>5.77159700770678E-4</Val>
</DBL>
<DBL>
<Name></Name>
<Val>1.29830331817252E-2</Val>
</DBL>
<DBL>
<Name></Name>
<Val>1.06836874225819E-2</Val>
</DBL>
<DBL>
<Name></Name>
<Val>0.29885035079150</Val>
</DBL>
<DBL>
<Name></Name>
<Val>0.16162727134945</Val>
</DBL>
<DBL>
<Name></Name>
<Val>7.66959814638848E-2</Val>
</DBL>
<DBL>
<Name></Name>
<Val>0.39486034620799</Val>
</DBL>
<DBL>
<Name></Name>
<Val>4.08895408050382E-2</Val>
</DBL>
<DBL>
<Name></Name>
<Val>1.41659402544050E-3</Val>
</DBL>
<DBL>
<Name></Name>
<Val>1.41603505161801E-3</Val>
</DBL>
<DBL>
<Name></Name>
<Val>5.77024003504929E-4</Val>
</DBL>
<DBL>
<Name></Name>
<Val>1.29800462722417E-2</Val>
</DBL>
<DBL>
<Name></Name>
<Val>1.06816051968731E-2</Val>
</DBL>
<DBL>
<Name></Name>
<Val>0.29881636688900</Val>
</DBL>
<DBL>
<Name></Name>
<Val>0.16161540865369</Val>
</DBL>
<DBL>
<Name></Name>
<Val>7.66978065074646E-2</Val>
</DBL>
<DBL>
<Name></Name>
<Val>0.39490024919042</Val>
</DBL>
<DBL>
<Name></Name>
<Val>4.08981740564524E-2</Val>
</DBL>
<DBL>
<Name></Name>
<Val>1.41690794132296E-3</Val>
</DBL>
<DBL>
<Name></Name>
<Val>1.41641128902845E-3</Val>
</DBL>
<DBL>
<Name></Name>
<Val>5.76903492650226E-4</Val>
</DBL>
<DBL>
<Name></Name>
<Val>1.29773936206436E-2</Val>
</DBL>
<DBL>
<Name></Name>
<Val>1.06797558827647E-2</Val>
</DBL>
<DBL>
<Name></Name>
<Val>0.29878617737421</Val>
</DBL>
<DBL>
<Name></Name>
<Val>0.16160487015573</Val>
</DBL>
<DBL>
<Name></Name>
<Val>7.66994275043493E-2</Val>
</DBL>
<DBL>
<Name></Name>
<Val>0.39493569525756</Val>
</DBL>
<DBL>
<Name></Name>
<Val>4.09058442937129E-2</Val>
</DBL>
<DBL>
<Name></Name>
<Val>1.41718684358265E-3</Val>
</DBL>
<DBL>
<Name></Name>
<Val>1.41674557479898E-3</Val>
</DBL>
<DBL>
<Name></Name>
<Val>5.76796464806567E-4</Val>
</DBL>
<DBL>
<Name></Name>
<Val>1.29750377388227E-2</Val>
</DBL>
<DBL>
<Name></Name>
<Val>1.06781133824292E-2</Val>
</DBL>
<DBL>
<Name></Name>
<Val>0.29875935866701</Val>
</DBL>
<DBL>
<Name></Name>
<Val>0.16159550809852</Val>
</DBL>
<DBL>
<Name></Name>
<Val>7.67008672941638E-2</Val>
</DBL>
<DBL>
<Name></Name>
<Val>0.39496718231423</Val>
</DBL>
<DBL>
<Name></Name>
<Val>4.09126588267047E-2</Val>
</DBL>
<DBL>
<Name></Name>
<Val>1.41743463323138E-3</Val>
</DBL>
<DBL>
<Name></Name>
<Val>1.41704258008536E-3</Val>
</DBL>
<DBL>
<Name></Name>
<Val>5.76701408509073E-4</Val>
</DBL>
<DBL>
<Name></Name>
<Val>1.29729453617683E-2</Val>
</DBL>
<DBL>
<Name></Name>
<Val>1.06766545325508E-2</Val>
</DBL>
<DBL>
<Name></Name>
<Val>0.29873553445560</Val>
</DBL>
<DBL>
<Name></Name>
<Val>0.16158719119846</Val>
</DBL>
<DBL>
<Name></Name>
<Val>7.67021461542267E-2</Val>
</DBL>
<DBL>
<Name></Name>
<Val>0.39499515262218</Val>
</DBL>
<DBL>
<Name></Name>
<Val>4.09187130317619E-2</Val>
</DBL>
<DBL>
<Name></Name>
<Val>1.41765477759251E-3</Val>
</DBL>
<DBL>
<Name></Name>
<Val>1.41730645734808E-3</Val>
</DBL>
<DBL>
<Name></Name>
<Val>5.76616982402994E-4</Val>
</DBL>
<DBL>
<Name></Name>
<Val>1.29710869675791E-2</Val>
</DBL>
<DBL>
<Name></Name>
<Val>1.06753587720316E-2</Val>
</DBL>
<DBL>
<Name></Name>
<Val>0.29871437042585</Val>
</DBL>
<DBL>
<Name></Name>
<Val>0.16157980281189</Val>
</DBL>
<DBL>
<Name></Name>
<Val>7.67032820882724E-2</Val>
</DBL>
<DBL>
<Name></Name>
<Val>0.39501999902247</Val>
</DBL>
<DBL>
<Name></Name>
<Val>4.09240916735495E-2</Val>
</DBL>
<DBL>
<Name></Name>
<Val>1.41785035831296E-3</Val>
</DBL>
<DBL>
<Name></Name>
<Val>1.41754089764367E-3</Val>
</DBL>
<DBL>
<Name></Name>
<Val>5.76541995945390E-4</Val>
</DBL>
<DBL>
<Name></Name>
<Val>1.29694363529927E-2</Val>
</DBL>
<DBL>
<Name></Name>
<Val>1.06742078478549E-2</Val>
</DBL>
<DBL>
<Name></Name>
<Val>0.29869556957737</Val>
</DBL>
<DBL>
<Name></Name>
<Val>0.16157323930495</Val>
</DBL>
<DBL>
<Name></Name>
<Val>7.67042910823655E-2</Val>
</DBL>
<DBL>
<Name></Name>
<Val>0.39504207046112</Val>
</DBL>
<DBL>
<Name></Name>
<Val>4.09288700816408E-2</Val>
</DBL>
<DBL>
<Name></Name>
<Val>1.41802411410358E-3</Val>
</DBL>
<DBL>
<Name></Name>
<Val>1.41774918165373E-3</Val>
</DBL>
<DBL>
<Name></Name>
<Val>5.76475392330854E-4</Val>
</DBL>
<DBL>
<Name></Name>
<Val>1.29679702577955E-2</Val>
</DBL>
<DBL>
<Name></Name>
<Val>1.06731855546033E-2</Val>
</DBL>
<DBL>
<Name></Name>
<Val>0.29867886806121</Val>
</DBL>
<DBL>
<Name></Name>
<Val>0.16156740860444</Val>
</DBL>
<DBL>
<Name></Name>
<Val>7.67051873317929E-2</Val>
</DBL>
<DBL>
<Name></Name>
<Val>0.39506167689641</Val>
</DBL>
<DBL>
<Name></Name>
<Val>4.09331151975227E-2</Val>
</DBL>
<DBL>
<Name></Name>
<Val>1.41817847877735E-3</Val>
</DBL>
<DBL>
<Name></Name>
<Val>1.41793422512215E-3</Val>
</DBL>
<DBL>
<Name></Name>
<Val>5.76416233377132E-4</Val>
</DBL>
<DBL>
<Name></Name>
<Val>1.29666680323148E-2</Val>
</DBL>
<DBL>
<Name></Name>
<Val>1.06722775036900E-2</Val>
</DBL>
<DBL>
<Name></Name>
<Val>0.29866403148129</Val>
</DBL>
<DBL>
<Name></Name>
<Val>0.16156222890957</Val>
</DBL>
<DBL>
<Name></Name>
<Val>7.67059834422732E-2</Val>
</DBL>
<DBL>
<Name></Name>
<Val>0.39507909365698</Val>
</DBL>
<DBL>
<Name></Name>
<Val>4.09368865061075E-2</Val>
</DBL>
<DBL>
<Name></Name>
<Val>1.41831561509540E-3</Val>
</DBL>
<DBL>
<Name></Name>
<Val>1.41809861930199E-3</Val>
</DBL>
<DBL>
<Name></Name>
<Val>5.76363686139617E-4</Val>
</DBL>
<DBL>
<Name></Name>
<Val>1.29655113429231E-2</Val>
</DBL>
<DBL>
<Name></Name>
<Val>1.06714709188411E-2</Val>
</DBL>
<DBL>
<Name></Name>
<Val>0.29865085160805</Val>
</DBL>
<DBL>
<Name></Name>
<Val>0.16155762754704</Val>
</DBL>
<DBL>
<Name></Name>
<Val>7.67066906084257E-2</Val>
</DBL>
<DBL>
<Name></Name>
<Val>0.39509456531241</Val>
</DBL>
<DBL>
<Name></Name>
<Val>4.09402368643423E-2</Val>
</DBL>
<DBL>
<Name></Name>
<Val>1.41843744487687E-3</Val>
</DBL>
<DBL>
<Name></Name>
<Val>1.41824466695149E-3</Val>
</DBL>
<DBL>
<Name></Name>
<Val>5.76317011052273E-4</Val>
</DBL>
<DBL>
<Name></Name>
<Val>1.29644839111066E-2</Val>
</DBL>
<DBL>
<Name></Name>
<Val>1.06707544547885E-2</Val>
</DBL>
<DBL>
<Name></Name>
<Val>0.29863914345842</Val>
</DBL>
<DBL>
<Name></Name>
<Val>0.16155353995341</Val>
</DBL>
<DBL>
<Name></Name>
<Val>7.67073187721002E-2</Val>
</DBL>
<DBL>
<Name></Name>
<Val>0.39510830911082</Val>
</DBL>
<DBL>
<Name></Name>
<Val>4.09432132381654E-2</Val>
</DBL>
<DBL>
<Name></Name>
<Val>1.41854567578076E-3</Val>
</DBL>
<DBL>
<Name></Name>
<Val>1.41837441436211E-3</Val>
</DBL>
<DBL>
<Name></Name>
<Val>5.76275551417293E-4</Val>
</DBL>
<DBL>
<Name></Name>
<Val>1.29635712821964E-2</Val>
</DBL>
<DBL>
<Name></Name>
<Val>1.06701180364968E-2</Val>
</DBL>
<DBL>
<Name></Name>
<Val>0.29862874270143</Val>
</DBL>
<DBL>
<Name></Name>
<Val>0.16154990877073</Val>
</DBL>
<DBL>
<Name></Name>
<Val>7.67078767628595E-2</Val>
</DBL>
<DBL>
<Name></Name>
<Val>0.39512051803205</Val>
</DBL>
<DBL>
<Name></Name>
<Val>4.09458573578570E-2</Val>
</DBL>
<DBL>
<Name></Name>
<Val>1.41864182512381E-3</Val>
</DBL>
<DBL>
<Name></Name>
<Val>1.41848967985054E-3</Val>
</DBL>
<DBL>
<Name></Name>
<Val>5.76238724087303E-4</Val>
</DBL>
<DBL>
<Name></Name>
<Val>1.29627606203296E-2</Val>
</DBL>
<DBL>
<Name></Name>
<Val>1.06695527165644E-2</Val>
</DBL>
<DBL>
<Name></Name>
<Val>0.29861950335314</Val>
</DBL>
<DBL>
<Name></Name>
<Val>0.16154668304289</Val>
</DBL>
<DBL>
<Name></Name>
<Val>7.67083724226466E-2</Val>
</DBL>
<DBL>
<Name></Name>
<Val>0.39513136349943</Val>
</DBL>
<DBL>
<Name></Name>
<Val>4.09482063007467E-2</Val>
</DBL>
<DBL>
<Name></Name>
<Val>1.41872724105967E-3</Val>
</DBL>
<DBL>
<Name></Name>
<Val>1.41859207910092E-3</Val>
</DBL>
<DBL>
<Name></Name>
<Val>5.76206011202642E-4</Val>
</DBL>
<DBL>
<Name></Name>
<Val>1.29620405266192E-2</Val>
</DBL>
<DBL>
<Name></Name>
<Val>1.06690505487202E-2</Val>
</DBL>
<DBL>
<Name></Name>
<Val>0.29861129572876</Val>
</DBL>
<DBL>
<Name></Name>
<Val>0.16154381750152</Val>
</DBL>
<DBL>
<Name></Name>
<Val>7.67088127164293E-2</Val>
</DBL>
<DBL>
<Name></Name>
<Val>0.39514099778837</Val>
</DBL>
<DBL>
<Name></Name>
<Val>4.09502930092742E-2</Val>
</DBL>
<DBL>
<Name></Name>
<Val>1.41880312140955E-3</Val>
</DBL>
<DBL>
<Name></Name>
<Val>1.41868304770206E-3</Val>
</DBL>
<DBL>
<Name></Name>
<Val>5.76176952862570E-4</Val>
</DBL>
<DBL>
<Name></Name>
<Val>1.29614008778697E-2</Val>
</DBL>
<DBL>
<Name></Name>
<Val>1.06686044755789E-2</Val>
</DBL>
<DBL>
<Name></Name>
<Val>0.29860400462314</Val>
</DBL>
<DBL>
<Name></Name>
<Val>0.16154127193135</Val>
</DBL>
<DBL>
<Name></Name>
<Val>7.67092038304105E-2</Val>
</DBL>
<DBL>
<Name></Name>
<Val>0.39514955616567</Val>
</DBL>
<DBL>
<Name></Name>
<Val>4.09521467515310E-2</Val>
</DBL>
<DBL>
<Name></Name>
<Val>1.41887053040302E-3</Val>
</DBL>
<DBL>
<Name></Name>
<Val>1.41876386118753E-3</Val>
</DBL>
<DBL>
<Name></Name>
<Val>5.76151140623559E-4</Val>
</DBL>
<DBL>
<Name></Name>
<Val>1.29608326834894E-2</Val>
</DBL>
<DBL>
<Name></Name>
<Val>1.06682082290328E-2</Val>
</DBL>
<DBL>
<Name></Name>
<Val>0.29859752769440</Val>
</DBL>
<DBL>
<Name></Name>
<Val>0.16153901060647</Val>
</DBL>
<DBL>
<Name></Name>
<Val>7.67095512592102E-2</Val>
</DBL>
<DBL>
<Name></Name>
<Val>0.39515715878973</Val>
</DBL>
<DBL>
<Name></Name>
<Val>4.09537935306334E-2</Val>
</DBL>
<DBL>
<Name></Name>
<Val>1.41893041355945E-3</Val>
</DBL>
<DBL>
<Name></Name>
<Val>1.41883565285336E-3</Val>
</DBL>
<DBL>
<Name></Name>
<Val>5.76128211730322E-4</Val>
</DBL>
<DBL>
<Name></Name>
<Val>1.29603279585249E-2</Val>
</DBL>
<DBL>
<Name></Name>
<Val>1.06678562418449E-2</Val>
</DBL>
<DBL>
<Name></Name>
<Val>0.29859177402788</Val>
</DBL>
<DBL>
<Name></Name>
<Val>0.16153700178926</Val>
</DBL>
<DBL>
<Name></Name>
<Val>7.67098598832647E-2</Val>
</DBL>
<DBL>
<Name></Name>
<Val>0.39516391239839</Val>
</DBL>
<DBL>
<Name></Name>
<Val>4.09552564485853E-2</Val>
</DBL>
<DBL>
<Name></Name>
<Val>1.41898361091568E-3</Val>
</DBL>
<DBL>
<Name></Name>
<Val>1.41889942959796E-3</Val>
</DBL>
<DBL>
<Name></Name>
<Val>5.76107843996240E-4</Val>
</DBL>
<DBL>
<Name></Name>
<Val>1.29598796109844E-2</Val>
</DBL>
<DBL>
<Name></Name>
<Val>1.06675435691762E-2</Val>
</DBL>
<DBL>
<Name></Name>
<Val>0.29858666286035</Val>
</DBL>
<DBL>
<Name></Name>
<Val>0.16153521728536</Val>
</DBL>
<DBL>
<Name></Name>
<Val>7.67101340375441E-2</Val>
</DBL>
<DBL>
<Name></Name>
<Val>0.39516991180814</Val>
</DBL>
<DBL>
<Name></Name>
<Val>4.09565560296680E-2</Val>
</DBL>
<DBL>
<Name></Name>
<Val>1.41903086878268E-3</Val>
</DBL>
<DBL>
<Name></Name>
<Val>1.41895608600278E-3</Val>
</DBL>
<DBL>
<Name></Name>
<Val>5.76089751259477E-4</Val>
</DBL>
<DBL>
<Name></Name>
<Val>1.29594813418301E-2</Val>
</DBL>
<DBL>
<Name></Name>
<Val>1.06672658189224E-2</Val>
</DBL>
<DBL>
<Name></Name>
<Val>0.29858212244663</Val>
</DBL>
<DBL>
<Name></Name>
<Val>0.16153363204815</Val>
</DBL>
<DBL>
<Name></Name>
<Val>7.67103775725683E-2</Val>
</DBL>
<DBL>
<Name></Name>
<Val>0.39517524124576</Val>
</DBL>
<DBL>
<Name></Name>
<Val>4.09577105078433E-2</Val>
</DBL>
<DBL>
<Name></Name>
<Val>1.41907285019438E-3</Val>
</DBL>
<DBL>
<Name></Name>
<Val>1.41900641684796E-3</Val>
</DBL>
<DBL>
<Name></Name>
<Val>5.76073679349607E-4</Val>
</DBL>
<DBL>
<Name></Name>
<Val>1.29591275562035E-2</Val>
</DBL>
<DBL>
<Name></Name>
<Val>1.06670190898666E-2</Val>
</DBL>
<DBL>
<Name></Name>
<Val>0.29857808905273</Val>
</DBL>
<DBL>
<Name></Name>
<Val>0.16153222382743</Val>
</DBL>
<DBL>
<Name></Name>
<Val>7.67105939085854E-2</Val>
</DBL>
<DBL>
<Name></Name>
<Val>0.39517997553125</Val>
</DBL>
<DBL>
<Name></Name>
<Val>4.09587360821594E-2</Val>
</DBL>
<DBL>
<Name></Name>
<Val>1.41911014419335E-3</Val>
</DBL>
<DBL>
<Name></Name>
<Val>1.41905112823612E-3</Val>
</DBL>
<DBL>
<Name></Name>
<Val>5.76059402507023E-4</Val>
</DBL>
<DBL>
<Name></Name>
<Val>1.29588132846161E-2</Val>
</DBL>
<DBL>
<Name></Name>
<Val>1.06667999167659E-2</Val>
</DBL>
<DBL>
<Name></Name>
<Val>0.29857450606139</Val>
</DBL>
<DBL>
<Name></Name>
<Val>0.16153097285725</Val>
</DBL>
<DBL>
<Name></Name>
<Val>7.67107860836835E-2</Val>
</DBL>
<DBL>
<Name></Name>
<Val>0.39518418112851</Val>
</DBL>
<DBL>
<Name></Name>
<Val>4.09596471437131E-2</Val>
</DBL>
<DBL>
<Name></Name>
<Val>1.41914327408265E-3</Val>
</DBL>
<DBL>
<Name></Name>
<Val>1.41909084747859E-3</Val>
</DBL>
<DBL>
<Name></Name>
<Val>5.76046720204032E-4</Val>
</DBL>
<DBL>
<Name></Name>
<Val>1.29585341129798E-2</Val>
</DBL>
<DBL>
<Name></Name>
<Val>1.06666052215929E-2</Val>
</DBL>
<DBL>
<Name></Name>
<Val>0.29857132317743</Val>
</DBL>
<DBL>
<Name></Name>
<Val>0.16152986157860</Val>
</DBL>
<DBL>
<Name></Name>
<Val>7.67109567965147E-2</Val>
</DBL>
<DBL>
<Name></Name>
<Val>0.39518791707871</Val>
</DBL>
<DBL>
<Name></Name>
<Val>4.09604564773270E-2</Val>
</DBL>
<DBL>
<Name></Name>
<Val>1.41917270475854E-3</Val>
</DBL>
<DBL>
<Name></Name>
<Val>1.41912613188115E-3</Val>
</DBL>
<DBL>
<Name></Name>
<Val>5.76035454322368E-4</Val>
</DBL>
<DBL>
<Name></Name>
<Val>1.29582861204815E-2</Val>
</DBL>
<DBL>
<Name></Name>
<Val>1.06664322702379E-2</Val>
</DBL>
<DBL>
<Name></Name>
<Val>0.29856849572188</Val>
</DBL>
<DBL>
<Name></Name>
<Val>0.16152887439304</Val>
</DBL>
<DBL>
<Name></Name>
<Val>7.67111084442389E-2</Val>
</DBL>
<DBL>
<Name></Name>
<Val>0.39519123582927</Val>
</DBL>
<DBL>
<Name></Name>
<Val>4.09611754407528E-2</Val>
</DBL>
<DBL>
<Name></Name>
<Val>1.41919884922608E-3</Val>
</DBL>
<DBL>
<Name></Name>
<Val>1.41915747655150E-3</Val>
</DBL>
<DBL>
<Name></Name>
<Val>5.76025446646981E-4</Val>
</DBL>
<DBL>
<Name></Name>
<Val>1.29580658244190E-2</Val>
</DBL>
<DBL>
<Name></Name>
<Val>1.06662786340596E-2</Val>
</DBL>
<DBL>
<Name></Name>
<Val>0.29856598400483</Val>
</DBL>
<DBL>
<Name></Name>
<Val>0.16152799744379</Val>
</DBL>
<DBL>
<Name></Name>
<Val>7.67112431562203E-2</Val>
</DBL>
<DBL>
<Name></Name>
<Val>0.39519418397041</Val>
</DBL>
<DBL>
<Name></Name>
<Val>4.09618141238995E-2</Val>
</DBL>
<DBL>
<Name></Name>
<Val>1.41922207438870E-3</Val>
</DBL>
<DBL>
<Name></Name>
<Val>1.41918532133703E-3</Val>
</DBL>
<DBL>
<Name></Name>
<Val>5.76016556640554E-4</Val>
</DBL>
<DBL>
<Name></Name>
<Val>1.29578701312145E-2</Val>
</DBL>
<DBL>
<Name></Name>
<Val>1.06661421557392E-2</Val>
</DBL>
<DBL>
<Name></Name>
<Val>0.29856375276841</Val>
</DBL>
<DBL>
<Name></Name>
<Val>0.16152721842131</Val>
</DBL>
<DBL>
<Name></Name>
<Val>7.67113628239560E-2</Val>
</DBL>
<DBL>
<Name></Name>
<Val>0.39519680288924</Val>
</DBL>
<DBL>
<Name></Name>
<Val>4.09623814903099E-2</Val>
</DBL>
<DBL>
<Name></Name>
<Val>1.41924270619234E-3</Val>
</DBL>
<DBL>
<Name></Name>
<Val>1.41921005698956E-3</Val>
</DBL>
<DBL>
<Name></Name>
<Val>5.76008659467191E-4</Val>
</DBL>
<DBL>
<Name></Name>
<Val>1.29576962929137E-2</Val>
</DBL>
<DBL>
<Name></Name>
<Val>1.06660209189554E-2</Val>
</DBL>
<DBL>
<Name></Name>
<Val>0.29856177069183</Val>
</DBL>
<DBL>
<Name></Name>
<Val>0.16152652639057</Val>
</DBL>
<DBL>
<Name></Name>
<Val>7.67114691276561E-2</Val>
</DBL>
<DBL>
<Name></Name>
<Val>0.39519912935092</Val>
</DBL>
<DBL>
<Name></Name>
<Val>4.09628855028604E-2</Val>
</DBL>
<DBL>
<Name></Name>
<Val>1.41926103419593E-3</Val>
</DBL>
<DBL>
<Name></Name>
<Val>1.41923203064307E-3</Val>
</DBL>
<DBL>
<Name></Name>
<Val>5.76001644237309E-4</Val>
</DBL>
<DBL>
<Name></Name>
<Val>1.29575418685525E-2</Val>
</DBL>
<DBL>
<Name></Name>
<Val>1.06659132214521E-2</Val>
</DBL>
<DBL>
<Name></Name>
<Val>0.29856000995182</Val>
</DBL>
<DBL>
<Name></Name>
<Val>0.16152591163752</Val>
</DBL>
<DBL>
<Name></Name>
<Val>7.67115635598524E-2</Val>
</DBL>
<DBL>
<Name></Name>
<Val>0.39520119601481</Val>
</DBL>
<DBL>
<Name></Name>
<Val>4.09633332354423E-2</Val>
</DBL>
<DBL>
<Name></Name>
<Val>1.41927731563231E-3</Val>
</DBL>
<DBL>
<Name></Name>
<Val>1.41925155068065E-3</Val>
</DBL>
<DBL>
<Name></Name>
<Val>5.75995412448916E-4</Val>
</DBL>
<DBL>
<Name></Name>
<Val>1.29574046898470E-2</Val>
</DBL>
<DBL>
<Name></Name>
<Val>1.06658175511175E-2</Val>
</DBL>
<DBL>
<Name></Name>
<Val>0.29855844583206</Val>
</DBL>
<DBL>
<Name></Name>
<Val>0.16152536553285</Val>
</DBL>
<DBL>
<Name></Name>
<Val>7.67116474463676E-2</Val>
</DBL>
<DBL>
<Name></Name>
<Val>0.39520303189305</Val>
</DBL>
<DBL>
<Name></Name>
<Val>4.09637309721846E-2</Val>
</DBL>
<DBL>
<Name></Name>
<Val>1.41929177901612E-3</Val>
</DBL>
<DBL>
<Name></Name>
<Val>1.41926889105892E-3</Val>
</DBL>
<DBL>
<Name></Name>
<Val>5.75989876603254E-4</Val>
</DBL>
<DBL>
<Name></Name>
<Val>1.29572828307208E-2</Val>
</DBL>
<DBL>
<Name></Name>
<Val>1.06657325647390E-2</Val>
</DBL>
<DBL>
<Name></Name>
<Val>0.29855705637622</Val>
</DBL>
<DBL>
<Name></Name>
<Val>0.16152488041080</Val>
</DBL>
<DBL>
<Name></Name>
<Val>7.67117219649400E-2</Val>
</DBL>
<DBL>
<Name></Name>
<Val>0.39520466275787</Val>
</DBL>
<DBL>
<Name></Name>
<Val>4.09640842956081E-2</Val>
</DBL>
<DBL>
<Name></Name>
<Val>1.41930462734927E-3</Val>
</DBL>
<DBL>
<Name></Name>
<Val>1.41928429515009E-3</Val>
</DBL>
<DBL>
<Name></Name>
<Val>5.75984958975269E-4</Val>
</DBL>
<DBL>
<Name></Name>
<Val>1.29571745802408E-2</Val>
</DBL>
<DBL>
<Name></Name>
<Val>1.06656570691323E-2</Val>
</DBL>
<DBL>
<Name></Name>
<Val>0.29855582207979</Val>
</DBL>
<DBL>
<Name></Name>
<Val>0.16152444946161</Val>
</DBL>
<DBL>
<Name></Name>
<Val>7.67117881617666E-2</Val>
</DBL>
<DBL>
<Name></Name>
<Val>0.39520611150342</Val>
</DBL>
<DBL>
<Name></Name>
<Val>4.09643981649438E-2</Val>
</DBL>
<DBL>
<Name></Name>
<Val>1.41931604096870E-3</Val>
</DBL>
<DBL>
<Name></Name>
<Val>1.41929797915553E-3</Val>
</DBL>
<DBL>
<Name></Name>
<Val>5.75980590521560E-4</Val>
</DBL>
<DBL>
<Name></Name>
<Val>1.29570784185789E-2</Val>
</DBL>
<DBL>
<Name></Name>
<Val>1.06655900043808E-2</Val>
</DBL>
<DBL>
<Name></Name>
<Val>0.29855472561630</Val>
</DBL>
<DBL>
<Name></Name>
<Val>0.16152406663593</Val>
</DBL>
<DBL>
<Name></Name>
<Val>7.67118469661977E-2</Val>
</DBL>
<DBL>
<Name></Name>
<Val>0.39520739846717</Val>
</DBL>
<DBL>
<Name></Name>
<Val>4.09646769857115E-2</Val>
</DBL>
<DBL>
<Name></Name>
<Val>1.41932618007653E-3</Val>
</DBL>
<DBL>
<Name></Name>
<Val>1.41931013513851E-3</Val>
</DBL>
<DBL>
<Name></Name>
<Val>5.75976709910426E-4</Val>
</DBL>
<DBL>
<Name></Name>
<Val>1.29569929956607E-2</Val>
</DBL>
<DBL>
<Name></Name>
<Val>1.06655304289478E-2</Val>
</DBL>
<DBL>
<Name></Name>
<Val>0.29855375159408</Val>
</DBL>
<DBL>
<Name></Name>
<Val>0.16152372655991</Val>
</DBL>
<DBL>
<Name></Name>
<Val>7.67118992037892E-2</Val>
</DBL>
<DBL>
<Name></Name>
<Val>0.39520854171547</Val>
</DBL>
<DBL>
<Name></Name>
<Val>4.09649246715341E-2</Val>
</DBL>
<DBL>
<Name></Name>
<Val>1.41933518698771E-3</Val>
</DBL>
<DBL>
<Name></Name>
<Val>1.41932093371861E-3</Val>
</DBL>
<DBL>
<Name></Name>
<Val>5.75973262660327E-4</Val>
</DBL>
<DBL>
<Name></Name>
<Val>1.29569171122018E-2</Val>
</DBL>
<DBL>
<Name></Name>
<Val>1.06654775064527E-2</Val>
</DBL>
<DBL>
<Name></Name>
<Val>0.29855288634023</Val>
</DBL>
<DBL>
<Name></Name>
<Val>0.16152342445979</Val>
</DBL>
<DBL>
<Name></Name>
<Val>7.67119456078962E-2</Val>
</DBL>
<DBL>
<Name></Name>
<Val>0.39520955729712</Val>
</DBL>
<DBL>
<Name></Name>
<Val>4.09651446990535E-2</Val>
</DBL>
<DBL>
<Name></Name>
<Val>1.41934318812698E-3</Val>
</DBL>
<DBL>
<Name></Name>
<Val>1.41933052646545E-3</Val>
</DBL>
<DBL>
<Name></Name>
<Val>5.75970200374641E-4</Val>
</DBL>
<DBL>
<Name></Name>
<Val>1.29568497028621E-2</Val>
</DBL>
<DBL>
<Name></Name>
<Val>1.06654304939249E-2</Val>
</DBL>
<DBL>
<Name></Name>
<Val>0.29855211770870</Val>
</DBL>
<DBL>
<Name></Name>
<Val>0.16152315609486</Val>
</DBL>
<DBL>
<Name></Name>
<Val>7.67119868299719E-2</Val>
</DBL>
<DBL>
<Name></Name>
<Val>0.39521045946876</Val>
</DBL>
<DBL>
<Name></Name>
<Val>4.09653401567165E-2</Val>
</DBL>
<DBL>
<Name></Name>
<Val>1.41935029580283E-3</Val>
</DBL>
<DBL>
<Name></Name>
<Val>1.41933904802533E-3</Val>
</DBL>
<DBL>
<Name></Name>
<Val>5.75967480061942E-4</Val>
</DBL>
<DBL>
<Name></Name>
<Val>1.29567898212844E-2</Val>
</DBL>
<DBL>
<Name></Name>
<Val>1.06653887313699E-2</Val>
</DBL>
<DBL>
<Name></Name>
<Val>0.29855143490974</Val>
</DBL>
<DBL>
<Name></Name>
<Val>0.16152291769798</Val>
</DBL>
<DBL>
<Name></Name>
<Val>7.67120234487150E-2</Val>
</DBL>
<DBL>
<Name></Name>
<Val>0.39521126089494</Val>
</DBL>
<DBL>
<Name></Name>
<Val>4.09655137881158E-2</Val>
</DBL>
<DBL>
<Name></Name>
<Val>1.41935660978353E-3</Val>
</DBL>
<DBL>
<Name></Name>
<Val>1.41934661801052E-3</Val>
</DBL>
</Array>
<Array>
<Name>StateAdjacencyMatrix</Name>
<Dimsize>10</Dimsize>
<Dimsize>10</Dimsize>
<String>
<Name></Name>
<Val>@</Val>
</String>
<String>
<Name></Name>
<Val>I</Val>
</String>
<String>
<Name></Name>
<Val>@</Val>
</String>
<String>
<Name></Name>
<Val>@</Val>
</String>
<String>
<Name></Name>
<Val>@</Val>
</String>
<String>
<Name></Name>
<Val>@</Val>
</String>
<String>
<Name></Name>
<Val>@</Val>
</String>
<String>
<Name></Name>
<Val>@</Val>
</String>
<String>
<Name></Name>
<Val>@</Val>
</String>
<String>
<Name></Name>
<Val>@</Val>
</String>
<String>
<Name></Name>
<Val>A</Val>
</String>
<String>
<Name></Name>
<Val>@</Val>
</String>
<String>
<Name></Name>
<Val>F</Val>
</String>
<String>
<Name></Name>
<Val>@</Val>
</String>
<String>
<Name></Name>
<Val>@</Val>
</String>
<String>
<Name></Name>
<Val>@</Val>
</String>
<String>
<Name></Name>
<Val>@</Val>
</String>
<String>
<Name></Name>
<Val>@</Val>
</String>
<String>
<Name></Name>
<Val>@</Val>
</String>
<String>
<Name></Name>
<Val>@</Val>
</String>
<String>
<Name></Name>
<Val>@</Val>
</String>
<String>
<Name></Name>
<Val>H</Val>
</String>
<String>
<Name></Name>
<Val>@</Val>
</String>
<String>
<Name></Name>
<Val>G</Val>
</String>
<String>
<Name></Name>
<Val>@</Val>
</String>
<String>
<Name></Name>
<Val>@</Val>
</String>
<String>
<Name></Name>
<Val>@</Val>
</String>
<String>
<Name></Name>
<Val>@</Val>
</String>
<String>
<Name></Name>
<Val>@</Val>
</String>
<String>
<Name></Name>
<Val>@</Val>
</String>
<String>
<Name></Name>
<Val>@</Val>
</String>
<String>
<Name></Name>
<Val>@</Val>
</String>
<String>
<Name></Name>
<Val>B</Val>
</String>
<String>
<Name></Name>
<Val>@</Val>
</String>
<String>
<Name></Name>
<Val>D</Val>
</String>
<String>
<Name></Name>
<Val>@</Val>
</String>
<String>
<Name></Name>
<Val>@</Val>
</String>
<String>
<Name></Name>
<Val>@</Val>
</String>
<String>
<Name></Name>
<Val>@</Val>
</String>
<String>
<Name></Name>
<Val>@</Val>
</String>
<String>
<Name></Name>
<Val>@</Val>
</String>
<String>
<Name></Name>
<Val>@</Val>
</String>
<String>
<Name></Name>
<Val>@</Val>
</String>
<String>
<Name></Name>
<Val>G</Val>
</String>
<String>
<Name></Name>
<Val>@</Val>
</String>
<String>
<Name></Name>
<Val>D</Val>
</String>
<String>
<Name></Name>
<Val>@</Val>
</String>
<String>
<Name></Name>
<Val>@</Val>
</String>
<String>
<Name></Name>
<Val>@</Val>
</String>
<String>
<Name></Name>
<Val>@</Val>
</String>
<String>
<Name></Name>
<Val>@</Val>
</String>
<String>
<Name></Name>
<Val>@</Val>
</String>
<String>
<Name></Name>
<Val>@</Val>
</String>
<String>
<Name></Name>
<Val>@</Val>
</String>
<String>
<Name></Name>
<Val>F</Val>
</String>
<String>
<Name></Name>
<Val>@</Val>
</String>
<String>
<Name></Name>
<Val>H</Val>
</String>
<String>
<Name></Name>
<Val>@</Val>
</String>
<String>
<Name></Name>
<Val>@</Val>
</String>
<String>
<Name></Name>
<Val>@</Val>
</String>
<String>
<Name></Name>
<Val>@</Val>
</String>
<String>
<Name></Name>
<Val>@</Val>
</String>
<String>
<Name></Name>
<Val>@</Val>
</String>
<String>
<Name></Name>
<Val>@</Val>
</String>
<String>
<Name></Name>
<Val>@</Val>
</String>
<String>
<Name></Name>
<Val>C</Val>
</String>
<String>
<Name></Name>
<Val>@</Val>
</String>
<String>
<Name></Name>
<Val>B</Val>
</String>
<String>
<Name></Name>
<Val>@</Val>
</String>
<String>
<Name></Name>
<Val>@</Val>
</String>
<String>
<Name></Name>
<Val>@</Val>
</String>
<String>
<Name></Name>
<Val>@</Val>
</String>
<String>
<Name></Name>
<Val>@</Val>
</String>
<String>
<Name></Name>
<Val>@</Val>
</String>
<String>
<Name></Name>
<Val>@</Val>
</String>
<String>
<Name></Name>
<Val>@</Val>
</String>
<String>
<Name></Name>
<Val>A</Val>
</String>
<String>
<Name></Name>
<Val>@</Val>
</String>
<String>
<Name></Name>
<Val>C</Val>
</String>
<String>
<Name></Name>
<Val>@</Val>
</String>
<String>
<Name></Name>
<Val>@</Val>
</String>
<String>
<Name></Name>
<Val>@</Val>
</String>
<String>
<Name></Name>
<Val>@</Val>
</String>
<String>
<Name></Name>
<Val>@</Val>
</String>
<String>
<Name></Name>
<Val>@</Val>
</String>
<String>
<Name></Name>
<Val>@</Val>
</String>
<String>
<Name></Name>
<Val>@</Val>
</String>
<String>
<Name></Name>
<Val>I</Val>
</String>
<String>
<Name></Name>
<Val>@</Val>
</String>
<String>
<Name></Name>
<Val>E</Val>
</String>
<String>
<Name></Name>
<Val>@</Val>
</String>
<String>
<Name></Name>
<Val>@</Val>
</String>
<String>
<Name></Name>
<Val>@</Val>
</String>
<String>
<Name></Name>
<Val>@</Val>
</String>
<String>
<Name></Name>
<Val>@</Val>
</String>
<String>
<Name></Name>
<Val>@</Val>
</String>
<String>
<Name></Name>
<Val>@</Val>
</String>
<String>
<Name></Name>
<Val>@</Val>
</String>
<String>
<Name></Name>
<Val>E</Val>
</String>
<String>
<Name></Name>
<Val>@</Val>
</String>
</Array>
<Cluster>
<Name>IntegrationParams</Name>
<NumElts>4</NumElts>
<DBL>
<Name>time start</Name>
<Val>0.00000000000000</Val>
</DBL>
<DBL>
<Name>time end</Name>
<Val>999.00000000000000</Val>
</DBL>
<DBL>
<Name>h (step rate)</Name>
<Val>0.10000000000000</Val>
</DBL>
<Array>
<Name>X0</Name>
<Dimsize>10</Dimsize>
<I32>
<Name></Name>
<Val>1</Val>
</I32>
<I32>
<Name></Name>
<Val>0</Val>
</I32>
<I32>
<Name></Name>
<Val>0</Val>
</I32>
<I32>
<Name></Name>
<Val>0</Val>
</I32>
<I32>
<Name></Name>
<Val>0</Val>
</I32>
<I32>
<Name></Name>
<Val>0</Val>
</I32>
<I32>
<Name></Name>
<Val>0</Val>
</I32>
<I32>
<Name></Name>
<Val>0</Val>
</I32>
<I32>
<Name></Name>
<Val>0</Val>
</I32>
<I32>
<Name></Name>
<Val>0</Val>
</I32>
</Array>
</Cluster>
<Array>
<Name>StateNames</Name>
<Dimsize>10</Dimsize>
<String>
<Name>string</Name>
<Val>a</Val>
</String>
<String>
<Name>string</Name>
<Val>b</Val>
</String>
<String>
<Name>string</Name>
<Val>c</Val>
</String>
<String>
<Name>string</Name>
<Val>d</Val>
</String>
<String>
<Name>string</Name>
<Val>e</Val>
</String>
<String>
<Name>string</Name>
<Val>f</Val>
</String>
<String>
<Name>string</Name>
<Val>g</Val>
</String>
<String>
<Name>string</Name>
<Val>h</Val>
</String>
<String>
<Name>string</Name>
<Val>i</Val>
</String>
<String>
<Name>string</Name>
<Val>j</Val>
</String>
</Array>
</Cluster>
</LVData>