<?xml version='1.0' standalone='yes' ?>
<LVData xmlns="http://www.ni.com/LVData">
<Version>10.0.1</Version>
<Cluster>
<Name>ModelData</Name>
<NumElts>7</NumElts>
<Array>
<Name>Transitions</Name>
<Dimsize>5</Dimsize>
<Dimsize>2</Dimsize>
<String>
<Name>string</Name>
<Val>A</Val>
</String>
<String>
<Name>string</Name>
<Val>A</Val>
</String>
<String>
<Name>string</Name>
<Val>B</Val>
</String>
<String>
<Name>string</Name>
<Val>B</Val>
</String>
<String>
<Name>string</Name>
<Val>C</Val>
</String>
<String>
<Name>string</Name>
<Val>C</Val>
</String>
<String>
<Name>string</Name>
<Val>D</Val>
</String>
<String>
<Name>string</Name>
<Val>D</Val>
</String>
<String>
<Name>string</Name>
<Val>E</Val>
</String>
<String>
<Name>string</Name>
<Val>E</Val>
</String>
</Array>
<Array>
<Name>RealValues</Name>
<Dimsize>5</Dimsize>
<Dimsize>2</Dimsize>
<String>
<Name>string</Name>
<Val>A</Val>
</String>
<String>
<Name>string</Name>
<Val>0,069157</Val>
</String>
<String>
<Name>string</Name>
<Val>B</Val>
</String>
<String>
<Name>string</Name>
<Val>0,034561</Val>
</String>
<String>
<Name>string</Name>
<Val>C</Val>
</String>
<String>
<Name>string</Name>
<Val>0,044665</Val>
</String>
<String>
<Name>string</Name>
<Val>D</Val>
</String>
<String>
<Name>string</Name>
<Val>0,488855</Val>
</String>
<String>
<Name>string</Name>
<Val>E</Val>
</String>
<String>
<Name>string</Name>
<Val>0,764488</Val>
</String>
</Array>
<Array>
<Name>Times</Name>
<Dimsize>100</Dimsize>
<DBL>
<Name></Name>
<Val>0.00000000000000</Val>
</DBL>
<DBL>
<Name></Name>
<Val>10.00000000000000</Val>
</DBL>
<DBL>
<Name></Name>
<Val>20.00000000000000</Val>
</DBL>
<DBL>
<Name></Name>
<Val>30.00000000000000</Val>
</DBL>
<DBL>
<Name></Name>
<Val>40.00000000000000</Val>
</DBL>
<DBL>
<Name></Name>
<Val>50.00000000000000</Val>
</DBL>
<DBL>
<Name></Name>
<Val>60.00000000000000</Val>
</DBL>
<DBL>
<Name></Name>
<Val>70.00000000000000</Val>
</DBL>
<DBL>
<Name></Name>
<Val>80.00000000000000</Val>
</DBL>
<DBL>
<Name></Name>
<Val>90.00000000000000</Val>
</DBL>
<DBL>
<Name></Name>
<Val>100.00000000000000</Val>
</DBL>
<DBL>
<Name></Name>
<Val>110.00000000000000</Val>
</DBL>
<DBL>
<Name></Name>
<Val>120.00000000000000</Val>
</DBL>
<DBL>
<Name></Name>
<Val>130.00000000000000</Val>
</DBL>
<DBL>
<Name></Name>
<Val>140.00000000000000</Val>
</DBL>
<DBL>
<Name></Name>
<Val>150.00000000000000</Val>
</DBL>
<DBL>
<Name></Name>
<Val>160.00000000000000</Val>
</DBL>
<DBL>
<Name></Name>
<Val>170.00000000000000</Val>
</DBL>
<DBL>
<Name></Name>
<Val>180.00000000000000</Val>
</DBL>
<DBL>
<Name></Name>
<Val>190.00000000000000</Val>
</DBL>
<DBL>
<Name></Name>
<Val>200.00000000000000</Val>
</DBL>
<DBL>
<Name></Name>
<Val>210.00000000000000</Val>
</DBL>
<DBL>
<Name></Name>
<Val>220.00000000000000</Val>
</DBL>
<DBL>
<Name></Name>
<Val>230.00000000000000</Val>
</DBL>
<DBL>
<Name></Name>
<Val>240.00000000000000</Val>
</DBL>
<DBL>
<Name></Name>
<Val>250.00000000000000</Val>
</DBL>
<DBL>
<Name></Name>
<Val>260.00000000000000</Val>
</DBL>
<DBL>
<Name></Name>
<Val>270.00000000000000</Val>
</DBL>
<DBL>
<Name></Name>
<Val>280.00000000000000</Val>
</DBL>
<DBL>
<Name></Name>
<Val>290.00000000000000</Val>
</DBL>
<DBL>
<Name></Name>
<Val>300.00000000000000</Val>
</DBL>
<DBL>
<Name></Name>
<Val>310.00000000000000</Val>
</DBL>
<DBL>
<Name></Name>
<Val>320.00000000000000</Val>
</DBL>
<DBL>
<Name></Name>
<Val>330.00000000000000</Val>
</DBL>
<DBL>
<Name></Name>
<Val>340.00000000000000</Val>
</DBL>
<DBL>
<Name></Name>
<Val>350.00000000000000</Val>
</DBL>
<DBL>
<Name></Name>
<Val>360.00000000000000</Val>
</DBL>
<DBL>
<Name></Name>
<Val>370.00000000000000</Val>
</DBL>
<DBL>
<Name></Name>
<Val>380.00000000000000</Val>
</DBL>
<DBL>
<Name></Name>
<Val>390.00000000000000</Val>
</DBL>
<DBL>
<Name></Name>
<Val>400.00000000000000</Val>
</DBL>
<DBL>
<Name></Name>
<Val>410.00000000000000</Val>
</DBL>
<DBL>
<Name></Name>
<Val>420.00000000000000</Val>
</DBL>
<DBL>
<Name></Name>
<Val>430.00000000000000</Val>
</DBL>
<DBL>
<Name></Name>
<Val>440.00000000000000</Val>
</DBL>
<DBL>
<Name></Name>
<Val>450.00000000000000</Val>
</DBL>
<DBL>
<Name></Name>
<Val>460.00000000000000</Val>
</DBL>
<DBL>
<Name></Name>
<Val>470.00000000000000</Val>
</DBL>
<DBL>
<Name></Name>
<Val>480.00000000000000</Val>
</DBL>
<DBL>
<Name></Name>
<Val>490.00000000000000</Val>
</DBL>
<DBL>
<Name></Name>
<Val>500.00000000000000</Val>
</DBL>
<DBL>
<Name></Name>
<Val>510.00000000000000</Val>
</DBL>
<DBL>
<Name></Name>
<Val>520.00000000000000</Val>
</DBL>
<DBL>
<Name></Name>
<Val>530.00000000000000</Val>
</DBL>
<DBL>
<Name></Name>
<Val>540.00000000000000</Val>
</DBL>
<DBL>
<Name></Name>
<Val>550.00000000000000</Val>
</DBL>
<DBL>
<Name></Name>
<Val>560.00000000000000</Val>
</DBL>
<DBL>
<Name></Name>
<Val>570.00000000000000</Val>
</DBL>
<DBL>
<Name></Name>
<Val>580.00000000000000</Val>
</DBL>
<DBL>
<Name></Name>
<Val>590.00000000000000</Val>
</DBL>
<DBL>
<Name></Name>
<Val>600.00000000000000</Val>
</DBL>
<DBL>
<Name></Name>
<Val>610.00000000000000</Val>
</DBL>
<DBL>
<Name></Name>
<Val>620.00000000000000</Val>
</DBL>
<DBL>
<Name></Name>
<Val>630.00000000000000</Val>
</DBL>
<DBL>
<Name></Name>
<Val>640.00000000000000</Val>
</DBL>
<DBL>
<Name></Name>
<Val>650.00000000000000</Val>
</DBL>
<DBL>
<Name></Name>
<Val>660.00000000000000</Val>
</DBL>
<DBL>
<Name></Name>
<Val>670.00000000000000</Val>
</DBL>
<DBL>
<Name></Name>
<Val>680.00000000000000</Val>
</DBL>
<DBL>
<Name></Name>
<Val>690.00000000000000</Val>
</DBL>
<DBL>
<Name></Name>
<Val>700.00000000000000</Val>
</DBL>
<DBL>
<Name></Name>
<Val>710.00000000000000</Val>
</DBL>
<DBL>
<Name></Name>
<Val>720.00000000000000</Val>
</DBL>
<DBL>
<Name></Name>
<Val>730.00000000000000</Val>
</DBL>
<DBL>
<Name></Name>
<Val>740.00000000000000</Val>
</DBL>
<DBL>
<Name></Name>
<Val>750.00000000000000</Val>
</DBL>
<DBL>
<Name></Name>
<Val>760.00000000000000</Val>
</DBL>
<DBL>
<Name></Name>
<Val>770.00000000000000</Val>
</DBL>
<DBL>
<Name></Name>
<Val>780.00000000000000</Val>
</DBL>
<DBL>
<Name></Name>
<Val>790.00000000000000</Val>
</DBL>
<DBL>
<Name></Name>
<Val>800.00000000000000</Val>
</DBL>
<DBL>
<Name></Name>
<Val>810.00000000000000</Val>
</DBL>
<DBL>
<Name></Name>
<Val>820.00000000000000</Val>
</DBL>
<DBL>
<Name></Name>
<Val>830.00000000000000</Val>
</DBL>
<DBL>
<Name></Name>
<Val>840.00000000000000</Val>
</DBL>
<DBL>
<Name></Name>
<Val>850.00000000000000</Val>
</DBL>
<DBL>
<Name></Name>
<Val>860.00000000000000</Val>
</DBL>
<DBL>
<Name></Name>
<Val>870.00000000000000</Val>
</DBL>
<DBL>
<Name></Name>
<Val>880.00000000000000</Val>
</DBL>
<DBL>
<Name></Name>
<Val>890.00000000000000</Val>
</DBL>
<DBL>
<Name></Name>
<Val>900.00000000000000</Val>
</DBL>
<DBL>
<Name></Name>
<Val>910.00000000000000</Val>
</DBL>
<DBL>
<Name></Name>
<Val>920.00000000000000</Val>
</DBL>
<DBL>
<Name></Name>
<Val>930.00000000000000</Val>
</DBL>
<DBL>
<Name></Name>
<Val>940.00000000000000</Val>
</DBL>
<DBL>
<Name></Name>
<Val>950.00000000000000</Val>
</DBL>
<DBL>
<Name></Name>
<Val>960.00000000000000</Val>
</DBL>
<DBL>
<Name></Name>
<Val>970.00000000000000</Val>
</DBL>
<DBL>
<Name></Name>
<Val>980.00000000000000</Val>
</DBL>
<DBL>
<Name></Name>
<Val>990.00000000000000</Val>
</DBL>
</Array>
<Array>
<Name>RealSolution</Name>
<Dimsize>100</Dimsize>
<Dimsize>10</Dimsize>
<DBL>
<Name></Name>
<Val>1.00000000000000</Val>
</DBL>
<DBL>
<Name></Name>
<Val>0.00000000000000</Val>
</DBL>
<DBL>
<Name></Name>
<Val>0.00000000000000</Val>
</DBL>
<DBL>
<Name></Name>
<Val>0.00000000000000</Val>
</DBL>
<DBL>
<Name></Name>
<Val>0.00000000000000</Val>
</DBL>
<DBL>
<Name></Name>
<Val>0.00000000000000</Val>
</DBL>
<DBL>
<Name></Name>
<Val>0.00000000000000</Val>
</DBL>
<DBL>
<Name></Name>
<Val>0.00000000000000</Val>
</DBL>
<DBL>
<Name></Name>
<Val>0.00000000000000</Val>
</DBL>
<DBL>
<Name></Name>
<Val>0.00000000000000</Val>
</DBL>
<DBL>
<Name></Name>
<Val>0.20249438365566</Val>
</DBL>
<DBL>
<Name></Name>
<Val>0.10156578060972</Val>
</DBL>
<DBL>
<Name></Name>
<Val>0.55384216204026</Val>
</DBL>
<DBL>
<Name></Name>
<Val>0.12406774257381</Val>
</DBL>
<DBL>
<Name></Name>
<Val>1.72155075986322E-2</Val>
</DBL>
<DBL>
<Name></Name>
<Val>7.04100385059615E-4</Val>
</DBL>
<DBL>
<Name></Name>
<Val>4.45084990838888E-5</Val>
</DBL>
<DBL>
<Name></Name>
<Val>5.93027972038882E-5</Val>
</DBL>
<DBL>
<Name></Name>
<Val>6.21061853843805E-6</Val>
</DBL>
<DBL>
<Name></Name>
<Val>3.01222035872932E-7</Val>
</DBL>
<DBL>
<Name></Name>
<Val>9.24061113074071E-2</Val>
</DBL>
<DBL>
<Name></Name>
<Val>5.25735276247363E-2</Val>
</DBL>
<DBL>
<Name></Name>
<Val>0.53090315444669</Val>
</DBL>
<DBL>
<Name></Name>
<Val>0.24917851101544</Val>
</DBL>
<DBL>
<Name></Name>
<Val>6.97568017448702E-2</Val>
</DBL>
<DBL>
<Name></Name>
<Val>3.71341029299149E-3</Val>
</DBL>
<DBL>
<Name></Name>
<Val>3.21637315436130E-4</Val>
</DBL>
<DBL>
<Name></Name>
<Val>9.07297827128521E-4</Val>
</DBL>
<DBL>
<Name></Name>
<Val>2.24214129525372E-4</Val>
</DBL>
<DBL>
<Name></Name>
<Val>1.53342957750403E-5</Val>
</DBL>
<DBL>
<Name></Name>
<Val>6.23794150597838E-2</Val>
</DBL>
<DBL>
<Name></Name>
<Val>3.75958635786470E-2</Val>
</DBL>
<DBL>
<Name></Name>
<Val>0.45419573413923</Val>
</DBL>
<DBL>
<Name></Name>
<Val>0.31112420998281</Val>
</DBL>
<DBL>
<Name></Name>
<Val>0.12260908785369</Val>
</DBL>
<DBL>
<Name></Name>
<Val>7.10189602760232E-3</Val>
</DBL>
<DBL>
<Name></Name>
<Val>7.21067112001526E-4</Val>
</DBL>
<DBL>
<Name></Name>
<Val>2.97458444709749E-3</Val>
</DBL>
<DBL>
<Name></Name>
<Val>1.20532745588117E-3</Val>
</DBL>
<DBL>
<Name></Name>
<Val>9.28143432459172E-5</Val>
</DBL>
<DBL>
<Name></Name>
<Val>5.00057567728239E-2</Val>
</DBL>
<DBL>
<Name></Name>
<Val>3.08418757718396E-2</Val>
</DBL>
<DBL>
<Name></Name>
<Val>0.39705244516388</Val>
</DBL>
<DBL>
<Name></Name>
<Val>0.34023248697401</Val>
</DBL>
<DBL>
<Name></Name>
<Val>0.16170452153467</Val>
</DBL>
<DBL>
<Name></Name>
<Val>9.71792347101220E-3</Val>
</DBL>
<DBL>
<Name></Name>
<Val>1.10585333015063E-3</Val>
</DBL>
<DBL>
<Name></Name>
<Val>5.78711920306200E-3</Val>
</DBL>
<DBL>
<Name></Name>
<Val>3.28446689117162E-3</Val>
</DBL>
<DBL>
<Name></Name>
<Val>2.67550887380617E-4</Val>
</DBL>
<DBL>
<Name></Name>
<Val>4.33299656355579E-2</Val>
</DBL>
<DBL>
<Name></Name>
<Val>2.70435108917874E-2</Val>
</DBL>
<DBL>
<Name></Name>
<Val>0.35938334395562</Val>
</DBL>
<DBL>
<Name></Name>
<Val>0.35421782424036</Val>
</DBL>
<DBL>
<Name></Name>
<Val>0.18731505339378</Val>
</DBL>
<DBL>
<Name></Name>
<Val>1.14689714569454E-2</Val>
</DBL>
<DBL>
<Name></Name>
<Val>1.43239779416497E-3</Val>
</DBL>
<DBL>
<Name></Name>
<Val>8.85347589722327E-3</Val>
</DBL>
<DBL>
<Name></Name>
<Val>6.41620050428781E-3</Val>
</DBL>
<DBL>
<Name></Name>
<Val>5.39256230271557E-4</Val>
</DBL>
<DBL>
<Name></Name>
<Val>3.92774570323702E-2</Val>
</DBL>
<DBL>
<Name></Name>
<Val>2.46991939547775E-2</Val>
</DBL>
<DBL>
<Name></Name>
<Val>0.33477670855697</Val>
</DBL>
<DBL>
<Name></Name>
<Val>0.36075905476707</Val>
</DBL>
<DBL>
<Name></Name>
<Val>0.20304834235691</Val>
</DBL>
<DBL>
<Name></Name>
<Val>1.25620639563004E-2</Val>
</DBL>
<DBL>
<Name></Name>
<Val>1.70138735117330E-3</Val>
</DBL>
<DBL>
<Name></Name>
<Val>1.19183758392562E-2</Val>
</DBL>
<DBL>
<Name></Name>
<Val>1.03691199125712E-2</Val>
</DBL>
<DBL>
<Name></Name>
<Val>8.88296272604326E-4</Val>
</DBL>
<DBL>
<Name></Name>
<Val>3.66845412365275E-2</Val>
</DBL>
<DBL>
<Name></Name>
<Val>2.31859636763305E-2</Val>
</DBL>
<DBL>
<Name></Name>
<Val>0.31841231437805</Val>
</DBL>
<DBL>
<Name></Name>
<Val>0.36328887527710</Val>
</DBL>
<DBL>
<Name></Name>
<Val>0.21222031908540</Val>
</DBL>
<DBL>
<Name></Name>
<Val>1.32114868491646E-2</Val>
</DBL>
<DBL>
<Name></Name>
<Val>1.92565119740847E-3</Val>
</DBL>
<DBL>
<Name></Name>
<Val>1.48910389443640E-2</Val>
</DBL>
<DBL>
<Name></Name>
<Val>1.48883627024066E-2</Val>
</DBL>
<DBL>
<Name></Name>
<Val>1.29144665324729E-3</Val>
</DBL>
<DBL>
<Name></Name>
<Val>3.49657551755272E-2</Val>
</DBL>
<DBL>
<Name></Name>
<Val>2.21752468085777E-2</Val>
</DBL>
<DBL>
<Name></Name>
<Val>0.30719720598645</Val>
</DBL>
<DBL>
<Name></Name>
<Val>0.36351576194665</Val>
</DBL>
<DBL>
<Name></Name>
<Val>0.21720319695531</Val>
</DBL>
<DBL>
<Name></Name>
<Val>1.35757030155211E-2</Val>
</DBL>
<DBL>
<Name></Name>
<Val>2.11816027300618E-3</Val>
</DBL>
<DBL>
<Name></Name>
<Val>1.77560521185466E-2</Val>
</DBL>
<DBL>
<Name></Name>
<Val>1.97638647783467E-2</Val>
</DBL>
<DBL>
<Name></Name>
<Val>1.72905294206387E-3</Val>
</DBL>
<DBL>
<Name></Name>
<Val>3.37847208701907E-2</Val>
</DBL>
<DBL>
<Name></Name>
<Val>2.14747939580233E-2</Val>
</DBL>
<DBL>
<Name></Name>
<Val>0.29920059498723</Val>
</DBL>
<DBL>
<Name></Name>
<Val>0.36237799503018</Val>
</DBL>
<DBL>
<Name></Name>
<Val>0.21955900543661</Val>
</DBL>
<DBL>
<Name></Name>
<Val>1.37604048448469E-2</Val>
</DBL>
<DBL>
<Name></Name>
<Val>2.28892280313000E-3</Val>
</DBL>
<DBL>
<Name></Name>
<Val>2.05238247958771E-2</Val>
</DBL>
<DBL>
<Name></Name>
<Val>2.48430836361865E-2</Val>
</DBL>
<DBL>
<Name></Name>
<Val>2.18665363772710E-3</Val>
</DBL>
<DBL>
<Name></Name>
<Val>3.29382218556979E-2</Val>
</DBL>
<DBL>
<Name></Name>
<Val>2.09676975109640E-2</Val>
</DBL>
<DBL>
<Name></Name>
<Val>0.29322196665183</Val>
</DBL>
<DBL>
<Name></Name>
<Val>0.36042419984767</Val>
</DBL>
<DBL>
<Name></Name>
<Val>0.22028314607375</Val>
</DBL>
<DBL>
<Name></Name>
<Val>1.38333211665940E-2</Val>
</DBL>
<DBL>
<Name></Name>
<Val>2.44491192254953E-3</Val>
</DBL>
<DBL>
<Name></Name>
<Val>2.32097189603093E-2</Val>
</DBL>
<DBL>
<Name></Name>
<Val>3.00224582558427E-2</Val>
</DBL>
<DBL>
<Name></Name>
<Val>2.65435775478991E-3</Val>
</DBL>
<DBL>
<Name></Name>
<Val>3.23012112965692E-2</Val>
</DBL>
<DBL>
<Name></Name>
<Val>2.05818442891966E-2</Val>
</DBL>
<DBL>
<Name></Name>
<Val>0.28851472685146</Val>
</DBL>
<DBL>
<Name></Name>
<Val>0.35798584757414</Val>
</DBL>
<DBL>
<Name></Name>
<Val>0.22000127304642</Val>
</DBL>
<DBL>
<Name></Name>
<Val>1.38371321317361E-2</Val>
</DBL>
<DBL>
<Name></Name>
<Val>2.59075640464419E-3</Val>
</DBL>
<DBL>
<Name></Name>
<Val>2.58271108683020E-2</Val>
</DBL>
<DBL>
<Name></Name>
<Val>3.52344155756899E-2</Val>
</DBL>
<DBL>
<Name></Name>
<Val>3.12568196184575E-3</Val>
</DBL>
<DBL>
<Name></Name>
<Val>3.17961996266911E-2</Val>
</DBL>
<DBL>
<Name></Name>
<Val>2.02725034463345E-2</Val>
</DBL>
<DBL>
<Name></Name>
<Val>0.28461426164533</Val>
</DBL>
<DBL>
<Name></Name>
<Val>0.35526627702718</Val>
</DBL>
<DBL>
<Name></Name>
<Val>0.21910429126434</Val>
</DBL>
<DBL>
<Name></Name>
<Val>1.37985378004913E-2</Val>
</DBL>
<DBL>
<Name></Name>
<Val>2.72945343424292E-3</Val>
</DBL>
<DBL>
<Name></Name>
<Val>2.83859941708223E-2</Val>
</DBL>
<DBL>
<Name></Name>
<Val>4.04359905813340E-2</Val>
</DBL>
<DBL>
<Name></Name>
<Val>3.59649100323803E-3</Val>
</DBL>
<DBL>
<Name></Name>
<Val>3.13750264625138E-2</Val>
</DBL>
<DBL>
<Name></Name>
<Val>2.00118622528078E-2</Val>
</DBL>
<DBL>
<Name></Name>
<Val>0.28123125509275</Val>
</DBL>
<DBL>
<Name></Name>
<Val>0.35239100833769</Val>
</DBL>
<DBL>
<Name></Name>
<Val>0.21783576026513</Val>
</DBL>
<DBL>
<Name></Name>
<Val>1.37341857417091E-2</Val>
</DBL>
<DBL>
<Name></Name>
<Val>2.86291962213019E-3</Val>
</DBL>
<DBL>
<Name></Name>
<Val>3.08933845840989E-2</Val>
</DBL>
<DBL>
<Name></Name>
<Val>4.56003974918520E-2</Val>
</DBL>
<DBL>
<Name></Name>
<Val>4.06420014931986E-3</Val>
</DBL>
<DBL>
<Name></Name>
<Val>3.10077162212781E-2</Val>
</DBL>
<DBL>
<Name></Name>
<Val>1.97826053865260E-2</Val>
</DBL>
<DBL>
<Name></Name>
<Val>0.27818543052287</Val>
</DBL>
<DBL>
<Name></Name>
<Val>0.34943766009532</Val>
</DBL>
<DBL>
<Name></Name>
<Val>0.21634720452217</Val>
</DBL>
<DBL>
<Name></Name>
<Val>1.36544378827164E-2</Val>
</DBL>
<DBL>
<Name></Name>
<Val>2.99237447282331E-3</Val>
</DBL>
<DBL>
<Name></Name>
<Val>3.33540975689394E-2</Val>
</DBL>
<DBL>
<Name></Name>
<Val>5.07112495208090E-2</Val>
</DBL>
<DBL>
<Name></Name>
<Val>4.52722380654708E-3</Val>
</DBL>
<DBL>
<Name></Name>
<Val>3.06755930932199E-2</Val>
</DBL>
<DBL>
<Name></Name>
<Val>1.95739424843987E-2</Val>
</DBL>
<DBL>
<Name></Name>
<Val>0.27536435811163</Val>
</DBL>
<DBL>
<Name></Name>
<Val>0.34645418728489</Val>
</DBL>
<DBL>
<Name></Name>
<Val>0.21473278202636</Val>
</DBL>
<DBL>
<Name></Name>
<Val>1.35657361861804E-2</Val>
</DBL>
<DBL>
<Name></Name>
<Val>3.11859429051696E-3</Val>
</DBL>
<DBL>
<Name></Name>
<Val>3.57714423187154E-2</Val>
</DBL>
<DBL>
<Name></Name>
<Val>5.57587533320560E-2</Val>
</DBL>
<DBL>
<Name></Name>
<Val>4.98461087203532E-3</Val>
</DBL>
<DBL>
<Name></Name>
<Val>3.03670093590964E-2</Val>
</DBL>
<DBL>
<Name></Name>
<Val>1.93791420476772E-2</Val>
</DBL>
<DBL>
<Name></Name>
<Val>0.27269783165281</Val>
</DBL>
<DBL>
<Name></Name>
<Val>0.34347012763061</Val>
</DBL>
<DBL>
<Name></Name>
<Val>0.21305092659416</Val>
</DBL>
<DBL>
<Name></Name>
<Val>1.34720808429863E-2</Val>
</DBL>
<DBL>
<Name></Name>
<Val>3.24207592790675E-3</Val>
</DBL>
<DBL>
<Name></Name>
<Val>3.81477358133943E-2</Val>
</DBL>
<DBL>
<Name></Name>
<Val>6.07372606101806E-2</Val>
</DBL>
<DBL>
<Name></Name>
<Val>5.43580952117495E-3</Val>
</DBL>
<DBL>
<Name></Name>
<Val>3.00746904065048E-2</Val>
</DBL>
<DBL>
<Name></Name>
<Val>1.91939983019971E-2</Val>
</DBL>
<DBL>
<Name></Name>
<Val>0.27014192549651</Val>
</DBL>
<DBL>
<Name></Name>
<Val>0.34050357224309</Val>
</DBL>
<DBL>
<Name></Name>
<Val>0.21133783488864</Val>
</DBL>
<DBL>
<Name></Name>
<Val>1.33759518813240E-2</Val>
</DBL>
<DBL>
<Name></Name>
<Val>3.36314084686510E-3</Val>
</DBL>
<DBL>
<Name></Name>
<Val>4.04846544607423E-2</Val>
</DBL>
<DBL>
<Name></Name>
<Val>6.56437138058304E-2</Val>
</DBL>
<DBL>
<Name></Name>
<Val>5.88051766850043E-3</Val>
</DBL>
<DBL>
<Name></Name>
<Val>2.97940833269805E-2</Val>
</DBL>
<DBL>
<Name></Name>
<Val>1.90158774791824E-2</Val>
</DBL>
<DBL>
<Name></Name>
<Val>0.26766907326507</Val>
</DBL>
<DBL>
<Name></Name>
<Val>0.33756549592097</Val>
</DBL>
<DBL>
<Name></Name>
<Val>0.20961586495598</Val>
</DBL>
<DBL>
<Name></Name>
<Val>1.32788832021759E-2</Val>
</DBL>
<DBL>
<Name></Name>
<Val>3.48200068918390E-3</Val>
</DBL>
<DBL>
<Name></Name>
<Val>4.27834650965960E-2</Val>
</DBL>
<DBL>
<Name></Name>
<Val>7.04766673532912E-2</Val>
</DBL>
<DBL>
<Name></Name>
<Val>6.31858871057351E-3</Val>
</DBL>
<DBL>
<Name></Name>
<Val>2.95223294035937E-2</Val>
</DBL>
<DBL>
<Name></Name>
<Val>1.88431243799328E-2</Val>
</DBL>
<DBL>
<Name></Name>
<Val>0.26526189348668</Val>
</DBL>
<DBL>
<Name></Name>
<Val>0.33466244989505</Val>
</DBL>
<DBL>
<Name></Name>
<Val>0.20789876440542</Val>
</DBL>
<DBL>
<Name></Name>
<Val>1.31818199682512E-2</Val>
</DBL>
<DBL>
<Name></Name>
<Val>3.59879838948918E-3</Val>
</DBL>
<DBL>
<Name></Name>
<Val>4.50451733988040E-2</Val>
</DBL>
<DBL>
<Name></Name>
<Val>7.52356742518966E-2</Val>
</DBL>
<DBL>
<Name></Name>
<Val>6.74997242088114E-3</Val>
</DBL>
<DBL>
<Name></Name>
<Val>2.92576246927952E-2</Val>
</DBL>
<DBL>
<Name></Name>
<Val>1.86746930713261E-2</Val>
</DBL>
<DBL>
<Name></Name>
<Val>0.26290934693614</Val>
</DBL>
<DBL>
<Name></Name>
<Val>0.33179823699947</Val>
</DBL>
<DBL>
<Name></Name>
<Val>0.20619492454232</Val>
</DBL>
<DBL>
<Name></Name>
<Val>1.30853410663493E-2</Val>
</DBL>
<DBL>
<Name></Name>
<Val>3.71363387801953E-3</Val>
</DBL>
<DBL>
<Name></Name>
<Val>4.72706180453560E-2</Val>
</DBL>
<DBL>
<Name></Name>
<Val>7.99209027636532E-2</Val>
</DBL>
<DBL>
<Name></Name>
<Val>7.17467800457763E-3</Val>
</DBL>
<DBL>
<Name></Name>
<Val>2.89988220885309E-2</Val>
</DBL>
<DBL>
<Name></Name>
<Val>1.85099170523465E-2</Val>
</DBL>
<DBL>
<Name></Name>
<Val>0.26060434507569</Val>
</DBL>
<DBL>
<Name></Name>
<Val>0.32897495398824</Val>
</DBL>
<DBL>
<Name></Name>
<Val>0.20450940567549</Val>
</DBL>
<DBL>
<Name></Name>
<Val>1.29897975692057E-2</Val>
</DBL>
<DBL>
<Name></Name>
<Val>3.82658012209967E-3</Val>
</DBL>
<DBL>
<Name></Name>
<Val>4.94605300231815E-2</Val>
</DBL>
<DBL>
<Name></Name>
<Val>8.45328973540330E-2</Val>
</DBL>
<DBL>
<Name></Name>
<Val>7.59275105118195E-3</Val>
</DBL>
<DBL>
<Name></Name>
<Val>2.87451836611470E-2</Val>
</DBL>
<DBL>
<Name></Name>
<Val>1.83483662121279E-2</Val>
</DBL>
<DBL>
<Name></Name>
<Val>0.25834226158800</Val>
</DBL>
<DBL>
<Name></Name>
<Val>0.32619364011401</Val>
</DBL>
<DBL>
<Name></Name>
<Val>0.20284519758031</Val>
</DBL>
<DBL>
<Name></Name>
<Val>1.28953989104368E-2</Val>
</DBL>
<DBL>
<Name></Name>
<Val>3.93769312831607E-3</Val>
</DBL>
<DBL>
<Name></Name>
<Val>5.16155698390241E-2</Val>
</DBL>
<DBL>
<Name></Name>
<Val>8.90724297898005E-2</Val>
</DBL>
<DBL>
<Name></Name>
<Val>8.00425917682463E-3</Val>
</DBL>
<DBL>
<Name></Name>
<Val>2.84962265176608E-2</Val>
</DBL>
<DBL>
<Name></Name>
<Val>1.81897578028398E-2</Val>
</DBL>
<DBL>
<Name></Name>
<Val>0.25612000595545</Val>
</DBL>
<DBL>
<Name></Name>
<Val>0.32345468069660</Val>
</DBL>
<DBL>
<Name></Name>
<Val>0.20120400393240</Val>
</DBL>
<DBL>
<Name></Name>
<Val>1.28022665155799E-2</Val>
</DBL>
<DBL>
<Name></Name>
<Val>4.04701817612499E-3</Val>
</DBL>
<DBL>
<Name></Name>
<Val>5.37363508229345E-2</Val>
</DBL>
<DBL>
<Name></Name>
<Val>9.35404064909368E-2</Val>
</DBL>
<DBL>
<Name></Name>
<Val>8.40928308947038E-3</Val>
</DBL>
<DBL>
<Name></Name>
<Val>2.82516268652008E-2</Val>
</DBL>
<DBL>
<Name></Name>
<Val>1.80339010288037E-2</Val>
</DBL>
<DBL>
<Name></Name>
<Val>0.25393544683594</Val>
</DBL>
<DBL>
<Name></Name>
<Val>0.32075805821806</Val>
</DBL>
<DBL>
<Name></Name>
<Val>0.19958673047309</Val>
</DBL>
<DBL>
<Name></Name>
<Val>1.27104671782421E-2</Val>
</DBL>
<DBL>
<Name></Name>
<Val>4.15459370229871E-3</Val>
</DBL>
<DBL>
<Name></Name>
<Val>5.58234537177783E-2</Val>
</DBL>
<DBL>
<Name></Name>
<Val>9.79378109458849E-2</Val>
</DBL>
<DBL>
<Name></Name>
<Val>8.80791103470315E-3</Val>
</DBL>
<DBL>
<Name></Name>
<Val>2.80111602977336E-2</Val>
</DBL>
<DBL>
<Name></Name>
<Val>1.78806625570257E-2</Val>
</DBL>
<DBL>
<Name></Name>
<Val>0.25178705313961</Val>
</DBL>
<DBL>
<Name></Name>
<Val>0.31810350852807</Val>
</DBL>
<DBL>
<Name></Name>
<Val>0.19799378878745</Val>
</DBL>
<DBL>
<Name></Name>
<Val>1.26200338301148E-2</Val>
</DBL>
<DBL>
<Name></Name>
<Val>4.26045372191187E-3</Val>
</DBL>
<DBL>
<Name></Name>
<Val>5.78774358230068E-2</Val>
</DBL>
<DBL>
<Name></Name>
<Val>0.10226566796767</Val>
</DBL>
<DBL>
<Name></Name>
<Val>9.20023534741618E-3</Val>
</DBL>
<DBL>
<Name></Name>
<Val>2.77746646268525E-2</Val>
</DBL>
<DBL>
<Name></Name>
<Val>1.77299450484776E-2</Val>
</DBL>
<DBL>
<Name></Name>
<Val>0.24967367059566</Val>
</DBL>
<DBL>
<Name></Name>
<Val>0.31549061799546</Val>
</DBL>
<DBL>
<Name></Name>
<Val>0.19642528532624</Val>
</DBL>
<DBL>
<Name></Name>
<Val>1.25309784653316E-2</Val>
</DBL>
<DBL>
<Name></Name>
<Val>4.36462933796350E-3</Val>
</DBL>
<DBL>
<Name></Name>
<Val>5.98988367402754E-2</Val>
</DBL>
<DBL>
<Name></Name>
<Val>0.10652502154895</Val>
</DBL>
<DBL>
<Name></Name>
<Val>9.58635031478254E-3</Val>
</DBL>
<DBL>
<Name></Name>
<Val>2.75420167432448E-2</Val>
</DBL>
<DBL>
<Name></Name>
<Val>1.75816737930705E-2</Val>
</DBL>
<DBL>
<Name></Name>
<Val>0.24759438264406</Val>
</DBL>
<DBL>
<Name></Name>
<Val>0.31291888390809</Val>
</DBL>
<DBL>
<Name></Name>
<Val>0.19488113900839</Val>
</DBL>
<DBL>
<Name></Name>
<Val>1.24433001819763E-2</Val>
</DBL>
<DBL>
<Name></Name>
<Val>4.46714968356368E-3</Val>
</DBL>
<DBL>
<Name></Name>
<Val>6.18881820003409E-2</Val>
</DBL>
<DBL>
<Name></Name>
<Val>0.11071692118180</Val>
</DBL>
<DBL>
<Name></Name>
<Val>9.96635085546611E-3</Val>
</DBL>
<DBL>
<Name></Name>
<Val>2.73131182104341E-2</Val>
</DBL>
<DBL>
<Name></Name>
<Val>1.74357883881316E-2</Val>
</DBL>
<DBL>
<Name></Name>
<Val>0.24554842380887</Val>
</DBL>
<DBL>
<Name></Name>
<Val>0.31038775200092</Val>
</DBL>
<DBL>
<Name></Name>
<Val>0.19336115437489</Val>
</DBL>
<DBL>
<Name></Name>
<Val>1.23569901847018E-2</Val>
</DBL>
<DBL>
<Name></Name>
<Val>4.56804251085616E-3</Val>
</DBL>
<DBL>
<Name></Name>
<Val>6.38459853694238E-2</Val>
</DBL>
<DBL>
<Name></Name>
<Val>0.11484241344498</Val>
</DBL>
<DBL>
<Name></Name>
<Val>1.03403317067939E-2</Val>
</DBL>
<DBL>
<Name></Name>
<Val>2.70878862932681E-2</Val>
</DBL>
<DBL>
<Name></Name>
<Val>1.72922375558337E-2</Val>
</DBL>
<DBL>
<Name></Name>
<Val>0.24353512573508</Val>
</DBL>
<DBL>
<Name></Name>
<Val>0.30789663975049</Val>
</DBL>
<DBL>
<Name></Name>
<Val>0.19186506708034</Val>
</DBL>
<DBL>
<Name></Name>
<Val>1.22720348960829E-2</Val>
</DBL>
<DBL>
<Name></Name>
<Val>4.66733456001521E-3</Val>
</DBL>
<DBL>
<Name></Name>
<Val>6.57727503325224E-2</Val>
</DBL>
<DBL>
<Name></Name>
<Val>0.11890253686841</Val>
</DBL>
<DBL>
<Name></Name>
<Val>1.07083869279605E-2</Val>
</DBL>
<DBL>
<Name></Name>
<Val>2.68662483688863E-2</Val>
</DBL>
<DBL>
<Name></Name>
<Val>1.71509759142523E-2</Val>
</DBL>
<DBL>
<Name></Name>
<Val>0.24155388355487</Val>
</DBL>
<DBL>
<Name></Name>
<Val>0.30544495081194</Val>
</DBL>
<DBL>
<Name></Name>
<Val>0.19039257216869</Val>
</DBL>
<DBL>
<Name></Name>
<Val>1.21884178909445E-2</Val>
</DBL>
<DBL>
<Name></Name>
<Val>4.76505179131940E-3</Val>
</DBL>
<DBL>
<Name></Name>
<Val>6.76689710635768E-2</Val>
</DBL>
<DBL>
<Name></Name>
<Val>0.12289831883573</Val>
</DBL>
<DBL>
<Name></Name>
<Val>1.10706095997911E-2</Val>
</DBL>
<DBL>
<Name></Name>
<Val>2.66481384429087E-2</Val>
</DBL>
<DBL>
<Name></Name>
<Val>1.70119619643492E-2</Val>
</DBL>
<DBL>
<Name></Name>
<Val>0.23960413490693</Val>
</DBL>
<DBL>
<Name></Name>
<Val>0.30303208394441</Val>
</DBL>
<DBL>
<Name></Name>
<Val>0.18894334163533</Val>
</DBL>
<DBL>
<Name></Name>
<Val>1.21061210981830E-2</Val>
</DBL>
<DBL>
<Name></Name>
<Val>4.86121953196722E-3</Val>
</DBL>
<DBL>
<Name></Name>
<Val>6.95351330754627E-2</Val>
</DBL>
<DBL>
<Name></Name>
<Val>0.12683077375377</Val>
</DBL>
<DBL>
<Name></Name>
<Val>1.14270916466995E-2</Val>
</DBL>
<DBL>
<Name></Name>
<Val>2.64334949759266E-2</Val>
</DBL>
<DBL>
<Name></Name>
<Val>1.68751568337570E-2</Val>
</DBL>
<DBL>
<Name></Name>
<Val>0.23768534683131</Val>
</DBL>
<DBL>
<Name></Name>
<Val>0.30065743850714</Val>
</DBL>
<DBL>
<Name></Name>
<Val>0.18751703532176</Val>
</DBL>
<DBL>
<Name></Name>
<Val>1.20251255467338E-2</Val>
</DBL>
<DBL>
<Name></Name>
<Val>4.95586256979194E-3</Val>
</DBL>
<DBL>
<Name></Name>
<Val>7.13717136699688E-2</Val>
</DBL>
<DBL>
<Name></Name>
<Val>0.13070090200905</Val>
</DBL>
<DBL>
<Name></Name>
<Val>1.17779237345576E-2</Val>
</DBL>
<DBL>
<Name></Name>
<Val>2.62222595255622E-2</Val>
</DBL>
<DBL>
<Name></Name>
<Val>1.67405234916255E-2</Val>
</DBL>
<DBL>
<Name></Name>
<Val>0.23579700756663</Val>
</DBL>
<DBL>
<Name></Name>
<Val>0.29832041782226</Val>
</DBL>
<DBL>
<Name></Name>
<Val>0.18611330766134</Val>
</DBL>
<DBL>
<Name></Name>
<Val>1.19454118278635E-2</Val>
</DBL>
<DBL>
<Name></Name>
<Val>5.04900521389071E-3</Val>
</DBL>
<DBL>
<Name></Name>
<Val>7.31791822625623E-2</Val>
</DBL>
<DBL>
<Name></Name>
<Val>0.13450968941259</Val>
</DBL>
<DBL>
<Name></Name>
<Val>1.21231952156744E-2</Val>
</DBL>
<DBL>
<Name></Name>
<Val>2.60143758961920E-2</Val>
</DBL>
<DBL>
<Name></Name>
<Val>1.66080262566924E-2</Val>
</DBL>
<DBL>
<Name></Name>
<Val>0.23393862139887</Val>
</DBL>
<DBL>
<Name></Name>
<Val>0.29602043121073</Val>
</DBL>
<DBL>
<Name></Name>
<Val>0.18473181184346</Val>
</DBL>
<DBL>
<Name></Name>
<Val>1.18669603809433E-2</Val>
</DBL>
<DBL>
<Name></Name>
<Val>5.14067133462569E-3</Val>
</DBL>
<DBL>
<Name></Name>
<Val>7.49580006285159E-2</Val>
</DBL>
<DBL>
<Name></Name>
<Val>0.13825810694700</Val>
</DBL>
<DBL>
<Name></Name>
<Val>1.24629941029572E-2</Val>
</DBL>
<DBL>
<Name></Name>
<Val>2.58097896047041E-2</Val>
</DBL>
<DBL>
<Name></Name>
<Val>1.64776304878978E-2</Val>
</DBL>
<DBL>
<Name></Name>
<Val>0.23210970541030</Val>
</DBL>
<DBL>
<Name></Name>
<Val>0.29375689520350</Val>
</DBL>
<DBL>
<Name></Name>
<Val>0.18337220237150</Val>
</DBL>
<DBL>
<Name></Name>
<Val>1.17897516693943E-2</Val>
</DBL>
<DBL>
<Name></Name>
<Val>5.23088439075088E-3</Val>
</DBL>
<DBL>
<Name></Name>
<Val>7.67086230993931E-2</Val>
</DBL>
<DBL>
<Name></Name>
<Val>0.14194711070045</Val>
</DBL>
<DBL>
<Name></Name>
<Val>1.27974070621033E-2</Val>
</DBL>
<DBL>
<Name></Name>
<Val>2.56084475430245E-2</Val>
</DBL>
<DBL>
<Name></Name>
<Val>1.63493023886605E-2</Val>
</DBL>
<DBL>
<Name></Name>
<Val>0.23030978741153</Val>
</DBL>
<DBL>
<Name></Name>
<Val>0.29152923424015</Val>
</DBL>
<DBL>
<Name></Name>
<Val>0.18203413662173</Val>
</DBL>
<DBL>
<Name></Name>
<Val>1.17137662883104E-2</Val>
</DBL>
<DBL>
<Name></Name>
<Val>5.31966744849112E-3</Val>
</DBL>
<DBL>
<Name></Name>
<Val>7.84314967279531E-2</Val>
</DBL>
<DBL>
<Name></Name>
<Val>0.14557764191527</Val>
</DBL>
<DBL>
<Name></Name>
<Val>1.31265194148812E-2</Val>
</DBL>
<DBL>
<Name></Name>
<Val>2.54102977631835E-2</Val>
</DBL>
<DBL>
<Name></Name>
<Val>1.62230088819407E-2</Val>
</DBL>
<DBL>
<Name></Name>
<Val>0.22853840461072</Val>
</DBL>
<DBL>
<Name></Name>
<Val>0.28933688104948</Val>
</DBL>
<DBL>
<Name></Name>
<Val>0.18071727578093</Val>
</DBL>
<DBL>
<Name></Name>
<Val>1.16389850295883E-2</Val>
</DBL>
<DBL>
<Name></Name>
<Val>5.40704319557759E-3</Val>
</DBL>
<DBL>
<Name></Name>
<Val>8.01270614327236E-2</Val>
</DBL>
<DBL>
<Name></Name>
<Val>0.14915062710667</Val>
</DBL>
<DBL>
<Name></Name>
<Val>1.34504151491852E-2</Val>
</DBL>
<DBL>
<Name></Name>
<Val>2.52152893387241E-2</Val>
</DBL>
<DBL>
<Name></Name>
<Val>1.60987175294105E-2</Val>
</DBL>
<DBL>
<Name></Name>
<Val>0.22679510274219</Val>
</DBL>
<DBL>
<Name></Name>
<Val>0.28717927683301</Val>
</DBL>
<DBL>
<Name></Name>
<Val>0.17942128539790</Val>
</DBL>
<DBL>
<Name></Name>
<Val>1.15653889206425E-2</Val>
</DBL>
<DBL>
<Name></Name>
<Val>5.49303395211018E-3</Val>
</DBL>
<DBL>
<Name></Name>
<Val>8.17957501292560E-2</Val>
</DBL>
<DBL>
<Name></Name>
<Val>0.15266697822358</Val>
</DBL>
<DBL>
<Name></Name>
<Val>1.37691769331773E-2</Val>
</DBL>
<DBL>
<Name></Name>
<Val>2.50233722737017E-2</Val>
</DBL>
<DBL>
<Name></Name>
<Val>1.59763964781218E-2</Val>
</DBL>
<DBL>
<Name></Name>
<Val>0.22507943548169</Val>
</DBL>
<DBL>
<Name></Name>
<Val>0.28505587132664</Val>
</DBL>
<DBL>
<Name></Name>
<Val>0.17814583569513</Val>
</DBL>
<DBL>
<Name></Name>
<Val>1.14929592467080E-2</Val>
</DBL>
<DBL>
<Name></Name>
<Val>5.57766167941114E-3</Val>
</DBL>
<DBL>
<Name></Name>
<Val>8.34379888524380E-2</Val>
</DBL>
<DBL>
<Name></Name>
<Val>0.15612759283431</Val>
</DBL>
<DBL>
<Name></Name>
<Val>1.40828861318498E-2</Val>
</DBL>
<DBL>
<Name></Name>
<Val>2.48344974413749E-2</Val>
</DBL>
<DBL>
<Name></Name>
<Val>1.58560144243365E-2</Val>
</DBL>
<DBL>
<Name></Name>
<Val>0.22339096404067</Val>
</DBL>
<DBL>
<Name></Name>
<Val>0.28296612278735</Val>
</DBL>
<DBL>
<Name></Name>
<Val>0.17689060173171</Val>
</DBL>
<DBL>
<Name></Name>
<Val>1.14216775629574E-2</Val>
</DBL>
<DBL>
<Name></Name>
<Val>5.66094798759564E-3</Val>
</DBL>
<DBL>
<Name></Name>
<Val>8.50541968725954E-2</Val>
</DBL>
<DBL>
<Name></Name>
<Val>0.15953335432643</Val>
</DBL>
<DBL>
<Name></Name>
<Val>1.43916228249696E-2</Val>
</DBL>
<DBL>
<Name></Name>
<Val>2.46486165414521E-2</Val>
</DBL>
<DBL>
<Name></Name>
<Val>1.57375405880852E-2</Val>
</DBL>
<DBL>
<Name></Name>
<Val>0.22172925687273</Val>
</DBL>
<DBL>
<Name></Name>
<Val>0.28090949793405</Val>
</DBL>
<DBL>
<Name></Name>
<Val>0.17565526347420</Val>
</DBL>
<DBL>
<Name></Name>
<Val>1.13515257003070E-2</Val>
</DBL>
<DBL>
<Name></Name>
<Val>5.74291414231087E-3</Val>
</DBL>
<DBL>
<Name></Name>
<Val>8.66447868070964E-2</Val>
</DBL>
<DBL>
<Name></Name>
<Val>0.16288513211401</Val>
</DBL>
<DBL>
<Name></Name>
<Val>1.46954658257626E-2</Val>
</DBL>
<DBL>
<Name></Name>
<Val>2.44656820689573E-2</Val>
</DBL>
<DBL>
<Name></Name>
<Val>1.56209446944494E-2</Val>
</DBL>
<DBL>
<Name></Name>
<Val>0.22009388945039</Val>
</DBL>
<DBL>
<Name></Name>
<Val>0.27888547186066</Val>
</DBL>
<DBL>
<Name></Name>
<Val>0.17443950581059</Val>
</DBL>
<DBL>
<Name></Name>
<Val>1.12824857673225E-2</Val>
</DBL>
<DBL>
<Name></Name>
<Val>5.82358107092577E-3</Val>
</DBL>
<DBL>
<Name></Name>
<Val>8.82101647285325E-2</Val>
</DBL>
<DBL>
<Name></Name>
<Val>0.16618378184823</Val>
</DBL>
<DBL>
<Name></Name>
<Val>1.49944926999389E-2</Val>
</DBL>
<DBL>
<Name></Name>
<Val>2.42856472903999E-2</Val>
</DBL>
<DBL>
<Name></Name>
<Val>1.55061969590735E-2</Val>
</DBL>
<DBL>
<Name></Name>
<Val>0.21848444408643</Val>
</DBL>
<DBL>
<Name></Name>
<Val>0.27689352793281</Val>
</DBL>
<DBL>
<Name></Name>
<Val>0.17324301852951</Val>
</DBL>
<DBL>
<Name></Name>
<Val>1.12145401497239E-2</Val>
</DBL>
<DBL>
<Name></Name>
<Val>5.90296936834698E-3</Val>
</DBL>
<DBL>
<Name></Name>
<Val>8.97507302701540E-2</Val>
</DBL>
<DBL>
<Name></Name>
<Val>0.16943014562874</Val>
</DBL>
<DBL>
<Name></Name>
<Val>1.52887797848134E-2</Val>
</DBL>
<DBL>
<Name></Name>
<Val>2.41084662245614E-2</Val>
</DBL>
<DBL>
<Name></Name>
<Val>1.53932680763543E-2</Val>
</DBL>
<DBL>
<Name></Name>
<Val>0.21690050978344</Val>
</DBL>
<DBL>
<Name></Name>
<Val>0.27493315767498</Val>
</DBL>
<DBL>
<Name></Name>
<Val>0.17206549627803</Val>
</DBL>
<DBL>
<Name></Name>
<Val>1.11476715084240E-2</Val>
</DBL>
<DBL>
<Name></Name>
<Val>5.98109930257126E-3</Val>
</DBL>
<DBL>
<Name></Name>
<Val>9.12668767289949E-2</Val>
</DBL>
<DBL>
<Name></Name>
<Val>0.17262505221428</Val>
</DBL>
<DBL>
<Name></Name>
<Val>1.55784022083696E-2</Val>
</DBL>
<DBL>
<Name></Name>
<Val>2.39340936262231E-2</Val>
</DBL>
<DBL>
<Name></Name>
<Val>1.52821292093418E-2</Val>
</DBL>
<DBL>
<Name></Name>
<Val>0.21534168210169</Val>
</DBL>
<DBL>
<Name></Name>
<Val>0.27300386065261</Val>
</DBL>
<DBL>
<Name></Name>
<Val>0.17090663850681</Val>
</DBL>
<DBL>
<Name></Name>
<Val>1.10818627766789E-2</Val>
</DBL>
<DBL>
<Name></Name>
<Val>6.05799082004309E-3</Val>
</DBL>
<DBL>
<Name></Name>
<Val>9.27589911669638E-2</Val>
</DBL>
<DBL>
<Name></Name>
<Val>0.17576931723146</Val>
</DBL>
<DBL>
<Name></Name>
<Val>1.58634339081754E-2</Val>
</DBL>
<DBL>
<Name></Name>
<Val>2.37624849717952E-2</Val>
</DBL>
<DBL>
<Name></Name>
<Val>1.51727519807481E-2</Val>
</DBL>
<DBL>
<Name></Name>
<Val>0.21380756303892</Val>
</DBL>
<DBL>
<Name></Name>
<Val>0.27110514435169</Val>
</DBL>
<DBL>
<Name></Name>
<Val>0.16976614940777</Val>
</DBL>
<DBL>
<Name></Name>
<Val>1.10170971567133E-2</Val>
</DBL>
<DBL>
<Name></Name>
<Val>6.13366355086100E-3</Val>
</DBL>
<DBL>
<Name></Name>
<Val>9.42274545100835E-2</Val>
</DBL>
<DBL>
<Name></Name>
<Val>0.17886374338133</Val>
</DBL>
<DBL>
<Name></Name>
<Val>1.61439476500946E-2</Val>
</DBL>
<DBL>
<Name></Name>
<Val>2.35935964461942E-2</Val>
</DBL>
<DBL>
<Name></Name>
<Val>1.50651084646886E-2</Val>
</DBL>
<DBL>
<Name></Name>
<Val>0.21229776091814</Val>
</DBL>
<DBL>
<Name></Name>
<Val>0.26923652405764</Val>
</DBL>
<DBL>
<Name></Name>
<Val>0.16864373784744</Val>
</DBL>
<DBL>
<Name></Name>
<Val>1.09533581160428E-2</Val>
</DBL>
<DBL>
<Name></Name>
<Val>6.20813681385998E-3</Val>
</DBL>
<DBL>
<Name></Name>
<Val>9.56726416460048E-2</Val>
</DBL>
<DBL>
<Name></Name>
<Val>0.18190912064323</Val>
</DBL>
<DBL>
<Name></Name>
<Val>1.64200150467610E-2</Val>
</DBL>
<DBL>
<Name></Name>
<Val>2.34273849305642E-2</Val>
</DBL>
<DBL>
<Name></Name>
<Val>1.49591711789215E-2</Val>
</DBL>
<DBL>
<Name></Name>
<Val>0.21081189028115</Val>
</DBL>
<DBL>
<Name></Name>
<Val>0.26739752273444</Val>
</DBL>
<DBL>
<Name></Name>
<Val>0.16753911729825</Val>
</DBL>
<DBL>
<Name></Name>
<Val>1.08906293836337E-2</Val>
</DBL>
<DBL>
<Name></Name>
<Val>6.28142962158763E-3</Val>
</DBL>
<DBL>
<Name></Name>
<Val>9.70949215198766E-2</Val>
</DBL>
<DBL>
<Name></Name>
<Val>0.18490622647578</Val>
</DBL>
<DBL>
<Name></Name>
<Val>1.66917065757969E-2</Val>
</DBL>
<DBL>
<Name></Name>
<Val>2.32638079905895E-2</Val>
</DBL>
<DBL>
<Name></Name>
<Val>1.48549130774395E-2</Val>
</DBL>
<DBL>
<Name></Name>
<Val>0.20934957178596</Val>
</DBL>
<DBL>
<Name></Name>
<Val>0.26558767090464</Val>
</DBL>
<DBL>
<Name></Name>
<Val>0.16645200576882</Val>
</DBL>
<DBL>
<Name></Name>
<Val>1.08288949459859E-2</Val>
</DBL>
<DBL>
<Name></Name>
<Val>6.35356068518543E-3</Val>
</DBL>
<DBL>
<Name></Name>
<Val>9.84946572286380E-2</Val>
</DBL>
<DBL>
<Name></Name>
<Val>0.18785582601498</Val>
</DBL>
<DBL>
<Name></Name>
<Val>1.69590915977658E-2</Val>
</DBL>
<DBL>
<Name></Name>
<Val>2.31028238652380E-2</Val>
</DBL>
<DBL>
<Name></Name>
<Val>1.47523075433206E-2</Val>
</DBL>
<DBL>
<Name></Name>
<Val>0.20791043210746</Val>
</DBL>
<DBL>
<Name></Name>
<Val>0.26380650653056</Val>
</DBL>
<DBL>
<Name></Name>
<Val>0.16538212573414</Val>
</DBL>
<DBL>
<Name></Name>
<Val>1.07681390431920E-2</Val>
</DBL>
<DBL>
<Name></Name>
<Val>6.42454841918269E-3</Val>
</DBL>
<DBL>
<Name></Name>
<Val>9.98722061137777E-2</Val>
</DBL>
<DBL>
<Name></Name>
<Val>0.19075867226928</Val>
</DBL>
<DBL>
<Name></Name>
<Val>1.72222383738553E-2</Val>
</DBL>
<DBL>
<Name></Name>
<Val>2.29443914558364E-2</Val>
</DBL>
<DBL>
<Name></Name>
<Val>1.46513283817803E-2</Val>
</DBL>
<DBL>
<Name></Name>
<Val>0.20649410384053</Val>
</DBL>
<DBL>
<Name></Name>
<Val>0.26205357489708</Val>
</DBL>
<DBL>
<Name></Name>
<Val>0.16432920406604</Val>
</DBL>
<DBL>
<Name></Name>
<Val>1.07083461650058E-2</Val>
</DBL>
<DBL>
<Name></Name>
<Val>6.49441094620825E-3</Val>
</DBL>
<DBL>
<Name></Name>
<Val>0.10122791985260</Val>
</DBL>
<DBL>
<Name></Name>
<Val>0.19361550631164</Val>
</DBL>
<DBL>
<Name></Name>
<Val>1.74812140832880E-2</Val>
</DBL>
<DBL>
<Name></Name>
<Val>2.27884703154144E-2</Val>
</DBL>
<DBL>
<Name></Name>
<Val>1.45519498133904E-2</Val>
</DBL>
<DBL>
<Name></Name>
<Val>0.20510022540522</Val>
</DBL>
<DBL>
<Name></Name>
<Val>0.26032842849595</Val>
</DBL>
<DBL>
<Name></Name>
<Val>0.16329297196433</Val>
</DBL>
<DBL>
<Name></Name>
<Val>1.06495010469392E-2</Val>
</DBL>
<DBL>
<Name></Name>
<Val>6.56316610162370E-3</Val>
</DBL>
<DBL>
<Name></Name>
<Val>0.10256214454803</Val>
</DBL>
<DBL>
<Name></Name>
<Val>0.19642705746864</Val>
</DBL>
<DBL>
<Name></Name>
<Val>1.77360848404622E-2</Val>
</DBL>
<DBL>
<Name></Name>
<Val>2.26350206382765E-2</Val>
</DBL>
<DBL>
<Name></Name>
<Val>1.44541464674383E-2</Val>
</DBL>
<DBL>
<Name></Name>
<Val>0.20372844095387</Val>
</DBL>
<DBL>
<Name></Name>
<Val>0.25863062691186</Val>
</DBL>
<DBL>
<Name></Name>
<Val>0.16227316488866</Val>
</DBL>
<DBL>
<Name></Name>
<Val>1.05915886664015E-2</Val>
</DBL>
<DBL>
<Name></Name>
<Val>6.63083143808072E-3</Val>
</DBL>
<DBL>
<Name></Name>
<Val>0.10387522081699</Val>
</DBL>
<DBL>
<Name></Name>
<Val>0.19919404350660</Val>
</DBL>
<DBL>
<Name></Name>
<Val>1.79869157118247E-2</Val>
</DBL>
<DBL>
<Name></Name>
<Val>2.24840032497768E-2</Val>
</DBL>
<DBL>
<Name></Name>
<Val>1.43578933754136E-2</Val>
</DBL>
<DBL>
<Name></Name>
<Val>0.20237840027985</Val>
</DBL>
<DBL>
<Name></Name>
<Val>0.25695973671010</Val>
</DBL>
<DBL>
<Name></Name>
<Val>0.16126952249133</Val>
</DBL>
<DBL>
<Name></Name>
<Val>1.05345942388857E-2</Val>
</DBL>
<DBL>
<Name></Name>
<Val>6.69742423000471E-3</Val>
</DBL>
<DBL>
<Name></Name>
<Val>0.10516748387736</Val>
</DBL>
<DBL>
<Name></Name>
<Val>0.20191717081479</Val>
</DBL>
<DBL>
<Name></Name>
<Val>1.82337707324777E-2</Val>
</DBL>
<DBL>
<Name></Name>
<Val>2.23353795962783E-2</Val>
</DBL>
<DBL>
<Name></Name>
<Val>1.42631659646108E-2</Val>
</DBL>
<DBL>
<Name></Name>
<Val>0.20104975872797</Val>
</DBL>
<DBL>
<Name></Name>
<Val>0.25531533132607</Val>
</DBL>
<DBL>
<Name></Name>
<Val>0.16028178855103</Val>
</DBL>
<DBL>
<Name></Name>
<Val>1.04785032142084E-2</Val>
</DBL>
<DBL>
<Name></Name>
<Val>6.76296147800640E-3</Val>
</DBL>
<DBL>
<Name></Name>
<Val>0.10643926363357</Val>
</DBL>
<DBL>
<Name></Name>
<Val>0.20459713458574</Val>
</DBL>
<DBL>
<Name></Name>
<Val>1.84767129225247E-2</Val>
</DBL>
<DBL>
<Name></Name>
<Val>2.21891117352858E-2</Val>
</DBL>
<DBL>
<Name></Name>
<Val>1.41699400518421E-2</Val>
</DBL>
<DBL>
<Name></Name>
<Val>0.19974217710626</Val>
</DBL>
<DBL>
<Name></Name>
<Val>0.25369699095642</Val>
</DBL>
<DBL>
<Name></Name>
<Val>0.15930971090752</Val>
</DBL>
<DBL>
<Name></Name>
<Val>1.04233012728034E-2</Val>
</DBL>
<DBL>
<Name></Name>
<Val>6.82745991322299E-3</Val>
</DBL>
<DBL>
<Name></Name>
<Val>0.10769088476080</Val>
</DBL>
<DBL>
<Name></Name>
<Val>0.20723461899269</Val>
</DBL>
<DBL>
<Name></Name>
<Val>1.87158043031569E-2</Val>
</DBL>
<DBL>
<Name></Name>
<Val>2.20451623257444E-2</Val>
</DBL>
<DBL>
<Name></Name>
<Val>1.40781918372546E-2</Val>
</DBL>
<DBL>
<Name></Name>
<Val>0.19845532159936</Val>
</DBL>
<DBL>
<Name></Name>
<Val>0.25210430245192</Val>
</DBL>
<DBL>
<Name></Name>
<Val>0.15835304139738</Val>
</DBL>
<DBL>
<Name></Name>
<Val>1.03689743220719E-2</Val>
</DBL>
<DBL>
<Name></Name>
<Val>6.89093600159004E-3</Val>
</DBL>
<DBL>
<Name></Name>
<Val>0.10892266678792</Val>
</DBL>
<DBL>
<Name></Name>
<Val>0.20983029736427</Val>
</DBL>
<DBL>
<Name></Name>
<Val>1.89511059124863E-2</Val>
</DBL>
<DBL>
<Name></Name>
<Val>2.19034946184970E-2</Val>
</DBL>
<DBL>
<Name></Name>
<Val>1.39878978982492E-2</Val>
</DBL>
<DBL>
<Name></Name>
<Val>0.19718886368321</Val>
</DBL>
<DBL>
<Name></Name>
<Val>0.25053685921204</Val>
</DBL>
<DBL>
<Name></Name>
<Val>0.15741153579069</Val>
</DBL>
<DBL>
<Name></Name>
<Val>1.03155084927873E-2</Val>
</DBL>
<DBL>
<Name></Name>
<Val>6.95340594804556E-3</Val>
</DBL>
<DBL>
<Name></Name>
<Val>0.11013492417902</Val>
</DBL>
<DBL>
<Name></Name>
<Val>0.21238483235634</Val>
</DBL>
<DBL>
<Name></Name>
<Val>1.91826778211277E-2</Val>
</DBL>
<DBL>
<Name></Name>
<Val>2.17640724468965E-2</Val>
</DBL>
<DBL>
<Name></Name>
<Val>1.38990351834971E-2</Val>
</DBL>
<DBL>
<Name></Name>
<Val>0.19594248004116</Val>
</DBL>
<DBL>
<Name></Name>
<Val>0.24899426108109</Val>
</DBL>
<DBL>
<Name></Name>
<Val>0.15648495372868</Val>
</DBL>
<DBL>
<Name></Name>
<Val>1.02628901355573E-2</Val>
</DBL>
<DBL>
<Name></Name>
<Val>7.01488570066715E-3</Val>
</DBL>
<DBL>
<Name></Name>
<Val>0.11132796641369</Val>
</DBL>
<DBL>
<Name></Name>
<Val>0.21489887612123</Val>
</DBL>
<DBL>
<Name></Name>
<Val>1.94105791475335E-2</Val>
</DBL>
<DBL>
<Name></Name>
<Val>2.16268602175693E-2</Val>
</DBL>
<DBL>
<Name></Name>
<Val>1.38115810070531E-2</Val>
</DBL>
<DBL>
<Name></Name>
<Val>0.19471585248137</Val>
</DBL>
<DBL>
<Name></Name>
<Val>0.24747611424617</Val>
</DBL>
<DBL>
<Name></Name>
<Val>0.15557305866242</Val>
</DBL>
<DBL>
<Name></Name>
<Val>1.02111058173404E-2</Val>
</DBL>
<DBL>
<Name></Name>
<Val>7.07539095474363E-3</Val>
</DBL>
<DBL>
<Name></Name>
<Val>0.11250209806607</Val>
</DBL>
<DBL>
<Name></Name>
<Val>0.21737307047417</Val>
</DBL>
<DBL>
<Name></Name>
<Val>1.96348680730863E-2</Val>
</DBL>
<DBL>
<Name></Name>
<Val>2.14918229013259E-2</Val>
</DBL>
<DBL>
<Name></Name>
<Val>1.37255130425630E-2</Val>
</DBL>
<DBL>
<Name></Name>
<Val>0.19350866785564</Val>
</DBL>
<DBL>
<Name></Name>
<Val>0.24598203113656</Val>
</DBL>
<DBL>
<Name></Name>
<Val>0.15467561779244</Val>
</DBL>
<DBL>
<Name></Name>
<Val>1.01601423180168E-2</Val>
</DBL>
<DBL>
<Name></Name>
<Val>7.13493715678199E-3</Val>
</DBL>
<DBL>
<Name></Name>
<Val>0.11365761888256</Val>
</DBL>
<DBL>
<Name></Name>
<Val>0.21980804705716</Val>
</DBL>
<DBL>
<Name></Name>
<Val>1.98556018569521E-2</Val>
</DBL>
<DBL>
<Name></Name>
<Val>2.13589260242172E-2</Val>
</DBL>
<DBL>
<Name></Name>
<Val>1.36408093175625E-2</Val>
</DBL>
<DBL>
<Name></Name>
<Val>0.19232061797935</Val>
</DBL>
<DBL>
<Name></Name>
<Val>0.24451163032483</Val>
</DBL>
<DBL>
<Name></Name>
<Val>0.15379240200930</Val>
</DBL>
<DBL>
<Name></Name>
<Val>1.01099866270150E-2</Val>
</DBL>
<DBL>
<Name></Name>
<Val>7.19353950845083E-3</Val>
</DBL>
<DBL>
<Name></Name>
<Val>0.11479482385838</Val>
</DBL>
<DBL>
<Name></Name>
<Val>0.22220442750020</Val>
</DBL>
<DBL>
<Name></Name>
<Val>2.00728368506976E-2</Val>
</DBL>
<DBL>
<Name></Name>
<Val>2.12281356587326E-2</Val>
</DBL>
<DBL>
<Name></Name>
<Val>1.35574482078677E-2</Val>
</DBL>
<DBL>
<Name></Name>
<Val>0.19115139955289</Val>
</DBL>
<DBL>
<Name></Name>
<Val>0.24306453642942</Val>
</DBL>
<DBL>
<Name></Name>
<Val>0.15292318583509</Val>
</DBL>
<DBL>
<Name></Name>
<Val>1.00606259399894E-2</Val>
</DBL>
<DBL>
<Name></Name>
<Val>7.25121297046123E-3</Val>
</DBL>
<DBL>
<Name></Name>
<Val>0.11591400331284</Val>
</DBL>
<DBL>
<Name></Name>
<Val>0.22456282358003</Val>
</DBL>
<DBL>
<Name></Name>
<Val>2.02866285126766E-2</Val>
</DBL>
<DBL>
<Name></Name>
<Val>2.10994184151378E-2</Val>
</DBL>
<DBL>
<Name></Name>
<Val>1.34754084320542E-2</Val>
</DBL>
<DBL>
<Name></Name>
<Val>0.19000071408415</Val>
</DBL>
<DBL>
<Name></Name>
<Val>0.24164038001886</Val>
</DBL>
<DBL>
<Name></Name>
<Val>0.15206774736590</Val>
</DBL>
<DBL>
<Name></Name>
<Val>1.00120476555526E-2</Val>
</DBL>
<DBL>
<Name></Name>
<Val>7.30797226638617E-3</Val>
</DBL>
<DBL>
<Name></Name>
<Val>0.11701544296350</Val>
</DBL>
<DBL>
<Name></Name>
<Val>0.22688383737628</Val>
</DBL>
<DBL>
<Name></Name>
<Val>2.04970314221880E-2</Val>
</DBL>
<DBL>
<Name></Name>
<Val>2.09727414329506E-2</Val>
</DBL>
<DBL>
<Name></Name>
<Val>1.33946690460236E-2</Val>
</DBL>
<DBL>
<Name></Name>
<Val>0.18886826781233</Val>
</DBL>
<DBL>
<Name></Name>
<Val>0.24023879751743</Val>
</DBL>
<DBL>
<Name></Name>
<Val>0.15122586821513</Val>
</DBL>
<DBL>
<Name></Name>
<Val>9.96423937205802E-3</Val>
</DBL>
<DBL>
<Name></Name>
<Val>7.36383188641931E-3</Val>
</DBL>
<DBL>
<Name></Name>
<Val>0.11809942399907</Val>
</DBL>
<DBL>
<Name></Name>
<Val>0.22916806142518</Val>
</DBL>
<DBL>
<Name></Name>
<Val>2.07040992934091E-2</Val>
</DBL>
<DBL>
<Name></Name>
<Val>2.08480723725515E-2</Val>
</DBL>
<DBL>
<Name></Name>
<Val>1.33152094376571E-2</Val>
</DBL>
<DBL>
<Name></Name>
<Val>0.18775377163296</Val>
</DBL>
<DBL>
<Name></Name>
<Val>0.23885943111234</Val>
</DBL>
<DBL>
<Name></Name>
<Val>0.15039733345779</Val>
</DBL>
<DBL>
<Name></Name>
<Val>9.91718888443400E-3</Val>
</DBL>
<DBL>
<Name></Name>
<Val>7.41880609107425E-3</Val>
</DBL>
<DBL>
<Name></Name>
<Val>0.11916622315124</Val>
</DBL>
<DBL>
<Name></Name>
<Val>0.23141607887084</Val>
</DBL>
<DBL>
<Name></Name>
<Val>2.09078849891089E-2</Val>
</DBL>
<DBL>
<Name></Name>
<Val>2.07253794069276E-2</Val>
</DBL>
<DBL>
<Name></Name>
<Val>1.32370093215530E-2</Val>
</DBL>
<DBL>
<Name></Name>
<Val>0.18665694102411</Val>
</DBL>
<DBL>
<Name></Name>
<Val>0.23750192866240</Val>
</DBL>
<DBL>
<Name></Name>
<Val>0.14958193157559</Val>
</DBL>
<DBL>
<Name></Name>
<Val>9.87088418106802E-3</Val>
</DBL>
<DBL>
<Name></Name>
<Val>7.47290891482513E-3</Val>
</DBL>
<DBL>
<Name></Name>
<Val>0.12021611276528</Val>
</DBL>
<DBL>
<Name></Name>
<Val>0.23362846361410</Val>
</DBL>
<DBL>
<Name></Name>
<Val>2.11084405341434E-2</Val>
</DBL>
<DBL>
<Name></Name>
<Val>2.06046312135473E-2</Val>
</DBL>
<DBL>
<Name></Name>
<Val>1.31600487338478E-2</Val>
</DBL>
<DBL>
<Name></Name>
<Val>0.18557749597370</Val>
</DBL>
<DBL>
<Name></Name>
<Val>0.23616594360812</Val>
</DBL>
<DBL>
<Name></Name>
<Val>0.14877945440296</Val>
</DBL>
<DBL>
<Name></Name>
<Val>9.82531344074028E-3</Val>
</DBL>
<DBL>
<Name></Name>
<Val>7.52615416968951E-3</Val>
</DBL>
<DBL>
<Name></Name>
<Val>0.12124936086961</Val>
</DBL>
<DBL>
<Name></Name>
<Val>0.23580578045906</Val>
</DBL>
<DBL>
<Name></Name>
<Val>2.13058171287366E-2</Val>
</DBL>
<DBL>
<Name></Name>
<Val>2.04857969663637E-2</Val>
</DBL>
<DBL>
<Name></Name>
<Val>1.30843080271199E-2</Val>
</DBL>
<DBL>
<Name></Name>
<Val>0.18451516090805</Val>
</DBL>
<DBL>
<Name></Name>
<Val>0.23485113488319</Val>
</DBL>
<DBL>
<Name></Name>
<Val>0.14798969707391</Val>
</DBL>
<DBL>
<Name></Name>
<Val>9.78046502960583E-3</Val>
</DBL>
<DBL>
<Name></Name>
<Val>7.57855544875449E-3</Val>
</DBL>
<DBL>
<Name></Name>
<Val>0.12226623124418</Val>
</DBL>
<DBL>
<Name></Name>
<Val>0.23794858525728</Val>
</DBL>
<DBL>
<Name></Name>
<Val>2.15000651615524E-2</Val>
</DBL>
<DBL>
<Name></Name>
<Val>2.03688463279453E-2</Val>
</DBL>
<DBL>
<Name></Name>
<Val>1.30097678653733E-2</Val>
</DBL>
<DBL>
<Name></Name>
<Val>0.18346966462152</Val>
</DBL>
<DBL>
<Name></Name>
<Val>0.23355716682750</Val>
</DBL>
<DBL>
<Name></Name>
<Val>0.14721245796972</Val>
</DBL>
<DBL>
<Name></Name>
<Val>9.73632749822457E-3</Val>
</DBL>
<DBL>
<Name></Name>
<Val>7.63012612964690E-3</Val>
</DBL>
<DBL>
<Name></Name>
<Val>0.12326698348786</Val>
</DBL>
<DBL>
<Name></Name>
<Val>0.24005742504965</Val>
</DBL>
<DBL>
<Name></Name>
<Val>2.16912342225575E-2</Val>
</DBL>
<DBL>
<Name></Name>
<Val>2.02537494417309E-2</Val>
</DBL>
<DBL>
<Name></Name>
<Val>1.29364092191019E-2</Val>
</DBL>
<DBL>
<Name></Name>
<Val>0.18244074020730</Val>
</DBL>
<DBL>
<Name></Name>
<Val>0.23228370910136</Val>
</DBL>
<DBL>
<Name></Name>
<Val>0.14644753866747</Val>
</DBL>
<DBL>
<Name></Name>
<Val>9.69288957863827E-3</Val>
</DBL>
<DBL>
<Name></Name>
<Val>7.68087937794852E-3</Val>
</DBL>
<DBL>
<Name></Name>
<Val>0.12425187308468</Val>
</DBL>
<DBL>
<Name></Name>
<Val>0.24213283820610</Val>
</DBL>
<DBL>
<Name></Name>
<Val>2.18793731156822E-2</Val>
</DBL>
<DBL>
<Name></Name>
<Val>2.01404769244071E-2</Val>
</DBL>
<DBL>
<Name></Name>
<Val>1.28642133604307E-2</Val>
</DBL>
<DBL>
<Name></Name>
<Val>0.18142812498921</Val>
</DBL>
<DBL>
<Name></Name>
<Val>0.23103043660120</Val>
</DBL>
<DBL>
<Name></Name>
<Val>0.14569474388939</Val>
</DBL>
<DBL>
<Name></Name>
<Val>9.65014018149401E-3</Val>
</DBL>
<DBL>
<Name></Name>
<Val>7.73082815055711E-3</Val>
</DBL>
<DBL>
<Name></Name>
<Val>0.12522115146906</Val>
</DBL>
<DBL>
<Name></Name>
<Val>0.24417535456296</Val>
</DBL>
<DBL>
<Name></Name>
<Val>2.20645298712788E-2</Val>
</DBL>
<DBL>
<Name></Name>
<Val>2.00289998584077E-2</Val>
</DBL>
<DBL>
<Name></Name>
<Val>1.27931618583354E-2</Val>
</DBL>
<DBL>
<Name></Name>
<Val>0.18043156045471</Val>
</DBL>
<DBL>
<Name></Name>
<Val>0.22979702937661</Val>
</DBL>
<DBL>
<Name></Name>
<Val>0.14495388145301</Val>
</DBL>
<DBL>
<Name></Name>
<Val>9.60806839321309E-3</Val>
</DBL>
<DBL>
<Name></Name>
<Val>7.77998519899425E-3</Val>
</DBL>
<DBL>
<Name></Name>
<Val>0.12617506609002</Val>
</DBL>
<DBL>
<Name></Name>
<Val>0.24618549555831</Val>
</DBL>
<DBL>
<Name></Name>
<Val>2.22467517583840E-2</Val>
</DBL>
<DBL>
<Name></Name>
<Val>1.99192897845305E-2</Val>
</DBL>
<DBL>
<Name></Name>
<Val>1.27232365739366E-2</Val>
</DBL>
<DBL>
<Name></Name>
<Val>0.17945079218885</Val>
</DBL>
<DBL>
<Name></Name>
<Val>0.22858317254859</Val>
</DBL>
<DBL>
<Name></Name>
<Val>0.14422476222207</Val>
</DBL>
<DBL>
<Name></Name>
<Val>9.56666347320497E-3</Val>
</DBL>
<DBL>
<Name></Name>
<Val>7.82836307266068E-3</Val>
</DBL>
<DBL>
<Name></Name>
<Val>0.12711386047432</Val>
</DBL>
<DBL>
<Name></Name>
<Val>0.24816377436505</Val>
</DBL>
<DBL>
<Name></Name>
<Val>2.24260852967860E-2</Val>
</DBL>
<DBL>
<Name></Name>
<Val>1.98113186946725E-2</Val>
</DBL>
<DBL>
<Name></Name>
<Val>1.26544196558691E-2</Val>
</DBL>
<DBL>
<Name></Name>
<Val>0.17848556980935</Val>
</DBL>
<DBL>
<Name></Name>
<Val>0.22738855622922</Val>
</DBL>
<DBL>
<Name></Name>
<Val>0.14350720005828</Val>
</DBL>
<DBL>
<Name></Name>
<Val>9.52591485112520E-3</Val>
</DBL>
<DBL>
<Name></Name>
<Val>7.87597412204006E-3</Val>
</DBL>
<DBL>
<Name></Name>
<Val>0.12803777428863</Val>
</DBL>
<DBL>
<Name></Name>
<Val>0.25011069602190</Val>
</DBL>
<DBL>
<Name></Name>
<Val>2.26025762689009E-2</Val>
</DBL>
<DBL>
<Name></Name>
<Val>1.97050590246791E-2</Val>
</DBL>
<DBL>
<Name></Name>
<Val>1.25866935357251E-2</Val>
</DBL>
<DBL>
<Name></Name>
<Val>0.17753564690266</Val>
</DBL>
<DBL>
<Name></Name>
<Val>0.22621287544253</Val>
</DBL>
<DBL>
<Name></Name>
<Val>0.14280101177377</Val>
</DBL>
<DBL>
<Name></Name>
<Val>9.48581212417695E-3</Val>
</DBL>
<DBL>
<Name></Name>
<Val>7.92283050185194E-3</Val>
</DBL>
<DBL>
<Name></Name>
<Val>0.12894704340077</Val>
</DBL>
<DBL>
<Name></Name>
<Val>0.25202675756238</Val>
</DBL>
<DBL>
<Name></Name>
<Val>2.27762697314601E-2</Val>
</DBL>
<DBL>
<Name></Name>
<Val>1.96004836473077E-2</Val>
</DBL>
<DBL>
<Name></Name>
<Val>1.25200409235684E-2</Val>
</DBL>
<DBL>
<Name></Name>
<Val>0.17660078096108</Val>
</DBL>
<DBL>
<Name></Name>
<Val>0.22505583004661</Val>
</DBL>
<DBL>
<Name></Name>
<Val>0.14210601708432</Val>
</DBL>
<DBL>
<Name></Name>
<Val>9.44634505445525E-3</Val>
</DBL>
<DBL>
<Name></Name>
<Val>7.96894417415478E-3</Val>
</DBL>
<DBL>
<Name></Name>
<Val>0.12984189993985</Val>
</DBL>
<DBL>
<Name></Name>
<Val>0.25391244814164</Val>
</DBL>
<DBL>
<Name></Name>
<Val>2.29472100270135E-2</Val>
</DBL>
<DBL>
<Name></Name>
<Val>1.94975658653021E-2</Val>
</DBL>
<DBL>
<Name></Name>
<Val>1.24544448035212E-2</Val>
</DBL>
<DBL>
<Name></Name>
<Val>0.17568073332082</Val>
</DBL>
<DBL>
<Name></Name>
<Val>0.22391712465706</Val>
</DBL>
<DBL>
<Name></Name>
<Val>0.14142203856335</Val>
</DBL>
<DBL>
<Name></Name>
<Val>9.40750356633332E-3</Val>
</DBL>
<DBL>
<Name></Name>
<Val>8.01432691139977E-3</Val>
</DBL>
<DBL>
<Name></Name>
<Val>0.13072257235558</Val>
</DBL>
<DBL>
<Name></Name>
<Val>0.25576824916139</Val>
</DBL>
<DBL>
<Name></Name>
<Val>2.31154407952492E-2</Val>
</DBL>
<DBL>
<Name></Name>
<Val>1.93962794045769E-2</Val>
</DBL>
<DBL>
<Name></Name>
<Val>1.23898884294192E-2</Val>
</DBL>
<DBL>
<Name></Name>
<Val>0.17477526910108</Val>
</DBL>
<DBL>
<Name></Name>
<Val>0.22279646857151</Val>
</DBL>
<DBL>
<Name></Name>
<Val>0.14074890159663</Val>
</DBL>
<DBL>
<Name></Name>
<Val>9.36927774389035E-3</Val>
</DBL>
<DBL>
<Name></Name>
<Val>8.05899029943623E-3</Val>
</DBL>
<DBL>
<Name></Name>
<Val>0.13158928547657</Val>
</DBL>
<DBL>
<Name></Name>
<Val>0.25759463439276</Val>
</DBL>
<DBL>
<Name></Name>
<Val>2.32810049841350E-2</Val>
</DBL>
<DBL>
<Name></Name>
<Val>1.92965984075099E-2</Val>
</DBL>
<DBL>
<Name></Name>
<Val>1.23263553205374E-2</Val>
</DBL>
<DBL>
<Name></Name>
<Val>0.17388415714410</Val>
</DBL>
<DBL>
<Name></Name>
<Val>0.22169357569543</Val>
</DBL>
<DBL>
<Name></Name>
<Val>0.14008643433768</Val>
</DBL>
<DBL>
<Name></Name>
<Val>9.33165782838003E-3</Val>
</DBL>
<DBL>
<Name></Name>
<Val>8.10294574046938E-3</Val>
</DBL>
<DBL>
<Name></Name>
<Val>0.13244226056773</Val>
</DBL>
<DBL>
<Name></Name>
<Val>0.25939207009727</Val>
</DBL>
<DBL>
<Name></Name>
<Val>2.34439448608822E-2</Val>
</DBL>
<DBL>
<Name></Name>
<Val>1.91984974263410E-2</Val>
</DBL>
<DBL>
<Name></Name>
<Val>1.22638292573819E-2</Val>
</DBL>
<DBL>
<Name></Name>
<Val>0.17300716995614</Val>
</DBL>
<DBL>
<Name></Name>
<Val>0.22060816446910</Val>
</DBL>
<DBL>
<Name></Name>
<Val>0.13943446766392</Val>
</DBL>
<DBL>
<Name></Name>
<Val>9.29463421573928E-3</Val>
</DBL>
<DBL>
<Name></Name>
<Val>8.14620445597126E-3</Val>
</DBL>
<DBL>
<Name></Name>
<Val>0.13328171538679</Val>
</DBL>
<DBL>
<Name></Name>
<Val>0.26116101514587</Val>
</DBL>
<DBL>
<Name></Name>
<Val>2.36043020227362E-2</Val>
</DBL>
<DBL>
<Name></Name>
<Val>1.91019514166755E-2</Val>
</DBL>
<DBL>
<Name></Name>
<Val>1.22022942775496E-2</Val>
</DBL>
<DBL>
<Name></Name>
<Val>0.17214408364940</Val>
</DBL>
<DBL>
<Name></Name>
<Val>0.21953995779574</Val>
</DBL>
<DBL>
<Name></Name>
<Val>0.13879283513347</Val>
</DBL>
<DBL>
<Name></Name>
<Val>9.25819745413630E-3</Val>
</DBL>
<DBL>
<Name></Name>
<Val>8.18877748954543E-3</Val>
</DBL>
<DBL>
<Name></Name>
<Val>0.13410786423983</Val>
</DBL>
<DBL>
<Name></Name>
<Val>0.26290192113606</Val>
</DBL>
<DBL>
<Name></Name>
<Val>2.37621174075960E-2</Val>
</DBL>
<DBL>
<Name></Name>
<Val>1.90069357310904E-2</Val>
</DBL>
<DBL>
<Name></Name>
<Val>1.21417346716529E-2</Val>
</DBL>
<DBL>
<Name></Name>
<Val>0.17129467788485</Val>
</DBL>
<DBL>
<Name></Name>
<Val>0.21848868297074</Val>
</DBL>
<DBL>
<Name></Name>
<Val>0.13816137294269</Val>
</DBL>
<DBL>
<Name></Name>
<Val>9.22233824155774E-3</Val>
</DBL>
<DBL>
<Name></Name>
<Val>8.23067570974638E-3</Val>
</DBL>
<DBL>
<Name></Name>
<Val>0.13492091803603</Val>
</DBL>
<DBL>
<Name></Name>
<Val>0.26461523250718</Val>
</DBL>
<DBL>
<Name></Name>
<Val>2.39174313044653E-2</Val>
</DBL>
<DBL>
<Name></Name>
<Val>1.89134261128422E-2</Val>
</DBL>
<DBL>
<Name></Name>
<Val>1.20821349793097E-2</Val>
</DBL>
<DBL>
<Name></Name>
<Val>0.17045873581599</Val>
</DBL>
<DBL>
<Name></Name>
<Val>0.21745407161205</Val>
</DBL>
<DBL>
<Name></Name>
<Val>0.13753991988435</Val>
</DBL>
<DBL>
<Name></Name>
<Val>9.18704742343383E-3</Val>
</DBL>
<DBL>
<Name></Name>
<Val>8.27190981285412E-3</Val>
</DBL>
<DBL>
<Name></Name>
<Val>0.13572108434152</Val>
</DBL>
<DBL>
<Name></Name>
<Val>0.26630138665391</Val>
</DBL>
<DBL>
<Name></Name>
<Val>2.40702833637380E-2</Val>
</DBL>
<DBL>
<Name></Name>
<Val>1.88213986896743E-2</Val>
</DBL>
<DBL>
<Name></Name>
<Val>1.20234799851957E-2</Val>
</DBL>
<DBL>
<Name></Name>
<Val>0.16963604403353</Val>
</DBL>
<DBL>
<Name></Name>
<Val>0.21643585959168</Val>
</DBL>
<DBL>
<Name></Name>
<Val>0.13692831730644</Val>
</DBL>
<DBL>
<Name></Name>
<Val>9.15231599030138E-3</Val>
</DBL>
<DBL>
<Name></Name>
<Val>8.31249032560494E-3</Val>
</DBL>
<DBL>
<Name></Name>
<Val>0.13650856743234</Val>
</DBL>
<DBL>
<Name></Name>
<Val>0.26796081403791</Val>
</DBL>
<DBL>
<Name></Name>
<Val>2.42207126073205E-2</Val>
</DBL>
<DBL>
<Name></Name>
<Val>1.87308299677227E-2</Val>
</DBL>
<DBL>
<Name></Name>
<Val>1.19657547151608E-2</Val>
</DBL>
<DBL>
<Name></Name>
<Val>0.16882639251084</Val>
</DBL>
<DBL>
<Name></Name>
<Val>0.21543378696826</Val>
</DBL>
<DBL>
<Name></Name>
<Val>0.13632640907174</Val>
</DBL>
<DBL>
<Name></Name>
<Val>9.11813507550368E-3</Val>
</DBL>
<DBL>
<Name></Name>
<Val>8.35242760787866E-3</Val>
</DBL>
<DBL>
<Name></Name>
<Val>0.13728356834662</Val>
</DBL>
<DBL>
<Name></Name>
<Val>0.26959393829768</Val>
</DBL>
<DBL>
<Name></Name>
<Val>2.43687574385938E-2</Val>
</DBL>
<DBL>
<Name></Name>
<Val>1.86416968255182E-2</Val>
</DBL>
<DBL>
<Name></Name>
<Val>1.19089444324060E-2</Val>
</DBL>
<DBL>
<Name></Name>
<Val>0.16802957455036</Val>
</DBL>
<DBL>
<Name></Name>
<Val>0.21444759792067</Val>
</DBL>
<DBL>
<Name></Name>
<Val>0.13573404151789</Val>
</DBL>
<DBL>
<Name></Name>
<Val>9.08449595292697E-3</Val>
</DBL>
<DBL>
<Name></Name>
<Val>8.39173185534358E-3</Val>
</DBL>
<DBL>
<Name></Name>
<Val>0.13804628493589</Val>
</DBL>
<DBL>
<Name></Name>
<Val>0.27120117635677</Val>
</DBL>
<DBL>
<Name></Name>
<Val>2.45144556522176E-2</Val>
</DBL>
<DBL>
<Name></Name>
<Val>1.85539765080834E-2</Val>
</DBL>
<DBL>
<Name></Name>
<Val>1.18530346337210E-2</Val>
</DBL>
<DBL>
<Name></Name>
<Val>0.16724538673086</Val>
</DBL>
<DBL>
<Name></Name>
<Val>0.21347704068275</Val>
</DBL>
<DBL>
<Name></Name>
<Val>0.13515106341821</Val>
</DBL>
<DBL>
<Name></Name>
<Val>9.05139003477271E-3</Val>
</DBL>
<DBL>
<Name></Name>
<Val>8.43041310205927E-3</Val>
</DBL>
<DBL>
<Name></Name>
<Val>0.13879691191559</Val>
</DBL>
<DBL>
<Name></Name>
<Val>0.27278293853018</Val>
</DBL>
<DBL>
<Name></Name>
<Val>2.46578444437787E-2</Val>
</DBL>
<DBL>
<Name></Name>
<Val>1.84676466211240E-2</Val>
</DBL>
<DBL>
<Name></Name>
<Val>1.17980110457821E-2</Val>
</DBL>
<DBL>
<Name></Name>
<Val>0.16647362885546</Val>
</DBL>
<DBL>
<Name></Name>
<Val>0.21252186747901</Val>
</DBL>
<DBL>
<Name></Name>
<Val>0.13457732594304</Val>
</DBL>
<DBL>
<Name></Name>
<Val>9.01880886936515E-3</Val>
</DBL>
<DBL>
<Name></Name>
<Val>8.46848122303819E-3</Val>
</DBL>
<DBL>
<Name></Name>
<Val>0.13953564091476</Val>
</DBL>
<DBL>
<Name></Name>
<Val>0.27433962862913</Val>
</DBL>
<DBL>
<Name></Name>
<Val>2.47989604192873E-2</Val>
</DBL>
<DBL>
<Name></Name>
<Val>1.83826851253112E-2</Val>
</DBL>
<DBL>
<Name></Name>
<Val>1.17438596215081E-2</Val>
</DBL>
<DBL>
<Name></Name>
<Val>0.16571410390056</Val>
</DBL>
<DBL>
<Name></Name>
<Val>0.21158183446139</Val>
</DBL>
<DBL>
<Name></Name>
<Val>0.13401268262181</Val>
</DBL>
<DBL>
<Name></Name>
<Val>8.98674413899372E-3</Val>
</DBL>
<DBL>
<Name></Name>
<Val>8.50594593676671E-3</Val>
</DBL>
<DBL>
<Name></Name>
<Val>0.14026266052501</Val>
</DBL>
<DBL>
<Name></Name>
<Val>0.27587164406413</Val>
</DBL>
<DBL>
<Name></Name>
<Val>2.49378396045215E-2</Val>
</DBL>
<DBL>
<Name></Name>
<Val>1.82990703306557E-2</Val>
</DBL>
<DBL>
<Name></Name>
<Val>1.16905665364739E-2</Val>
</DBL>
<DBL>
<Name></Name>
<Val>0.16496661796553</Val>
</DBL>
<DBL>
<Name></Name>
<Val>0.21065670164697</Val>
</DBL>
<DBL>
<Name></Name>
<Val>0.13345698930560</Val>
</DBL>
<DBL>
<Name></Name>
<Val>8.95518765778958E-3</Val>
</DBL>
<DBL>
<Name></Name>
<Val>8.54281680768617E-3</Val>
</DBL>
<DBL>
<Name></Name>
<Val>0.14097815634861</Val>
</DBL>
<DBL>
<Name></Name>
<Val>0.27737937594646</Val>
</DBL>
<DBL>
<Name></Name>
<Val>2.50745174542249E-2</Val>
</DBL>
<DBL>
<Name></Name>
<Val>1.82167808909701E-2</Val>
</DBL>
<DBL>
<Name></Name>
<Val>1.16381181853820E-2</Val>
</DBL>
<DBL>
<Name></Name>
<Val>0.16423098022319</Val>
</DBL>
<DBL>
<Name></Name>
<Val>0.20974623285676</Val>
</DBL>
<DBL>
<Name></Name>
<Val>0.13291010413036</Val>
</DBL>
<DBL>
<Name></Name>
<Val>8.92413136963586E-3</Val>
</DBL>
<DBL>
<Name></Name>
<Val>8.57910324863459E-3</Val>
</DBL>
<DBL>
<Name></Name>
<Val>0.14168231104593</Val>
</DBL>
<DBL>
<Name></Name>
<Val>0.27886320918797</Val>
</DBL>
<DBL>
<Name></Name>
<Val>2.52090288611579E-2</Val>
</DBL>
<DBL>
<Name></Name>
<Val>1.81357957984196E-2</Val>
</DBL>
<DBL>
<Name></Name>
<Val>1.15865011785882E-2</Val>
</DBL>
<DBL>
<Name></Name>
<Val>0.16350700287112</Val>
</DBL>
<DBL>
<Name></Name>
<Val>0.20885019565539</Val>
</DBL>
<DBL>
<Name></Name>
<Val>0.13237188748069</Val>
</DBL>
<DBL>
<Name></Name>
<Val>8.89356734611093E-3</Val>
</DBL>
<DBL>
<Name></Name>
<Val>8.61481452324970E-3</Val>
</DBL>
<DBL>
<Name></Name>
<Val>0.14237530438201</Val>
</DBL>
<DBL>
<Name></Name>
<Val>0.28032352259942</Val>
</DBL>
<DBL>
<Name></Name>
<Val>2.53414081650052E-2</Val>
</DBL>
<DBL>
<Name></Name>
<Val>1.80560943781588E-2</Val>
</DBL>
<DBL>
<Name></Name>
<Val>1.15357023386843E-2</Val>
</DBL>
<DBL>
<Name></Name>
<Val>0.16279450108369</Val>
</DBL>
<DBL>
<Name></Name>
<Val>0.20796836129171</Val>
</DBL>
<DBL>
<Name></Name>
<Val>0.13184220195418</Val>
</DBL>
<DBL>
<Name></Name>
<Val>8.86348778446438E-3</Val>
</DBL>
<DBL>
<Name></Name>
<Val>8.64995974833387E-3</Val>
</DBL>
<DBL>
<Name></Name>
<Val>0.14305731327251</Val>
</DBL>
<DBL>
<Name></Name>
<Val>0.28176068898713</Val>
</DBL>
<DBL>
<Name></Name>
<Val>2.54716891611428E-2</Val>
</DBL>
<DBL>
<Name></Name>
<Val>1.79776562830534E-2</Val>
</DBL>
<DBL>
<Name></Name>
<Val>1.14857086971333E-2</Val>
</DBL>
<DBL>
<Name></Name>
<Val>0.16209329296492</Val>
</DBL>
<DBL>
<Name></Name>
<Val>0.20710050464049</Val>
</DBL>
<DBL>
<Name></Name>
<Val>0.13132091232636</Val>
</DBL>
<DBL>
<Name></Name>
<Val>8.83388500562508E-3</Val>
</DBL>
<DBL>
<Name></Name>
<Val>8.68454789618157E-3</Val>
</DBL>
<DBL>
<Name></Name>
<Val>0.14372851182883</Val>
</DBL>
<DBL>
<Name></Name>
<Val>0.28317507524815</Val>
</DBL>
<DBL>
<Name></Name>
<Val>2.55999051092655E-2</Val>
</DBL>
<DBL>
<Name></Name>
<Val>1.79004614884860E-2</Val>
</DBL>
<DBL>
<Name></Name>
<Val>1.14365074909589E-2</Val>
</DBL>
<DBL>
<Name></Name>
<Val>0.16140319950198</Val>
</DBL>
<DBL>
<Name></Name>
<Val>0.20624640414487</Val>
</DBL>
<DBL>
<Name></Name>
<Val>0.13080788551616</Val>
</DBL>
<DBL>
<Name></Name>
<Val>8.80475145224067E-3</Val>
</DBL>
<DBL>
<Name></Name>
<Val>8.71858779686990E-3</Val>
</DBL>
<DBL>
<Name></Name>
<Val>0.14438907140258</Val>
</DBL>
<DBL>
<Name></Name>
<Val>0.28456704246398</Val>
</DBL>
<DBL>
<Name></Name>
<Val>2.57260887418779E-2</Val>
</DBL>
<DBL>
<Name></Name>
<Val>1.78244902872439E-2</Val>
</DBL>
<DBL>
<Name></Name>
<Val>1.13880861594873E-2</Val>
</DBL>
<DBL>
<Name></Name>
<Val>0.16072404451954</Val>
</DBL>
<DBL>
<Name></Name>
<Val>0.20540584175983</Val>
</DBL>
<DBL>
<Name></Name>
<Val>0.13030299055196</Val>
</DBL>
<DBL>
<Name></Name>
<Val>8.77607968674833E-3</Val>
</DBL>
<DBL>
<Name></Name>
<Val>8.75208814051286E-3</Val>
</DBL>
<DBL>
<Name></Name>
<Val>0.14503916062934</Val>
</DBL>
<DBL>
<Name></Name>
<Val>0.28593694599269</Val>
</DBL>
<DBL>
<Name></Name>
<Val>2.58502722726507E-2</Val>
</DBL>
<DBL>
<Name></Name>
<Val>1.77497232844878E-2</Val>
</DBL>
<DBL>
<Name></Name>
<Val>1.13404323411404E-2</Val>
</DBL>
<DBL>
<Name></Name>
<Val>0.16005565463477</Val>
</DBL>
<DBL>
<Name></Name>
<Val>0.20457860289654</Val>
</DBL>
<DBL>
<Name></Name>
<Val>0.12980609853810</Val>
</DBL>
<DBL>
<Name></Name>
<Val>8.74786238947599E-3</Val>
</DBL>
<DBL>
<Name></Name>
<Val>8.78505747947985E-3</Val>
</DBL>
<DBL>
<Name></Name>
<Val>0.14567894547167</Val>
</DBL>
<DBL>
<Name></Name>
<Val>0.28728513555969</Val>
</DBL>
<DBL>
<Name></Name>
<Val>2.59724874046446E-2</Val>
</DBL>
<DBL>
<Name></Name>
<Val>1.76761413928009E-2</Val>
</DBL>
<DBL>
<Name></Name>
<Val>1.12935338702801E-2</Val>
</DBL>
<DBL>
<Name></Name>
<Val>0.15939785921309</Val>
</DBL>
<DBL>
<Name></Name>
<Val>0.20376447636753</Val>
</DBL>
<DBL>
<Name></Name>
<Val>0.12931708262205</Val>
</DBL>
<DBL>
<Name></Name>
<Val>8.72009235677366E-3</Val>
</DBL>
<DBL>
<Name></Name>
<Val>8.81750423057905E-3</Val>
</DBL>
<DBL>
<Name></Name>
<Val>0.14630858926153</Val>
</DBL>
<DBL>
<Name></Name>
<Val>0.28861195534696</Val>
</DBL>
<DBL>
<Name></Name>
<Val>2.60927653384040E-2</Val>
</DBL>
</Array>
<Array>
<Name>StateAdjacencyMatrix</Name>
<Dimsize>10</Dimsize>
<Dimsize>10</Dimsize>
<String>
<Name></Name>
<Val>@</Val>
</String>
<String>
<Name></Name>
<Val>D</Val>
</String>
<String>
<Name></Name>
<Val>@</Val>
</String>
<String>
<Name></Name>
<Val>@</Val>
</String>
<String>
<Name></Name>
<Val>@</Val>
</String>
<String>
<Name></Name>
<Val>@</Val>
</String>
<String>
<Name></Name>
<Val>@</Val>
</String>
<String>
<Name></Name>
<Val>@</Val>
</String>
<String>
<Name></Name>
<Val>@</Val>
</String>
<String>
<Name></Name>
<Val>@</Val>
</String>
<String>
<Name></Name>
<Val>E</Val>
</String>
<String>
<Name></Name>
<Val>@</Val>
</String>
<String>
<Name></Name>
<Val>D</Val>
</String>
<String>
<Name></Name>
<Val>@</Val>
</String>
<String>
<Name></Name>
<Val>@</Val>
</String>
<String>
<Name></Name>
<Val>@</Val>
</String>
<String>
<Name></Name>
<Val>@</Val>
</String>
<String>
<Name></Name>
<Val>@</Val>
</String>
<String>
<Name></Name>
<Val>@</Val>
</String>
<String>
<Name></Name>
<Val>@</Val>
</String>
<String>
<Name></Name>
<Val>@</Val>
</String>
<String>
<Name></Name>
<Val>B</Val>
</String>
<String>
<Name></Name>
<Val>@</Val>
</String>
<String>
<Name></Name>
<Val>C</Val>
</String>
<String>
<Name></Name>
<Val>@</Val>
</String>
<String>
<Name></Name>
<Val>@</Val>
</String>
<String>
<Name></Name>
<Val>@</Val>
</String>
<String>
<Name></Name>
<Val>@</Val>
</String>
<String>
<Name></Name>
<Val>@</Val>
</String>
<String>
<Name></Name>
<Val>@</Val>
</String>
<String>
<Name></Name>
<Val>@</Val>
</String>
<String>
<Name></Name>
<Val>@</Val>
</String>
<String>
<Name></Name>
<Val>B</Val>
</String>
<String>
<Name></Name>
<Val>@</Val>
</String>
<String>
<Name></Name>
<Val>C</Val>
</String>
<String>
<Name></Name>
<Val>@</Val>
</String>
<String>
<Name></Name>
<Val>@</Val>
</String>
<String>
<Name></Name>
<Val>@</Val>
</String>
<String>
<Name></Name>
<Val>@</Val>
</String>
<String>
<Name></Name>
<Val>@</Val>
</String>
<String>
<Name></Name>
<Val>@</Val>
</String>
<String>
<Name></Name>
<Val>@</Val>
</String>
<String>
<Name></Name>
<Val>@</Val>
</String>
<String>
<Name></Name>
<Val>A</Val>
</String>
<String>
<Name></Name>
<Val>@</Val>
</String>
<String>
<Name></Name>
<Val>B</Val>
</String>
<String>
<Name></Name>
<Val>@</Val>
</String>
<String>
<Name></Name>
<Val>@</Val>
</String>
<String>
<Name></Name>
<Val>@</Val>
</String>
<String>
<Name></Name>
<Val>@</Val>
</String>
<String>
<Name></Name>
<Val>@</Val>
</String>
<String>
<Name></Name>
<Val>@</Val>
</String>
<String>
<Name></Name>
<Val>@</Val>
</String>
<String>
<Name></Name>
<Val>@</Val>
</String>
<String>
<Name></Name>
<Val>D</Val>
</String>
<String>
<Name></Name>
<Val>@</Val>
</String>
<String>
<Name></Name>
<Val>A</Val>
</String>
<String>
<Name></Name>
<Val>@</Val>
</String>
<String>
<Name></Name>
<Val>@</Val>
</String>
<String>
<Name></Name>
<Val>@</Val>
</String>
<String>
<Name></Name>
<Val>@</Val>
</String>
<String>
<Name></Name>
<Val>@</Val>
</String>
<String>
<Name></Name>
<Val>@</Val>
</String>
<String>
<Name></Name>
<Val>@</Val>
</String>
<String>
<Name></Name>
<Val>@</Val>
</String>
<String>
<Name></Name>
<Val>C</Val>
</String>
<String>
<Name></Name>
<Val>@</Val>
</String>
<String>
<Name></Name>
<Val>E</Val>
</String>
<String>
<Name></Name>
<Val>@</Val>
</String>
<String>
<Name></Name>
<Val>@</Val>
</String>
<String>
<Name></Name>
<Val>@</Val>
</String>
<String>
<Name></Name>
<Val>@</Val>
</String>
<String>
<Name></Name>
<Val>@</Val>
</String>
<String>
<Name></Name>
<Val>@</Val>
</String>
<String>
<Name></Name>
<Val>@</Val>
</String>
<String>
<Name></Name>
<Val>@</Val>
</String>
<String>
<Name></Name>
<Val>C</Val>
</String>
<String>
<Name></Name>
<Val>@</Val>
</String>
<String>
<Name></Name>
<Val>A</Val>
</String>
<String>
<Name></Name>
<Val>@</Val>
</String>
<String>
<Name></Name>
<Val>@</Val>
</String>
<String>
<Name></Name>
<Val>@</Val>
</String>
<String>
<Name></Name>
<Val>@</Val>
</String>
<String>
<Name></Name>
<Val>@</Val>
</String>
<String>
<Name></Name>
<Val>@</Val>
</String>
<String>
<Name></Name>
<Val>@</Val>
</String>
<String>
<Name></Name>
<Val>@</Val>
</String>
<String>
<Name></Name>
<Val>B</Val>
</String>
<String>
<Name></Name>
<Val>@</Val>
</String>
<String>
<Name></Name>
<Val>A</Val>
</String>
<String>
<Name></Name>
<Val>@</Val>
</String>
<String>
<Name></Name>
<Val>@</Val>
</String>
<String>
<Name></Name>
<Val>@</Val>
</String>
<String>
<Name></Name>
<Val>@</Val>
</String>
<String>
<Name></Name>
<Val>@</Val>
</String>
<String>
<Name></Name>
<Val>@</Val>
</String>
<String>
<Name></Name>
<Val>@</Val>
</String>
<String>
<Name></Name>
<Val>@</Val>
</String>
<String>
<Name></Name>
<Val>E</Val>
</String>
<String>
<Name></Name>
<Val>@</Val>
</String>
</Array>
<Cluster>
<Name>IntegrationParams</Name>
<NumElts>4</NumElts>
<DBL>
<Name>time start</Name>
<Val>0.00000000000000</Val>
</DBL>
<DBL>
<Name>time end</Name>
<Val>999.00000000000000</Val>
</DBL>
<DBL>
<Name>h (step rate)</Name>
<Val>0.10000000000000</Val>
</DBL>
<Array>
<Name>X0</Name>
<Dimsize>10</Dimsize>
<I32>
<Name></Name>
<Val>1</Val>
</I32>
<I32>
<Name></Name>
<Val>0</Val>
</I32>
<I32>
<Name></Name>
<Val>0</Val>
</I32>
<I32>
<Name></Name>
<Val>0</Val>
</I32>
<I32>
<Name></Name>
<Val>0</Val>
</I32>
<I32>
<Name></Name>
<Val>0</Val>
</I32>
<I32>
<Name></Name>
<Val>0</Val>
</I32>
<I32>
<Name></Name>
<Val>0</Val>
</I32>
<I32>
<Name></Name>
<Val>0</Val>
</I32>
<I32>
<Name></Name>
<Val>0</Val>
</I32>
</Array>
</Cluster>
<Array>
<Name>StateNames</Name>
<Dimsize>10</Dimsize>
<String>
<Name>string</Name>
<Val>a</Val>
</String>
<String>
<Name>string</Name>
<Val>b</Val>
</String>
<String>
<Name>string</Name>
<Val>c</Val>
</String>
<String>
<Name>string</Name>
<Val>d</Val>
</String>
<String>
<Name>string</Name>
<Val>e</Val>
</String>
<String>
<Name>string</Name>
<Val>f</Val>
</String>
<String>
<Name>string</Name>
<Val>g</Val>
</String>
<String>
<Name>string</Name>
<Val>h</Val>
</String>
<String>
<Name>string</Name>
<Val>i</Val>
</String>
<String>
<Name>string</Name>
<Val>j</Val>
</String>
</Array>
</Cluster>
</LVData>