<?xml version='1.0' standalone='yes' ?>
<LVData xmlns="http://www.ni.com/LVData">
<Version>10.0.1</Version>
<Cluster>
<Name>ModelData</Name>
<NumElts>7</NumElts>
<Array>
<Name>Transitions</Name>
<Dimsize>12</Dimsize>
<Dimsize>2</Dimsize>
<String>
<Name>string</Name>
<Val>A</Val>
</String>
<String>
<Name>string</Name>
<Val>A</Val>
</String>
<String>
<Name>string</Name>
<Val>B</Val>
</String>
<String>
<Name>string</Name>
<Val>B</Val>
</String>
<String>
<Name>string</Name>
<Val>C</Val>
</String>
<String>
<Name>string</Name>
<Val>C</Val>
</String>
<String>
<Name>string</Name>
<Val>D</Val>
</String>
<String>
<Name>string</Name>
<Val>D</Val>
</String>
<String>
<Name>string</Name>
<Val>E</Val>
</String>
<String>
<Name>string</Name>
<Val>E</Val>
</String>
<String>
<Name>string</Name>
<Val>F</Val>
</String>
<String>
<Name>string</Name>
<Val>F</Val>
</String>
<String>
<Name>string</Name>
<Val>G</Val>
</String>
<String>
<Name>string</Name>
<Val>G</Val>
</String>
<String>
<Name>string</Name>
<Val>H</Val>
</String>
<String>
<Name>string</Name>
<Val>H</Val>
</String>
<String>
<Name>string</Name>
<Val>I</Val>
</String>
<String>
<Name>string</Name>
<Val>I</Val>
</String>
<String>
<Name>string</Name>
<Val>J</Val>
</String>
<String>
<Name>string</Name>
<Val>J</Val>
</String>
<String>
<Name>string</Name>
<Val>K</Val>
</String>
<String>
<Name>string</Name>
<Val>K</Val>
</String>
<String>
<Name>string</Name>
<Val>L</Val>
</String>
<String>
<Name>string</Name>
<Val>L</Val>
</String>
</Array>
<Array>
<Name>RealValues</Name>
<Dimsize>12</Dimsize>
<Dimsize>2</Dimsize>
<String>
<Name>string</Name>
<Val>A</Val>
</String>
<String>
<Name>string</Name>
<Val>0,000268</Val>
</String>
<String>
<Name>string</Name>
<Val>B</Val>
</String>
<String>
<Name>string</Name>
<Val>0,000790</Val>
</String>
<String>
<Name>string</Name>
<Val>C</Val>
</String>
<String>
<Name>string</Name>
<Val>0,038562</Val>
</String>
<String>
<Name>string</Name>
<Val>D</Val>
</String>
<String>
<Name>string</Name>
<Val>0,000007</Val>
</String>
<String>
<Name>string</Name>
<Val>E</Val>
</String>
<String>
<Name>string</Name>
<Val>0,000214</Val>
</String>
<String>
<Name>string</Name>
<Val>F</Val>
</String>
<String>
<Name>string</Name>
<Val>0,096715</Val>
</String>
<String>
<Name>string</Name>
<Val>G</Val>
</String>
<String>
<Name>string</Name>
<Val>0,007912</Val>
</String>
<String>
<Name>string</Name>
<Val>H</Val>
</String>
<String>
<Name>string</Name>
<Val>0,009544</Val>
</String>
<String>
<Name>string</Name>
<Val>I</Val>
</String>
<String>
<Name>string</Name>
<Val>0,000343</Val>
</String>
<String>
<Name>string</Name>
<Val>J</Val>
</String>
<String>
<Name>string</Name>
<Val>0,000895</Val>
</String>
<String>
<Name>string</Name>
<Val>K</Val>
</String>
<String>
<Name>string</Name>
<Val>0,830083</Val>
</String>
<String>
<Name>string</Name>
<Val>L</Val>
</String>
<String>
<Name>string</Name>
<Val>0,001239</Val>
</String>
</Array>
<Array>
<Name>Times</Name>
<Dimsize>100</Dimsize>
<DBL>
<Name></Name>
<Val>0.00000000000000</Val>
</DBL>
<DBL>
<Name></Name>
<Val>10.00000000000000</Val>
</DBL>
<DBL>
<Name></Name>
<Val>20.00000000000000</Val>
</DBL>
<DBL>
<Name></Name>
<Val>30.00000000000000</Val>
</DBL>
<DBL>
<Name></Name>
<Val>40.00000000000000</Val>
</DBL>
<DBL>
<Name></Name>
<Val>50.00000000000000</Val>
</DBL>
<DBL>
<Name></Name>
<Val>60.00000000000000</Val>
</DBL>
<DBL>
<Name></Name>
<Val>70.00000000000000</Val>
</DBL>
<DBL>
<Name></Name>
<Val>80.00000000000000</Val>
</DBL>
<DBL>
<Name></Name>
<Val>90.00000000000000</Val>
</DBL>
<DBL>
<Name></Name>
<Val>100.00000000000000</Val>
</DBL>
<DBL>
<Name></Name>
<Val>110.00000000000000</Val>
</DBL>
<DBL>
<Name></Name>
<Val>120.00000000000000</Val>
</DBL>
<DBL>
<Name></Name>
<Val>130.00000000000000</Val>
</DBL>
<DBL>
<Name></Name>
<Val>140.00000000000000</Val>
</DBL>
<DBL>
<Name></Name>
<Val>150.00000000000000</Val>
</DBL>
<DBL>
<Name></Name>
<Val>160.00000000000000</Val>
</DBL>
<DBL>
<Name></Name>
<Val>170.00000000000000</Val>
</DBL>
<DBL>
<Name></Name>
<Val>180.00000000000000</Val>
</DBL>
<DBL>
<Name></Name>
<Val>190.00000000000000</Val>
</DBL>
<DBL>
<Name></Name>
<Val>200.00000000000000</Val>
</DBL>
<DBL>
<Name></Name>
<Val>210.00000000000000</Val>
</DBL>
<DBL>
<Name></Name>
<Val>220.00000000000000</Val>
</DBL>
<DBL>
<Name></Name>
<Val>230.00000000000000</Val>
</DBL>
<DBL>
<Name></Name>
<Val>240.00000000000000</Val>
</DBL>
<DBL>
<Name></Name>
<Val>250.00000000000000</Val>
</DBL>
<DBL>
<Name></Name>
<Val>260.00000000000000</Val>
</DBL>
<DBL>
<Name></Name>
<Val>270.00000000000000</Val>
</DBL>
<DBL>
<Name></Name>
<Val>280.00000000000000</Val>
</DBL>
<DBL>
<Name></Name>
<Val>290.00000000000000</Val>
</DBL>
<DBL>
<Name></Name>
<Val>300.00000000000000</Val>
</DBL>
<DBL>
<Name></Name>
<Val>310.00000000000000</Val>
</DBL>
<DBL>
<Name></Name>
<Val>320.00000000000000</Val>
</DBL>
<DBL>
<Name></Name>
<Val>330.00000000000000</Val>
</DBL>
<DBL>
<Name></Name>
<Val>340.00000000000000</Val>
</DBL>
<DBL>
<Name></Name>
<Val>350.00000000000000</Val>
</DBL>
<DBL>
<Name></Name>
<Val>360.00000000000000</Val>
</DBL>
<DBL>
<Name></Name>
<Val>370.00000000000000</Val>
</DBL>
<DBL>
<Name></Name>
<Val>380.00000000000000</Val>
</DBL>
<DBL>
<Name></Name>
<Val>390.00000000000000</Val>
</DBL>
<DBL>
<Name></Name>
<Val>400.00000000000000</Val>
</DBL>
<DBL>
<Name></Name>
<Val>410.00000000000000</Val>
</DBL>
<DBL>
<Name></Name>
<Val>420.00000000000000</Val>
</DBL>
<DBL>
<Name></Name>
<Val>430.00000000000000</Val>
</DBL>
<DBL>
<Name></Name>
<Val>440.00000000000000</Val>
</DBL>
<DBL>
<Name></Name>
<Val>450.00000000000000</Val>
</DBL>
<DBL>
<Name></Name>
<Val>460.00000000000000</Val>
</DBL>
<DBL>
<Name></Name>
<Val>470.00000000000000</Val>
</DBL>
<DBL>
<Name></Name>
<Val>480.00000000000000</Val>
</DBL>
<DBL>
<Name></Name>
<Val>490.00000000000000</Val>
</DBL>
<DBL>
<Name></Name>
<Val>500.00000000000000</Val>
</DBL>
<DBL>
<Name></Name>
<Val>510.00000000000000</Val>
</DBL>
<DBL>
<Name></Name>
<Val>520.00000000000000</Val>
</DBL>
<DBL>
<Name></Name>
<Val>530.00000000000000</Val>
</DBL>
<DBL>
<Name></Name>
<Val>540.00000000000000</Val>
</DBL>
<DBL>
<Name></Name>
<Val>550.00000000000000</Val>
</DBL>
<DBL>
<Name></Name>
<Val>560.00000000000000</Val>
</DBL>
<DBL>
<Name></Name>
<Val>570.00000000000000</Val>
</DBL>
<DBL>
<Name></Name>
<Val>580.00000000000000</Val>
</DBL>
<DBL>
<Name></Name>
<Val>590.00000000000000</Val>
</DBL>
<DBL>
<Name></Name>
<Val>600.00000000000000</Val>
</DBL>
<DBL>
<Name></Name>
<Val>610.00000000000000</Val>
</DBL>
<DBL>
<Name></Name>
<Val>620.00000000000000</Val>
</DBL>
<DBL>
<Name></Name>
<Val>630.00000000000000</Val>
</DBL>
<DBL>
<Name></Name>
<Val>640.00000000000000</Val>
</DBL>
<DBL>
<Name></Name>
<Val>650.00000000000000</Val>
</DBL>
<DBL>
<Name></Name>
<Val>660.00000000000000</Val>
</DBL>
<DBL>
<Name></Name>
<Val>670.00000000000000</Val>
</DBL>
<DBL>
<Name></Name>
<Val>680.00000000000000</Val>
</DBL>
<DBL>
<Name></Name>
<Val>690.00000000000000</Val>
</DBL>
<DBL>
<Name></Name>
<Val>700.00000000000000</Val>
</DBL>
<DBL>
<Name></Name>
<Val>710.00000000000000</Val>
</DBL>
<DBL>
<Name></Name>
<Val>720.00000000000000</Val>
</DBL>
<DBL>
<Name></Name>
<Val>730.00000000000000</Val>
</DBL>
<DBL>
<Name></Name>
<Val>740.00000000000000</Val>
</DBL>
<DBL>
<Name></Name>
<Val>750.00000000000000</Val>
</DBL>
<DBL>
<Name></Name>
<Val>760.00000000000000</Val>
</DBL>
<DBL>
<Name></Name>
<Val>770.00000000000000</Val>
</DBL>
<DBL>
<Name></Name>
<Val>780.00000000000000</Val>
</DBL>
<DBL>
<Name></Name>
<Val>790.00000000000000</Val>
</DBL>
<DBL>
<Name></Name>
<Val>800.00000000000000</Val>
</DBL>
<DBL>
<Name></Name>
<Val>810.00000000000000</Val>
</DBL>
<DBL>
<Name></Name>
<Val>820.00000000000000</Val>
</DBL>
<DBL>
<Name></Name>
<Val>830.00000000000000</Val>
</DBL>
<DBL>
<Name></Name>
<Val>840.00000000000000</Val>
</DBL>
<DBL>
<Name></Name>
<Val>850.00000000000000</Val>
</DBL>
<DBL>
<Name></Name>
<Val>860.00000000000000</Val>
</DBL>
<DBL>
<Name></Name>
<Val>870.00000000000000</Val>
</DBL>
<DBL>
<Name></Name>
<Val>880.00000000000000</Val>
</DBL>
<DBL>
<Name></Name>
<Val>890.00000000000000</Val>
</DBL>
<DBL>
<Name></Name>
<Val>900.00000000000000</Val>
</DBL>
<DBL>
<Name></Name>
<Val>910.00000000000000</Val>
</DBL>
<DBL>
<Name></Name>
<Val>920.00000000000000</Val>
</DBL>
<DBL>
<Name></Name>
<Val>930.00000000000000</Val>
</DBL>
<DBL>
<Name></Name>
<Val>940.00000000000000</Val>
</DBL>
<DBL>
<Name></Name>
<Val>950.00000000000000</Val>
</DBL>
<DBL>
<Name></Name>
<Val>960.00000000000000</Val>
</DBL>
<DBL>
<Name></Name>
<Val>970.00000000000000</Val>
</DBL>
<DBL>
<Name></Name>
<Val>980.00000000000000</Val>
</DBL>
<DBL>
<Name></Name>
<Val>990.00000000000000</Val>
</DBL>
</Array>
<Array>
<Name>RealSolution</Name>
<Dimsize>100</Dimsize>
<Dimsize>10</Dimsize>
<DBL>
<Name></Name>
<Val>1.00000000000000</Val>
</DBL>
<DBL>
<Name></Name>
<Val>0.00000000000000</Val>
</DBL>
<DBL>
<Name></Name>
<Val>0.00000000000000</Val>
</DBL>
<DBL>
<Name></Name>
<Val>0.00000000000000</Val>
</DBL>
<DBL>
<Name></Name>
<Val>0.00000000000000</Val>
</DBL>
<DBL>
<Name></Name>
<Val>0.00000000000000</Val>
</DBL>
<DBL>
<Name></Name>
<Val>0.00000000000000</Val>
</DBL>
<DBL>
<Name></Name>
<Val>0.00000000000000</Val>
</DBL>
<DBL>
<Name></Name>
<Val>0.00000000000000</Val>
</DBL>
<DBL>
<Name></Name>
<Val>0.00000000000000</Val>
</DBL>
<DBL>
<Name></Name>
<Val>1.76482498634771E-4</Val>
</DBL>
<DBL>
<Name></Name>
<Val>0.42951007319295</Val>
</DBL>
<DBL>
<Name></Name>
<Val>0.36093029819447</Val>
</DBL>
<DBL>
<Name></Name>
<Val>0.20386225892128</Val>
</DBL>
<DBL>
<Name></Name>
<Val>5.51039655476363E-3</Val>
</DBL>
<DBL>
<Name></Name>
<Val>9.81554657430140E-6</Val>
</DBL>
<DBL>
<Name></Name>
<Val>6.74870139872495E-7</Val>
</DBL>
<DBL>
<Name></Name>
<Val>2.21177070523268E-10</Val>
</DBL>
<DBL>
<Name></Name>
<Val>2.01801891676664E-15</Val>
</DBL>
<DBL>
<Name></Name>
<Val>6.06167082874107E-19</Val>
</DBL>
<DBL>
<Name></Name>
<Val>1.59701171404392E-6</Val>
</DBL>
<DBL>
<Name></Name>
<Val>0.16453441560110</Val>
</DBL>
<DBL>
<Name></Name>
<Val>0.29489129466663</Val>
</DBL>
<DBL>
<Name></Name>
<Val>0.50650560711030</Val>
</DBL>
<DBL>
<Name></Name>
<Val>3.39181198575193E-2</Val>
</DBL>
<DBL>
<Name></Name>
<Val>1.30016037914263E-4</Val>
</DBL>
<DBL>
<Name></Name>
<Val>1.89359510938194E-5</Val>
</DBL>
<DBL>
<Name></Name>
<Val>1.37634532582871E-8</Val>
</DBL>
<DBL>
<Name></Name>
<Val>2.79370566879704E-13</Val>
</DBL>
<DBL>
<Name></Name>
<Val>1.85125854463915E-16</Val>
</DBL>
<DBL>
<Name></Name>
<Val>6.04555770721525E-7</Val>
</DBL>
<DBL>
<Name></Name>
<Val>6.35375478033338E-2</Val>
</DBL>
<DBL>
<Name></Name>
<Val>0.17273919438875</Val>
</DBL>
<DBL>
<Name></Name>
<Val>0.68201919232105</Val>
</DBL>
<DBL>
<Name></Name>
<Val>8.11130127330880E-2</Val>
</DBL>
<DBL>
<Name></Name>
<Val>4.83374076669527E-4</Val>
</DBL>
<DBL>
<Name></Name>
<Val>1.06949927595078E-4</Val>
</DBL>
<DBL>
<Name></Name>
<Val>1.24189697547859E-7</Val>
</DBL>
<DBL>
<Name></Name>
<Val>4.04206592165424E-12</Val>
</DBL>
<DBL>
<Name></Name>
<Val>4.25158724760441E-15</Val>
</DBL>
<DBL>
<Name></Name>
<Val>2.35135934563624E-7</Val>
</DBL>
<DBL>
<Name></Name>
<Val>2.47398384823393E-2</Val>
</DBL>
<DBL>
<Name></Name>
<Val>8.97124018217826E-2</Val>
</DBL>
<DBL>
<Name></Name>
<Val>0.74714049575371</Val>
</DBL>
<DBL>
<Name></Name>
<Val>0.13696643021516</Val>
</DBL>
<DBL>
<Name></Name>
<Val>1.11376691959444E-3</Val>
</DBL>
<DBL>
<Name></Name>
<Val>3.26302060264621E-4</Val>
</DBL>
<DBL>
<Name></Name>
<Val>5.29586945193918E-7</Val>
</DBL>
<DBL>
<Name></Name>
<Val>2.42294480552004E-11</Val>
</DBL>
<DBL>
<Name></Name>
<Val>3.54693789310783E-14</Val>
</DBL>
<DBL>
<Name></Name>
<Val>9.22092933347083E-8</Val>
</DBL>
<DBL>
<Name></Name>
<Val>9.71263562504209E-3</Val>
</DBL>
<DBL>
<Name></Name>
<Val>4.41929978131323E-2</Val>
</DBL>
<DBL>
<Name></Name>
<Val>0.74878781374142</Val>
</DBL>
<DBL>
<Name></Name>
<Val>0.19457035358102</Val>
</DBL>
<DBL>
<Name></Name>
<Val>2.01184656522794E-3</Val>
</DBL>
<DBL>
<Name></Name>
<Val>7.22738469054655E-4</Val>
</DBL>
<DBL>
<Name></Name>
<Val>1.52190458650765E-6</Val>
</DBL>
<DBL>
<Name></Name>
<Val>9.10528627765375E-11</Val>
</DBL>
<DBL>
<Name></Name>
<Val>1.72657426021664E-13</Val>
</DBL>
<DBL>
<Name></Name>
<Val>3.64733261541436E-8</Val>
</DBL>
<DBL>
<Name></Name>
<Val>3.84654824046455E-3</Val>
</DBL>
<DBL>
<Name></Name>
<Val>2.14826401981256E-2</Val>
</DBL>
<DBL>
<Name></Name>
<Val>0.71988770304811</Val>
</DBL>
<DBL>
<Name></Name>
<Val>0.25031015701274</Val>
</DBL>
<DBL>
<Name></Name>
<Val>3.14907630432822E-3</Val>
</DBL>
<DBL>
<Name></Name>
<Val>1.32040095031986E-3</Val>
</DBL>
<DBL>
<Name></Name>
<Val>3.43751518220686E-6</Val>
</DBL>
<DBL>
<Name></Name>
<Val>2.56800367999135E-10</Val>
</DBL>
<DBL>
<Name></Name>
<Val>6.02635948956979E-13</Val>
</DBL>
<DBL>
<Name></Name>
<Val>1.45755145440017E-8</Val>
</DBL>
<DBL>
<Name></Name>
<Val>1.53959675175228E-3</Val>
</DBL>
<DBL>
<Name></Name>
<Val>1.07046895782211E-2</Val>
</DBL>
<DBL>
<Name></Name>
<Val>0.67853816111023</Val>
</DBL>
<DBL>
<Name></Name>
<Val>0.30259020172024</Val>
</DBL>
<DBL>
<Name></Name>
<Val>4.49479548803688E-3</Val>
</DBL>
<DBL>
<Name></Name>
<Val>2.12592774949854E-3</Val>
</DBL>
<DBL>
<Name></Name>
<Val>6.61242761094399E-6</Val>
</DBL>
<DBL>
<Name></Name>
<Val>5.97207665266763E-10</Val>
</DBL>
<DBL>
<Name></Name>
<Val>1.68021257517718E-12</Val>
</DBL>
<DBL>
<Name></Name>
<Val>5.91044955974227E-9</Val>
</DBL>
<DBL>
<Name></Name>
<Val>6.25857535628741E-4</Val>
</DBL>
<DBL>
<Name></Name>
<Val>5.72023712954003E-3</Val>
</DBL>
<DBL>
<Name></Name>
<Val>0.63362421600052</Val>
</DBL>
<DBL>
<Name></Name>
<Val>0.35086179339506</Val>
</DBL>
<DBL>
<Name></Name>
<Val>6.02195951137009E-3</Val>
</DBL>
<DBL>
<Name></Name>
<Val>3.13457639901354E-3</Val>
</DBL>
<DBL>
<Name></Name>
<Val>1.13529042141802E-5</Val>
</DBL>
<DBL>
<Name></Name>
<Val>1.21021268246644E-9</Val>
</DBL>
<DBL>
<Name></Name>
<Val>3.98737972133375E-12</Val>
</DBL>
<DBL>
<Name></Name>
<Val>2.45697515632908E-9</Val>
</DBL>
<DBL>
<Name></Name>
<Val>2.61324103145271E-4</Val>
</DBL>
<DBL>
<Name></Name>
<Val>3.42931796334106E-3</Val>
</DBL>
<DBL>
<Name></Name>
<Val>0.58917815910426</Val>
</DBL>
<DBL>
<Name></Name>
<Val>0.39507005275126</Val>
</DBL>
<DBL>
<Name></Name>
<Val>7.70796702189880E-3</Val>
</DBL>
<DBL>
<Name></Name>
<Val>4.33525399648431E-3</Val>
</DBL>
<DBL>
<Name></Name>
<Val>1.79203810625929E-5</Val>
</DBL>
<DBL>
<Name></Name>
<Val>2.21318177010660E-9</Val>
</DBL>
<DBL>
<Name></Name>
<Val>8.38622145976542E-12</Val>
</DBL>
<DBL>
<Name></Name>
<Val>1.06953755056813E-9</Val>
</DBL>
<DBL>
<Name></Name>
<Val>1.14697464420543E-4</Val>
</DBL>
<DBL>
<Name></Name>
<Val>2.35784520944933E-3</Val>
</DBL>
<DBL>
<Name></Name>
<Val>0.54687866779217</Val>
</DBL>
<DBL>
<Name></Name>
<Val>0.43537443262836</Val>
</DBL>
<DBL>
<Name></Name>
<Val>9.53394916306539E-3</Val>
</DBL>
<DBL>
<Name></Name>
<Val>5.71387661169539E-3</Val>
</DBL>
<DBL>
<Name></Name>
<Val>2.65263057679725E-5</Val>
</DBL>
<DBL>
<Name></Name>
<Val>3.73946636390784E-9</Val>
</DBL>
<DBL>
<Name></Name>
<Val>1.60627409021863E-11</Val>
</DBL>
<DBL>
<Name></Name>
<Val>5.06167229410992E-10</Val>
</DBL>
<DBL>
<Name></Name>
<Val>5.50554975127217E-5</Val>
</DBL>
<DBL>
<Name></Name>
<Val>1.83029115955469E-3</Val>
</DBL>
<DBL>
<Name></Name>
<Val>0.50732144063608</Val>
</DBL>
<DBL>
<Name></Name>
<Val>0.47201665120381</Val>
</DBL>
<DBL>
<Name></Name>
<Val>1.14838557770238E-2</Val>
</DBL>
<DBL>
<Name></Name>
<Val>7.25536642784257E-3</Val>
</DBL>
<DBL>
<Name></Name>
<Val>3.73328286024101E-5</Val>
</DBL>
<DBL>
<Name></Name>
<Val>5.93483895337975E-9</Val>
</DBL>
<DBL>
<Name></Name>
<Val>2.85607256739658E-11</Val>
</DBL>
<DBL>
<Name></Name>
<Val>2.73442711787652E-10</Val>
</DBL>
<DBL>
<Name></Name>
<Val>3.03429936583592E-5</Val>
</DBL>
<DBL>
<Name></Name>
<Val>1.54450294316660E-3</Val>
</DBL>
<DBL>
<Name></Name>
<Val>0.47062499263248</Val>
</DBL>
<DBL>
<Name></Name>
<Val>0.50526122594059</Val>
</DBL>
<DBL>
<Name></Name>
<Val>1.35437284327569E-2</Val>
</DBL>
<DBL>
<Name></Name>
<Val>8.94474127797687E-3</Val>
</DBL>
<DBL>
<Name></Name>
<Val>5.04565040074112E-5</Val>
</DBL>
<DBL>
<Name></Name>
<Val>8.95411192971969E-9</Val>
</DBL>
<DBL>
<Name></Name>
<Val>4.78058983036478E-11</Val>
</DBL>
<DBL>
<Name></Name>
<Val>1.74227055748984E-10</Val>
</DBL>
<DBL>
<Name></Name>
<Val>1.97473619975095E-5</Val>
</DBL>
<DBL>
<Name></Name>
<Val>1.36748768180541E-3</Val>
</DBL>
<DBL>
<Name></Name>
<Val>0.43670797242180</Val>
</DBL>
<DBL>
<Name></Name>
<Val>0.53536994465638</Val>
</DBL>
<DBL>
<Name></Name>
<Val>1.57012010544250E-2</Val>
</DBL>
<DBL>
<Name></Name>
<Val>1.07676603450440E-2</Val>
</DBL>
<DBL>
<Name></Name>
<Val>6.59732701175907E-5</Val>
</DBL>
<DBL>
<Name></Name>
<Val>1.29580831074929E-8</Val>
</DBL>
<DBL>
<Name></Name>
<Val>7.61211753167057E-11</Val>
</DBL>
<DBL>
<Name></Name>
<Val>1.29352534385322E-10</Val>
</DBL>
<DBL>
<Name></Name>
<Val>1.49049884313525E-5</Val>
</DBL>
<DBL>
<Name></Name>
<Val>1.24126381647275E-3</Val>
</DBL>
<DBL>
<Name></Name>
<Val>0.40541239921090</Val>
</DBL>
<DBL>
<Name></Name>
<Val>0.56259165026553</Val>
</DBL>
<DBL>
<Name></Name>
<Val>1.79451739003783E-2</Val>
</DBL>
<DBL>
<Name></Name>
<Val>1.27106657168456E-2</Val>
</DBL>
<DBL>
<Name></Name>
<Val>8.39237449928538E-5</Val>
</DBL>
<DBL>
<Name></Name>
<Val>1.81108587185699E-8</Val>
</DBL>
<DBL>
<Name></Name>
<Val>1.16234096732653E-10</Val>
</DBL>
<DBL>
<Name></Name>
<Val>1.06871991289730E-10</Val>
</DBL>
<DBL>
<Name></Name>
<Val>1.24386635431507E-5</Val>
</DBL>
<DBL>
<Name></Name>
<Val>1.14061410158573E-3</Val>
</DBL>
<DBL>
<Name></Name>
<Val>0.37655699867506</Val>
</DBL>
<DBL>
<Name></Name>
<Val>0.58715874236658</Val>
</DBL>
<DBL>
<Name></Name>
<Val>2.02656003110725E-2</Val>
</DBL>
<DBL>
<Name></Name>
<Val>1.47612626766454E-2</Val>
</DBL>
<DBL>
<Name></Name>
<Val>1.04318349813938E-4</Val>
</DBL>
<DBL>
<Name></Name>
<Val>2.45775550990252E-8</Val>
</DBL>
<DBL>
<Name></Name>
<Val>1.71277537021830E-10</Val>
</DBL>
<DBL>
<Name></Name>
<Val>9.38292409859554E-11</Val>
</DBL>
<DBL>
<Name></Name>
<Val>1.09777888625584E-5</Val>
</DBL>
<DBL>
<Name></Name>
<Val>1.05448281175756E-3</Val>
</DBL>
<DBL>
<Name></Name>
<Val>0.34995956500367</Val>
</DBL>
<DBL>
<Name></Name>
<Val>0.60928653908715</Val>
</DBL>
<DBL>
<Name></Name>
<Val>2.26533416861822E-2</Val>
</DBL>
<DBL>
<Name></Name>
<Val>1.69079187255277E-2</Val>
</DBL>
<DBL>
<Name></Name>
<Val>1.27142035871431E-4</Val>
</DBL>
<DBL>
<Name></Name>
<Val>3.25223562500006E-8</Val>
</DBL>
<DBL>
<Name></Name>
<Val>2.44784762227186E-10</Val>
</DBL>
<DBL>
<Name></Name>
<Val>8.49382533182033E-11</Val>
</DBL>
<DBL>
<Name></Name>
<Val>9.96264301416846E-6</Val>
</DBL>
<DBL>
<Name></Name>
<Val>9.77895336331489E-4</Val>
</DBL>
<DBL>
<Name></Name>
<Val>0.32544584888040</Val>
</DBL>
<DBL>
<Name></Name>
<Val>0.62917380533029</Val>
</DBL>
<DBL>
<Name></Name>
<Val>2.51000625623245E-2</Val>
</DBL>
<DBL>
<Name></Name>
<Val>1.91400241809478E-2</Val>
</DBL>
<DBL>
<Name></Name>
<Val>1.52358534175812E-4</Val>
</DBL>
<DBL>
<Name></Name>
<Val>4.21068944442991E-8</Val>
</DBL>
<DBL>
<Name></Name>
<Val>3.40679808629492E-10</Val>
</DBL>
<DBL>
<Name></Name>
<Val>7.80229903850792E-11</Val>
</DBL>
<DBL>
<Name></Name>
<Val>9.16245687929810E-6</Val>
</DBL>
<DBL>
<Name></Name>
<Val>9.08483320071901E-4</Val>
</DBL>
<DBL>
<Name></Name>
<Val>0.30285268348264</Val>
</DBL>
<DBL>
<Name></Name>
<Val>0.64700371673307</Val>
</DBL>
<DBL>
<Name></Name>
<Val>2.75981493574073E-2</Val>
</DBL>
<DBL>
<Name></Name>
<Val>2.14478365017194E-2</Val>
</DBL>
<DBL>
<Name></Name>
<Val>1.79914118014813E-4</Val>
</DBL>
<DBL>
<Name></Name>
<Val>5.34889183213908E-8</Val>
</DBL>
<DBL>
<Name></Name>
<Val>4.63264054166161E-10</Val>
</DBL>
<DBL>
<Name></Name>
<Val>7.21733283411896E-11</Val>
</DBL>
<DBL>
<Name></Name>
<Val>8.48043313177659E-6</Val>
</DBL>
<DBL>
<Name></Name>
<Val>8.45001111225117E-4</Val>
</DBL>
<DBL>
<Name></Name>
<Val>0.28202869689731</Val>
</DBL>
<DBL>
<Name></Name>
<Val>0.66294495013800</Val>
</DBL>
<DBL>
<Name></Name>
<Val>3.01406435864164E-2</Val>
</DBL>
<DBL>
<Name></Name>
<Val>2.38224194209993E-2</Val>
</DBL>
<DBL>
<Name></Name>
<Val>2.09740902324892E-4</Val>
</DBL>
<DBL>
<Name></Name>
<Val>6.68212137353607E-8</Val>
</DBL>
<DBL>
<Name></Name>
<Val>6.17199748942470E-10</Val>
</DBL>
<DBL>
<Name></Name>
<Val>6.69967557509431E-11</Val>
</DBL>
<DBL>
<Name></Name>
<Val>7.87459132253975E-6</Val>
</DBL>
<DBL>
<Name></Name>
<Val>7.86695328016991E-4</Val>
</DBL>
<DBL>
<Name></Name>
<Val>0.26283404718458</Val>
</DBL>
<DBL>
<Name></Name>
<Val>0.67715277332098</Val>
</DBL>
<DBL>
<Name></Name>
<Val>3.27211845070303E-2</Val>
</DBL>
<DBL>
<Name></Name>
<Val>2.62555822251865E-2</Val>
</DBL>
<DBL>
<Name></Name>
<Val>2.41759717648012E-4</Val>
</DBL>
<DBL>
<Name></Name>
<Val>8.22507450228718E-8</Val>
</DBL>
<DBL>
<Name></Name>
<Val>8.07491172177245E-10</Val>
</DBL>
<DBL>
<Name></Name>
<Val>6.23137729079646E-11</Val>
</DBL>
<DBL>
<Name></Name>
<Val>7.32553435376422E-6</Val>
</DBL>
<DBL>
<Name></Name>
<Val>7.33037392180392E-4</Val>
</DBL>
<DBL>
<Name></Name>
<Val>0.24513978909286</Val>
</DBL>
<DBL>
<Name></Name>
<Val>0.68977008432282</Val>
</DBL>
<DBL>
<Name></Name>
<Val>3.53339584288310E-2</Val>
</DBL>
<DBL>
<Name></Name>
<Val>2.87398216086185E-2</Val>
</DBL>
<DBL>
<Name></Name>
<Val>2.75882600575966E-4</Val>
</DBL>
<DBL>
<Name></Name>
<Val>9.99179873403074E-8</Val>
</DBL>
<DBL>
<Name></Name>
<Val>1.03946399246435E-9</Val>
</DBL>
<DBL>
<Name></Name>
<Val>5.80335264715508E-11</Val>
</DBL>
<DBL>
<Name></Name>
<Val>6.82328239935957E-6</Val>
</DBL>
<DBL>
<Name></Name>
<Val>6.83609698792447E-4</Val>
</DBL>
<DBL>
<Name></Name>
<Val>0.22882712711061</Val>
</DBL>
<DBL>
<Name></Name>
<Val>0.70092838340790</Val>
</DBL>
<DBL>
<Name></Name>
<Val>3.79736531307510E-2</Val>
</DBL>
<DBL>
<Name></Name>
<Val>3.12682670942726E-2</Val>
</DBL>
<DBL>
<Name></Name>
<Val>3.12014942075206E-4</Val>
</DBL>
<DBL>
<Name></Name>
<Val>1.19956423793112E-7</Val>
</DBL>
<DBL>
<Name></Name>
<Val>1.31874332702086E-9</Val>
</DBL>
<DBL>
<Name></Name>
<Val>5.41028607740791E-11</Val>
</DBL>
<DBL>
<Name></Name>
<Val>6.36187642366381E-6</Val>
</DBL>
<DBL>
<Name></Name>
<Val>6.38056593834435E-4</Val>
</DBL>
<DBL>
<Name></Name>
<Val>0.21378665903724</Val>
</DBL>
<DBL>
<Name></Name>
<Val>0.71074867418171</Val>
</DBL>
<DBL>
<Name></Name>
<Val>4.06354164656712E-2</Val>
</DBL>
<DBL>
<Name></Name>
<Val>3.38346303150664E-2</Val>
</DBL>
<DBL>
<Name></Name>
<Val>3.50057332533378E-4</Val>
</DBL>
<DBL>
<Name></Name>
<Val>1.42492184021902E-7</Val>
</DBL>
<DBL>
<Name></Name>
<Val>1.65123092342646E-9</Val>
</DBL>
<DBL>
<Name></Name>
<Val>5.04853486314296E-11</Val>
</DBL>
<DBL>
<Name></Name>
<Val>5.93715540202580E-6</Val>
</DBL>
<DBL>
<Name></Name>
<Val>5.96062651430164E-4</Val>
</DBL>
<DBL>
<Name></Name>
<Val>0.19991765083128</Val>
</DBL>
<DBL>
<Name></Name>
<Val>0.71934229579784</Val>
</DBL>
<DBL>
<Name></Name>
<Val>4.33148185624794E-2</Val>
</DBL>
<DBL>
<Name></Name>
<Val>3.64331581251441E-2</Val>
</DBL>
<DBL>
<Name></Name>
<Val>3.89907139053667E-4</Val>
</DBL>
<DBL>
<Name></Name>
<Val>1.67643803626858E-7</Val>
</DBL>
<DBL>
<Name></Name>
<Val>2.04308182363118E-9</Val>
</DBL>
<DBL>
<Name></Name>
<Val>4.71525929351966E-11</Val>
</DBL>
<DBL>
<Name></Name>
<Val>5.54583296664689E-6</Val>
</DBL>
<DBL>
<Name></Name>
<Val>5.57342471999721E-4</Val>
</DBL>
<DBL>
<Name></Name>
<Val>0.18712735701751</Val>
</DBL>
<DBL>
<Name></Name>
<Val>0.72681169018230</Val>
</DBL>
<DBL>
<Name></Name>
<Val>4.60078172114655E-2</Val>
</DBL>
<DBL>
<Name></Name>
<Val>3.90585893667814E-2</Val>
</DBL>
<DBL>
<Name></Name>
<Val>4.31459847054469E-4</Val>
</DBL>
<DBL>
<Name></Name>
<Val>1.95522086275910E-7</Val>
</DBL>
<DBL>
<Name></Name>
<Val>2.50068081396997E-9</Val>
</DBL>
<DBL>
<Name></Name>
<Val>4.40805634503273E-11</Val>
</DBL>
<DBL>
<Name></Name>
<Val>5.18510745897211E-6</Val>
</DBL>
<DBL>
<Name></Name>
<Val>5.21635380669736E-4</Val>
</DBL>
<DBL>
<Name></Name>
<Val>0.17533039004362</Val>
</DBL>
<DBL>
<Name></Name>
<Val>0.73325110879105</Val>
</DBL>
<DBL>
<Name></Name>
<Val>4.87107261153444E-2</Val>
</DBL>
<DBL>
<Name></Name>
<Val>4.17061150622154E-2</Val>
</DBL>
<DBL>
<Name></Name>
<Val>4.74610194886572E-4</Val>
</DBL>
<DBL>
<Name></Name>
<Val>2.26230052554753E-7</Val>
</DBL>
<DBL>
<Name></Name>
<Val>3.03061891580405E-9</Val>
</DBL>
<DBL>
<Name></Name>
<Val>4.12480066828976E-11</Val>
</DBL>
<DBL>
<Name></Name>
<Val>4.85249171452701E-6</Val>
</DBL>
<DBL>
<Name></Name>
<Val>4.88702251224237E-4</Val>
</DBL>
<DBL>
<Name></Name>
<Val>0.16444813762294</Val>
</DBL>
<DBL>
<Name></Name>
<Val>0.73874726343391</Val>
</DBL>
<DBL>
<Name></Name>
<Val>5.14201857445951E-2</Val>
</DBL>
<DBL>
<Name></Name>
<Val>4.43713417846634E-2</Val>
</DBL>
<DBL>
<Name></Name>
<Val>5.19253127072306E-4</Val>
</DBL>
<DBL>
<Name></Name>
<Val>2.59862961592265E-7</Val>
</DBL>
<DBL>
<Name></Name>
<Val>3.63967012846975E-9</Val>
</DBL>
<DBL>
<Name></Name>
<Val>3.86357139683391E-11</Val>
</DBL>
<DBL>
<Name></Name>
<Val>4.54573390319033E-6</Val>
</DBL>
<DBL>
<Name></Name>
<Val>4.58323291526033E-4</Val>
</DBL>
<DBL>
<Name></Name>
<Val>0.15440822547059</Val>
</DBL>
<DBL>
<Name></Name>
<Val>0.74337992549481</Val>
</DBL>
<DBL>
<Name></Name>
<Val>5.41331365718277E-2</Val>
</DBL>
<DBL>
<Name></Name>
<Val>4.70502579666101E-2</Val>
</DBL>
<DBL>
<Name></Name>
<Val>5.65284588937770E-4</Val>
</DBL>
<DBL>
<Name></Name>
<Val>2.96508393252854E-7</Val>
</DBL>
<DBL>
<Name></Name>
<Val>4.33476859877714E-9</Val>
</DBL>
<DBL>
<Name></Name>
<Val>3.62261485944905E-11</Val>
</DBL>
<DBL>
<Name></Name>
<Val>4.26277653658813E-6</Val>
</DBL>
<DBL>
<Name></Name>
<Val>4.30296299542983E-4</Val>
</DBL>
<DBL>
<Name></Name>
<Val>0.14514402233533</Val>
</DBL>
<DBL>
<Name></Name>
<Val>0.74722247759945</Val>
</DBL>
<DBL>
<Name></Name>
<Val>5.68467944853199E-2</Val>
</DBL>
<DBL>
<Name></Name>
<Val>4.97392029153869E-2</Val>
</DBL>
<DBL>
<Name></Name>
<Val>6.12602182851507E-4</Val>
</DBL>
<DBL>
<Name></Name>
<Val>3.36246380248015E-7</Val>
</DBL>
<DBL>
<Name></Name>
<Val>5.12298635873911E-9</Val>
</DBL>
<DBL>
<Name></Name>
<Val>3.40032263470728E-11</Val>
</DBL>
<DBL>
<Name></Name>
<Val>4.00173184962759E-6</Val>
</DBL>
<DBL>
<Name></Name>
<Val>4.04435180215963E-4</Val>
</DBL>
<DBL>
<Name></Name>
<Val>0.13659418417913</Val>
</DBL>
<DBL>
<Name></Name>
<Val>0.75034242148715</Val>
</DBL>
<DBL>
<Name></Name>
<Val>5.95586282015216E-2</Val>
</DBL>
<DBL>
<Name></Name>
<Val>5.24348383210544E-2</Val>
</DBL>
<DBL>
<Name></Name>
<Val>6.61105703986438E-4</Val>
</DBL>
<DBL>
<Name></Name>
<Val>3.79149580902817E-7</Val>
</DBL>
<DBL>
<Name></Name>
<Val>6.01151174497092E-9</Val>
</DBL>
<DBL>
<Name></Name>
<Val>3.19521644600429E-11</Val>
</DBL>
<DBL>
<Name></Name>
<Val>3.76086453896226E-6</Val>
</DBL>
<DBL>
<Name></Name>
<Val>3.80568630842556E-4</Val>
</DBL>
<DBL>
<Name></Name>
<Val>0.12870223448389</Val>
</DBL>
<DBL>
<Name></Name>
<Val>0.75280184555631</Val>
</DBL>
<DBL>
<Name></Name>
<Val>6.22663385126166E-2</Val>
</DBL>
<DBL>
<Name></Name>
<Val>5.51341220572732E-2</Val>
</DBL>
<DBL>
<Name></Name>
<Val>7.10697571466130E-4</Val>
</DBL>
<DBL>
<Name></Name>
<Val>4.25283484537580E-7</Val>
</DBL>
<DBL>
<Name></Name>
<Val>7.00762858877764E-9</Val>
</DBL>
<DBL>
<Name></Name>
<Val>3.00593635619186E-11</Val>
</DBL>
<DBL>
<Name></Name>
<Val>3.53857809776420E-6</Val>
</DBL>
<DBL>
<Name></Name>
<Val>3.58538951875273E-4</Val>
</DBL>
<DBL>
<Name></Name>
<Val>0.12141617785292</Val>
</DBL>
<DBL>
<Name></Name>
<Val>0.75465785528230</Val>
</DBL>
<DBL>
<Name></Name>
<Val>6.49678392193414E-2</Val>
</DBL>
<DBL>
<Name></Name>
<Val>5.78342840911413E-2</Val>
</DBL>
<DBL>
<Name></Name>
<Val>7.61283168919892E-4</Val>
</DBL>
<DBL>
<Name></Name>
<Val>4.74706642507464E-7</Val>
</DBL>
<DBL>
<Name></Name>
<Val>8.11869624489590E-9</Val>
</DBL>
<DBL>
<Name></Name>
<Val>2.83123076521139E-11</Val>
</DBL>
<DBL>
<Name></Name>
<Val>3.33340315293719E-6</Val>
</DBL>
<DBL>
<Name></Name>
<Val>3.38200960851657E-4</Val>
</DBL>
<DBL>
<Name></Name>
<Val>0.11468814427905</Val>
</DBL>
<DBL>
<Name></Name>
<Val>0.75596296945447</Val>
</DBL>
<DBL>
<Name></Name>
<Val>6.76612396118261E-2</Val>
</DBL>
<DBL>
<Name></Name>
<Val>6.05328043324626E-2</Val>
</DBL>
<DBL>
<Name></Name>
<Val>8.12771106832305E-4</Val>
</DBL>
<DBL>
<Name></Name>
<Val>5.27470918898530E-7</Val>
</DBL>
<DBL>
<Name></Name>
<Val>9.35213050877722E-9</Val>
</DBL>
<DBL>
<Name></Name>
<Val>2.66994755883046E-11</Val>
</DBL>
<DBL>
<Name></Name>
<Val>3.14398710662828E-6</Val>
</DBL>
<DBL>
<Name></Name>
<Val>3.19420996160264E-4</Val>
</DBL>
<DBL>
<Name></Name>
<Val>0.10847406165063</Val>
</DBL>
<DBL>
<Name></Name>
<Val>0.75676548494567</Val>
</DBL>
<DBL>
<Name></Name>
<Val>7.03448283725676E-2</Val>
</DBL>
<DBL>
<Name></Name>
<Val>6.32273922664153E-2</Val>
</DBL>
<DBL>
<Name></Name>
<Val>8.65073417611991E-4</Val>
</DBL>
<DBL>
<Name></Name>
<Val>5.83621755721548E-7</Val>
</DBL>
<DBL>
<Name></Name>
<Val>1.07153854568373E-8</Val>
</DBL>
<DBL>
<Name></Name>
<Val>2.52102610735759E-11</Val>
</DBL>
<DBL>
<Name></Name>
<Val>2.96908475620110E-6</Val>
</DBL>
<DBL>
<Name></Name>
<Val>3.02076001394326E-4</Val>
</DBL>
<DBL>
<Name></Name>
<Val>0.10273335425631</Val>
</DBL>
<DBL>
<Name></Name>
<Val>0.75710981251287</Val>
</DBL>
<DBL>
<Name></Name>
<Val>7.30170587859751E-2</Val>
</DBL>
<DBL>
<Name></Name>
<Val>6.59159682260948E-2</Val>
</DBL>
<DBL>
<Name></Name>
<Val>9.18105693003165E-4</Val>
</DBL>
<DBL>
<Name></Name>
<Val>6.43198448187043E-7</Val>
</DBL>
<DBL>
<Name></Name>
<Val>1.22159362309328E-8</Val>
</DBL>
<DBL>
<Name></Name>
<Val>2.38348996035577E-11</Val>
</DBL>
<DBL>
<Name></Name>
<Val>2.80754972331144E-6</Val>
</DBL>
<DBL>
<Name></Name>
<Val>2.86052683018995E-4</Val>
</DBL>
<DBL>
<Name></Name>
<Val>9.74286652253255E-2</Val>
</DBL>
<DBL>
<Name></Name>
<Val>0.75703678592878</Val>
</DBL>
<DBL>
<Name></Name>
<Val>7.56765351483793E-2</Val>
</DBL>
<DBL>
<Name></Name>
<Val>6.85966461729479E-2</Val>
</DBL>
<DBL>
<Name></Name>
<Val>9.71787172305472E-4</Val>
</DBL>
<DBL>
<Name></Name>
<Val>7.06234426297668E-7</Val>
</DBL>
<DBL>
<Name></Name>
<Val>1.38612627771815E-8</Val>
</DBL>
<DBL>
<Name></Name>
<Val>2.25644014641405E-11</Val>
</DBL>
<DBL>
<Name></Name>
<Val>2.65832659002635E-6</Val>
</DBL>
<DBL>
<Name></Name>
<Val>2.71246735168991E-4</Val>
</DBL>
<DBL>
<Name></Name>
<Val>9.25256010034941E-2</Val>
</DBL>
<DBL>
<Name></Name>
<Val>0.75658394656219</Val>
</DBL>
<DBL>
<Name></Name>
<Val>7.83220002810421E-2</Val>
</DBL>
<DBL>
<Name></Name>
<Val>7.12677178637366E-2</Val>
</DBL>
<DBL>
<Name></Name>
<Val>1.02604078883768E-3</Val>
</DBL>
<DBL>
<Name></Name>
<Val>7.72757539567014E-7</Val>
</DBL>
<DBL>
<Name></Name>
<Val>1.56588345398664E-8</Val>
</DBL>
<DBL>
<Name></Name>
<Val>2.13904901521513E-11</Val>
</DBL>
<DBL>
<Name></Name>
<Val>2.52044367024504E-6</Val>
</DBL>
<DBL>
<Name></Name>
<Val>2.57562126096941E-4</Val>
</DBL>
<DBL>
<Name></Name>
<Val>8.79924961156855E-2</Val>
</DBL>
<DBL>
<Name></Name>
<Val>0.75578580535645</Val>
</DBL>
<DBL>
<Name></Name>
<Val>8.09523240566516E-2</Val>
</DBL>
<DBL>
<Name></Name>
<Val>7.39276382924497E-2</Val>
</DBL>
<DBL>
<Name></Name>
<Val>1.08079318116552E-3</Val>
</DBL>
<DBL>
<Name></Name>
<Val>8.42790342176193E-7</Val>
</DBL>
<DBL>
<Name></Name>
<Val>1.76160961033337E-8</Val>
</DBL>
<DBL>
<Name></Name>
<Val>2.03055457276692E-11</Val>
</DBL>
<DBL>
<Name></Name>
<Val>2.39300635954099E-6</Val>
</DBL>
<DBL>
<Name></Name>
<Val>2.44910441315701E-4</Val>
</DBL>
<DBL>
<Name></Name>
<Val>8.38001966041113E-2</Val>
</DBL>
<DBL>
<Name></Name>
<Val>0.75467408400064</Val>
</DBL>
<DBL>
<Name></Name>
<Val>8.35664928570673E-2</Val>
</DBL>
<DBL>
<Name></Name>
<Val>7.65750123045698E-2</Val>
</DBL>
<DBL>
<Name></Name>
<Val>1.13597467480136E-3</Val>
</DBL>
<DBL>
<Name></Name>
<Val>9.16350376319026E-7</Val>
</DBL>
<DBL>
<Name></Name>
<Val>1.97404537683130E-8</Val>
</DBL>
<DBL>
<Name></Name>
<Val>1.93025526813550E-11</Val>
</DBL>
<DBL>
<Name></Name>
<Val>2.27519101484317E-6</Val>
</DBL>
<DBL>
<Name></Name>
<Val>2.33210278907884E-4</Val>
</DBL>
<DBL>
<Name></Name>
<Val>7.99218606598074E-2</Val>
</DBL>
<DBL>
<Name></Name>
<Val>0.75327793694575</Val>
</DBL>
<DBL>
<Name></Name>
<Val>8.61635998867737E-2</Val>
</DBL>
<DBL>
<Name></Name>
<Val>7.92085822893701E-2</Val>
</DBL>
<DBL>
<Name></Name>
<Val>1.19151923936217E-3</Val>
</DBL>
<DBL>
<Name></Name>
<Val>9.93450451870385E-7</Val>
</DBL>
<DBL>
<Name></Name>
<Val>2.20392630437858E-8</Val>
</DBL>
<DBL>
<Name></Name>
<Val>1.83750519479737E-11</Val>
</DBL>
<DBL>
<Name></Name>
<Val>2.16623932079281E-6</Val>
</DBL>
<DBL>
<Name></Name>
<Val>2.22386692850256E-4</Val>
</DBL>
<DBL>
<Name></Name>
<Val>7.63327750822749E-2</Val>
</DBL>
<DBL>
<Name></Name>
<Val>0.75162415578675</Val>
</DBL>
<DBL>
<Name></Name>
<Val>8.87428362726423E-2</Val>
</DBL>
<DBL>
<Name></Name>
<Val>8.18272168635160E-2</Val>
</DBL>
<DBL>
<Name></Name>
<Val>1.24736442553341E-3</Val>
</DBL>
<DBL>
<Name></Name>
<Val>1.07409892084663E-6</Val>
</DBL>
<DBL>
<Name></Name>
<Val>2.45198170312396E-8</Val>
</DBL>
<DBL>
<Name></Name>
<Val>1.75170967326549E-11</Val>
</DBL>
<DBL>
<Name></Name>
<Val>2.06545310368365E-6</Val>
</DBL>
<DBL>
<Name></Name>
<Val>2.12370680536555E-4</Val>
</DBL>
<DBL>
<Name></Name>
<Val>7.30101863106428E-2</Val>
</DBL>
<DBL>
<Name></Name>
<Val>0.74973735741083</Val>
</DBL>
<DBL>
<Name></Name>
<Val>9.13034828862437E-2</Val>
</DBL>
<DBL>
<Name></Name>
<Val>8.44299004662313E-2</Val>
</DBL>
<DBL>
<Name></Name>
<Val>1.30345128562012E-3</Val>
</DBL>
<DBL>
<Name></Name>
<Val>1.15829994541773E-6</Val>
</DBL>
<DBL>
<Name></Name>
<Val>2.71893356747503E-8</Val>
</DBL>
<DBL>
<Name></Name>
<Val>1.67232118454182E-11</Val>
</DBL>
<DBL>
<Name></Name>
<Val>1.97218955726316E-6</Val>
</DBL>
<DBL>
<Name></Name>
<Val>2.03098710987880E-4</Val>
</DBL>
<DBL>
<Name></Name>
<Val>6.99331448694741E-2</Val>
</DBL>
<DBL>
<Name></Name>
<Val>0.74764015720073</Val>
</DBL>
<DBL>
<Name></Name>
<Val>9.38449028301354E-2</Val>
</DBL>
<DBL>
<Name></Name>
<Val>8.70157237927157E-2</Val>
</DBL>
<DBL>
<Name></Name>
<Val>1.35972428096606E-3</Val>
</DBL>
<DBL>
<Name></Name>
<Val>1.24605375848274E-6</Val>
</DBL>
<DBL>
<Name></Name>
<Val>3.00549558476953E-8</Val>
</DBL>
<DBL>
<Name></Name>
<Val>1.59883562647025E-11</Val>
</DBL>
<DBL>
<Name></Name>
<Val>1.88585684761870E-6</Val>
</DBL>
<DBL>
<Name></Name>
<Val>1.94512290519567E-4</Val>
</DBL>
<DBL>
<Name></Name>
<Val>6.70823621641882E-2</Val>
</DBL>
<DBL>
<Name></Name>
<Val>0.74535332848004</Val>
</DBL>
<DBL>
<Name></Name>
<Val>9.63665345343053E-2</Val>
</DBL>
<DBL>
<Name></Name>
<Val>8.95838749983996E-2</Val>
</DBL>
<DBL>
<Name></Name>
<Val>1.41613117907901E-3</Val>
</DBL>
<DBL>
<Name></Name>
<Val>1.33735691603800E-6</Val>
</DBL>
<DBL>
<Name></Name>
<Val>3.31237222449232E-8</Val>
</DBL>
<DBL>
<Name></Name>
<Val>1.53078886732372E-11</Val>
</DBL>
<DBL>
<Name></Name>
<Val>1.80591006701978E-6</Val>
</DBL>
<DBL>
<Name></Name>
<Val>1.86557562890483E-4</Val>
</DBL>
<DBL>
<Name></Name>
<Val>6.44400786456264E-2</Val>
</DBL>
<DBL>
<Name></Name>
<Val>0.74289594929270</Val>
</DBL>
<DBL>
<Name></Name>
<Val>9.88678854133281E-2</Val>
</DBL>
<DBL>
<Name></Name>
<Val>9.21336316120556E-2</Val>
</DBL>
<DBL>
<Name></Name>
<Val>1.47262294290967E-3</Val>
</DBL>
<DBL>
<Name></Name>
<Val>1.43220254075533E-6</Val>
</DBL>
<DBL>
<Name></Name>
<Val>3.64025790477934E-8</Val>
</DBL>
<DBL>
<Name></Name>
<Val>1.46775357301467E-11</Val>
</DBL>
<DBL>
<Name></Name>
<Val>1.73184750899862E-6</Val>
</DBL>
<DBL>
<Name></Name>
<Val>1.79184941196923E-4</Val>
</DBL>
<DBL>
<Name></Name>
<Val>6.19899424411298E-2</Val>
</DBL>
<DBL>
<Name></Name>
<Val>0.74028553752261</Val>
</DBL>
<DBL>
<Name></Name>
<Val>0.10134852603880</Val>
</DBL>
<DBL>
<Name></Name>
<Val>9.46643531007713E-2</Val>
</DBL>
<DBL>
<Name></Name>
<Val>1.52915361438748E-3</Val>
</DBL>
<DBL>
<Name></Name>
<Val>1.53058055634849E-6</Val>
</DBL>
<DBL>
<Name></Name>
<Val>3.98983623285630E-8</Val>
</DBL>
<DBL>
<Name></Name>
<Val>1.40933628620009E-11</Val>
</DBL>
<DBL>
<Name></Name>
<Val>1.66320723915945E-6</Val>
</DBL>
<DBL>
<Name></Name>
<Val>1.72348768990771E-4</Val>
</DBL>
<DBL>
<Name></Name>
<Val>5.97168976211637E-2</Val>
</DBL>
<DBL>
<Name></Name>
<Val>0.73753817527909</Val>
</DBL>
<DBL>
<Name></Name>
<Val>0.10380808478532</Val>
</DBL>
<DBL>
<Name></Name>
<Val>9.71754740343811E-2</Val>
</DBL>
<DBL>
<Name></Name>
<Val>1.58568019401298E-3</Val>
</DBL>
<DBL>
<Name></Name>
<Val>1.63247791244400E-6</Val>
</DBL>
<DBL>
<Name></Name>
<Val>4.36177931600770E-8</Val>
</DBL>
<DBL>
<Name></Name>
<Val>1.35517473728011E-11</Val>
</DBL>
<DBL>
<Name></Name>
<Val>1.59956393823551E-6</Val>
</DBL>
<DBL>
<Name></Name>
<Val>1.66007008301702E-4</Val>
</DBL>
<DBL>
<Name></Name>
<Val>5.76070813364937E-2</Val>
</DBL>
<DBL>
<Name></Name>
<Val>0.73466862340059</Val>
</DBL>
<DBL>
<Name></Name>
<Val>0.10624624291165</Val>
</DBL>
<DBL>
<Name></Name>
<Val>9.96664978011672E-2</Val>
</DBL>
<DBL>
<Name></Name>
<Val>1.64216251804006E-3</Val>
</DBL>
<DBL>
<Name></Name>
<Val>1.73787879978954E-6</Val>
</DBL>
<DBL>
<Name></Name>
<Val>4.75674713965400E-8</Val>
</DBL>
<DBL>
<Name></Name>
<Val>1.30493536887879E-11</Val>
</DBL>
<DBL>
<Name></Name>
<Val>1.54052599577825E-6</Val>
</DBL>
<DBL>
<Name></Name>
<Val>1.60120952427423E-4</Val>
</DBL>
<DBL>
<Name></Name>
<Val>5.56477291216561E-2</Val>
</DBL>
<DBL>
<Name></Name>
<Val>0.73169042686128</Val>
</DBL>
<DBL>
<Name></Name>
<Val>0.10866273004180</Val>
</DBL>
<DBL>
<Name></Name>
<Val>0.10213699083052</Val>
</DBL>
<DBL>
<Name></Name>
<Val>1.69856313454721E-3</Val>
</DBL>
<DBL>
<Name></Name>
<Val>1.84676485573259E-6</Val>
</DBL>
<DBL>
<Name></Name>
<Val>5.17538700912580E-8</Val>
</DBL>
<DBL>
<Name></Name>
<Val>1.25831105685760E-11</Val>
</DBL>
<DBL>
<Name></Name>
<Val>1.48573283458003E-6</Val>
</DBL>
<DBL>
<Name></Name>
<Val>1.54654961525545E-4</Val>
</DBL>
<DBL>
<Name></Name>
<Val>5.38270877163780E-2</Val>
</DBL>
<DBL>
<Name></Name>
<Val>0.72861601180298</Val>
</DBL>
<DBL>
<Name></Name>
<Val>0.11105732001370</Val>
</DBL>
<DBL>
<Name></Name>
<Val>0.10458657728182</Val>
</DBL>
<DBL>
<Name></Name>
<Val>1.75484717949169E-3</Val>
</DBL>
<DBL>
<Name></Name>
<Val>1.95911535998480E-6</Val>
</DBL>
<DBL>
<Name></Name>
<Val>5.61833305175946E-8</Val>
</DBL>
<DBL>
<Name></Name>
<Val>1.21501901225830E-11</Val>
</DBL>
<DBL>
<Name></Name>
<Val>1.43485244751143E-6</Val>
</DBL>
<DBL>
<Name></Name>
<Val>1.49576219196805E-4</Val>
</DBL>
<DBL>
<Name></Name>
<Val>5.21343348080747E-2</Val>
</DBL>
<DBL>
<Name></Name>
<Val>0.72545677485725</Val>
</DBL>
<DBL>
<Name></Name>
<Val>0.11342982706567</Val>
</DBL>
<DBL>
<Name></Name>
<Val>0.10701493416207</Val>
</DBL>
<DBL>
<Name></Name>
<Val>1.81098225366113E-3</Val>
</DBL>
<DBL>
<Name></Name>
<Val>2.07490742075785E-6</Val>
</DBL>
<DBL>
<Name></Name>
<Val>6.08620577599373E-8</Val>
</DBL>
<DBL>
<Name></Name>
<Val>1.17479884981049E-11</Val>
</DBL>
<DBL>
<Name></Name>
<Val>1.38757912990903E-6</Val>
</DBL>
<DBL>
<Name></Name>
<Val>1.44854508393068E-4</Val>
</DBL>
<DBL>
<Name></Name>
<Val>5.05595051459449E-2</Val>
</DBL>
<DBL>
<Name></Name>
<Val>0.72222316537011</Val>
</DBL>
<DBL>
<Name></Name>
<Val>0.11578010233334</Val>
</DBL>
<DBL>
<Name></Name>
<Val>0.10942178683779</Val>
</DBL>
<DBL>
<Name></Name>
<Val>1.86693830128043E-3</Val>
</DBL>
<DBL>
<Name></Name>
<Val>2.19411615141338E-6</Val>
</DBL>
<DBL>
<Name></Name>
<Val>6.57961168421840E-8</Val>
</DBL>
<DBL>
<Name></Name>
<Val>1.13741080977997E-11</Val>
</DBL>
<DBL>
<Name></Name>
<Val>1.34363139198830E-6</Val>
</DBL>
<DBL>
<Name></Name>
<Val>1.40462005115869E-4</Val>
</DBL>
<DBL>
<Name></Name>
<Val>4.90934225208017E-2</Val>
</DBL>
<DBL>
<Name></Name>
<Val>0.71892476109271</Val>
</DBL>
<DBL>
<Name></Name>
<Val>0.11810803063187</Val>
</DBL>
<DBL>
<Name></Name>
<Val>0.11180690490958</Val>
</DBL>
<DBL>
<Name></Name>
<Val>1.92268749089510E-3</Val>
</DBL>
<DBL>
<Name></Name>
<Val>2.31671483781707E-6</Val>
</DBL>
<DBL>
<Name></Name>
<Val>7.09914293621060E-8</Val>
</DBL>
<DBL>
<Name></Name>
<Val>1.10263412098362E-11</Val>
</DBL>
<DBL>
<Name></Name>
<Val>1.30275003698891E-6</Val>
</DBL>
<DBL>
<Name></Name>
<Val>1.36373088493054E-4</Val>
</DBL>
<DBL>
<Name></Name>
<Val>4.77276371449478E-2</Val>
</DBL>
<DBL>
<Name></Name>
<Val>0.71557033785699</Val>
</DBL>
<DBL>
<Name></Name>
<Val>0.12041352750048</Val>
</DBL>
<DBL>
<Name></Name>
<Val>0.11417009842013</Val>
</DBL>
<DBL>
<Name></Name>
<Val>1.97820409903367E-3</Val>
</DBL>
<DBL>
<Name></Name>
<Val>2.44267509662451E-6</Val>
</DBL>
<DBL>
<Name></Name>
<Val>7.64537706008903E-8</Val>
</DBL>
<DBL>
<Name></Name>
<Val>1.07026549376326E-11</Val>
</DBL>
<DBL>
<Name></Name>
<Val>1.26469639189450E-6</Val>
</DBL>
<DBL>
<Name></Name>
<Val>1.32564165933225E-4</Val>
</DBL>
<DBL>
<Name></Name>
<Val>4.64543680033679E-2</Val>
</DBL>
<DBL>
<Name></Name>
<Val>0.71216793371393</Val>
</DBL>
<DBL>
<Name></Name>
<Val>0.12269653648792</Val>
</DBL>
<DBL>
<Name></Name>
<Val>0.11651121436892</Val>
</DBL>
<DBL>
<Name></Name>
<Val>2.03346439704903E-3</Val>
</DBL>
<DBL>
<Name></Name>
<Val>2.57196702475675E-6</Val>
</DBL>
<DBL>
<Name></Name>
<Val>8.21887670781900E-8</Val>
</DBL>
<DBL>
<Name></Name>
<Val>1.04011773260068E-11</Val>
</DBL>
<DBL>
<Name></Name>
<Val>1.22925067861373E-6</Val>
</DBL>
<DBL>
<Name></Name>
<Val>1.29013512160916E-4</Val>
</DBL>
<DBL>
<Name></Name>
<Val>4.52664497815577E-2</Val>
</DBL>
<DBL>
<Name></Name>
<Val>0.70872490797407</Val>
</DBL>
<DBL>
<Name></Name>
<Val>0.12495702665952</Val>
</DBL>
<DBL>
<Name></Name>
<Val>0.11883013350893</Val>
</DBL>
<DBL>
<Name></Name>
<Val>2.08844654144941E-3</Val>
</DBL>
<DBL>
<Name></Name>
<Val>2.70455934034625E-6</Val>
</DBL>
<DBL>
<Name></Name>
<Val>8.82018945240964E-8</Val>
</DBL>
<DBL>
<Name></Name>
<Val>1.01201845887537E-11</Val>
</DBL>
<DBL>
<Name></Name>
<Val>1.19621051447087E-6</Val>
</DBL>
<DBL>
<Name></Name>
<Val>1.25701121030480E-4</Val>
</DBL>
<DBL>
<Name></Name>
<Val>4.41572840066342E-2</Val>
</DBL>
<DBL>
<Name></Name>
<Val>0.70524799555513</Val>
</DBL>
<DBL>
<Name></Name>
<Val>0.12719499030781</Val>
</DBL>
<DBL>
<Name></Name>
<Val>0.12112676740282</Val>
</DBL>
<DBL>
<Name></Name>
<Val>2.14313046795333E-3</Val>
</DBL>
<DBL>
<Name></Name>
<Val>2.84041951545170E-6</Val>
</DBL>
<DBL>
<Name></Name>
<Val>9.44984762405693E-8</Val>
</DBL>
<DBL>
<Name></Name>
<Val>9.85808935020169E-12</Val>
</DBL>
<DBL>
<Name></Name>
<Val>1.16538953173988E-6</Val>
</DBL>
<DBL>
<Name></Name>
<Val>1.22608569104165E-4</Val>
</DBL>
<DBL>
<Name></Name>
<Val>4.31207940672306E-2</Val>
</DBL>
<DBL>
<Name></Name>
<Val>0.70174335700941</Val>
</DBL>
<DBL>
<Name></Name>
<Val>0.12941044085026</Val>
</DBL>
<DBL>
<Name></Name>
<Val>0.12340105571758</Val>
</DBL>
<DBL>
<Name></Name>
<Val>2.19749778943720E-3</Val>
</DBL>
<DBL>
<Name></Name>
<Val>2.97951390085194E-6</Val>
</DBL>
<DBL>
<Name></Name>
<Val>1.01083681826012E-7</Val>
</DBL>
<DBL>
<Name></Name>
<Val>9.61342982024883E-12</Val>
</DBL>
<DBL>
<Name></Name>
<Val>1.13661610677076E-6</Val>
</DBL>
<DBL>
<Name></Name>
<Val>1.19718890060365E-4</Val>
</DBL>
<DBL>
<Name></Name>
<Val>4.21513838042263E-2</Val>
</DBL>
<DBL>
<Name></Name>
<Val>0.69821662457409</Val>
</DBL>
<DBL>
<Name></Name>
<Val>0.13160341089904</Val>
</DBL>
<DBL>
<Name></Name>
<Val>0.12565296373861</Val>
</DBL>
<DBL>
<Name></Name>
<Val>2.25153169788767E-3</Val>
</DBL>
<DBL>
<Name></Name>
<Val>3.12180784323760E-6</Val>
</DBL>
<DBL>
<Name></Name>
<Val>1.07962526237845E-7</Val>
</DBL>
<DBL>
<Name></Name>
<Val>9.38485982876629E-12</Val>
</DBL>
<DBL>
<Name></Name>
<Val>1.10973219000738E-6</Val>
</DBL>
<DBL>
<Name></Name>
<Val>1.17016459072246E-4</Val>
</DBL>
<DBL>
<Name></Name>
<Val>4.12438993888177E-2</Val>
</DBL>
<DBL>
<Name></Name>
<Val>0.69467294456013</Val>
</DBL>
<DBL>
<Name></Name>
<Val>0.13377395048878</Val>
</DBL>
<DBL>
<Name></Name>
<Val>0.12788248008554</Val>
</DBL>
<DBL>
<Name></Name>
<Val>2.30521687042370E-3</Val>
</DBL>
<DBL>
<Name></Name>
<Val>3.26726579512306E-6</Val>
</DBL>
<DBL>
<Name></Name>
<Val>1.15139869169081E-7</Val>
</DBL>
<DBL>
<Name></Name>
<Val>9.17113965114201E-12</Val>
</DBL>
<DBL>
<Name></Name>
<Val>1.08459222888685E-6</Val>
</DBL>
<DBL>
<Name></Name>
<Val>1.14486886365158E-4</Val>
</DBL>
<DBL>
<Name></Name>
<Val>4.03935942269407E-2</Val>
</DBL>
<DBL>
<Name></Name>
<Val>0.69111701637069</Val>
</DBL>
<DBL>
<Name></Name>
<Val>0.13592212544976</Val>
</DBL>
<DBL>
<Name></Name>
<Val>0.13008961461360</Val>
</DBL>
<DBL>
<Name></Name>
<Val>2.35853937941229E-3</Val>
</DBL>
<DBL>
<Name></Name>
<Val>3.41585141780287E-6</Val>
</DBL>
<DBL>
<Name></Name>
<Val>1.22620414716088E-7</Val>
</DBL>
<DBL>
<Name></Name>
<Val>8.97112756215436E-12</Val>
</DBL>
<DBL>
<Name></Name>
<Val>1.06106217624625E-6</Val>
</DBL>
<DBL>
<Name></Name>
<Val>1.12116919224110E-4</Val>
</DBL>
<DBL>
<Name></Name>
<Val>3.95960966497765E-2</Val>
</DBL>
<DBL>
<Name></Name>
<Val>0.68755312841662</Val>
</DBL>
<DBL>
<Name></Name>
<Val>0.13804801591447</Val>
</DBL>
<DBL>
<Name></Name>
<Val>0.13227439648571</Val>
</DBL>
<DBL>
<Name></Name>
<Val>2.41148660666833E-3</Val>
</DBL>
<DBL>
<Name></Name>
<Val>3.56752767767518E-6</Val>
</DBL>
<DBL>
<Name></Name>
<Val>1.30408711315844E-7</Val>
</DBL>
<DBL>
<Name></Name>
<Val>8.78377206035232E-12</Val>
</DBL>
<DBL>
<Name></Name>
<Val>1.03901857744823E-6</Val>
</DBL>
<DBL>
<Name></Name>
<Val>1.09894351780457E-4</Val>
</DBL>
<DBL>
<Name></Name>
<Val>3.88473801691488E-2</Val>
</DBL>
<DBL>
<Name></Name>
<Val>0.68398519117549</Val>
</DBL>
<DBL>
<Name></Name>
<Val>0.14015171494707</Val>
</DBL>
<DBL>
<Name></Name>
<Val>0.13443687240136</Val>
</DBL>
<DBL>
<Name></Name>
<Val>2.46404716170045E-3</Val>
</DBL>
<DBL>
<Name></Name>
<Val>3.72225693625128E-6</Val>
</DBL>
<DBL>
<Name></Name>
<Val>1.38509151932116E-7</Val>
</DBL>
<DBL>
<Name></Name>
<Val>8.60810470970900E-12</Val>
</DBL>
<DBL>
<Name></Name>
<Val>1.01834772997579E-6</Val>
</DBL>
<DBL>
<Name></Name>
<Val>1.07807941960166E-4</Val>
</DBL>
<DBL>
<Name></Name>
<Val>3.81437360941798E-2</Val>
</DBL>
<DBL>
<Name></Name>
<Val>0.68041676762104</Val>
</DBL>
<DBL>
<Name></Name>
<Val>0.14223332728554</Val>
</DBL>
<DBL>
<Name></Name>
<Val>0.13657710496999</Val>
</DBL>
<DBL>
<Name></Name>
<Val>2.51621080394143E-3</Val>
</DBL>
<DBL>
<Name></Name>
<Val>3.88000103416525E-6</Val>
</DBL>
<DBL>
<Name></Name>
<Val>1.46925974471110E-7</Val>
</DBL>
<DBL>
<Name></Name>
<Val>8.44323354954223E-12</Val>
</DBL>
<DBL>
<Name></Name>
<Val>9.98944909742724E-7</Val>
</DBL>
<DBL>
<Name></Name>
<Val>1.05847335025122E-4</Val>
</DBL>
<DBL>
<Name></Name>
<Val>3.74817483217424E-2</Val>
</DBL>
<DBL>
<Name></Name>
<Val>0.67685110123181</Val>
</DBL>
<DBL>
<Name></Name>
<Val>0.14429296818757</Val>
</DBL>
<DBL>
<Name></Name>
<Val>0.13869517121698</Val>
</DBL>
<DBL>
<Name></Name>
<Val>2.56796836888282E-3</Val>
</DBL>
<DBL>
<Name></Name>
<Val>4.04072136949068E-6</Val>
</DBL>
<DBL>
<Name></Name>
<Val>1.55663262408182E-7</Val>
</DBL>
<DBL>
<Name></Name>
<Val>8.28833702758633E-12</Val>
</DBL>
<DBL>
<Name></Name>
<Val>9.80713658823139E-7</Val>
</DBL>
<DBL>
<Name></Name>
<Val>1.04002993184008E-4</Val>
</DBL>
<DBL>
<Name></Name>
<Val>3.68582701281261E-2</Val>
</DBL>
<DBL>
<Name></Name>
<Val>0.67329114177127</Val>
</DBL>
<DBL>
<Name></Name>
<Val>0.14633076237176</Val>
</DBL>
<DBL>
<Name></Name>
<Val>0.14079116121178</Val>
</DBL>
<DBL>
<Name></Name>
<Val>2.61931169801773E-3</Val>
</DBL>
<DBL>
<Name></Name>
<Val>4.20437897066389E-6</Val>
</DBL>
<DBL>
<Name></Name>
<Val>1.64724945608242E-7</Val>
</DBL>
<DBL>
<Name></Name>
<Val>8.14265841468117E-12</Val>
</DBL>
<DBL>
<Name></Name>
<Val>9.63565129723771E-7</Val>
</DBL>
<DBL>
<Name></Name>
<Val>1.02266130790916E-4</Val>
</DBL>
<DBL>
<Name></Name>
<Val>3.62704028030375E-2</Val>
</DBL>
<DBL>
<Name></Name>
<Val>0.66973956901645</Val>
</DBL>
<DBL>
<Name></Name>
<Val>0.14834684304638</Val>
</DBL>
<DBL>
<Name></Name>
<Val>0.14286517680823</Val>
</DBL>
<DBL>
<Name></Name>
<Val>2.67023357248380E-3</Val>
</DBL>
<DBL>
<Name></Name>
<Val>4.37093456430410E-6</Val>
</DBL>
<DBL>
<Name></Name>
<Val>1.74114801323497E-7</Val>
</DBL>
<DBL>
<Name></Name>
<Val>8.00550066284217E-12</Val>
</DBL>
<DBL>
<Name></Name>
<Val>9.47417481710194E-7</Val>
</DBL>
<DBL>
<Name></Name>
<Val>1.00628654688046E-4</Val>
</DBL>
<DBL>
<Name></Name>
<Val>3.57154759796706E-2</Val>
</DBL>
<DBL>
<Name></Name>
<Val>0.66619881459792</Val>
</DBL>
<DBL>
<Name></Name>
<Val>0.15034135101864</Val>
</DBL>
<DBL>
<Name></Name>
<Val>0.14491733048821</Val>
</DBL>
<DBL>
<Name></Name>
<Val>2.72072765028911E-3</Val>
</DBL>
<DBL>
<Name></Name>
<Val>4.54034863821152E-6</Val>
</DBL>
<DBL>
<Name></Name>
<Val>1.83836455353115E-7</Val>
</DBL>
<DBL>
<Name></Name>
<Val>7.87622167151063E-12</Val>
</DBL>
<DBL>
<Name></Name>
<Val>9.32195325054194E-7</Val>
</DBL>
<DBL>
<Name></Name>
<Val>9.90831092841151E-5</Val>
</DBL>
<DBL>
<Name></Name>
<Val>3.51910295261924E-2</Val>
</DBL>
<DBL>
<Name></Name>
<Val>0.66267108210128</Val>
</DBL>
<DBL>
<Name></Name>
<Val>0.15231443387798</Val>
</DBL>
<DBL>
<Name></Name>
<Val>0.14694774430018</Val>
</DBL>
<DBL>
<Name></Name>
<Val>2.77078840699642E-3</Val>
</DBL>
<DBL>
<Name></Name>
<Val>4.71258149981443E-6</Val>
</DBL>
<DBL>
<Name></Name>
<Val>1.93893383350347E-7</Val>
</DBL>
<DBL>
<Name></Name>
<Val>7.75422992957812E-12</Val>
</DBL>
<DBL>
<Name></Name>
<Val>9.17829209397817E-7</Val>
</DBL>
<DBL>
<Name></Name>
<Val>9.76226259924902E-5</Val>
</DBL>
<DBL>
<Name></Name>
<Val>3.46947968746830E-2</Val>
</DBL>
<DBL>
<Name></Name>
<Val>0.65915836556805</Val>
</DBL>
<DBL>
<Name></Name>
<Val>0.15426624524733</Val>
</DBL>
<DBL>
<Name></Name>
<Val>0.14895654888500</Val>
</DBL>
<DBL>
<Name></Name>
<Val>2.82041107973673E-3</Val>
</DBL>
<DBL>
<Name></Name>
<Val>4.88759333032600E-6</Val>
</DBL>
<DBL>
<Name></Name>
<Val>2.04288912263508E-7</Val>
</DBL>
<DBL>
<Name></Name>
<Val>7.63898050335205E-12</Val>
</DBL>
<DBL>
<Name></Name>
<Val>9.04255152731616E-7</Val>
</DBL>
<DBL>
<Name></Name>
<Val>9.62408766829284E-5</Val>
</DBL>
<DBL>
<Name></Name>
<Val>3.42246896734082E-2</Val>
</DBL>
<DBL>
<Name></Name>
<Val>0.65566246652327</Val>
</DBL>
<DBL>
<Name></Name>
<Val>0.15619694409687</Val>
</DBL>
<DBL>
<Name></Name>
<Val>0.15094388258210</Val>
</DBL>
<DBL>
<Name></Name>
<Val>2.86959161441952E-3</Val>
</DBL>
<DBL>
<Name></Name>
<Val>5.06534423486077E-6</Val>
</DBL>
<DBL>
<Name></Name>
<Val>2.15026221898068E-7</Val>
</DBL>
<DBL>
<Name></Name>
<Val>7.52997134299753E-12</Val>
</DBL>
<DBL>
<Name></Name>
<Val>8.91414207762657E-7</Val>
</DBL>
<DBL>
<Name></Name>
<Val>9.49320308282766E-5</Val>
</DBL>
<DBL>
<Name></Name>
<Val>3.37787836573641E-2</Val>
</DBL>
<DBL>
<Name></Name>
<Val>0.65218500964671</Val>
</DBL>
<DBL>
<Name></Name>
<Val>0.15810669411526</Val>
</DBL>
<DBL>
<Name></Name>
<Val>0.15290989060946</Val>
</DBL>
<DBL>
<Name></Name>
<Val>2.91832661600568E-3</Val>
</DBL>
<DBL>
<Name></Name>
<Val>5.24579428875059E-6</Val>
</DBL>
<DBL>
<Name></Name>
<Val>2.26108346587931E-7</Val>
</DBL>
<DBL>
<Name></Name>
<Val>7.42673988217148E-12</Val>
</DBL>
<DBL>
<Name></Name>
<Val>8.79252062703925E-7</Val>
</DBL>
<DBL>
<Name></Name>
<Val>9.36907160527867E-5</Val>
</DBL>
<DBL>
<Name></Name>
<Val>3.33553056403745E-2</Val>
</DBL>
<DBL>
<Name></Name>
<Val>0.64872745719553</Val>
</DBL>
<DBL>
<Name></Name>
<Val>0.15999566313363</Val>
</DBL>
<DBL>
<Name></Name>
<Val>0.15485472431146</Val>
</DBL>
<DBL>
<Name></Name>
<Val>2.96661330170854E-3</Val>
</DBL>
<DBL>
<Name></Name>
<Val>5.42890358028840E-6</Val>
</DBL>
<DBL>
<Name></Name>
<Val>2.37538176964737E-7</Val>
</DBL>
<DBL>
<Name></Name>
<Val>7.32885990757211E-12</Val>
</DBL>
<DBL>
<Name></Name>
<Val>8.67718673752329E-7</Val>
</DBL>
<DBL>
<Name></Name>
<Val>9.25119818119883E-5</Val>
</DBL>
<DBL>
<Name></Name>
<Val>3.29526215397012E-2</Val>
</DBL>
<DBL>
<Name></Name>
<Val>0.64529112227747</Val>
</DBL>
<DBL>
<Name></Name>
<Val>0.16186402259810</Val>
</DBL>
<DBL>
<Name></Name>
<Val>0.15677854046922</Val>
</DBL>
<DBL>
<Name></Name>
<Val>3.01444945698912E-3</Val>
</DBL>
<DBL>
<Name></Name>
<Val>5.61463225011837E-6</Val>
</DBL>
<DBL>
<Name></Name>
<Val>2.49318461814735E-7</Val>
</DBL>
<DBL>
<Name></Name>
<Val>7.23593867697507E-12</Val>
</DBL>
<DBL>
<Name></Name>
<Val>8.56767926739570E-7</Val>
</DBL>
<DBL>
<Name></Name>
<Val>9.13912659555044E-5</Val>
</DBL>
<DBL>
<Name></Name>
<Val>3.25692253511941E-2</Val>
</DBL>
<DBL>
<Name></Name>
<Val>0.64187718106598</Val>
</DBL>
<DBL>
<Name></Name>
<Val>0.16371194708687</Val>
</DBL>
<DBL>
<Name></Name>
<Val>0.15868150066828</Val>
</DBL>
<DBL>
<Name></Name>
<Val>3.06183339421320E-3</Val>
</DBL>
<DBL>
<Name></Name>
<Val>5.80294052747980E-6</Val>
</DBL>
<DBL>
<Name></Name>
<Val>2.61451810013533E-7</Val>
</DBL>
<DBL>
<Name></Name>
<Val>7.14761426602871E-12</Val>
</DBL>
<DBL>
<Name></Name>
<Val>8.46357325639799E-7</Val>
</DBL>
<DBL>
<Name></Name>
<Val>9.03243639439301E-5</Val>
</DBL>
<DBL>
<Name></Name>
<Val>3.22037289995187E-2</Val>
</DBL>
<DBL>
<Name></Name>
<Val>0.63848668404129</Val>
</DBL>
<DBL>
<Name></Name>
<Val>0.16553961386832</Val>
</DBL>
<DBL>
<Name></Name>
<Val>0.16056377071916</Val>
</DBL>
<DBL>
<Name></Name>
<Val>3.10876391384002E-3</Val>
</DBL>
<DBL>
<Name></Name>
<Val>5.99378876350242E-6</Val>
</DBL>
<DBL>
<Name></Name>
<Val>2.73940692529599E-7</Val>
</DBL>
<DBL>
<Name></Name>
<Val>7.06355312564725E-12</Val>
</DBL>
<DBL>
<Name></Name>
<Val>8.36447705801896E-7</Val>
</DBL>
<DBL>
<Name></Name>
<Val>8.93074005090707E-5</Val>
</DBL>
<DBL>
<Name></Name>
<Val>3.18548529939889E-2</Val>
</DBL>
<DBL>
<Name></Name>
<Val>0.63512056633478</Val>
</DBL>
<DBL>
<Name></Name>
<Val>0.16734720249669</Val>
</DBL>
<DBL>
<Name></Name>
<Val>0.16242552012634</Val>
</DBL>
<DBL>
<Name></Name>
<Val>3.15524026801526E-3</Val>
</DBL>
<DBL>
<Name></Name>
<Val>6.18713746174021E-6</Val>
</DBL>
<DBL>
<Name></Name>
<Val>2.86787444488107E-7</Val>
</DBL>
<DBL>
<Name></Name>
<Val>6.98344783328238E-12</Val>
</DBL>
<DBL>
<Name></Name>
<Val>8.27002969943499E-7</Val>
</DBL>
<DBL>
<Name></Name>
<Val>8.83368035635582E-5</Val>
</DBL>
<DBL>
<Name></Name>
<Val>3.15214178260474E-2</Val>
</DBL>
<DBL>
<Name></Name>
<Val>0.63177965724800</Val>
</DBL>
<DBL>
<Name></Name>
<Val>0.16913489444244</Val>
</DBL>
<DBL>
<Name></Name>
<Val>0.16426692160199</Val>
</DBL>
<DBL>
<Name></Name>
<Val>3.20126212644433E-3</Val>
</DBL>
<DBL>
<Name></Name>
<Val>6.38294730612153E-6</Val>
</DBL>
<DBL>
<Name></Name>
<Val>2.99994267287240E-7</Val>
</DBL>
<DBL>
<Name></Name>
<Val>6.90701502268130E-12</Val>
</DBL>
<DBL>
<Name></Name>
<Val>8.17989845099693E-7</Val>
</DBL>
<DBL>
<Name></Name>
<Val>8.74092801812708E-5</Val>
</DBL>
<DBL>
<Name></Name>
<Val>3.12023360495154E-2</Val>
</DBL>
<DBL>
<Name></Name>
<Val>0.62846468901174</Val>
</DBL>
<DBL>
<Name></Name>
<Val>0.17090287275433</Val>
</DBL>
<DBL>
<Name></Name>
<Val>0.16608815062064</Val>
</DBL>
<DBL>
<Name></Name>
<Val>3.24682954442532E-3</Val>
</DBL>
<DBL>
<Name></Name>
<Val>6.58117918648341E-6</Val>
</DBL>
<DBL>
<Name></Name>
<Val>3.13563230759647E-7</Val>
</DBL>
<DBL>
<Name></Name>
<Val>6.83399347796129E-12</Val>
</DBL>
<DBL>
<Name></Name>
<Val>8.09377658862810E-7</Val>
</DBL>
<DBL>
<Name></Name>
<Val>8.65217944841540E-5</Val>
</DBL>
<DBL>
<Name></Name>
<Val>3.08966049894065E-2</Val>
</DBL>
<DBL>
<Name></Name>
<Val>0.62517630484578</Val>
</DBL>
<DBL>
<Name></Name>
<Val>0.17265132175076</Val>
</DBL>
<DBL>
<Name></Name>
<Val>0.16788938501165</Val>
</DBL>
<DBL>
<Name></Name>
<Val>3.29194293292541E-3</Val>
</DBL>
<DBL>
<Name></Name>
<Val>6.78179422184908E-6</Val>
</DBL>
<DBL>
<Name></Name>
<Val>3.27496275372295E-7</Val>
</DBL>
<DBL>
<Name></Name>
<Val>6.76414237895559E-12</Val>
</DBL>
<DBL>
<Name></Name>
<Val>8.01138133381802E-7</Val>
</DBL>
<DBL>
<Name></Name>
<Val>8.56715472840967E-5</Val>
</DBL>
<DBL>
<Name></Name>
<Val>3.06033000294048E-2</Val>
</DBL>
<DBL>
<Name></Name>
<Val>0.62191506637460</Val>
</DBL>
<DBL>
<Name></Name>
<Val>0.17438042673792</Val>
</DBL>
<DBL>
<Name></Name>
<Val>0.16967080458631</Val>
</DBL>
<DBL>
<Name></Name>
<Val>3.33660303058810E-3</Val>
</DBL>
<DBL>
<Name></Name>
<Val>6.98475378159874E-6</Val>
</DBL>
<DBL>
<Name></Name>
<Val>3.41795214458399E-7</Val>
</DBL>
<DBL>
<Name></Name>
<Val>6.69723968582154E-12</Val>
</DBL>
<DBL>
<Name></Name>
<Val>7.93245195711282E-7</Val>
</DBL>
<DBL>
<Name></Name>
<Val>8.48559573405284E-5</Val>
</DBL>
<DBL>
<Name></Name>
<Val>3.03215684320664E-2</Val>
</DBL>
<DBL>
<Name></Name>
<Val>0.61868146045045</Val>
</DBL>
<DBL>
<Name></Name>
<Val>0.17609037375260</Val>
</DBL>
<DBL>
<Name></Name>
<Val>0.17143259079685</Val>
</DBL>
<DBL>
<Name></Name>
<Val>3.38081087756347E-3</Val>
</DBL>
<DBL>
<Name></Name>
<Val>7.19001950467514E-6</Val>
</DBL>
<DBL>
<Name></Name>
<Val>3.56461736475654E-7</Val>
</DBL>
<DBL>
<Name></Name>
<Val>6.63308065185482E-12</Val>
</DBL>
<DBL>
<Name></Name>
<Val>7.85674803212240E-7</Val>
</DBL>
<DBL>
<Name></Name>
<Val>8.40726441054702E-5</Val>
</DBL>
<DBL>
<Name></Name>
<Val>3.00506236494531E-2</Val>
</DBL>
<DBL>
<Name></Name>
<Val>0.61547590543084</Val>
</DBL>
<DBL>
<Name></Name>
<Val>0.17778134932763</Val>
</DBL>
<DBL>
<Name></Name>
<Val>0.17317492642476</Val>
</DBL>
<DBL>
<Name></Name>
<Val>3.42456779105751E-3</Val>
</DBL>
<DBL>
<Name></Name>
<Val>7.39755331695732E-6</Val>
</DBL>
<DBL>
<Name></Name>
<Val>3.71497407285345E-7</Val>
</DBL>
<DBL>
<Name></Name>
<Val>6.57147645433188E-12</Val>
</DBL>
<DBL>
<Name></Name>
<Val>7.78404782809509E-7</Val>
</DBL>
<DBL>
<Name></Name>
<Val>8.33194118379508E-5</Val>
</DBL>
<DBL>
<Name></Name>
<Val>2.97897400852643E-2</Val>
</DBL>
<DBL>
<Name></Name>
<Val>0.61229875695367</Val>
</DBL>
<DBL>
<Name></Name>
<Val>0.17945354027822</Val>
</DBL>
<DBL>
<Name></Name>
<Val>0.17489799529604</Val>
</DBL>
<DBL>
<Name></Name>
<Val>3.46787534250143E-3</Val>
</DBL>
<DBL>
<Name></Name>
<Val>7.60731744692839E-6</Val>
</DBL>
<DBL>
<Name></Name>
<Val>3.86903672447399E-7</Val>
</DBL>
<DBL>
<Name></Name>
<Val>6.51225293401031E-12</Val>
</DBL>
<DBL>
<Name></Name>
<Val>7.71414683005909E-7</Val>
</DBL>
<DBL>
<Name></Name>
<Val>8.25942349790764E-5</Val>
</DBL>
<DBL>
<Name></Name>
<Val>2.95382482726223E-2</Val>
</DBL>
<DBL>
<Name></Name>
<Val>0.60915031325014</Val>
</DBL>
<DBL>
<Name></Name>
<Val>0.18110713350728</Val>
</DBL>
<DBL>
<Name></Name>
<Val>0.17660198202124</Val>
</DBL>
<DBL>
<Name></Name>
<Val>3.51073533624601E-3</Val>
</DBL>
<DBL>
<Name></Name>
<Val>7.81927443975518E-6</Val>
</DBL>
<DBL>
<Name></Name>
<Val>4.02681859526785E-7</Val>
</DBL>
<DBL>
<Name></Name>
<Val>6.45524943466113E-12</Val>
</DBL>
<DBL>
<Name></Name>
<Val>7.64685637640344E-7</Val>
</DBL>
<DBL>
<Name></Name>
<Val>8.18952446876765E-5</Val>
</DBL>
<DBL>
<Name></Name>
<Val>2.92955304345147E-2</Val>
</DBL>
<DBL>
<Name></Name>
<Val>0.60603082003199</Val>
</DBL>
<DBL>
<Name></Name>
<Val>0.18274231582841</Val>
</DBL>
<DBL>
<Name></Name>
<Val>0.17828707175827</Val>
</DBL>
<DBL>
<Name></Name>
<Val>3.55314978969035E-3</Val>
</DBL>
<DBL>
<Name></Name>
<Val>8.03338716989119E-6</Val>
</DBL>
<DBL>
<Name></Name>
<Val>4.18833180407032E-7</Val>
</DBL>
<DBL>
<Name></Name>
<Val>6.40031773469159E-12</Val>
</DBL>
<DBL>
<Name></Name>
<Val>7.58200240457521E-7</Val>
</DBL>
<DBL>
<Name></Name>
<Val>8.12207164443862E-5</Val>
</DBL>
<DBL>
<Name></Name>
<Val>2.90610163965156E-2</Val>
</DBL>
<DBL>
<Name></Name>
<Val>0.60294047498708</Val>
</DBL>
<DBL>
<Name></Name>
<Val>0.18435927380492</Val>
</DBL>
<DBL>
<Name></Name>
<Val>0.17995344999605</Val>
</DBL>
<DBL>
<Name></Name>
<Val>3.59512091475914E-3</Val>
</DBL>
<DBL>
<Name></Name>
<Val>8.24961885230695E-6</Val>
</DBL>
<DBL>
<Name></Name>
<Val>4.35358733607002E-7</Val>
</DBL>
<DBL>
<Name></Name>
<Val>6.34732106354779E-12</Val>
</DBL>
<DBL>
<Name></Name>
<Val>7.51942429630994E-7</Val>
</DBL>
<DBL>
<Name></Name>
<Val>8.05690586393499E-5</Val>
</DBL>
<DBL>
<Name></Name>
<Val>2.88341798238186E-2</Val>
</DBL>
<DBL>
<Name></Name>
<Val>0.59987943191428</Val>
</DBL>
<DBL>
<Name></Name>
<Val>0.18595819360376</Val>
</DBL>
<DBL>
<Name></Name>
<Val>0.18160130235752</Val>
</DBL>
<DBL>
<Name></Name>
<Val>3.63665110064626E-3</Val>
</DBL>
<DBL>
<Name></Name>
<Val>8.46793305244576E-6</Val>
</DBL>
<DBL>
<Name></Name>
<Val>4.52259506597331E-7</Val>
</DBL>
<DBL>
<Name></Name>
<Val>6.29613319616645E-12</Val>
</DBL>
<DBL>
<Name></Name>
<Val>7.45897381449363E-7</Val>
</DBL>
<DBL>
<Name></Name>
<Val>7.99388020654563E-5</Val>
</DBL>
<DBL>
<Name></Name>
<Val>2.86145347568373E-2</Val>
</DBL>
<DBL>
<Name></Name>
<Val>0.59684780452646</Val>
</DBL>
<DBL>
<Name></Name>
<Val>0.18753926086294</Val>
</DBL>
<DBL>
<Name></Name>
<Val>0.18323081442020</Val>
</DBL>
<DBL>
<Name></Name>
<Val>3.67774289774699E-3</Val>
</DBL>
<DBL>
<Name></Name>
<Val>8.68829369499680E-6</Val>
</DBL>
<DBL>
<Name></Name>
<Val>4.69536378113291E-7</Val>
</DBL>
<DBL>
<Name></Name>
<Val>6.24663761928004E-12</Val>
</DBL>
<DBL>
<Name></Name>
<Val>7.40051412438187E-7</Val>
</DBL>
<DBL>
<Name></Name>
<Val>7.93285902452205E-5</Val>
</DBL>
<DBL>
<Name></Name>
<Val>2.84016324216698E-2</Val>
</DBL>
<DBL>
<Name></Name>
<Val>0.59384566994799</Val>
</DBL>
<DBL>
<Name></Name>
<Val>0.18910266057150</Val>
</DBL>
<DBL>
<Name></Name>
<Val>0.18484217155304</Val>
</DBL>
<DBL>
<Name></Name>
<Val>3.71839900270524E-3</Val>
</DBL>
<DBL>
<Name></Name>
<Val>8.91066507157136E-6</Val>
</DBL>
<DBL>
<Name></Name>
<Val>4.87190120461060E-7</Val>
</DBL>
<DBL>
<Name></Name>
<Val>6.19872676387100E-12</Val>
</DBL>
<DBL>
<Name></Name>
<Val>7.34391889247953E-7</Val>
</DBL>
<DBL>
<Name></Name>
<Val>7.87371705251323E-5</Val>
</DBL>
<DBL>
<Name></Name>
<Val>2.81950582936083E-2</Val>
</DBL>
<DBL>
<Name></Name>
<Val>0.59087307193094</Val>
</DBL>
<DBL>
<Name></Name>
<Val>0.19064857696094</Val>
</DBL>
<DBL>
<Name></Name>
<Val>0.18643555876815</Val>
</DBL>
<DBL>
<Name></Name>
<Val>3.75862224450574E-3</Val>
</DBL>
<DBL>
<Name></Name>
<Val>9.13501184736300E-6</Val>
</DBL>
<DBL>
<Name></Name>
<Val>5.05221401814695E-7</Val>
</DBL>
<DBL>
<Name></Name>
<Val>6.15230129852370E-12</Val>
</DBL>
<DBL>
<Name></Name>
<Val>7.28907145691574E-7</Val>
</DBL>
<DBL>
<Name></Name>
<Val>7.81633858765459E-5</Val>
</DBL>
<DBL>
<Name></Name>
<Val>2.79944293936053E-2</Val>
</DBL>
<DBL>
<Name></Name>
<Val>0.58793002381243</Val>
</DBL>
<DBL>
<Name></Name>
<Val>0.19217719340711</Val>
</DBL>
<DBL>
<Name></Name>
<Val>0.18801116058629</Val>
</DBL>
<DBL>
<Name></Name>
<Val>3.79841557154529E-3</Val>
</DBL>
<DBL>
<Name></Name>
<Val>9.36129906686720E-6</Val>
</DBL>
<DBL>
<Name></Name>
<Val>5.23630788501278E-7</Val>
</DBL>
<DBL>
<Name></Name>
<Val>6.10726947883982E-12</Val>
</DBL>
<DBL>
<Name></Name>
<Val>7.23586406363848E-7</Val>
</DBL>
<DBL>
<Name></Name>
<Val>7.76061673470227E-5</Val>
</DBL>
<DBL>
<Name></Name>
<Val>2.77993917992035E-2</Val>
</DBL>
<DBL>
<Name></Name>
<Val>0.58501651123370</Val>
</DBL>
<DBL>
<Name></Name>
<Val>0.19368869234184</Val>
</DBL>
<DBL>
<Name></Name>
<Val>0.18956916091488</Val>
</DBL>
<DBL>
<Name></Name>
<Val>3.83778203962062E-3</Val>
</DBL>
<DBL>
<Name></Name>
<Val>9.58949215873057E-6</Val>
</DBL>
<DBL>
<Name></Name>
<Val>5.42418747272017E-7</Val>
</DBL>
<DBL>
<Name></Name>
<Val>6.06354654846660E-12</Val>
</DBL>
<DBL>
<Name></Name>
<Val>7.18419716320378E-7</Val>
</DBL>
<DBL>
<Name></Name>
<Val>7.70645271104914E-5</Val>
</DBL>
<DBL>
<Name></Name>
<Val>2.76096183529050E-2</Val>
</DBL>
<DBL>
<Name></Name>
<Val>0.58213249463989</Val>
</DBL>
<DBL>
<Name></Name>
<Val>0.19518325517337</Val>
</DBL>
<DBL>
<Name></Name>
<Val>0.19110974293759</Val>
</DBL>
<DBL>
<Name></Name>
<Val>3.87672480077390E-3</Val>
</DBL>
<DBL>
<Name></Name>
<Val>9.81955693979616E-6</Val>
</DBL>
<DBL>
<Name></Name>
<Val>5.61585647557198E-7</Val>
</DBL>
<DBL>
<Name></Name>
<Val>6.02105418764069E-12</Val>
</DBL>
<DBL>
<Name></Name>
<Val>7.13397876334934E-7</Val>
</DBL>
<DBL>
<Name></Name>
<Val>7.65375520686890E-5</Val>
</DBL>
<DBL>
<Name></Name>
<Val>2.74248065523060E-2</Val>
</DBL>
<DBL>
<Name></Name>
<Val>0.57927791157794</Val>
</DBL>
<DBL>
<Name></Name>
<Val>0.19666106221490</Val>
</DBL>
<DBL>
<Name></Name>
<Val>0.19263308901457</Val>
</DBL>
<DBL>
<Name></Name>
<Val>3.91524709294049E-3</Val>
</DBL>
<DBL>
<Name></Name>
<Val>1.00514596184060E-5</Val>
</DBL>
<DBL>
<Name></Name>
<Val>5.81131763703165E-7</Val>
</DBL>
<DBL>
<Name></Name>
<Val>5.97972000547566E-12</Val>
</DBL>
<DBL>
<Name></Name>
<Val>7.08512383292410E-7</Val>
</DBL>
<DBL>
<Name></Name>
<Val>7.60243979601223E-5</Val>
</DBL>
<DBL>
<Name></Name>
<Val>2.72446766075686E-2</Val>
</DBL>
<DBL>
<Name></Name>
<Val>0.57645267880865</Val>
</DBL>
<DBL>
<Name></Name>
<Val>0.19812229262065</Val>
</DBL>
<DBL>
<Name></Name>
<Val>0.19413938059239</Val>
</DBL>
<DBL>
<Name></Name>
<Val>3.95335223034645E-3</Val>
</DBL>
<DBL>
<Name></Name>
<Val>1.02851667970187E-5</Val>
</DBL>
<DBL>
<Name></Name>
<Val>6.01057277189625E-7</Val>
</DBL>
<DBL>
<Name></Name>
<Val>5.93947707252063E-12</Val>
</DBL>
<DBL>
<Name></Name>
<Val>7.03755375309702E-7</Val>
</DBL>
<DBL>
<Name></Name>
<Val>7.55242839362589E-5</Val>
</DBL>
<DBL>
<Name></Name>
<Val>2.70689696529459E-2</Val>
</DBL>
<DBL>
<Name></Name>
<Val>0.57365669424779</Val>
</DBL>
<DBL>
<Name></Name>
<Val>0.19956712432873</Val>
</DBL>
<DBL>
<Name></Name>
<Val>0.19562879812293</Val>
</DBL>
<DBL>
<Name></Name>
<Val>3.99104359460661E-3</Val>
</DBL>
<DBL>
<Name></Name>
<Val>1.05206454741956E-5</Val>
</DBL>
<DBL>
<Name></Name>
<Val>6.21362278825774E-7</Val>
</DBL>
<DBL>
<Name></Name>
<Val>5.90026349039337E-12</Val>
</DBL>
<DBL>
<Name></Name>
<Val>6.99119581209205E-7</Val>
</DBL>
<DBL>
<Name></Name>
<Val>7.50364875678623E-5</Val>
</DBL>
<DBL>
<Name></Name>
<Val>2.68974461001320E-2</Val>
</DBL>
<DBL>
<Name></Name>
<Val>0.57088983874978</Val>
</DBL>
<DBL>
<Name></Name>
<Val>0.20099573401023</Val>
</DBL>
<DBL>
<Name></Name>
<Val>0.19710152099052</Val>
</DBL>
<DBL>
<Name></Name>
<Val>4.02832462647682E-3</Val>
</DBL>
<DBL>
<Name></Name>
<Val>1.07578630460058E-5</Val>
</DBL>
<DBL>
<Name></Name>
<Val>6.42046770923900E-7</Val>
</DBL>
<DBL>
<Name></Name>
<Val>5.86202199554463E-12</Val>
</DBL>
<DBL>
<Name></Name>
<Val>6.94598273999404E-7</Val>
</DBL>
<DBL>
<Name></Name>
<Val>7.45603402473228E-5</Val>
</DBL>
<DBL>
<Name></Name>
<Val>2.67298841221792E-2</Val>
</DBL>
<DBL>
<Name></Name>
<Val>0.56815197774649</Val>
</DBL>
<DBL>
<Name></Name>
<Val>0.20240829702419</Val>
</DBL>
<DBL>
<Name></Name>
<Val>0.19855772744657</Val>
</DBL>
<DBL>
<Name></Name>
<Val>4.06519881821698E-3</Val>
</DBL>
<DBL>
<Name></Name>
<Val>1.09967873068962E-5</Val>
</DBL>
<DBL>
<Name></Name>
<Val>6.63110669449231E-7</Val>
</DBL>
</Array>
<Array>
<Name>StateAdjacencyMatrix</Name>
<Dimsize>10</Dimsize>
<Dimsize>10</Dimsize>
<String>
<Name></Name>
<Val>@</Val>
</String>
<String>
<Name></Name>
<Val>K</Val>
</String>
<String>
<Name></Name>
<Val>@</Val>
</String>
<String>
<Name></Name>
<Val>@</Val>
</String>
<String>
<Name></Name>
<Val>@</Val>
</String>
<String>
<Name></Name>
<Val>@</Val>
</String>
<String>
<Name></Name>
<Val>@</Val>
</String>
<String>
<Name></Name>
<Val>@</Val>
</String>
<String>
<Name></Name>
<Val>@</Val>
</String>
<String>
<Name></Name>
<Val>@</Val>
</String>
<String>
<Name></Name>
<Val>D</Val>
</String>
<String>
<Name></Name>
<Val>@</Val>
</String>
<String>
<Name></Name>
<Val>F</Val>
</String>
<String>
<Name></Name>
<Val>@</Val>
</String>
<String>
<Name></Name>
<Val>@</Val>
</String>
<String>
<Name></Name>
<Val>@</Val>
</String>
<String>
<Name></Name>
<Val>@</Val>
</String>
<String>
<Name></Name>
<Val>@</Val>
</String>
<String>
<Name></Name>
<Val>@</Val>
</String>
<String>
<Name></Name>
<Val>@</Val>
</String>
<String>
<Name></Name>
<Val>@</Val>
</String>
<String>
<Name></Name>
<Val>J</Val>
</String>
<String>
<Name></Name>
<Val>@</Val>
</String>
<String>
<Name></Name>
<Val>F</Val>
</String>
<String>
<Name></Name>
<Val>@</Val>
</String>
<String>
<Name></Name>
<Val>@</Val>
</String>
<String>
<Name></Name>
<Val>@</Val>
</String>
<String>
<Name></Name>
<Val>@</Val>
</String>
<String>
<Name></Name>
<Val>@</Val>
</String>
<String>
<Name></Name>
<Val>@</Val>
</String>
<String>
<Name></Name>
<Val>@</Val>
</String>
<String>
<Name></Name>
<Val>@</Val>
</String>
<String>
<Name></Name>
<Val>A</Val>
</String>
<String>
<Name></Name>
<Val>@</Val>
</String>
<String>
<Name></Name>
<Val>G</Val>
</String>
<String>
<Name></Name>
<Val>@</Val>
</String>
<String>
<Name></Name>
<Val>@</Val>
</String>
<String>
<Name></Name>
<Val>@</Val>
</String>
<String>
<Name></Name>
<Val>@</Val>
</String>
<String>
<Name></Name>
<Val>@</Val>
</String>
<String>
<Name></Name>
<Val>@</Val>
</String>
<String>
<Name></Name>
<Val>@</Val>
</String>
<String>
<Name></Name>
<Val>@</Val>
</String>
<String>
<Name></Name>
<Val>I</Val>
</String>
<String>
<Name></Name>
<Val>@</Val>
</String>
<String>
<Name></Name>
<Val>B</Val>
</String>
<String>
<Name></Name>
<Val>@</Val>
</String>
<String>
<Name></Name>
<Val>@</Val>
</String>
<String>
<Name></Name>
<Val>@</Val>
</String>
<String>
<Name></Name>
<Val>@</Val>
</String>
<String>
<Name></Name>
<Val>@</Val>
</String>
<String>
<Name></Name>
<Val>@</Val>
</String>
<String>
<Name></Name>
<Val>@</Val>
</String>
<String>
<Name></Name>
<Val>@</Val>
</String>
<String>
<Name></Name>
<Val>B</Val>
</String>
<String>
<Name></Name>
<Val>@</Val>
</String>
<String>
<Name></Name>
<Val>C</Val>
</String>
<String>
<Name></Name>
<Val>@</Val>
</String>
<String>
<Name></Name>
<Val>@</Val>
</String>
<String>
<Name></Name>
<Val>@</Val>
</String>
<String>
<Name></Name>
<Val>@</Val>
</String>
<String>
<Name></Name>
<Val>@</Val>
</String>
<String>
<Name></Name>
<Val>@</Val>
</String>
<String>
<Name></Name>
<Val>@</Val>
</String>
<String>
<Name></Name>
<Val>@</Val>
</String>
<String>
<Name></Name>
<Val>C</Val>
</String>
<String>
<Name></Name>
<Val>@</Val>
</String>
<String>
<Name></Name>
<Val>E</Val>
</String>
<String>
<Name></Name>
<Val>@</Val>
</String>
<String>
<Name></Name>
<Val>@</Val>
</String>
<String>
<Name></Name>
<Val>@</Val>
</String>
<String>
<Name></Name>
<Val>@</Val>
</String>
<String>
<Name></Name>
<Val>@</Val>
</String>
<String>
<Name></Name>
<Val>@</Val>
</String>
<String>
<Name></Name>
<Val>@</Val>
</String>
<String>
<Name></Name>
<Val>@</Val>
</String>
<String>
<Name></Name>
<Val>H</Val>
</String>
<String>
<Name></Name>
<Val>@</Val>
</String>
<String>
<Name></Name>
<Val>D</Val>
</String>
<String>
<Name></Name>
<Val>@</Val>
</String>
<String>
<Name></Name>
<Val>@</Val>
</String>
<String>
<Name></Name>
<Val>@</Val>
</String>
<String>
<Name></Name>
<Val>@</Val>
</String>
<String>
<Name></Name>
<Val>@</Val>
</String>
<String>
<Name></Name>
<Val>@</Val>
</String>
<String>
<Name></Name>
<Val>@</Val>
</String>
<String>
<Name></Name>
<Val>@</Val>
</String>
<String>
<Name></Name>
<Val>E</Val>
</String>
<String>
<Name></Name>
<Val>@</Val>
</String>
<String>
<Name></Name>
<Val>A</Val>
</String>
<String>
<Name></Name>
<Val>@</Val>
</String>
<String>
<Name></Name>
<Val>@</Val>
</String>
<String>
<Name></Name>
<Val>@</Val>
</String>
<String>
<Name></Name>
<Val>@</Val>
</String>
<String>
<Name></Name>
<Val>@</Val>
</String>
<String>
<Name></Name>
<Val>@</Val>
</String>
<String>
<Name></Name>
<Val>@</Val>
</String>
<String>
<Name></Name>
<Val>@</Val>
</String>
<String>
<Name></Name>
<Val>L</Val>
</String>
<String>
<Name></Name>
<Val>@</Val>
</String>
</Array>
<Cluster>
<Name>IntegrationParams</Name>
<NumElts>4</NumElts>
<DBL>
<Name>time start</Name>
<Val>0.00000000000000</Val>
</DBL>
<DBL>
<Name>time end</Name>
<Val>999.00000000000000</Val>
</DBL>
<DBL>
<Name>h (step rate)</Name>
<Val>0.10000000000000</Val>
</DBL>
<Array>
<Name>X0</Name>
<Dimsize>10</Dimsize>
<I32>
<Name></Name>
<Val>1</Val>
</I32>
<I32>
<Name></Name>
<Val>0</Val>
</I32>
<I32>
<Name></Name>
<Val>0</Val>
</I32>
<I32>
<Name></Name>
<Val>0</Val>
</I32>
<I32>
<Name></Name>
<Val>0</Val>
</I32>
<I32>
<Name></Name>
<Val>0</Val>
</I32>
<I32>
<Name></Name>
<Val>0</Val>
</I32>
<I32>
<Name></Name>
<Val>0</Val>
</I32>
<I32>
<Name></Name>
<Val>0</Val>
</I32>
<I32>
<Name></Name>
<Val>0</Val>
</I32>
</Array>
</Cluster>
<Array>
<Name>StateNames</Name>
<Dimsize>10</Dimsize>
<String>
<Name>string</Name>
<Val>a</Val>
</String>
<String>
<Name>string</Name>
<Val>b</Val>
</String>
<String>
<Name>string</Name>
<Val>c</Val>
</String>
<String>
<Name>string</Name>
<Val>d</Val>
</String>
<String>
<Name>string</Name>
<Val>e</Val>
</String>
<String>
<Name>string</Name>
<Val>f</Val>
</String>
<String>
<Name>string</Name>
<Val>g</Val>
</String>
<String>
<Name>string</Name>
<Val>h</Val>
</String>
<String>
<Name>string</Name>
<Val>i</Val>
</String>
<String>
<Name>string</Name>
<Val>j</Val>
</String>
</Array>
</Cluster>
</LVData>