<?xml version='1.0' standalone='yes' ?>
<LVData xmlns="http://www.ni.com/LVData">
<Version>10.0.1</Version>
<Cluster>
<Name>ModelData</Name>
<NumElts>7</NumElts>
<Array>
<Name>Transitions</Name>
<Dimsize>15</Dimsize>
<Dimsize>2</Dimsize>
<String>
<Name>string</Name>
<Val>A</Val>
</String>
<String>
<Name>string</Name>
<Val>A</Val>
</String>
<String>
<Name>string</Name>
<Val>B</Val>
</String>
<String>
<Name>string</Name>
<Val>B</Val>
</String>
<String>
<Name>string</Name>
<Val>C</Val>
</String>
<String>
<Name>string</Name>
<Val>C</Val>
</String>
<String>
<Name>string</Name>
<Val>D</Val>
</String>
<String>
<Name>string</Name>
<Val>D</Val>
</String>
<String>
<Name>string</Name>
<Val>E</Val>
</String>
<String>
<Name>string</Name>
<Val>E</Val>
</String>
<String>
<Name>string</Name>
<Val>F</Val>
</String>
<String>
<Name>string</Name>
<Val>F</Val>
</String>
<String>
<Name>string</Name>
<Val>G</Val>
</String>
<String>
<Name>string</Name>
<Val>G</Val>
</String>
<String>
<Name>string</Name>
<Val>H</Val>
</String>
<String>
<Name>string</Name>
<Val>H</Val>
</String>
<String>
<Name>string</Name>
<Val>I</Val>
</String>
<String>
<Name>string</Name>
<Val>I</Val>
</String>
<String>
<Name>string</Name>
<Val>J</Val>
</String>
<String>
<Name>string</Name>
<Val>J</Val>
</String>
<String>
<Name>string</Name>
<Val>K</Val>
</String>
<String>
<Name>string</Name>
<Val>K</Val>
</String>
<String>
<Name>string</Name>
<Val>L</Val>
</String>
<String>
<Name>string</Name>
<Val>L</Val>
</String>
<String>
<Name>string</Name>
<Val>M</Val>
</String>
<String>
<Name>string</Name>
<Val>M</Val>
</String>
<String>
<Name>string</Name>
<Val>N</Val>
</String>
<String>
<Name>string</Name>
<Val>N</Val>
</String>
<String>
<Name>string</Name>
<Val>O</Val>
</String>
<String>
<Name>string</Name>
<Val>O</Val>
</String>
</Array>
<Array>
<Name>RealValues</Name>
<Dimsize>15</Dimsize>
<Dimsize>2</Dimsize>
<String>
<Name>string</Name>
<Val>A</Val>
</String>
<String>
<Name>string</Name>
<Val>0,005115</Val>
</String>
<String>
<Name>string</Name>
<Val>B</Val>
</String>
<String>
<Name>string</Name>
<Val>0,096693</Val>
</String>
<String>
<Name>string</Name>
<Val>C</Val>
</String>
<String>
<Name>string</Name>
<Val>0,061506</Val>
</String>
<String>
<Name>string</Name>
<Val>D</Val>
</String>
<String>
<Name>string</Name>
<Val>0,022566</Val>
</String>
<String>
<Name>string</Name>
<Val>E</Val>
</String>
<String>
<Name>string</Name>
<Val>0,984190</Val>
</String>
<String>
<Name>string</Name>
<Val>F</Val>
</String>
<String>
<Name>string</Name>
<Val>0,006968</Val>
</String>
<String>
<Name>string</Name>
<Val>G</Val>
</String>
<String>
<Name>string</Name>
<Val>0,009916</Val>
</String>
<String>
<Name>string</Name>
<Val>H</Val>
</String>
<String>
<Name>string</Name>
<Val>0,739092</Val>
</String>
<String>
<Name>string</Name>
<Val>I</Val>
</String>
<String>
<Name>string</Name>
<Val>0,872150</Val>
</String>
<String>
<Name>string</Name>
<Val>J</Val>
</String>
<String>
<Name>string</Name>
<Val>0,081109</Val>
</String>
<String>
<Name>string</Name>
<Val>K</Val>
</String>
<String>
<Name>string</Name>
<Val>0,027397</Val>
</String>
<String>
<Name>string</Name>
<Val>L</Val>
</String>
<String>
<Name>string</Name>
<Val>0,093663</Val>
</String>
<String>
<Name>string</Name>
<Val>M</Val>
</String>
<String>
<Name>string</Name>
<Val>0,119800</Val>
</String>
<String>
<Name>string</Name>
<Val>N</Val>
</String>
<String>
<Name>string</Name>
<Val>0,004957</Val>
</String>
<String>
<Name>string</Name>
<Val>O</Val>
</String>
<String>
<Name>string</Name>
<Val>0,005300</Val>
</String>
</Array>
<Array>
<Name>Times</Name>
<Dimsize>100</Dimsize>
<DBL>
<Name></Name>
<Val>0.00000000000000</Val>
</DBL>
<DBL>
<Name></Name>
<Val>10.00000000000000</Val>
</DBL>
<DBL>
<Name></Name>
<Val>20.00000000000000</Val>
</DBL>
<DBL>
<Name></Name>
<Val>30.00000000000000</Val>
</DBL>
<DBL>
<Name></Name>
<Val>40.00000000000000</Val>
</DBL>
<DBL>
<Name></Name>
<Val>50.00000000000000</Val>
</DBL>
<DBL>
<Name></Name>
<Val>60.00000000000000</Val>
</DBL>
<DBL>
<Name></Name>
<Val>70.00000000000000</Val>
</DBL>
<DBL>
<Name></Name>
<Val>80.00000000000000</Val>
</DBL>
<DBL>
<Name></Name>
<Val>90.00000000000000</Val>
</DBL>
<DBL>
<Name></Name>
<Val>100.00000000000000</Val>
</DBL>
<DBL>
<Name></Name>
<Val>110.00000000000000</Val>
</DBL>
<DBL>
<Name></Name>
<Val>120.00000000000000</Val>
</DBL>
<DBL>
<Name></Name>
<Val>130.00000000000000</Val>
</DBL>
<DBL>
<Name></Name>
<Val>140.00000000000000</Val>
</DBL>
<DBL>
<Name></Name>
<Val>150.00000000000000</Val>
</DBL>
<DBL>
<Name></Name>
<Val>160.00000000000000</Val>
</DBL>
<DBL>
<Name></Name>
<Val>170.00000000000000</Val>
</DBL>
<DBL>
<Name></Name>
<Val>180.00000000000000</Val>
</DBL>
<DBL>
<Name></Name>
<Val>190.00000000000000</Val>
</DBL>
<DBL>
<Name></Name>
<Val>200.00000000000000</Val>
</DBL>
<DBL>
<Name></Name>
<Val>210.00000000000000</Val>
</DBL>
<DBL>
<Name></Name>
<Val>220.00000000000000</Val>
</DBL>
<DBL>
<Name></Name>
<Val>230.00000000000000</Val>
</DBL>
<DBL>
<Name></Name>
<Val>240.00000000000000</Val>
</DBL>
<DBL>
<Name></Name>
<Val>250.00000000000000</Val>
</DBL>
<DBL>
<Name></Name>
<Val>260.00000000000000</Val>
</DBL>
<DBL>
<Name></Name>
<Val>270.00000000000000</Val>
</DBL>
<DBL>
<Name></Name>
<Val>280.00000000000000</Val>
</DBL>
<DBL>
<Name></Name>
<Val>290.00000000000000</Val>
</DBL>
<DBL>
<Name></Name>
<Val>300.00000000000000</Val>
</DBL>
<DBL>
<Name></Name>
<Val>310.00000000000000</Val>
</DBL>
<DBL>
<Name></Name>
<Val>320.00000000000000</Val>
</DBL>
<DBL>
<Name></Name>
<Val>330.00000000000000</Val>
</DBL>
<DBL>
<Name></Name>
<Val>340.00000000000000</Val>
</DBL>
<DBL>
<Name></Name>
<Val>350.00000000000000</Val>
</DBL>
<DBL>
<Name></Name>
<Val>360.00000000000000</Val>
</DBL>
<DBL>
<Name></Name>
<Val>370.00000000000000</Val>
</DBL>
<DBL>
<Name></Name>
<Val>380.00000000000000</Val>
</DBL>
<DBL>
<Name></Name>
<Val>390.00000000000000</Val>
</DBL>
<DBL>
<Name></Name>
<Val>400.00000000000000</Val>
</DBL>
<DBL>
<Name></Name>
<Val>410.00000000000000</Val>
</DBL>
<DBL>
<Name></Name>
<Val>420.00000000000000</Val>
</DBL>
<DBL>
<Name></Name>
<Val>430.00000000000000</Val>
</DBL>
<DBL>
<Name></Name>
<Val>440.00000000000000</Val>
</DBL>
<DBL>
<Name></Name>
<Val>450.00000000000000</Val>
</DBL>
<DBL>
<Name></Name>
<Val>460.00000000000000</Val>
</DBL>
<DBL>
<Name></Name>
<Val>470.00000000000000</Val>
</DBL>
<DBL>
<Name></Name>
<Val>480.00000000000000</Val>
</DBL>
<DBL>
<Name></Name>
<Val>490.00000000000000</Val>
</DBL>
<DBL>
<Name></Name>
<Val>500.00000000000000</Val>
</DBL>
<DBL>
<Name></Name>
<Val>510.00000000000000</Val>
</DBL>
<DBL>
<Name></Name>
<Val>520.00000000000000</Val>
</DBL>
<DBL>
<Name></Name>
<Val>530.00000000000000</Val>
</DBL>
<DBL>
<Name></Name>
<Val>540.00000000000000</Val>
</DBL>
<DBL>
<Name></Name>
<Val>550.00000000000000</Val>
</DBL>
<DBL>
<Name></Name>
<Val>560.00000000000000</Val>
</DBL>
<DBL>
<Name></Name>
<Val>570.00000000000000</Val>
</DBL>
<DBL>
<Name></Name>
<Val>580.00000000000000</Val>
</DBL>
<DBL>
<Name></Name>
<Val>590.00000000000000</Val>
</DBL>
<DBL>
<Name></Name>
<Val>600.00000000000000</Val>
</DBL>
<DBL>
<Name></Name>
<Val>610.00000000000000</Val>
</DBL>
<DBL>
<Name></Name>
<Val>620.00000000000000</Val>
</DBL>
<DBL>
<Name></Name>
<Val>630.00000000000000</Val>
</DBL>
<DBL>
<Name></Name>
<Val>640.00000000000000</Val>
</DBL>
<DBL>
<Name></Name>
<Val>650.00000000000000</Val>
</DBL>
<DBL>
<Name></Name>
<Val>660.00000000000000</Val>
</DBL>
<DBL>
<Name></Name>
<Val>670.00000000000000</Val>
</DBL>
<DBL>
<Name></Name>
<Val>680.00000000000000</Val>
</DBL>
<DBL>
<Name></Name>
<Val>690.00000000000000</Val>
</DBL>
<DBL>
<Name></Name>
<Val>700.00000000000000</Val>
</DBL>
<DBL>
<Name></Name>
<Val>710.00000000000000</Val>
</DBL>
<DBL>
<Name></Name>
<Val>720.00000000000000</Val>
</DBL>
<DBL>
<Name></Name>
<Val>730.00000000000000</Val>
</DBL>
<DBL>
<Name></Name>
<Val>740.00000000000000</Val>
</DBL>
<DBL>
<Name></Name>
<Val>750.00000000000000</Val>
</DBL>
<DBL>
<Name></Name>
<Val>760.00000000000000</Val>
</DBL>
<DBL>
<Name></Name>
<Val>770.00000000000000</Val>
</DBL>
<DBL>
<Name></Name>
<Val>780.00000000000000</Val>
</DBL>
<DBL>
<Name></Name>
<Val>790.00000000000000</Val>
</DBL>
<DBL>
<Name></Name>
<Val>800.00000000000000</Val>
</DBL>
<DBL>
<Name></Name>
<Val>810.00000000000000</Val>
</DBL>
<DBL>
<Name></Name>
<Val>820.00000000000000</Val>
</DBL>
<DBL>
<Name></Name>
<Val>830.00000000000000</Val>
</DBL>
<DBL>
<Name></Name>
<Val>840.00000000000000</Val>
</DBL>
<DBL>
<Name></Name>
<Val>850.00000000000000</Val>
</DBL>
<DBL>
<Name></Name>
<Val>860.00000000000000</Val>
</DBL>
<DBL>
<Name></Name>
<Val>870.00000000000000</Val>
</DBL>
<DBL>
<Name></Name>
<Val>880.00000000000000</Val>
</DBL>
<DBL>
<Name></Name>
<Val>890.00000000000000</Val>
</DBL>
<DBL>
<Name></Name>
<Val>900.00000000000000</Val>
</DBL>
<DBL>
<Name></Name>
<Val>910.00000000000000</Val>
</DBL>
<DBL>
<Name></Name>
<Val>920.00000000000000</Val>
</DBL>
<DBL>
<Name></Name>
<Val>930.00000000000000</Val>
</DBL>
<DBL>
<Name></Name>
<Val>940.00000000000000</Val>
</DBL>
<DBL>
<Name></Name>
<Val>950.00000000000000</Val>
</DBL>
<DBL>
<Name></Name>
<Val>960.00000000000000</Val>
</DBL>
<DBL>
<Name></Name>
<Val>970.00000000000000</Val>
</DBL>
<DBL>
<Name></Name>
<Val>980.00000000000000</Val>
</DBL>
<DBL>
<Name></Name>
<Val>990.00000000000000</Val>
</DBL>
</Array>
<Array>
<Name>RealSolution</Name>
<Dimsize>100</Dimsize>
<Dimsize>10</Dimsize>
<DBL>
<Name></Name>
<Val>1.00000000000000</Val>
</DBL>
<DBL>
<Name></Name>
<Val>0.00000000000000</Val>
</DBL>
<DBL>
<Name></Name>
<Val>0.00000000000000</Val>
</DBL>
<DBL>
<Name></Name>
<Val>0.00000000000000</Val>
</DBL>
<DBL>
<Name></Name>
<Val>0.00000000000000</Val>
</DBL>
<DBL>
<Name></Name>
<Val>0.00000000000000</Val>
</DBL>
<DBL>
<Name></Name>
<Val>0.00000000000000</Val>
</DBL>
<DBL>
<Name></Name>
<Val>0.00000000000000</Val>
</DBL>
<DBL>
<Name></Name>
<Val>0.00000000000000</Val>
</DBL>
<DBL>
<Name></Name>
<Val>0.00000000000000</Val>
</DBL>
<DBL>
<Name></Name>
<Val>0.96262522278526</Val>
</DBL>
<DBL>
<Name></Name>
<Val>2.30325317432913E-2</Val>
</DBL>
<DBL>
<Name></Name>
<Val>9.60817940342110E-3</Val>
</DBL>
<DBL>
<Name></Name>
<Val>3.85816605471178E-3</Val>
</DBL>
<DBL>
<Name></Name>
<Val>8.37594532274379E-4</Val>
</DBL>
<DBL>
<Name></Name>
<Val>3.80980042617387E-5</Val>
</DBL>
<DBL>
<Name></Name>
<Val>2.06561538482356E-7</Val>
</DBL>
<DBL>
<Name></Name>
<Val>8.39637512159068E-10</Val>
</DBL>
<DBL>
<Name></Name>
<Val>7.50919497384850E-11</Val>
</DBL>
<DBL>
<Name></Name>
<Val>5.14073779851406E-13</Val>
</DBL>
<DBL>
<Name></Name>
<Val>0.93641321018321</Val>
</DBL>
<DBL>
<Name></Name>
<Val>2.58306499829278E-2</Val>
</DBL>
<DBL>
<Name></Name>
<Val>1.72362186844823E-2</Val>
</DBL>
<DBL>
<Name></Name>
<Val>1.35924086007750E-2</Val>
</DBL>
<DBL>
<Name></Name>
<Val>6.56673005005518E-3</Val>
</DBL>
<DBL>
<Name></Name>
<Val>3.58334401209415E-4</Val>
</DBL>
<DBL>
<Name></Name>
<Val>2.43243661212451E-6</Val>
</DBL>
<DBL>
<Name></Name>
<Val>1.30909443792289E-8</Val>
</DBL>
<DBL>
<Name></Name>
<Val>2.52781925900803E-9</Val>
</DBL>
<DBL>
<Name></Name>
<Val>4.19631988643611E-11</Val>
</DBL>
<DBL>
<Name></Name>
<Val>0.91242823435833</Val>
</DBL>
<DBL>
<Name></Name>
<Val>2.57479735144907E-2</Val>
</DBL>
<DBL>
<Name></Name>
<Val>2.03353271760651E-2</Val>
</DBL>
<DBL>
<Name></Name>
<Val>2.28822532416018E-2</Val>
</DBL>
<DBL>
<Name></Name>
<Val>1.75807600440816E-2</Val>
</DBL>
<DBL>
<Name></Name>
<Val>1.01796665939870E-3</Val>
</DBL>
<DBL>
<Name></Name>
<Val>7.42806405181605E-6</Val>
</DBL>
<DBL>
<Name></Name>
<Val>4.40537751253142E-8</Val>
</DBL>
<DBL>
<Name></Name>
<Val>1.25386877666563E-8</Val>
</DBL>
<DBL>
<Name></Name>
<Val>3.49518106066164E-10</Val>
</DBL>
<DBL>
<Name></Name>
<Val>0.88933582682972</Val>
</DBL>
<DBL>
<Name></Name>
<Val>2.52234362903214E-2</Val>
</DBL>
<DBL>
<Name></Name>
<Val>2.14593009540509E-2</Val>
</DBL>
<DBL>
<Name></Name>
<Val>3.03803168299555E-2</Val>
</DBL>
<DBL>
<Name></Name>
<Val>3.17008710123530E-2</Val>
</DBL>
<DBL>
<Name></Name>
<Val>1.88590868588720E-3</Val>
</DBL>
<DBL>
<Name></Name>
<Val>1.42179154453914E-5</Val>
</DBL>
<DBL>
<Name></Name>
<Val>8.84599310520355E-8</Val>
</DBL>
<DBL>
<Name></Name>
<Val>3.17491298497694E-8</Val>
</DBL>
<DBL>
<Name></Name>
<Val>1.27320208409069E-9</Val>
</DBL>
<DBL>
<Name></Name>
<Val>0.86689874303545</Val>
</DBL>
<DBL>
<Name></Name>
<Val>2.46289943027467E-2</Val>
</DBL>
<DBL>
<Name></Name>
<Val>2.18397548089918E-2</Val>
</DBL>
<DBL>
<Name></Name>
<Val>3.65955163808262E-2</Val>
</DBL>
<DBL>
<Name></Name>
<Val>4.71679056011001E-2</Val>
</DBL>
<DBL>
<Name></Name>
<Val>2.84704526404900E-3</Val>
</DBL>
<DBL>
<Name></Name>
<Val>2.18396276614375E-5</Val>
</DBL>
<DBL>
<Name></Name>
<Val>1.39710589989450E-7</Val>
</DBL>
<DBL>
<Name></Name>
<Val>5.81969057868531E-8</Val>
</DBL>
<DBL>
<Name></Name>
<Val>3.07168291584448E-9</Val>
</DBL>
<DBL>
<Name></Name>
<Val>0.84505608237987</Val>
</DBL>
<DBL>
<Name></Name>
<Val>2.40300686456484E-2</Val>
</DBL>
<DBL>
<Name></Name>
<Val>2.19426779879578E-2</Val>
</DBL>
<DBL>
<Name></Name>
<Val>4.20833534355007E-2</Val>
</DBL>
<DBL>
<Name></Name>
<Val>6.30209668462152E-2</Val>
</DBL>
<DBL>
<Name></Name>
<Val>3.83682712364219E-3</Val>
</DBL>
<DBL>
<Name></Name>
<Val>2.97350207043490E-5</Val>
</DBL>
<DBL>
<Name></Name>
<Val>1.93609691644791E-7</Val>
</DBL>
<DBL>
<Name></Name>
<Val>8.91168532520774E-8</Val>
</DBL>
<DBL>
<Name></Name>
<Val>5.83391554292736E-9</Val>
</DBL>
<DBL>
<Name></Name>
<Val>0.82378104204648</Val>
</DBL>
<DBL>
<Name></Name>
<Val>2.34406823809166E-2</Val>
</DBL>
<DBL>
<Name></Name>
<Val>2.19401180655604E-2</Val>
</DBL>
<DBL>
<Name></Name>
<Val>4.71668049466968E-2</Val>
</DBL>
<DBL>
<Name></Name>
<Val>7.88087745458507E-2</Val>
</DBL>
<DBL>
<Name></Name>
<Val>4.82456364453632E-3</Val>
</DBL>
<DBL>
<Name></Name>
<Val>3.76345401945685E-5</Val>
</DBL>
<DBL>
<Name></Name>
<Val>2.47986143988778E-7</Val>
</DBL>
<DBL>
<Name></Name>
<Val>1.22328114438582E-7</Val>
</DBL>
<DBL>
<Name></Name>
<Val>9.51550732358182E-9</Val>
</DBL>
<DBL>
<Name></Name>
<Val>0.80305534569631</Val>
</DBL>
<DBL>
<Name></Name>
<Val>2.28644227942435E-2</Val>
</DBL>
<DBL>
<Name></Name>
<Val>2.18970982907789E-2</Val>
</DBL>
<DBL>
<Name></Name>
<Val>5.20038815499165E-2</Val>
</DBL>
<DBL>
<Name></Name>
<Val>9.43364660631862E-2</Val>
</DBL>
<DBL>
<Name></Name>
<Val>5.79689368882067E-3</Val>
</DBL>
<DBL>
<Name></Name>
<Val>4.54196538081821E-5</Val>
</DBL>
<DBL>
<Name></Name>
<Val>3.01820056826978E-7</Val>
</DBL>
<DBL>
<Name></Name>
<Val>1.56442741077054E-7</Val>
</DBL>
<DBL>
<Name></Name>
<Val>1.40001383665523E-8</Val>
</DBL>
<DBL>
<Name></Name>
<Val>0.78286353449349</Val>
</DBL>
<DBL>
<Name></Name>
<Val>2.23022162006682E-2</Val>
</DBL>
<DBL>
<Name></Name>
<Val>2.18389087864921E-2</Val>
</DBL>
<DBL>
<Name></Name>
<Val>5.66671546169032E-2</Val>
</DBL>
<DBL>
<Name></Name>
<Val>0.10952615503850</Val>
</DBL>
<DBL>
<Name></Name>
<Val>6.74842439964390E-3</Val>
</DBL>
<DBL>
<Name></Name>
<Val>5.30419859115186E-5</Val>
</DBL>
<DBL>
<Name></Name>
<Val>3.54662209804158E-7</Val>
</DBL>
<DBL>
<Name></Name>
<Val>1.90669778137052E-7</Val>
</DBL>
<DBL>
<Name></Name>
<Val>1.91463969775960E-8</Val>
</DBL>
<DBL>
<Name></Name>
<Val>0.76319136376401</Val>
</DBL>
<DBL>
<Name></Name>
<Val>2.17541655577329E-2</Val>
</DBL>
<DBL>
<Name></Name>
<Val>2.17755985629227E-2</Val>
</DBL>
<DBL>
<Name></Name>
<Val>6.11897004345576E-2</Val>
</DBL>
<DBL>
<Name></Name>
<Val>0.12435079165155</Val>
</DBL>
<DBL>
<Name></Name>
<Val>7.67724035084056E-3</Val>
</DBL>
<DBL>
<Name></Name>
<Val>6.04839484320515E-5</Val>
</DBL>
<DBL>
<Name></Name>
<Val>4.06329057817632E-7</Val>
</DBL>
<DBL>
<Name></Name>
<Val>2.24586259671691E-7</Val>
</DBL>
<DBL>
<Name></Name>
<Val>2.48146437136322E-8</Val>
</DBL>
<DBL>
<Name></Name>
<Val>0.74402526404868</Val>
</DBL>
<DBL>
<Name></Name>
<Val>2.12200874458405E-2</Val>
</DBL>
<DBL>
<Name></Name>
<Val>2.17112063945717E-2</Val>
</DBL>
<DBL>
<Name></Name>
<Val>6.55872500845714E-2</Val>
</DBL>
<DBL>
<Name></Name>
<Val>0.13880480599846</Val>
</DBL>
<DBL>
<Name></Name>
<Val>8.58289937272664E-3</Val>
</DBL>
<DBL>
<Name></Name>
<Val>6.77410443714417E-5</Val>
</DBL>
<DBL>
<Name></Name>
<Val>4.56756761803022E-7</Val>
</DBL>
<DBL>
<Name></Name>
<Val>2.57974615158403E-7</Val>
</DBL>
<DBL>
<Name></Name>
<Val>3.08794070179248E-8</Val>
</DBL>
<DBL>
<Name></Name>
<Val>0.72535213683342</Val>
</DBL>
<DBL>
<Name></Name>
<Val>2.06996948664781E-2</Val>
</DBL>
<DBL>
<Name></Name>
<Val>2.16473555508824E-2</Val>
</DBL>
<DBL>
<Name></Name>
<Val>6.98680920900285E-2</Val>
</DBL>
<DBL>
<Name></Name>
<Val>0.15289150297645</Val>
</DBL>
<DBL>
<Name></Name>
<Val>9.46556957097629E-3</Val>
</DBL>
<DBL>
<Name></Name>
<Val>7.48142179539284E-5</Val>
</DBL>
<DBL>
<Name></Name>
<Val>5.05934387435851E-7</Val>
</DBL>
<DBL>
<Name></Name>
<Val>2.90725976703635E-7</Val>
</DBL>
<DBL>
<Name></Name>
<Val>3.72334439527675E-8</Val>
</DBL>
<DBL>
<Name></Name>
<Val>0.70715926969807</Val>
</DBL>
<DBL>
<Name></Name>
<Val>2.01926652669159E-2</Val>
</DBL>
<DBL>
<Name></Name>
<Val>2.15846872182616E-2</Val>
</DBL>
<DBL>
<Name></Name>
<Val>7.40373412257247E-2</Val>
</DBL>
<DBL>
<Name></Name>
<Val>0.16661774481418</Val>
</DBL>
<DBL>
<Name></Name>
<Val>1.03256647125637E-2</Val>
</DBL>
<DBL>
<Name></Name>
<Val>8.17066149410563E-5</Val>
</DBL>
<DBL>
<Name></Name>
<Val>5.53874039878413E-7</Val>
</DBL>
<DBL>
<Name></Name>
<Val>3.22787628081874E-7</Val>
</DBL>
<DBL>
<Name></Name>
<Val>4.37876712642934E-8</Val>
</DBL>
<DBL>
<Name></Name>
<Val>0.68943429725471</Val>
</DBL>
<DBL>
<Name></Name>
<Val>1.96986670292945E-2</Val>
</DBL>
<DBL>
<Name></Name>
<Val>2.15234408314507E-2</Val>
</DBL>
<DBL>
<Name></Name>
<Val>7.80987448524836E-2</Val>
</DBL>
<DBL>
<Name></Name>
<Val>0.17999173076683</Val>
</DBL>
<DBL>
<Name></Name>
<Val>1.11636918359280E-2</Val>
</DBL>
<DBL>
<Name></Name>
<Val>8.84222264276133E-5</Val>
</DBL>
<DBL>
<Name></Name>
<Val>6.00597674439277E-7</Val>
</DBL>
<DBL>
<Name></Name>
<Val>3.54135843251217E-7</Val>
</DBL>
<DBL>
<Name></Name>
<Val>5.04693577176367E-8</Val>
</DBL>
<DBL>
<Name></Name>
<Val>0.67216518038030</Val>
</DBL>
<DBL>
<Name></Name>
<Val>1.92173699716308E-2</Val>
</DBL>
<DBL>
<Name></Name>
<Val>2.14636911721149E-2</Val>
</DBL>
<DBL>
<Name></Name>
<Val>8.20554402069023E-2</Val>
</DBL>
<DBL>
<Name></Name>
<Val>0.19302207679520</Val>
</DBL>
<DBL>
<Name></Name>
<Val>1.19801880351102E-2</Val>
</DBL>
<DBL>
<Name></Name>
<Val>9.49653254521193E-5</Val>
</DBL>
<DBL>
<Name></Name>
<Val>6.46131302548692E-7</Val>
</DBL>
<DBL>
<Name></Name>
<Val>3.84762200202899E-7</Val>
</DBL>
<DBL>
<Name></Name>
<Val>5.72197881619221E-8</Val>
</DBL>
<DBL>
<Name></Name>
<Val>0.65534019297369</Val>
</DBL>
<DBL>
<Name></Name>
<Val>1.87484494897432E-2</Val>
</DBL>
<DBL>
<Name></Name>
<Val>2.14054457422677E-2</Val>
</DBL>
<DBL>
<Name></Name>
<Val>8.59102707671689E-2</Val>
</DBL>
<DBL>
<Name></Name>
<Val>0.20571743718968</Val>
</DBL>
<DBL>
<Name></Name>
<Val>1.27756944416339E-2</Val>
</DBL>
<DBL>
<Name></Name>
<Val>1.01340234710400E-4</Val>
</DBL>
<DBL>
<Name></Name>
<Val>6.90502445162594E-7</Val>
</DBL>
<DBL>
<Name></Name>
<Val>4.14666718594640E-7</Val>
</DBL>
<DBL>
<Name></Name>
<Val>6.39919513454162E-8</Val>
</DBL>
<DBL>
<Name></Name>
<Val>0.63894791190888</Val>
</DBL>
<DBL>
<Name></Name>
<Val>1.82915881269632E-2</Val>
</DBL>
<DBL>
<Name></Name>
<Val>2.13486848656715E-2</Val>
</DBL>
<DBL>
<Name></Name>
<Val>8.96659186222572E-2</Val>
</DBL>
<DBL>
<Name></Name>
<Val>0.21808635124368</Val>
</DBL>
<DBL>
<Name></Name>
<Val>1.35507456587789E-2</Val>
</DBL>
<DBL>
<Name></Name>
<Val>1.07551231937160E-4</Val>
</DBL>
<DBL>
<Name></Name>
<Val>7.33739005669405E-7</Val>
</DBL>
<DBL>
<Name></Name>
<Val>4.43854362523156E-7</Val>
</DBL>
<DBL>
<Name></Name>
<Val>7.07484690916303E-8</Val>
</DBL>
<DBL>
<Name></Name>
<Val>0.62297720841977</Val>
</DBL>
<DBL>
<Name></Name>
<Val>1.78464760954241E-2</Val>
</DBL>
<DBL>
<Name></Name>
<Val>2.12933782218659E-2</Val>
</DBL>
<DBL>
<Name></Name>
<Val>9.33249603483927E-2</Val>
</DBL>
<DBL>
<Name></Name>
<Val>0.23013718314248</Val>
</DBL>
<DBL>
<Name></Name>
<Val>1.43058655979146E-2</Val>
</DBL>
<DBL>
<Name></Name>
<Val>1.13602512371529E-4</Val>
</DBL>
<DBL>
<Name></Name>
<Val>7.75868763427468E-7</Val>
</DBL>
<DBL>
<Name></Name>
<Val>4.72333186186748E-7</Val>
</DBL>
<DBL>
<Name></Name>
<Val>7.74598270667676E-8</Val>
</DBL>
<DBL>
<Name></Name>
<Val>0.60741724018982</Val>
</DBL>
<DBL>
<Name></Name>
<Val>1.74128113696733E-2</Val>
</DBL>
<DBL>
<Name></Name>
<Val>2.12394916610017E-2</Val>
</DBL>
<DBL>
<Name></Name>
<Val>9.68898911393744E-2</Val>
</DBL>
<DBL>
<Name></Name>
<Val>0.24187810036898</Val>
</DBL>
<DBL>
<Name></Name>
<Val>1.50415659609838E-2</Val>
</DBL>
<DBL>
<Name></Name>
<Val>1.19498174839529E-4</Val>
</DBL>
<DBL>
<Name></Name>
<Val>8.16919140364196E-7</Val>
</DBL>
<DBL>
<Name></Name>
<Val>5.00113287172146E-7</Val>
</DBL>
<DBL>
<Name></Name>
<Val>8.41028994719438E-8</Val>
</DBL>
<DBL>
<Name></Name>
<Val>0.59225744384459</Val>
</DBL>
<DBL>
<Name></Name>
<Val>1.69902996071432E-2</Val>
</DBL>
<DBL>
<Name></Name>
<Val>2.11869900057356E-2</Val>
</DBL>
<DBL>
<Name></Name>
<Val>0.10036313576262</Val>
</DBL>
<DBL>
<Name></Name>
<Val>0.25331706796639</Val>
</DBL>
<DBL>
<Name></Name>
<Val>1.57583458129480E-2</Val>
</DBL>
<DBL>
<Name></Name>
<Val>1.25242217578216E-4</Val>
</DBL>
<DBL>
<Name></Name>
<Val>8.56917089581645E-7</Val>
</DBL>
<DBL>
<Name></Name>
<Val>5.27206167646723E-7</Val>
</DBL>
<DBL>
<Name></Name>
<Val>9.06597347124062E-8</Val>
</DBL>
<DBL>
<Name></Name>
<Val>0.57748752771987</Val>
</DBL>
<DBL>
<Name></Name>
<Val>1.65786540001948E-2</Val>
</DBL>
<DBL>
<Name></Name>
<Val>2.11358381953028E-2</Val>
</DBL>
<DBL>
<Name></Name>
<Val>0.10374705403734</Val>
</DBL>
<DBL>
<Name></Name>
<Val>0.26446184927927</Val>
</DBL>
<DBL>
<Name></Name>
<Val>1.64566916000554E-2</Val>
</DBL>
<DBL>
<Name></Name>
<Val>1.30838538054588E-4</Val>
</DBL>
<DBL>
<Name></Name>
<Val>8.95889040108387E-7</Val>
</DBL>
<DBL>
<Name></Name>
<Val>5.53624312230756E-7</Val>
</DBL>
<DBL>
<Name></Name>
<Val>9.71165629348643E-8</Val>
</DBL>
<DBL>
<Name></Name>
<Val>0.56309746484980</Val>
</DBL>
<DBL>
<Name></Name>
<Val>1.61775951028515E-2</Val>
</DBL>
<DBL>
<Name></Name>
<Val>2.10860017446620E-2</Val>
</DBL>
<DBL>
<Name></Name>
<Val>0.10704394402177</Val>
</DBL>
<DBL>
<Name></Name>
<Val>0.27532000929425</Val>
</DBL>
<DBL>
<Name></Name>
<Val>1.71370773475123E-2</Val>
</DBL>
<DBL>
<Name></Name>
<Val>1.36290934400481E-4</Val>
</DBL>
<DBL>
<Name></Name>
<Val>9.33860868800353E-7</Val>
</DBL>
<DBL>
<Name></Name>
<Val>5.79380889640659E-7</Val>
</DBL>
<DBL>
<Name></Name>
<Val>1.03462988063533E-7</Val>
</DBL>
<DBL>
<Name></Name>
<Val>0.54907748614942</Val>
</DBL>
<DBL>
<Name></Name>
<Val>1.57868506499548E-2</Val>
</DBL>
<DBL>
<Name></Name>
<Val>2.10374469208051E-2</Val>
</DBL>
<DBL>
<Name></Name>
<Val>0.11025604422919</Val>
</DBL>
<DBL>
<Name></Name>
<Val>0.28589891897794</Val>
</DBL>
<DBL>
<Name></Name>
<Val>1.77999649264682E-2</Val>
</DBL>
<DBL>
<Name></Name>
<Val>1.41603107479437E-4</Val>
</DBL>
<DBL>
<Name></Name>
<Val>9.70857886358854E-7</Val>
</DBL>
<DBL>
<Name></Name>
<Val>6.04489531320274E-7</Val>
</DBL>
<DBL>
<Name></Name>
<Val>1.09691331481398E-7</Val>
</DBL>
<DBL>
<Name></Name>
<Val>0.53541807377834</Val>
</DBL>
<DBL>
<Name></Name>
<Val>1.54061553759960E-2</Val>
</DBL>
<DBL>
<Name></Name>
<Val>2.09901408024608E-2</Val>
</DBL>
<DBL>
<Name></Name>
<Val>0.11338553541885</Val>
</DBL>
<DBL>
<Name></Name>
<Val>0.29620575995118</Val>
</DBL>
<DBL>
<Name></Name>
<Val>1.84458043449043E-2</Val>
</DBL>
<DBL>
<Name></Name>
<Val>1.46778663178897E-4</Val>
</DBL>
<DBL>
<Name></Name>
<Val>1.00690483138647E-6</Val>
</DBL>
<DBL>
<Name></Name>
<Val>6.28964162064567E-7</Val>
</DBL>
<DBL>
<Name></Name>
<Val>1.15796099576411E-7</Val>
</DBL>
<DBL>
<Name></Name>
<Val>0.52210995467756</Val>
</DBL>
<DBL>
<Name></Name>
<Val>1.50352508365501E-2</Val>
</DBL>
<DBL>
<Name></Name>
<Val>2.09440512919147E-2</Val>
</DBL>
<DBL>
<Name></Name>
<Val>0.11643454218880</Val>
</DBL>
<DBL>
<Name></Name>
<Val>0.30624752922835</Val>
</DBL>
<DBL>
<Name></Name>
<Val>1.90750340437659E-2</Val>
</DBL>
<DBL>
<Name></Name>
<Val>1.51821114760083E-4</Val>
</DBL>
<DBL>
<Name></Name>
<Val>1.04202586946834E-6</Val>
</DBL>
<DBL>
<Name></Name>
<Val>6.52818868166414E-7</Val>
</DBL>
<DBL>
<Name></Name>
<Val>1.21773552120262E-7</Val>
</DBL>
<DBL>
<Name></Name>
<Val>0.50914409427347</Val>
</DBL>
<DBL>
<Name></Name>
<Val>1.46738852334509E-2</Val>
</DBL>
<DBL>
<Name></Name>
<Val>2.08991471073570E-2</Val>
</DBL>
<DBL>
<Name></Name>
<Val>0.11940513446478</Val>
</DBL>
<DBL>
<Name></Name>
<Val>0.31603104391126</Val>
</DBL>
<DBL>
<Name></Name>
<Val>1.96880811907396E-2</Val>
</DBL>
<DBL>
<Name></Name>
<Val>1.56733885196859E-4</Val>
</DBL>
<DBL>
<Name></Name>
<Val>1.07624459565358E-6</Val>
</DBL>
<DBL>
<Name></Name>
<Val>6.76067793929546E-7</Val>
</DBL>
<DBL>
<Name></Name>
<Val>1.27621352579855E-7</Val>
</DBL>
<DBL>
<Name></Name>
<Val>0.49651169034414</Val>
</DBL>
<DBL>
<Name></Name>
<Val>1.43218132441106E-2</Val>
</DBL>
<DBL>
<Name></Name>
<Val>2.08553977674987E-2</Val>
</DBL>
<DBL>
<Name></Name>
<Val>0.12229932892467</Val>
</DBL>
<DBL>
<Name></Name>
<Val>0.32556294579407</Val>
</DBL>
<DBL>
<Name></Name>
<Val>2.02853619686514E-2</Val>
</DBL>
<DBL>
<Name></Name>
<Val>1.61520309475802E-4</Val>
</DBL>
<DBL>
<Name></Name>
<Val>1.10958403936766E-6</Val>
</DBL>
<DBL>
<Name></Name>
<Val>6.98725060258353E-7</Val>
</DBL>
<DBL>
<Name></Name>
<Val>1.33338284937487E-7</Val>
</DBL>
<DBL>
<Name></Name>
<Val>0.48420416704361</Val>
</DBL>
<DBL>
<Name></Name>
<Val>1.39787958550837E-2</Val>
</DBL>
<DBL>
<Name></Name>
<Val>2.08127735733040E-2</Val>
</DBL>
<DBL>
<Name></Name>
<Val>0.12511909037566</Val>
</DBL>
<DBL>
<Name></Name>
<Val>0.33484970586275</Val>
</DBL>
<DBL>
<Name></Name>
<Val>2.08672818573461E-2</Val>
</DBL>
<DBL>
<Name></Name>
<Val>1.66183636846736E-4</Val>
</DBL>
<DBL>
<Name></Name>
<Val>1.14206667111847E-6</Val>
</DBL>
<DBL>
<Name></Name>
<Val>7.20804700722630E-7</Val>
</DBL>
<DBL>
<Name></Name>
<Val>1.38924024469241E-7</Val>
</DBL>
<DBL>
<Name></Name>
<Val>0.47221316907990</Val>
</DBL>
<DBL>
<Name></Name>
<Val>1.36446001998506E-2</Val>
</DBL>
<DBL>
<Name></Name>
<Val>2.07712455888350E-2</Val>
</DBL>
<DBL>
<Name></Name>
<Val>0.12786633309144</Val>
</DBL>
<DBL>
<Name></Name>
<Val>0.34389762868429</Val>
</DBL>
<DBL>
<Name></Name>
<Val>2.14342359086890E-2</Val>
</DBL>
<DBL>
<Name></Name>
<Val>1.70727033019963E-4</Val>
</DBL>
<DBL>
<Name></Name>
<Val>1.17371441054357E-6</Val>
</DBL>
<DBL>
<Name></Name>
<Val>7.42320611583103E-7</Val>
</DBL>
<DBL>
<Name></Name>
<Val>1.44378952285273E-7</Val>
</DBL>
<DBL>
<Name></Name>
<Val>0.46053055604271</Val>
</DBL>
<DBL>
<Name></Name>
<Val>1.33189994007483E-2</Val>
</DBL>
<DBL>
<Name></Name>
<Val>2.07307856220269E-2</Val>
</DBL>
<DBL>
<Name></Name>
<Val>0.13054292211319</Val>
</DBL>
<DBL>
<Name></Name>
<Val>0.35271285668522</Val>
</DBL>
<DBL>
<Name></Name>
<Val>2.19866090146480E-2</Val>
</DBL>
<DBL>
<Name></Name>
<Val>1.75153582309394E-4</Val>
</DBL>
<DBL>
<Name></Name>
<Val>1.20454863545969E-6</Val>
</DBL>
<DBL>
<Name></Name>
<Val>7.63286513022893E-7</Val>
</DBL>
<DBL>
<Name></Name>
<Val>1.49704005355316E-7</Val>
</DBL>
<DBL>
<Name></Name>
<Val>0.44914839687716</Val>
</DBL>
<DBL>
<Name></Name>
<Val>1.30017724149566E-2</Val>
</DBL>
<DBL>
<Name></Name>
<Val>2.06913662057251E-2</Val>
</DBL>
<DBL>
<Name></Name>
<Val>0.13315067451630</Val>
</DBL>
<DBL>
<Name></Name>
<Val>0.36130137432093</Val>
</DBL>
<DBL>
<Name></Name>
<Val>2.25247761685444E-2</Val>
</DBL>
<DBL>
<Name></Name>
<Val>1.79466289721948E-4</Val>
</DBL>
<DBL>
<Name></Name>
<Val>1.23459019165234E-6</Val>
</DBL>
<DBL>
<Name></Name>
<Val>7.83715919392544E-7</Val>
</DBL>
<DBL>
<Name></Name>
<Val>1.54900555303892E-7</Val>
</DBL>
<DBL>
<Name></Name>
<Val>0.43805896449952</Val>
</DBL>
<DBL>
<Name></Name>
<Val>1.26927038844398E-2</Val>
</DBL>
<DBL>
<Name></Name>
<Val>2.06529605791132E-2</Val>
</DBL>
<DBL>
<Name></Name>
<Val>0.13569136064425</Val>
</DBL>
<DBL>
<Name></Name>
<Val>0.36966901213824</Val>
</DBL>
<DBL>
<Name></Name>
<Val>2.30491027196102E-2</Val>
</DBL>
<DBL>
<Name></Name>
<Val>1.83668082994132E-4</Val>
</DBL>
<DBL>
<Name></Name>
<Val>1.26385940319947E-6</Val>
</DBL>
<DBL>
<Name></Name>
<Val>8.03622116709165E-7</Val>
</DBL>
<DBL>
<Name></Name>
<Val>1.59970310527865E-7</Val>
</DBL>
<DBL>
<Name></Name>
<Val>0.42725473055149</Val>
</DBL>
<DBL>
<Name></Name>
<Val>1.23915839897473E-2</Val>
</DBL>
<DBL>
<Name></Name>
<Val>2.06155426695784E-2</Val>
</DBL>
<DBL>
<Name></Name>
<Val>0.13816670531057</Val>
</DBL>
<DBL>
<Name></Name>
<Val>0.37782145073356</Val>
</DBL>
<DBL>
<Name></Name>
<Val>2.35599446210096E-2</Val>
</DBL>
<DBL>
<Name></Name>
<Val>1.87761814576881E-4</Val>
</DBL>
<DBL>
<Name></Name>
<Val>1.29237608316542E-6</Val>
</DBL>
<DBL>
<Name></Name>
<Val>8.23018145991375E-7</Val>
</DBL>
<DBL>
<Name></Name>
<Val>1.64915237218140E-7</Val>
</DBL>
<DBL>
<Name></Name>
<Val>0.41672836028937</Val>
</DBL>
<DBL>
<Name></Name>
<Val>1.20982083075720E-2</Val>
</DBL>
<DBL>
<Name></Name>
<Val>2.05790870750258E-2</Val>
</DBL>
<DBL>
<Name></Name>
<Val>0.14057838896983</Val>
</DBL>
<DBL>
<Name></Name>
<Val>0.38576422460931</Val>
</DBL>
<DBL>
<Name></Name>
<Val>2.40576486714859E-2</Val>
</DBL>
<DBL>
<Name></Name>
<Val>1.91750263569833E-4</Val>
</DBL>
<DBL>
<Name></Name>
<Val>1.32015954453506E-6</Val>
</DBL>
<DBL>
<Name></Name>
<Val>8.41916791284118E-7</Val>
</DBL>
<DBL>
<Name></Name>
<Val>1.69737495702426E-7</Val>
</DBL>
<DBL>
<Name></Name>
<Val>0.40647270760465</Val>
</DBL>
<DBL>
<Name></Name>
<Val>1.18123776719726E-2</Val>
</DBL>
<DBL>
<Name></Name>
<Val>2.05435690466410E-2</Val>
</DBL>
<DBL>
<Name></Name>
<Val>0.14292804885853</Val>
</DBL>
<DBL>
<Name></Name>
<Val>0.39350272593123</Val>
</DBL>
<DBL>
<Name></Name>
<Val>2.45425527507946E-2</Val>
</DBL>
<DBL>
<Name></Name>
<Val>1.95636137606234E-4</Val>
</DBL>
<DBL>
<Name></Name>
<Val>1.34722861128420E-6</Val>
</DBL>
<DBL>
<Name></Name>
<Val>8.60330571446340E-7</Val>
</DBL>
<DBL>
<Name></Name>
<Val>1.74439389203275E-7</Val>
</DBL>
<DBL>
<Name></Name>
<Val>0.39648081017273</Val>
</DBL>
<DBL>
<Name></Name>
<Val>1.15338980391647E-2</Val>
</DBL>
<DBL>
<Name></Name>
<Val>2.05089644720924E-2</Val>
</DBL>
<DBL>
<Name></Name>
<Val>0.14521728010657</Val>
</DBL>
<DBL>
<Name></Name>
<Val>0.40104220818898</Val>
</DBL>
<DBL>
<Name></Name>
<Val>2.50149860490837E-2</Val>
</DBL>
<DBL>
<Name></Name>
<Val>1.99422074689664E-4</Val>
</DBL>
<DBL>
<Name></Name>
<Val>1.37360162950376E-6</Val>
</DBL>
<DBL>
<Name></Name>
<Val>8.78271734951415E-7</Val>
</DBL>
<DBL>
<Name></Name>
<Val>1.79023322655084E-7</Val>
</DBL>
<DBL>
<Name></Name>
<Val>0.38674588472632</Val>
</DBL>
<DBL>
<Name></Name>
<Val>1.12625803557888E-2</Val>
</DBL>
<DBL>
<Name></Name>
<Val>2.04752498591643E-2</Val>
</DBL>
<DBL>
<Name></Name>
<Val>0.14744763682019</Val>
</DBL>
<DBL>
<Name></Name>
<Val>0.40838778976267</Val>
</DBL>
<DBL>
<Name></Name>
<Val>2.54752692903732E-2</Val>
</DBL>
<DBL>
<Name></Name>
<Val>2.03110644983764E-4</Val>
</DBL>
<DBL>
<Name></Name>
<Val>1.39929647851241E-6</Val>
</DBL>
<DBL>
<Name></Name>
<Val>8.95752257093118E-7</Val>
</DBL>
<DBL>
<Name></Name>
<Val>1.83491769669282E-7</Val>
</DBL>
<DBL>
<Name></Name>
<Val>0.37726132245043</Val>
</DBL>
<DBL>
<Name></Name>
<Val>1.09982404305666E-2</Val>
</DBL>
<DBL>
<Name></Name>
<Val>2.04424023198101E-2</Val>
</DBL>
<DBL>
<Name></Name>
<Val>0.14962063313703</Val>
</DBL>
<DBL>
<Name></Name>
<Val>0.41554445739765</Val>
</DBL>
<DBL>
<Name></Name>
<Val>2.59237149502880E-2</Val>
</DBL>
<DBL>
<Name></Name>
<Val>2.06704352556126E-4</Val>
</DBL>
<DBL>
<Name></Name>
<Val>1.42433058190596E-6</Val>
</DBL>
<DBL>
<Name></Name>
<Val>9.12783839105877E-7</Val>
</DBL>
<DBL>
<Name></Name>
<Val>1.87847246098322E-7</Val>
</DBL>
<DBL>
<Name></Name>
<Val>0.36802068449586</Val>
</DBL>
<DBL>
<Name></Name>
<Val>1.07406988092576E-2</Val>
</DBL>
<DBL>
<Name></Name>
<Val>2.04103995546149E-2</Val>
</DBL>
<DBL>
<Name></Name>
<Val>0.15173774425404</Val>
</DBL>
<DBL>
<Name></Name>
<Val>0.42251706958985</Val>
</DBL>
<DBL>
<Name></Name>
<Val>2.63606274681913E-2</Val>
</DBL>
<DBL>
<Name></Name>
<Val>2.10205637077487E-4</Val>
</DBL>
<DBL>
<Name></Name>
<Val>1.44872091850311E-6</Val>
</DBL>
<DBL>
<Name></Name>
<Val>9.29377908801787E-7</Val>
</DBL>
<DBL>
<Name></Name>
<Val>1.92092288942163E-7</Val>
</DBL>
<DBL>
<Name></Name>
<Val>0.35901769760792</Val>
</DBL>
<DBL>
<Name></Name>
<Val>1.04897806528323E-2</Val>
</DBL>
<DBL>
<Name></Name>
<Val>2.03792198376585E-2</Val>
</DBL>
<DBL>
<Name></Name>
<Val>0.15380040742896</Val>
</DBL>
<DBL>
<Name></Name>
<Val>0.42931035988420</Val>
</DBL>
<DBL>
<Name></Name>
<Val>2.67863034538616E-2</Val>
</DBL>
<DBL>
<Name></Name>
<Val>2.13616875477357E-4</Val>
</DBL>
<DBL>
<Name></Name>
<Val>1.47248403315608E-6</Val>
</DBL>
<DBL>
<Name></Name>
<Val>9.45545622402989E-7</Val>
</DBL>
<DBL>
<Name></Name>
<Val>1.96229439578608E-7</Val>
</DBL>
<DBL>
<Name></Name>
<Val>0.35024624986775</Val>
</DBL>
<DBL>
<Name></Name>
<Val>1.02453156187776E-2</Val>
</DBL>
<DBL>
<Name></Name>
<Val>2.03488420017659E-2</Val>
</DBL>
<DBL>
<Name></Name>
<Val>0.15581002295607</Val>
</DBL>
<DBL>
<Name></Name>
<Val>0.43592894008807</Val>
</DBL>
<DBL>
<Name></Name>
<Val>2.72010318888545E-2</Val>
</DBL>
<DBL>
<Name></Name>
<Val>2.16940383557156E-4</Val>
</DBL>
<DBL>
<Name></Name>
<Val>1.49563604740194E-6</Val>
</DBL>
<DBL>
<Name></Name>
<Val>9.61297867309636E-7</Val>
</DBL>
<DBL>
<Name></Name>
<Val>2.00261230491616E-7</Val>
</DBL>
<DBL>
<Name></Name>
<Val>0.34170038654304</Val>
</DBL>
<DBL>
<Name></Name>
<Val>1.00071377454551E-2</Val>
</DBL>
<DBL>
<Name></Name>
<Val>2.03192454241386E-2</Val>
</DBL>
<DBL>
<Name></Name>
<Val>0.15776795511682</Val>
</DBL>
<DBL>
<Name></Name>
<Val>0.44237730340218</Val>
</DBL>
<DBL>
<Name></Name>
<Val>2.76050943226862E-2</Val>
</DBL>
<DBL>
<Name></Name>
<Val>2.20178417561959E-4</Val>
</DBL>
<DBL>
<Name></Name>
<Val>1.51819266993629E-6</Val>
</DBL>
<DBL>
<Name></Name>
<Val>9.76645265593658E-7</Val>
</DBL>
<DBL>
<Name></Name>
<Val>2.04190174828019E-7</Val>
</DBL>
<DBL>
<Name></Name>
<Val>0.33337430604550</Val>
</DBL>
<DBL>
<Name></Name>
<Val>9.77508533943432E-3</Val>
</DBL>
<DBL>
<Name></Name>
<Val>2.02904100123544E-2</Val>
</DBL>
<DBL>
<Name></Name>
<Val>0.15967553310600</Val>
</DBL>
<DBL>
<Name></Name>
<Val>0.44865982747089</Val>
</DBL>
<DBL>
<Name></Name>
<Val>2.79987650639712E-2</Val>
</DBL>
<DBL>
<Name></Name>
<Val>2.23333175711880E-4</Val>
</DBL>
<DBL>
<Name></Name>
<Val>1.54016920689569E-6</Val>
</DBL>
<DBL>
<Name></Name>
<Val>9.91598178049016E-7</Val>
</DBL>
<DBL>
<Name></Name>
<Val>2.08018758239838E-7</Val>
</DBL>
<DBL>
<Name></Name>
<Val>0.32526235599228</Val>
</DBL>
<DBL>
<Name></Name>
<Val>9.54900086572205E-3</Val>
</DBL>
<DBL>
<Name></Name>
<Val>2.02623161907277E-2</Val>
</DBL>
<DBL>
<Name></Name>
<Val>0.16153405193408</Val>
</DBL>
<DBL>
<Name></Name>
<Val>0.45478077735414</Val>
</DBL>
<DBL>
<Name></Name>
<Val>2.83823113666438E-2</Val>
</DBL>
<DBL>
<Name></Name>
<Val>2.26406799694128E-4</Val>
</DBL>
<DBL>
<Name></Name>
<Val>1.56158057193893E-6</Val>
</DBL>
<DBL>
<Name></Name>
<Val>1.00616670866198E-6</Val>
</DBL>
<DBL>
<Name></Name>
<Val>2.11749432572203E-7</Val>
</DBL>
<DBL>
<Name></Name>
<Val>0.31735902936877</Val>
</DBL>
<DBL>
<Name></Name>
<Val>9.32873084081589E-3</Val>
</DBL>
<DBL>
<Name></Name>
<Val>2.02349448870197E-2</Val>
</DBL>
<DBL>
<Name></Name>
<Val>0.16334477330642</Val>
</DBL>
<DBL>
<Name></Name>
<Val>0.46074430842285</Val>
</DBL>
<DBL>
<Name></Name>
<Val>2.87559936113915E-2</Val>
</DBL>
<DBL>
<Name></Name>
<Val>2.29401376116731E-4</Val>
</DBL>
<DBL>
<Name></Name>
<Val>1.58244129612040E-6</Val>
</DBL>
<DBL>
<Name></Name>
<Val>1.02036070939158E-6</Val>
</DBL>
<DBL>
<Name></Name>
<Val>2.15384611040242E-7</Val>
</DBL>
<DBL>
<Name></Name>
<Val>0.30965896078991</Val>
</DBL>
<DBL>
<Name></Name>
<Val>9.11412572850779E-3</Val>
</DBL>
<DBL>
<Name></Name>
<Val>2.02082775194916E-2</Val>
</DBL>
<DBL>
<Name></Name>
<Val>0.16510892647979</Val>
</DBL>
<DBL>
<Name></Name>
<Val>0.46655446917997</Val>
</DBL>
<DBL>
<Name></Name>
<Val>2.91200654824210E-2</Val>
</DBL>
<DBL>
<Name></Name>
<Val>2.32318937924913E-4</Val>
</DBL>
<DBL>
<Name></Name>
<Val>1.60276553755123E-6</Val>
</DBL>
<DBL>
<Name></Name>
<Val>1.03418978517181E-6</Val>
</DBL>
<DBL>
<Name></Name>
<Val>2.18926664605911E-7</Val>
</DBL>
<DBL>
<Name></Name>
<Val>0.30215692285784</Val>
</DBL>
<DBL>
<Name></Name>
<Val>8.90503983836733E-3</Val>
</DBL>
<DBL>
<Name></Name>
<Val>2.01822959842897E-2</Val>
</DBL>
<DBL>
<Name></Name>
<Val>0.16682770909686</Val>
</DBL>
<DBL>
<Name></Name>
<Val>0.47221520400887</Val>
</DBL>
<DBL>
<Name></Name>
<Val>2.94747741396786E-2</Val>
</DBL>
<DBL>
<Name></Name>
<Val>2.35161465781070E-4</Val>
</DBL>
<DBL>
<Name></Name>
<Val>1.62256709084569E-6</Val>
</DBL>
<DBL>
<Name></Name>
<Val>1.04766329906491E-6</Val>
</DBL>
<DBL>
<Name></Name>
<Val>2.22377919320554E-7</Val>
</DBL>
<DBL>
<Name></Name>
<Val>0.29484782261312</Val>
</DBL>
<DBL>
<Name></Name>
<Val>8.70133122683598E-3</Val>
</DBL>
<DBL>
<Name></Name>
<Val>2.01569826431553E-2</Val>
</DBL>
<DBL>
<Name></Name>
<Val>0.16850228799930</Val>
</DBL>
<DBL>
<Name></Name>
<Val>0.47773035585111</Val>
</DBL>
<DBL>
<Name></Name>
<Val>2.98203603866420E-2</Val>
</DBL>
<DBL>
<Name></Name>
<Val>2.37930889409283E-4</Val>
</DBL>
<DBL>
<Name></Name>
<Val>1.64185939635204E-6</Val>
</DBL>
<DBL>
<Name></Name>
<Val>1.06079037750873E-6</Val>
</DBL>
<DBL>
<Name></Name>
<Val>2.25740654443452E-7</Val>
</DBL>
<DBL>
<Name></Name>
<Val>0.28772669807719</Val>
</DBL>
<DBL>
<Name></Name>
<Val>8.50286160086482E-3</Val>
</DBL>
<DBL>
<Name></Name>
<Val>2.01323203114508E-2</Val>
</DBL>
<DBL>
<Name></Name>
<Val>0.17013380001988</Val>
</DBL>
<DBL>
<Name></Name>
<Val>0.48310366881535</Val>
</DBL>
<DBL>
<Name></Name>
<Val>3.01570588337957E-2</Val>
</DBL>
<DBL>
<Name></Name>
<Val>2.40629088905270E-4</Val>
</DBL>
<DBL>
<Name></Name>
<Val>1.66065554916829E-6</Val>
</DBL>
<DBL>
<Name></Name>
<Val>1.07357991561320E-6</Val>
</DBL>
<DBL>
<Name></Name>
<Val>2.29017101182650E-7</Val>
</DBL>
<DBL>
<Name></Name>
<Val>0.28078871488388</Val>
</DBL>
<DBL>
<Name></Name>
<Val>8.30949622403064E-3</Val>
</DBL>
<DBL>
<Name></Name>
<Val>2.01082922464932E-2</Val>
</DBL>
<DBL>
<Name></Name>
<Val>0.17172335275427</Val>
</DBL>
<DBL>
<Name></Name>
<Val>0.48833879071908</Val>
</DBL>
<DBL>
<Name></Name>
<Val>3.04850980579030E-2</Val>
</DBL>
<DBL>
<Name></Name>
<Val>2.43257896012661E-4</Val>
</DBL>
<DBL>
<Name></Name>
<Val>1.67896830794397E-6</Val>
</DBL>
<DBL>
<Name></Name>
<Val>1.08604058246958E-6</Val>
</DBL>
<DBL>
<Name></Name>
<Val>2.32209441933597E-7</Val>
</DBL>
<DBL>
<Name></Name>
<Val>0.27402916299740</Val>
</DBL>
<DBL>
<Name></Name>
<Val>8.12110382506653E-3</Val>
</DBL>
<DBL>
<Name></Name>
<Val>2.00848821361882E-2</Val>
</DBL>
<DBL>
<Name></Name>
<Val>0.17327202531294</Val>
</DBL>
<DBL>
<Name></Name>
<Val>0.49343927556512</Val>
</DBL>
<DBL>
<Name></Name>
<Val>3.08047007571814E-2</Val>
</DBL>
<DBL>
<Name></Name>
<Val>2.45819095366468E-4</Val>
</DBL>
<DBL>
<Name></Name>
<Val>1.69681010347027E-6</Val>
</DBL>
<DBL>
<Name></Name>
<Val>1.09818082644426E-6</Val>
</DBL>
<DBL>
<Name></Name>
<Val>2.35319809914833E-7</Val>
</DBL>
<DBL>
<Name></Name>
<Val>0.26744345351484</Val>
</DBL>
<DBL>
<Name></Name>
<Val>7.93755650874481E-3</Val>
</DBL>
<DBL>
<Name></Name>
<Val>2.00620740879564E-2</Val>
</DBL>
<DBL>
<Name></Name>
<Val>0.17478086905377</Val>
</DBL>
<DBL>
<Name></Name>
<Val>0.49840858595428</Val>
</DBL>
<DBL>
<Name></Name>
<Val>3.11160839024871E-2</Val>
</DBL>
<DBL>
<Name></Name>
<Val>2.48314425704579E-4</Val>
</DBL>
<DBL>
<Name></Name>
<Val>1.71419304706102E-6</Val>
</DBL>
<DBL>
<Name></Name>
<Val>1.11000888043440E-6</Val>
</DBL>
<DBL>
<Name></Name>
<Val>2.38350289119158E-7</Val>
</DBL>
<DBL>
<Name></Name>
<Val>0.26102711555086</Val>
</DBL>
<DBL>
<Name></Name>
<Val>7.75872966905200E-3</Val>
</DBL>
<DBL>
<Name></Name>
<Val>2.00398526179440E-2</Val>
</DBL>
<DBL>
<Name></Name>
<Val>0.17625090829576</Val>
</DBL>
<DBL>
<Name></Name>
<Val>0.50325009543609</Val>
</DBL>
<DBL>
<Name></Name>
<Val>3.14194588846121E-2</Val>
</DBL>
<DBL>
<Name></Name>
<Val>2.50745581048112E-4</Val>
</DBL>
<DBL>
<Name></Name>
<Val>1.73112893872782E-6</Val>
</DBL>
<DBL>
<Name></Name>
<Val>1.12153276706802E-6</Val>
</DBL>
<DBL>
<Name></Name>
<Val>2.41302914514330E-7</Val>
</DBL>
<DBL>
<Name></Name>
<Val>0.25477579320253</Val>
</DBL>
<DBL>
<Name></Name>
<Val>7.58450190459662E-3</Val>
</DBL>
<DBL>
<Name></Name>
<Val>2.00182026405115E-2</Val>
</DBL>
<DBL>
<Name></Name>
<Val>0.17768314101446</Val>
</DBL>
<DBL>
<Name></Name>
<Val>0.50796709079900</Val>
</DBL>
<DBL>
<Name></Name>
<Val>3.17150316577919E-2</Val>
</DBL>
<DBL>
<Name></Name>
<Val>2.53114211851407E-4</Val>
</DBL>
<DBL>
<Name></Name>
<Val>1.74762927515265E-6</Val>
</DBL>
<DBL>
<Name></Name>
<Val>1.13276030383486E-6</Val>
</DBL>
<DBL>
<Name></Name>
<Val>2.44179672439935E-7</Val>
</DBL>
<DBL>
<Name></Name>
<Val>0.24868524259218</Val>
</DBL>
<DBL>
<Name></Name>
<Val>7.41475493619265E-3</Val>
</DBL>
<DBL>
<Name></Name>
<Val>1.99971094579923E-2</Val>
</DBL>
<DBL>
<Name></Name>
<Val>0.17907853951942</Val>
</DBL>
<DBL>
<Name></Name>
<Val>0.51256277430170</Val>
</DBL>
<DBL>
<Name></Name>
<Val>3.20030028795232E-2</Val>
</DBL>
<DBL>
<Name></Name>
<Val>2.55421926122462E-4</Val>
</DBL>
<DBL>
<Name></Name>
<Val>1.76370525746179E-6</Val>
</DBL>
<DBL>
<Name></Name>
<Val>1.14369910813762E-6</Val>
</DBL>
<DBL>
<Name></Name>
<Val>2.46982501157347E-7</Val>
</DBL>
<DBL>
<Name></Name>
<Val>0.24275132898633</Val>
</DBL>
<DBL>
<Name></Name>
<Val>7.24937352656252E-3</Val>
</DBL>
<DBL>
<Name></Name>
<Val>1.99765587507146E-2</Val>
</DBL>
<DBL>
<Name></Name>
<Val>0.18043805111432</Val>
</DBL>
<DBL>
<Name></Name>
<Val>0.51704026584708</Val>
</DBL>
<DBL>
<Name></Name>
<Val>3.22835680467859E-2</Val>
</DBL>
<DBL>
<Name></Name>
<Val>2.57670290514544E-4</Val>
</DBL>
<DBL>
<Name></Name>
<Val>1.77936779880494E-6</Val>
</DBL>
<DBL>
<Name></Name>
<Val>1.15435660225569E-6</Val>
</DBL>
<DBL>
<Name></Name>
<Val>2.49713291517964E-7</Val>
</DBL>
<DBL>
<Name></Name>
<Val>0.23697002398875</Val>
</DBL>
<DBL>
<Name></Name>
<Val>7.08824540210521E-3</Val>
</DBL>
<DBL>
<Name></Name>
<Val>1.99565365672808E-2</Val>
</DBL>
<DBL>
<Name></Name>
<Val>0.18176259874002</Val>
</DBL>
<DBL>
<Name></Name>
<Val>0.52140260510026</Val>
</DBL>
<DBL>
<Name></Name>
<Val>3.25569176287615E-2</Val>
</DBL>
<DBL>
<Name></Name>
<Val>2.59860831389741E-4</Val>
</DBL>
<DBL>
<Name></Name>
<Val>1.79462753174358E-6</Val>
</DBL>
<DBL>
<Name></Name>
<Val>1.16474001821566E-6</Val>
</DBL>
<DBL>
<Name></Name>
<Val>2.52373887721656E-7</Val>
</DBL>
<DBL>
<Name></Name>
<Val>0.23133740280563</Val>
</DBL>
<DBL>
<Name></Name>
<Val>6.93126117667628E-3</Val>
</DBL>
<DBL>
<Name></Name>
<Val>1.99370293150953E-2</Val>
</DBL>
<DBL>
<Name></Name>
<Val>0.18305308160117</Val>
</DBL>
<DBL>
<Name></Name>
<Val>0.52565275355212</Val>
</DBL>
<DBL>
<Name></Name>
<Val>3.28232371961378E-2</Val>
</DBL>
<DBL>
<Name></Name>
<Val>2.61995035855159E-4</Val>
</DBL>
<DBL>
<Name></Name>
<Val>1.80949481545265E-6</Val>
</DBL>
<DBL>
<Name></Name>
<Val>1.17485640256454E-6</Val>
</DBL>
<DBL>
<Name></Name>
<Val>2.54966088142814E-7</Val>
</DBL>
<DBL>
<Name></Name>
<Val>0.22584964158118</Val>
</DBL>
<DBL>
<Name></Name>
<Val>6.77831427732818E-3</Val>
</DBL>
<DBL>
<Name></Name>
<Val>1.99180237511378E-2</Val>
</DBL>
<DBL>
<Name></Name>
<Val>0.18431037577665</Val>
</DBL>
<DBL>
<Name></Name>
<Val>0.52979359652983</Val>
</DBL>
<DBL>
<Name></Name>
<Val>3.30827075470888E-2</Val>
</DBL>
<DBL>
<Name></Name>
<Val>2.64074352772469E-4</Val>
</DBL>
<DBL>
<Name></Name>
<Val>1.82397974273980E-6</Val>
</DBL>
<DBL>
<Name></Name>
<Val>1.18471262104272E-6</Val>
</DBL>
<DBL>
<Name></Name>
<Val>2.57491646205782E-7</Val>
</DBL>
<DBL>
<Name></Name>
<Val>0.22050301480165</Val>
</DBL>
<DBL>
<Name></Name>
<Val>6.62930087196034E-3</Val>
</DBL>
<DBL>
<Name></Name>
<Val>1.98995069729719E-2</Val>
</DBL>
<DBL>
<Name></Name>
<Val>0.18553533481429</Val>
</DBL>
<DBL>
<Name></Name>
<Val>0.53382794515559</Val>
</DBL>
<DBL>
<Name></Name>
<Val>3.33355048300145E-2</Val>
</DBL>
<DBL>
<Name></Name>
<Val>2.66100193741502E-4</Val>
</DBL>
<DBL>
<Name></Name>
<Val>1.83809214688635E-6</Val>
</DBL>
<DBL>
<Name></Name>
<Val>1.19431536315526E-6</Val>
</DBL>
<DBL>
<Name></Name>
<Val>2.59952271295070E-7</Val>
</DBL>
<DBL>
<Name></Name>
<Val>0.21529389276619</Val>
</DBL>
<DBL>
<Name></Name>
<Val>6.48411979882998E-3</Val>
</DBL>
<DBL>
<Name></Name>
<Val>1.98814664099871E-2</Val>
</DBL>
<DBL>
<Name></Name>
<Val>0.18672879031036</Val>
</DBL>
<DBL>
<Name></Name>
<Val>0.53775853825506</Val>
</DBL>
<DBL>
<Name></Name>
<Val>3.35818006631239E-2</Val>
</DBL>
<DBL>
<Name></Name>
<Val>2.68073934058539E-4</Val>
</DBL>
<DBL>
<Name></Name>
<Val>1.85184160831400E-6</Val>
</DBL>
<DBL>
<Name></Name>
<Val>1.20367114664040E-6</Val>
</DBL>
<DBL>
<Name></Name>
<Val>2.62349629688611E-7</Val>
</DBL>
<DBL>
<Name></Name>
<Val>0.21021873912275</Val>
</DBL>
<DBL>
<Name></Name>
<Val>6.34267249787572E-3</Val>
</DBL>
<DBL>
<Name></Name>
<Val>1.98638898148638E-2</Val>
</DBL>
<DBL>
<Name></Name>
<Val>0.18789155247411</Val>
</DBL>
<DBL>
<Name></Name>
<Val>0.54158804421668</Val>
</DBL>
<DBL>
<Name></Name>
<Val>3.38217622509423E-2</Val>
</DBL>
<DBL>
<Name></Name>
<Val>2.69996913649965E-4</Val>
</DBL>
<DBL>
<Name></Name>
<Val>1.86523746108169E-6</Val>
</DBL>
<DBL>
<Name></Name>
<Val>1.21278632183526E-6</Val>
</DBL>
<DBL>
<Name></Name>
<Val>2.64685345504705E-7</Val>
</DBL>
<DBL>
<Name></Name>
<Val>0.20527410846729</Val>
</DBL>
<DBL>
<Name></Name>
<Val>6.20486294380748E-3</Val>
</DBL>
<DBL>
<Name></Name>
<Val>1.98467652552596E-2</Val>
</DBL>
<DBL>
<Name></Name>
<Val>0.18902441067777</Val>
</DBL>
<DBL>
<Name></Name>
<Val>0.54531906280319</Val>
</DBL>
<DBL>
<Name></Name>
<Val>3.40555524978231E-2</Val>
</DBL>
<DBL>
<Name></Name>
<Val>2.71870437981907E-4</Val>
</DBL>
<DBL>
<Name></Name>
<Val>1.87828879921648E-6</Val>
</DBL>
<DBL>
<Name></Name>
<Val>1.22166707593904E-6</Val>
</DBL>
<DBL>
<Name></Name>
<Val>2.66961001655153E-7</Val>
</DBL>
<DBL>
<Name></Name>
<Val>0.20045664400481</Val>
</DBL>
<DBL>
<Name></Name>
<Val>6.07059758091710E-3</Val>
</DBL>
<DBL>
<Name></Name>
<Val>1.98300811057085E-2</Val>
</DBL>
<DBL>
<Name></Name>
<Val>0.19012813399250</Val>
</DBL>
<DBL>
<Name></Name>
<Val>0.54895412691651</Val>
</DBL>
<DBL>
<Name></Name>
<Val>3.42833301185394E-2</Val>
</DBL>
<DBL>
<Name></Name>
<Val>2.73695778946482E-4</Val>
</DBL>
<DBL>
<Name></Name>
<Val>1.89100448288257E-6</Val>
</DBL>
<DBL>
<Name></Name>
<Val>1.23031943717456E-6</Val>
</DBL>
<DBL>
<Name></Name>
<Val>2.69178140798674E-7</Val>
</DBL>
<DBL>
<Name></Name>
<Val>0.19576307527048</Val>
</DBL>
<DBL>
<Name></Name>
<Val>5.93978525956558E-3</Val>
</DBL>
<DBL>
<Name></Name>
<Val>1.98138260397287E-2</Val>
</DBL>
<DBL>
<Name></Name>
<Val>0.19120347171045</Val>
</DBL>
<DBL>
<Name></Name>
<Val>0.55249570431733</Val>
</DBL>
<DBL>
<Name></Name>
<Val>3.45052497460321E-2</Val>
</DBL>
<DBL>
<Name></Name>
<Val>2.75474175725251E-4</Val>
</DBL>
<DBL>
<Name></Name>
<Val>1.90339314439244E-6</Val>
</DBL>
<DBL>
<Name></Name>
<Val>1.23874927884916E-6</Val>
</DBL>
<DBL>
<Name></Name>
<Val>2.71338266289890E-7</Val>
</DBL>
<DBL>
<Name></Name>
<Val>0.19119021590941</Val>
</DBL>
<DBL>
<Name></Name>
<Val>5.81233717430368E-3</Val>
</DBL>
<DBL>
<Name></Name>
<Val>1.97979890221331E-2</Val>
</DBL>
<DBL>
<Name></Name>
<Val>0.19225115385343</Val>
</DBL>
<DBL>
<Name></Name>
<Val>0.55594619930035</Val>
</DBL>
<DBL>
<Name></Name>
<Val>3.47214620363863E-2</Val>
</DBL>
<DBL>
<Name></Name>
<Val>2.77206835630466E-4</Val>
</DBL>
<DBL>
<Name></Name>
<Val>1.91546319406408E-6</Val>
</DBL>
<DBL>
<Name></Name>
<Val>1.24696232331642E-6</Val>
</DBL>
<DBL>
<Name></Name>
<Val>2.73442843120211E-7</Val>
</DBL>
<DBL>
<Name></Name>
<Val>0.18673496151350</Val>
</DBL>
<DBL>
<Name></Name>
<Val>5.68816680358396E-3</Val>
</DBL>
<DBL>
<Name></Name>
<Val>1.97825593015380E-2</Val>
</DBL>
<DBL>
<Name></Name>
<Val>0.19327189166853</Val>
</DBL>
<DBL>
<Name></Name>
<Val>0.55930795432654</Val>
</DBL>
<DBL>
<Name></Name>
<Val>3.49321137711083E-2</Val>
</DBL>
<DBL>
<Name></Name>
<Val>2.78894934924690E-4</Val>
</DBL>
<DBL>
<Name></Name>
<Val>1.92722282592802E-6</Val>
</DBL>
<DBL>
<Name></Name>
<Val>1.25496414584021E-6</Val>
</DBL>
<DBL>
<Name></Name>
<Val>2.75493298847741E-7</Val>
</DBL>
<DBL>
<Name></Name>
<Val>0.18239428751394</Val>
</DBL>
<DBL>
<Name></Name>
<Val>5.56718985102333E-3</Val>
</DBL>
<DBL>
<Name></Name>
<Val>1.97675264030643E-2</Val>
</DBL>
<DBL>
<Name></Name>
<Val>0.19426637811099</Val>
</DBL>
<DBL>
<Name></Name>
<Val>0.56258325161337</Val>
</DBL>
<DBL>
<Name></Name>
<Val>3.51373479567724E-2</Val>
</DBL>
<DBL>
<Name></Name>
<Val>2.80539619619325E-4</Val>
</DBL>
<DBL>
<Name></Name>
<Val>1.93868002328806E-6</Val>
</DBL>
<DBL>
<Name></Name>
<Val>1.26276017836282E-6</Val>
</DBL>
<DBL>
<Name></Name>
<Val>2.77491024513981E-7</Val>
</DBL>
<DBL>
<Name></Name>
<Val>0.17816524712787</Val>
</DBL>
<DBL>
<Name></Name>
<Val>5.44932418817618E-3</Val>
</DBL>
<DBL>
<Name></Name>
<Val>1.97528801212262E-2</Val>
</DBL>
<DBL>
<Name></Name>
<Val>0.19523528831455</Val>
</DBL>
<DBL>
<Name></Name>
<Val>0.56577431468417</Val>
</DBL>
<DBL>
<Name></Name>
<Val>3.53373039221043E-2</Val>
</DBL>
<DBL>
<Name></Name>
<Val>2.82142006252617E-4</Val>
</DBL>
<DBL>
<Name></Name>
<Val>1.94984256413931E-6</Val>
</DBL>
<DBL>
<Name></Name>
<Val>1.27035571317895E-6</Val>
</DBL>
<DBL>
<Name></Name>
<Val>2.79437375545664E-7</Val>
</DBL>
<DBL>
<Name></Name>
<Val>0.17404496935793</Val>
</DBL>
<DBL>
<Name></Name>
<Val>5.33448979877928E-3</Val>
</DBL>
<DBL>
<Name></Name>
<Val>1.97386105130026E-2</Val>
</DBL>
<DBL>
<Name></Name>
<Val>0.19617928004987</Val>
</DBL>
<DBL>
<Name></Name>
<Val>0.56888330987759</Val>
</DBL>
<DBL>
<Name></Name>
<Val>3.55321174125688E-2</Val>
</DBL>
<DBL>
<Name></Name>
<Val>2.83703182647645E-4</Val>
</DBL>
<DBL>
<Name></Name>
<Val>1.96071802644711E-6</Val>
</DBL>
<DBL>
<Name></Name>
<Val>1.27775590651745E-6</Val>
</DBL>
<DBL>
<Name></Name>
<Val>2.81333672640436E-7</Val>
</DBL>
<DBL>
<Name></Name>
<Val>0.17003065704315</Val>
</DBL>
<DBL>
<Name></Name>
<Val>5.22260872443058E-3</Val>
</DBL>
<DBL>
<Name></Name>
<Val>1.97247078910879E-2</Val>
</DBL>
<DBL>
<Name></Name>
<Val>0.19709899417104</Val>
</DBL>
<DBL>
<Name></Name>
<Val>0.57191234781833</Val>
</DBL>
<DBL>
<Name></Name>
<Val>3.57219206825234E-2</Val>
</DBL>
<DBL>
<Name></Name>
<Val>2.85224208650815E-4</Val>
</DBL>
<DBL>
<Name></Name>
<Val>1.97131379329051E-6</Val>
</DBL>
<DBL>
<Name></Name>
<Val>1.28496578203287E-6</Val>
</DBL>
<DBL>
<Name></Name>
<Val>2.83181202635486E-7</Val>
</DBL>
<DBL>
<Name></Name>
<Val>0.16611958496006</Val>
</DBL>
<DBL>
<Name></Name>
<Val>5.11360501166511E-3</Val>
</DBL>
<DBL>
<Name></Name>
<Val>1.97111628173146E-2</Val>
</DBL>
<DBL>
<Name></Name>
<Val>0.19799505505063</Val>
</DBL>
<DBL>
<Name></Name>
<Val>0.57486348484995</Val>
</DBL>
<DBL>
<Name></Name>
<Val>3.59068425850035E-2</Val>
</DBL>
<DBL>
<Name></Name>
<Val>2.86706116851370E-4</Val>
</DBL>
<DBL>
<Name></Name>
<Val>1.98163705787357E-6</Val>
</DBL>
<DBL>
<Name></Name>
<Val>1.29199023420854E-6</Val>
</DBL>
<DBL>
<Name></Name>
<Val>2.84981219358463E-7</Val>
</DBL>
<DBL>
<Name></Name>
<Val>0.16230909797259</Val>
</DBL>
<DBL>
<Name></Name>
<Val>5.00740466039189E-3</Val>
</DBL>
<DBL>
<Name></Name>
<Val>1.96979660962466E-2</Val>
</DBL>
<DBL>
<Name></Name>
<Val>0.19886807100358</Val>
</DBL>
<DBL>
<Name></Name>
<Val>0.57773872443090</Val>
</DBL>
<DBL>
<Name></Name>
<Val>3.60870086591972E-2</Val>
</DBL>
<DBL>
<Name></Name>
<Val>2.88149913282385E-4</Val>
</DBL>
<DBL>
<Name></Name>
<Val>1.99169482840792E-6</Val>
</DBL>
<DBL>
<Name></Name>
<Val>1.29883403167352E-6</Val>
</DBL>
<DBL>
<Name></Name>
<Val>2.86734944460289E-7</Val>
</DBL>
<DBL>
<Name></Name>
<Val>0.15859660922955</Val>
</DBL>
<DBL>
<Name></Name>
<Val>4.90393557365699E-3</Val>
</DBL>
<DBL>
<Name></Name>
<Val>1.96851087689360E-2</Val>
</DBL>
<DBL>
<Name></Name>
<Val>0.19971863470015</Val>
</DBL>
<DBL>
<Name></Name>
<Val>0.58054001849460</Val>
</DBL>
<DBL>
<Name></Name>
<Val>3.62625412156712E-2</Val>
</DBL>
<DBL>
<Name></Name>
<Val>2.89556578103743E-4</Val>
</DBL>
<DBL>
<Name></Name>
<Val>2.00149393286995E-6</Val>
</DBL>
<DBL>
<Name></Name>
<Val>1.30550182043507E-6</Val>
</DBL>
<DBL>
<Name></Name>
<Val>2.88443568229580E-7</Val>
</DBL>
<DBL>
<Name></Name>
<Val>0.15497959840849</Val>
</DBL>
<DBL>
<Name></Name>
<Val>4.80312750869862E-3</Val>
</DBL>
<DBL>
<Name></Name>
<Val>1.96725821068419E-2</Val>
</DBL>
<DBL>
<Name></Name>
<Val>0.20054732356831</Val>
</DBL>
<DBL>
<Name></Name>
<Val>0.58326926877459</Val>
</DBL>
<DBL>
<Name></Name>
<Val>3.64335594194046E-2</Val>
</DBL>
<DBL>
<Name></Name>
<Val>2.90927066267539E-4</Val>
</DBL>
<DBL>
<Name></Name>
<Val>2.01104102363564E-6</Val>
</DBL>
<DBL>
<Name></Name>
<Val>1.31199812702886E-6</Val>
</DBL>
<DBL>
<Name></Name>
<Val>2.90108250388619E-7</Val>
</DBL>
<DBL>
<Name></Name>
<Val>0.15145561000470</Val>
</DBL>
<DBL>
<Name></Name>
<Val>4.70491202926090E-3</Val>
</DBL>
<DBL>
<Name></Name>
<Val>1.96603776059041E-2</Val>
</DBL>
<DBL>
<Name></Name>
<Val>0.20135470018569</Val>
</DBL>
<DBL>
<Name></Name>
<Val>0.58592832809553</Val>
</DBL>
<DBL>
<Name></Name>
<Val>3.66001793706872E-2</Val>
</DBL>
<DBL>
<Name></Name>
<Val>2.92262308166377E-4</Val>
</DBL>
<DBL>
<Name></Name>
<Val>2.02034258199637E-6</Val>
</DBL>
<DBL>
<Name></Name>
<Val>1.31832736158881E-6</Val>
</DBL>
<DBL>
<Name></Name>
<Val>2.91730120870844E-7</Val>
</DBL>
<DBL>
<Name></Name>
<Val>0.14802225166423</Val>
</DBL>
<DBL>
<Name></Name>
<Val>4.60922245913409E-3</Val>
</DBL>
<DBL>
<Name></Name>
<Val>1.96484869807700E-2</Val>
</DBL>
<DBL>
<Name></Name>
<Val>0.20214131266154</Val>
</DBL>
<DBL>
<Name></Name>
<Val>0.58851900163111</Val>
</DBL>
<DBL>
<Name></Name>
<Val>3.67625141839372E-2</Val>
</DBL>
<DBL>
<Name></Name>
<Val>2.93563210264992E-4</Val>
</DBL>
<DBL>
<Name></Name>
<Val>2.02940492255858E-6</Val>
</DBL>
<DBL>
<Name></Name>
<Val>1.32449382083841E-6</Val>
</DBL>
<DBL>
<Name></Name>
<Val>2.93310280579986E-7</Val>
</DBL>
<DBL>
<Name></Name>
<Val>0.14467719255978</Val>
</DBL>
<DBL>
<Name></Name>
<Val>4.51599383688967E-3</Val>
</DBL>
<DBL>
<Name></Name>
<Val>1.96369021591702E-2</Val>
</DBL>
<DBL>
<Name></Name>
<Val>0.20290769500881</Val>
</DBL>
<DBL>
<Name></Name>
<Val>0.59104304812945</Val>
</DBL>
<DBL>
<Name></Name>
<Val>3.69206740644921E-2</Val>
</DBL>
<DBL>
<Name></Name>
<Val>2.94830655715624E-4</Val>
</DBL>
<DBL>
<Name></Name>
<Val>2.03823419753036E-6</Val>
</DBL>
<DBL>
<Name></Name>
<Val>1.33050169100569E-6</Val>
</DBL>
<DBL>
<Name></Name>
<Val>2.94849802130986E-7</Val>
</DBL>
<DBL>
<Name></Name>
<Val>0.14141816180835</Val>
</DBL>
<DBL>
<Name></Name>
<Val>4.42516287177954E-3</Val>
</DBL>
<DBL>
<Name></Name>
<Val>1.96256152764382E-2</Val>
</DBL>
<DBL>
<Name></Name>
<Val>0.20365436750671</Val>
</DBL>
<DBL>
<Name></Name>
<Val>0.59350218110716</Val>
</DBL>
<DBL>
<Name></Name>
<Val>3.70747663834243E-2</Val>
</DBL>
<DBL>
<Name></Name>
<Val>2.96065504957572E-4</Val>
</DBL>
<DBL>
<Name></Name>
<Val>2.04683640089787E-6</Val>
</DBL>
<DBL>
<Name></Name>
<Val>1.33635505066339E-6</Val>
</DBL>
<DBL>
<Name></Name>
<Val>2.96349730572939E-7</Val>
</DBL>
<DBL>
<Name></Name>
<Val>0.13824294692961</Val>
</DBL>
<DBL>
<Name></Name>
<Val>4.33666790076936E-3</Val>
</DBL>
<DBL>
<Name></Name>
<Val>1.96146186701712E-2</Val>
</DBL>
<DBL>
<Name></Name>
<Val>0.20438183705385</Val>
</DBL>
<DBL>
<Name></Name>
<Val>0.59589807001254</Val>
</DBL>
<DBL>
<Name></Name>
<Val>3.72248957504332E-2</Val>
</DBL>
<DBL>
<Name></Name>
<Val>2.97268596301329E-4</Val>
</DBL>
<DBL>
<Name></Name>
<Val>2.05521737249432E-6</Val>
</DBL>
<DBL>
<Name></Name>
<Val>1.34205787349651E-6</Val>
</DBL>
<DBL>
<Name></Name>
<Val>2.97811084094309E-7</Val>
</DBL>
<DBL>
<Name></Name>
<Val>0.13514939234384</Val>
</DBL>
<DBL>
<Name></Name>
<Val>4.25044884667700E-3</Val>
</DBL>
<DBL>
<Name></Name>
<Val>1.96039048750285E-2</Val>
</DBL>
<DBL>
<Name></Name>
<Val>0.20509059751244</Val>
</DBL>
<DBL>
<Name></Name>
<Val>0.59823234135897</Val>
</DBL>
<DBL>
<Name></Name>
<Val>3.73711640848622E-2</Val>
</DBL>
<DBL>
<Name></Name>
<Val>2.98440746497685E-4</Val>
</DBL>
<DBL>
<Name></Name>
<Val>2.06338280196437E-6</Val>
</DBL>
<DBL>
<Name></Name>
<Val>1.34761403099882E-6</Val>
</DBL>
<DBL>
<Name></Name>
<Val>2.99234854710714E-7</Val>
</DBL>
<DBL>
<Name></Name>
<Val>0.13213539790865</Val>
</DBL>
<DBL>
<Name></Name>
<Val>4.16644717738749E-3</Val>
</DBL>
<DBL>
<Name></Name>
<Val>1.95934666176631E-2</Val>
</DBL>
<DBL>
<Name></Name>
<Val>0.20578113004349</Val>
</DBL>
<DBL>
<Name></Name>
<Val>0.60050657982909</Val>
</DBL>
<DBL>
<Name></Name>
<Val>3.75136706848890E-2</Val>
</DBL>
<DBL>
<Name></Name>
<Val>2.99582751292205E-4</Val>
</DBL>
<DBL>
<Name></Name>
<Val>2.07133823262662E-6</Val>
</DBL>
<DBL>
<Name></Name>
<Val>1.35302729510023E-6</Val>
</DBL>
<DBL>
<Name></Name>
<Val>3.00622008935585E-7</Val>
</DBL>
<DBL>
<Name></Name>
<Val>0.12919891749314</Val>
</DBL>
<DBL>
<Name></Name>
<Val>4.08460586611695E-3</Val>
</DBL>
<DBL>
<Name></Name>
<Val>1.95832968117844E-2</Val>
</DBL>
<DBL>
<Name></Name>
<Val>0.20645390343353</Val>
</DBL>
<DBL>
<Name></Name>
<Val>0.60272232935064</Val>
</DBL>
<DBL>
<Name></Name>
<Val>3.76525122949372E-2</Val>
</DBL>
<DBL>
<Name></Name>
<Val>3.00695385965442E-4</Val>
</DBL>
<DBL>
<Name></Name>
<Val>2.07908906523670E-6</Val>
</DBL>
<DBL>
<Name></Name>
<Val>1.35830134072677E-6</Val>
</DBL>
<DBL>
<Name></Name>
<Val>3.01973488434049E-7</Val>
</DBL>
<DBL>
<Name></Name>
<Val>0.12633795758891</Val>
</DBL>
<DBL>
<Name></Name>
<Val>4.00486935269843E-3</Val>
</DBL>
<DBL>
<Name></Name>
<Val>1.95733885533472E-2</Val>
</DBL>
<DBL>
<Name></Name>
<Val>0.20710937441278</Val>
</DBL>
<DBL>
<Name></Name>
<Val>0.60488109414452</Val>
</DBL>
<DBL>
<Name></Name>
<Val>3.77877831713539E-2</Val>
</DBL>
<DBL>
<Name></Name>
<Val>3.01779405859252E-4</Val>
</DBL>
<DBL>
<Name></Name>
<Val>2.08664056165370E-6</Val>
</DBL>
<DBL>
<Name></Name>
<Val>1.36343974829478E-6</Val>
</DBL>
<DBL>
<Name></Name>
<Val>3.03290210660370E-7</Val>
</DBL>
<DBL>
<Name></Name>
<Val>0.12355057595668</Val>
</DBL>
<DBL>
<Name></Name>
<Val>3.92718350586340E-3</Val>
</DBL>
<DBL>
<Name></Name>
<Val>1.95637351158647E-2</Val>
</DBL>
<DBL>
<Name></Name>
<Val>0.20774798796530</Val>
</DBL>
<DBL>
<Name></Name>
<Val>0.60698433974608</Val>
</DBL>
<DBL>
<Name></Name>
<Val>3.79195751463979E-2</Val>
</DBL>
<DBL>
<Name></Name>
<Val>3.02835546889584E-4</Val>
</DBL>
<DBL>
<Name></Name>
<Val>2.09399784841222E-6</Val>
</DBL>
<DBL>
<Name></Name>
<Val>1.36844600614113E-6</Val>
</DBL>
<DBL>
<Name></Name>
<Val>3.04573069479292E-7</Val>
</DBL>
<DBL>
<Name></Name>
<Val>0.12083488030774</Val>
</DBL>
<DBL>
<Name></Name>
<Val>3.85149558649327E-3</Val>
</DBL>
<DBL>
<Name></Name>
<Val>1.95543299458422E-2</Val>
</DBL>
<DBL>
<Name></Name>
<Val>0.20837017763099</Val>
</DBL>
<DBL>
<Name></Name>
<Val>0.60903349399993</Val>
</DBL>
<DBL>
<Name></Name>
<Val>3.80479776905827E-2</Val>
</DBL>
<DBL>
<Name></Name>
<Val>3.03864526046073E-4</Val>
</DBL>
<DBL>
<Name></Name>
<Val>2.10116592020265E-6</Val>
</DBL>
<DBL>
<Name></Name>
<Val>1.37332351289096E-6</Val>
</DBL>
<DBL>
<Name></Name>
<Val>3.05822935771664E-7</Val>
</DBL>
<DBL>
<Name></Name>
<Val>0.11818902701934</Val>
</DBL>
<DBL>
<Name></Name>
<Val>3.77775421181604E-3</Val>
</DBL>
<DBL>
<Name></Name>
<Val>1.95451666583282E-2</Val>
</DBL>
<DBL>
<Name></Name>
<Val>0.20897636579999</Val>
</DBL>
<DBL>
<Name></Name>
<Val>0.61102994802935</Val>
</DBL>
<DBL>
<Name></Name>
<Val>3.81730779734155E-2</Val>
</DBL>
<DBL>
<Name></Name>
<Val>3.04867041878789E-4</Val>
</DBL>
<DBL>
<Name></Name>
<Val>2.10814964326187E-6</Val>
</DBL>
<DBL>
<Name></Name>
<Val>1.37807557976465E-6</Val>
</DBL>
<DBL>
<Name></Name>
<Val>3.07040658024673E-7</Val>
</DBL>
<DBL>
<Name></Name>
<Val>0.11561121988308</Val>
</DBL>
<DBL>
<Name></Name>
<Val>3.70590932052375E-3</Val>
</DBL>
<DBL>
<Name></Name>
<Val>1.95362390325793E-2</Val>
</DBL>
<DBL>
<Name></Name>
<Val>0.20956696399937</Val>
</DBL>
<DBL>
<Name></Name>
<Val>0.61297505718064</Val>
</DBL>
<DBL>
<Name></Name>
<Val>3.82949609225754E-2</Val>
</DBL>
<DBL>
<Name></Name>
<Val>3.05843774972466E-4</Val>
</DBL>
<DBL>
<Name></Name>
<Val>2.11495375867685E-6</Val>
</DBL>
<DBL>
<Name></Name>
<Val>1.38270543282542E-6</Val>
</DBL>
<DBL>
<Name></Name>
<Val>3.08227062907074E-7</Val>
</DBL>
<DBL>
<Name></Name>
<Val>0.11309970888552</Val>
</DBL>
<DBL>
<Name></Name>
<Val>3.63591213878697E-3</Val>
</DBL>
<DBL>
<Name></Name>
<Val>1.95275410078376E-2</Val>
</DBL>
<DBL>
<Name></Name>
<Val>0.21014237317255</Val>
</DBL>
<DBL>
<Name></Name>
<Val>0.61487014194328</Val>
</DBL>
<DBL>
<Name></Name>
<Val>3.84137092815679E-2</Val>
</DBL>
<DBL>
<Name></Name>
<Val>3.06795388408532E-4</Val>
</DBL>
<DBL>
<Name></Name>
<Val>2.12158288560317E-6</Val>
</DBL>
<DBL>
<Name></Name>
<Val>1.38721621516927E-6</Val>
</DBL>
<DBL>
<Name></Name>
<Val>3.09382955829747E-7</Val>
</DBL>
<DBL>
<Name></Name>
<Val>0.11065278902012</Val>
</DBL>
<DBL>
<Name></Name>
<Val>3.56771514714343E-3</Val>
</DBL>
<DBL>
<Name></Name>
<Val>1.95190666792160E-2</Val>
</DBL>
<DBL>
<Name></Name>
<Val>0.21070298395146</Val>
</DBL>
<DBL>
<Name></Name>
<Val>0.61671648884631</Val>
</DBL>
<DBL>
<Name></Name>
<Val>3.85294036658983E-2</Val>
</DBL>
<DBL>
<Name></Name>
<Val>3.07722528215267E-4</Val>
</DBL>
<DBL>
<Name></Name>
<Val>2.12804152440089E-6</Val>
</DBL>
<DBL>
<Name></Name>
<Val>1.39161098905858E-6</Val>
</DBL>
<DBL>
<Name></Name>
<Val>3.10509121491956E-7</Val>
</DBL>
<DBL>
<Name></Name>
<Val>0.10826879912978</Val>
</DBL>
<DBL>
<Name></Name>
<Val>3.50127204823814E-3</Val>
</DBL>
<DBL>
<Name></Name>
<Val>1.95108102936895E-2</Val>
</DBL>
<DBL>
<Name></Name>
<Val>0.21124917692174</Val>
</DBL>
<DBL>
<Name></Name>
<Val>0.61851535133182</Val>
</DBL>
<DBL>
<Name></Name>
<Val>3.86421226177991E-2</Val>
</DBL>
<DBL>
<Name></Name>
<Val>3.08625823806368E-4</Val>
</DBL>
<DBL>
<Name></Name>
<Val>2.13433405968971E-6</Val>
</DBL>
<DBL>
<Name></Name>
<Val>1.39589273800085E-6</Val>
</DBL>
<DBL>
<Name></Name>
<Val>3.11606324413633E-7</Val>
</DBL>
<DBL>
<Name></Name>
<Val>0.10594612077909</Val>
</DBL>
<DBL>
<Name></Name>
<Val>3.43653773539316E-3</Val>
</DBL>
<DBL>
<Name></Name>
<Val>1.95027662461894E-2</Val>
</DBL>
<DBL>
<Name></Name>
<Val>0.21178132288114</Val>
</DBL>
<DBL>
<Name></Name>
<Val>0.62026795060579</Val>
</DBL>
<DBL>
<Name></Name>
<Val>3.87519426595510E-2</Val>
</DBL>
<DBL>
<Name></Name>
<Val>3.09505888408250E-4</Val>
</DBL>
<DBL>
<Name></Name>
<Val>2.14046476332556E-6</Val>
</DBL>
<DBL>
<Name></Name>
<Val>1.40006436877404E-6</Val>
</DBL>
<DBL>
<Name></Name>
<Val>3.12675309454053E-7</Val>
</DBL>
<DBL>
<Name></Name>
<Val>0.10368317715560</Val>
</DBL>
<DBL>
<Name></Name>
<Val>3.37346826198579E-3</Val>
</DBL>
<DBL>
<Name></Name>
<Val>1.94949290757987E-2</Val>
</DBL>
<DBL>
<Name></Name>
<Val>0.21229978309119</Val>
</DBL>
<DBL>
<Name></Name>
<Val>0.62197547646720</Val>
</DBL>
<DBL>
<Name></Name>
<Val>3.88589383454318E-2</Val>
</DBL>
<DBL>
<Name></Name>
<Val>3.10363319476347E-4</Val>
</DBL>
<DBL>
<Name></Name>
<Val>2.14643779730066E-6</Val>
</DBL>
<DBL>
<Name></Name>
<Val>1.40412871339983E-6</Val>
</DBL>
<DBL>
<Name></Name>
<Val>3.13716802317222E-7</Val>
</DBL>
<DBL>
<Name></Name>
<Val>0.10147843199942</Val>
</DBL>
<DBL>
<Name></Name>
<Val>3.31202081161415E-3</Val>
</DBL>
<DBL>
<Name></Name>
<Val>1.94872934620442E-2</Val>
</DBL>
<DBL>
<Name></Name>
<Val>0.21280490952250</Val>
</DBL>
<DBL>
<Name></Name>
<Val>0.62363908811573</Val>
</DBL>
<DBL>
<Name></Name>
<Val>3.89631823123296E-2</Val>
</DBL>
<DBL>
<Name></Name>
<Val>3.11198699100713E-4</Val>
</DBL>
<DBL>
<Name></Name>
<Val>2.15225721656901E-6</Val>
</DBL>
<DBL>
<Name></Name>
<Val>1.40808853106614E-6</Val>
</DBL>
<DBL>
<Name></Name>
<Val>3.14731510044313E-7</Val>
</DBL>
<DBL>
<Name></Name>
<Val>9.93303885602223E-2</Val>
</DBL>
<DBL>
<Name></Name>
<Val>3.25215366903019E-3</Val>
</DBL>
<DBL>
<Name></Name>
<Val>1.94798542212849E-2</Val>
</DBL>
<DBL>
<Name></Name>
<Val>0.21329704509367</Val>
</DBL>
<DBL>
<Name></Name>
<Val>0.62525991493873</Val>
</DBL>
<DBL>
<Name></Name>
<Val>3.90647453290543E-2</Val>
</DBL>
<DBL>
<Name></Name>
<Val>3.12012594401189E-4</Val>
</DBL>
<DBL>
<Name></Name>
<Val>2.15792697179917E-6</Val>
</DBL>
<DBL>
<Name></Name>
<Val>1.41194651000020E-6</Val>
</DBL>
<DBL>
<Name></Name>
<Val>3.15720121493480E-7</Val>
</DBL>
<DBL>
<Name></Name>
<Val>9.72375885811608E-2</Val>
</DBL>
<DBL>
<Name></Name>
<Val>3.19382619182012E-3</Val>
</DBL>
<DBL>
<Name></Name>
<Val>1.94726063031930E-2</Val>
</DBL>
<DBL>
<Name></Name>
<Val>0.21377652390414</Val>
</DBL>
<DBL>
<Name></Name>
<Val>0.62683905727791</Val>
</DBL>
<DBL>
<Name></Name>
<Val>3.91636963443811E-2</Val>
</DBL>
<DBL>
<Name></Name>
<Val>3.12805557912406E-4</Val>
</DBL>
<DBL>
<Name></Name>
<Val>2.16345091205627E-6</Val>
</DBL>
<DBL>
<Name></Name>
<Val>1.41570526929351E-6</Val>
</DBL>
<DBL>
<Name></Name>
<Val>3.16683307807357E-7</Val>
</DBL>
<DBL>
<Name></Name>
<Val>9.51986113088992E-2</Val>
</DBL>
<DBL>
<Name></Name>
<Val>3.13699878281325E-3</Val>
</DBL>
<DBL>
<Name></Name>
<Val>1.94655447873250E-2</Val>
</DBL>
<DBL>
<Name></Name>
<Val>0.21424367146092</Val>
</DBL>
<DBL>
<Name></Name>
<Val>0.62837758717635</Val>
</DBL>
<DBL>
<Name></Name>
<Val>3.92601025338580E-2</Val>
</DBL>
<DBL>
<Name></Name>
<Val>3.13578127958890E-4</Val>
</DBL>
<DBL>
<Name></Name>
<Val>2.16883278741509E-6</Val>
</DBL>
<DBL>
<Name></Name>
<Val>1.41936736067980E-6</Val>
</DBL>
<DBL>
<Name></Name>
<Val>3.17621722868561E-7</Val>
</DBL>
<DBL>
<Name></Name>
<Val>9.32120725290854E-2</Val>
</DBL>
<DBL>
<Name></Name>
<Val>3.08163286320040E-3</Val>
</DBL>
<DBL>
<Name></Name>
<Val>1.94586648797818E-2</Val>
</DBL>
<DBL>
<Name></Name>
<Val>0.21469880489967</Val>
</DBL>
<DBL>
<Name></Name>
<Val>0.62987654910630</Val>
</DBL>
<DBL>
<Name></Name>
<Val>3.93540293454097E-2</Val>
</DBL>
<DBL>
<Name></Name>
<Val>3.14330829020516E-4</Val>
</DBL>
<DBL>
<Name></Name>
<Val>2.17407625150584E-6</Val>
</DBL>
<DBL>
<Name></Name>
<Val>1.42293527026736E-6</Val>
</DBL>
<DBL>
<Name></Name>
<Val>3.18536003743498E-7</Val>
</DBL>
<DBL>
<Name></Name>
<Val>9.12766236266427E-2</Val>
</DBL>
<DBL>
<Name></Name>
<Val>3.02769084634359E-3</Val>
</DBL>
<DBL>
<Name></Name>
<Val>1.94519619099536E-2</Val>
</DBL>
<DBL>
<Name></Name>
<Val>0.21514223319991</Val>
</DBL>
<DBL>
<Name></Name>
<Val>0.63133696067823</Val>
</DBL>
<DBL>
<Name></Name>
<Val>3.94455405437688E-2</Val>
</DBL>
<DBL>
<Name></Name>
<Val>3.15064172088568E-4</Val>
</DBL>
<DBL>
<Name></Name>
<Val>2.17918486399455E-6</Val>
</DBL>
<DBL>
<Name></Name>
<Val>1.42641142022674E-6</Val>
</DBL>
<DBL>
<Name></Name>
<Val>3.19426771114778E-7</Val>
</DBL>
</Array>
<Array>
<Name>StateAdjacencyMatrix</Name>
<Dimsize>10</Dimsize>
<Dimsize>10</Dimsize>
<String>
<Name></Name>
<Val>@</Val>
</String>
<String>
<Name></Name>
<Val>O</Val>
</String>
<String>
<Name></Name>
<Val>@</Val>
</String>
<String>
<Name></Name>
<Val>@</Val>
</String>
<String>
<Name></Name>
<Val>@</Val>
</String>
<String>
<Name></Name>
<Val>@</Val>
</String>
<String>
<Name></Name>
<Val>@</Val>
</String>
<String>
<Name></Name>
<Val>@</Val>
</String>
<String>
<Name></Name>
<Val>@</Val>
</String>
<String>
<Name></Name>
<Val>@</Val>
</String>
<String>
<Name></Name>
<Val>B</Val>
</String>
<String>
<Name></Name>
<Val>@</Val>
</String>
<String>
<Name></Name>
<Val>B</Val>
</String>
<String>
<Name></Name>
<Val>@</Val>
</String>
<String>
<Name></Name>
<Val>@</Val>
</String>
<String>
<Name></Name>
<Val>@</Val>
</String>
<String>
<Name></Name>
<Val>@</Val>
</String>
<String>
<Name></Name>
<Val>@</Val>
</String>
<String>
<Name></Name>
<Val>@</Val>
</String>
<String>
<Name></Name>
<Val>@</Val>
</String>
<String>
<Name></Name>
<Val>@</Val>
</String>
<String>
<Name></Name>
<Val>N</Val>
</String>
<String>
<Name></Name>
<Val>@</Val>
</String>
<String>
<Name></Name>
<Val>M</Val>
</String>
<String>
<Name></Name>
<Val>@</Val>
</String>
<String>
<Name></Name>
<Val>@</Val>
</String>
<String>
<Name></Name>
<Val>@</Val>
</String>
<String>
<Name></Name>
<Val>@</Val>
</String>
<String>
<Name></Name>
<Val>@</Val>
</String>
<String>
<Name></Name>
<Val>@</Val>
</String>
<String>
<Name></Name>
<Val>@</Val>
</String>
<String>
<Name></Name>
<Val>@</Val>
</String>
<String>
<Name></Name>
<Val>G</Val>
</String>
<String>
<Name></Name>
<Val>@</Val>
</String>
<String>
<Name></Name>
<Val>J</Val>
</String>
<String>
<Name></Name>
<Val>@</Val>
</String>
<String>
<Name></Name>
<Val>@</Val>
</String>
<String>
<Name></Name>
<Val>@</Val>
</String>
<String>
<Name></Name>
<Val>@</Val>
</String>
<String>
<Name></Name>
<Val>@</Val>
</String>
<String>
<Name></Name>
<Val>@</Val>
</String>
<String>
<Name></Name>
<Val>@</Val>
</String>
<String>
<Name></Name>
<Val>@</Val>
</String>
<String>
<Name></Name>
<Val>K</Val>
</String>
<String>
<Name></Name>
<Val>@</Val>
</String>
<String>
<Name></Name>
<Val>C</Val>
</String>
<String>
<Name></Name>
<Val>@</Val>
</String>
<String>
<Name></Name>
<Val>@</Val>
</String>
<String>
<Name></Name>
<Val>@</Val>
</String>
<String>
<Name></Name>
<Val>@</Val>
</String>
<String>
<Name></Name>
<Val>@</Val>
</String>
<String>
<Name></Name>
<Val>@</Val>
</String>
<String>
<Name></Name>
<Val>@</Val>
</String>
<String>
<Name></Name>
<Val>@</Val>
</String>
<String>
<Name></Name>
<Val>E</Val>
</String>
<String>
<Name></Name>
<Val>@</Val>
</String>
<String>
<Name></Name>
<Val>F</Val>
</String>
<String>
<Name></Name>
<Val>@</Val>
</String>
<String>
<Name></Name>
<Val>@</Val>
</String>
<String>
<Name></Name>
<Val>@</Val>
</String>
<String>
<Name></Name>
<Val>@</Val>
</String>
<String>
<Name></Name>
<Val>@</Val>
</String>
<String>
<Name></Name>
<Val>@</Val>
</String>
<String>
<Name></Name>
<Val>@</Val>
</String>
<String>
<Name></Name>
<Val>@</Val>
</String>
<String>
<Name></Name>
<Val>I</Val>
</String>
<String>
<Name></Name>
<Val>@</Val>
</String>
<String>
<Name></Name>
<Val>A</Val>
</String>
<String>
<Name></Name>
<Val>@</Val>
</String>
<String>
<Name></Name>
<Val>@</Val>
</String>
<String>
<Name></Name>
<Val>@</Val>
</String>
<String>
<Name></Name>
<Val>@</Val>
</String>
<String>
<Name></Name>
<Val>@</Val>
</String>
<String>
<Name></Name>
<Val>@</Val>
</String>
<String>
<Name></Name>
<Val>@</Val>
</String>
<String>
<Name></Name>
<Val>@</Val>
</String>
<String>
<Name></Name>
<Val>H</Val>
</String>
<String>
<Name></Name>
<Val>@</Val>
</String>
<String>
<Name></Name>
<Val>C</Val>
</String>
<String>
<Name></Name>
<Val>@</Val>
</String>
<String>
<Name></Name>
<Val>@</Val>
</String>
<String>
<Name></Name>
<Val>@</Val>
</String>
<String>
<Name></Name>
<Val>@</Val>
</String>
<String>
<Name></Name>
<Val>@</Val>
</String>
<String>
<Name></Name>
<Val>@</Val>
</String>
<String>
<Name></Name>
<Val>@</Val>
</String>
<String>
<Name></Name>
<Val>@</Val>
</String>
<String>
<Name></Name>
<Val>L</Val>
</String>
<String>
<Name></Name>
<Val>@</Val>
</String>
<String>
<Name></Name>
<Val>A</Val>
</String>
<String>
<Name></Name>
<Val>@</Val>
</String>
<String>
<Name></Name>
<Val>@</Val>
</String>
<String>
<Name></Name>
<Val>@</Val>
</String>
<String>
<Name></Name>
<Val>@</Val>
</String>
<String>
<Name></Name>
<Val>@</Val>
</String>
<String>
<Name></Name>
<Val>@</Val>
</String>
<String>
<Name></Name>
<Val>@</Val>
</String>
<String>
<Name></Name>
<Val>@</Val>
</String>
<String>
<Name></Name>
<Val>D</Val>
</String>
<String>
<Name></Name>
<Val>@</Val>
</String>
</Array>
<Cluster>
<Name>IntegrationParams</Name>
<NumElts>4</NumElts>
<DBL>
<Name>time start</Name>
<Val>0.00000000000000</Val>
</DBL>
<DBL>
<Name>time end</Name>
<Val>999.00000000000000</Val>
</DBL>
<DBL>
<Name>h (step rate)</Name>
<Val>0.10000000000000</Val>
</DBL>
<Array>
<Name>X0</Name>
<Dimsize>10</Dimsize>
<I32>
<Name></Name>
<Val>1</Val>
</I32>
<I32>
<Name></Name>
<Val>0</Val>
</I32>
<I32>
<Name></Name>
<Val>0</Val>
</I32>
<I32>
<Name></Name>
<Val>0</Val>
</I32>
<I32>
<Name></Name>
<Val>0</Val>
</I32>
<I32>
<Name></Name>
<Val>0</Val>
</I32>
<I32>
<Name></Name>
<Val>0</Val>
</I32>
<I32>
<Name></Name>
<Val>0</Val>
</I32>
<I32>
<Name></Name>
<Val>0</Val>
</I32>
<I32>
<Name></Name>
<Val>0</Val>
</I32>
</Array>
</Cluster>
<Array>
<Name>StateNames</Name>
<Dimsize>10</Dimsize>
<String>
<Name>string</Name>
<Val>a</Val>
</String>
<String>
<Name>string</Name>
<Val>b</Val>
</String>
<String>
<Name>string</Name>
<Val>c</Val>
</String>
<String>
<Name>string</Name>
<Val>d</Val>
</String>
<String>
<Name>string</Name>
<Val>e</Val>
</String>
<String>
<Name>string</Name>
<Val>f</Val>
</String>
<String>
<Name>string</Name>
<Val>g</Val>
</String>
<String>
<Name>string</Name>
<Val>h</Val>
</String>
<String>
<Name>string</Name>
<Val>i</Val>
</String>
<String>
<Name>string</Name>
<Val>j</Val>
</String>
</Array>
</Cluster>
</LVData>