<?xml version='1.0' standalone='yes' ?>
<LVData xmlns="http://www.ni.com/LVData">
<Version>10.0.1</Version>
<Cluster>
<Name>ModelData</Name>
<NumElts>7</NumElts>
<Array>
<Name>Transitions</Name>
<Dimsize>13</Dimsize>
<Dimsize>2</Dimsize>
<String>
<Name>string</Name>
<Val>A</Val>
</String>
<String>
<Name>string</Name>
<Val>A</Val>
</String>
<String>
<Name>string</Name>
<Val>B</Val>
</String>
<String>
<Name>string</Name>
<Val>B</Val>
</String>
<String>
<Name>string</Name>
<Val>C</Val>
</String>
<String>
<Name>string</Name>
<Val>C</Val>
</String>
<String>
<Name>string</Name>
<Val>D</Val>
</String>
<String>
<Name>string</Name>
<Val>D</Val>
</String>
<String>
<Name>string</Name>
<Val>E</Val>
</String>
<String>
<Name>string</Name>
<Val>E</Val>
</String>
<String>
<Name>string</Name>
<Val>F</Val>
</String>
<String>
<Name>string</Name>
<Val>F</Val>
</String>
<String>
<Name>string</Name>
<Val>G</Val>
</String>
<String>
<Name>string</Name>
<Val>G</Val>
</String>
<String>
<Name>string</Name>
<Val>H</Val>
</String>
<String>
<Name>string</Name>
<Val>H</Val>
</String>
<String>
<Name>string</Name>
<Val>I</Val>
</String>
<String>
<Name>string</Name>
<Val>I</Val>
</String>
<String>
<Name>string</Name>
<Val>J</Val>
</String>
<String>
<Name>string</Name>
<Val>J</Val>
</String>
<String>
<Name>string</Name>
<Val>K</Val>
</String>
<String>
<Name>string</Name>
<Val>K</Val>
</String>
<String>
<Name>string</Name>
<Val>L</Val>
</String>
<String>
<Name>string</Name>
<Val>L</Val>
</String>
<String>
<Name>string</Name>
<Val>M</Val>
</String>
<String>
<Name>string</Name>
<Val>M</Val>
</String>
</Array>
<Array>
<Name>RealValues</Name>
<Dimsize>13</Dimsize>
<Dimsize>2</Dimsize>
<String>
<Name>string</Name>
<Val>A</Val>
</String>
<String>
<Name>string</Name>
<Val>0,233780</Val>
</String>
<String>
<Name>string</Name>
<Val>B</Val>
</String>
<String>
<Name>string</Name>
<Val>0,617354</Val>
</String>
<String>
<Name>string</Name>
<Val>C</Val>
</String>
<String>
<Name>string</Name>
<Val>0,527827</Val>
</String>
<String>
<Name>string</Name>
<Val>D</Val>
</String>
<String>
<Name>string</Name>
<Val>0,004076</Val>
</String>
<String>
<Name>string</Name>
<Val>E</Val>
</String>
<String>
<Name>string</Name>
<Val>0,370029</Val>
</String>
<String>
<Name>string</Name>
<Val>F</Val>
</String>
<String>
<Name>string</Name>
<Val>0,396971</Val>
</String>
<String>
<Name>string</Name>
<Val>G</Val>
</String>
<String>
<Name>string</Name>
<Val>0,057825</Val>
</String>
<String>
<Name>string</Name>
<Val>H</Val>
</String>
<String>
<Name>string</Name>
<Val>0,404287</Val>
</String>
<String>
<Name>string</Name>
<Val>I</Val>
</String>
<String>
<Name>string</Name>
<Val>0,086554</Val>
</String>
<String>
<Name>string</Name>
<Val>J</Val>
</String>
<String>
<Name>string</Name>
<Val>0,080706</Val>
</String>
<String>
<Name>string</Name>
<Val>K</Val>
</String>
<String>
<Name>string</Name>
<Val>0,484757</Val>
</String>
<String>
<Name>string</Name>
<Val>L</Val>
</String>
<String>
<Name>string</Name>
<Val>0,007424</Val>
</String>
<String>
<Name>string</Name>
<Val>M</Val>
</String>
<String>
<Name>string</Name>
<Val>0,019933</Val>
</String>
</Array>
<Array>
<Name>Times</Name>
<Dimsize>100</Dimsize>
<DBL>
<Name></Name>
<Val>0.00000000000000</Val>
</DBL>
<DBL>
<Name></Name>
<Val>10.00000000000000</Val>
</DBL>
<DBL>
<Name></Name>
<Val>20.00000000000000</Val>
</DBL>
<DBL>
<Name></Name>
<Val>30.00000000000000</Val>
</DBL>
<DBL>
<Name></Name>
<Val>40.00000000000000</Val>
</DBL>
<DBL>
<Name></Name>
<Val>50.00000000000000</Val>
</DBL>
<DBL>
<Name></Name>
<Val>60.00000000000000</Val>
</DBL>
<DBL>
<Name></Name>
<Val>70.00000000000000</Val>
</DBL>
<DBL>
<Name></Name>
<Val>80.00000000000000</Val>
</DBL>
<DBL>
<Name></Name>
<Val>90.00000000000000</Val>
</DBL>
<DBL>
<Name></Name>
<Val>100.00000000000000</Val>
</DBL>
<DBL>
<Name></Name>
<Val>110.00000000000000</Val>
</DBL>
<DBL>
<Name></Name>
<Val>120.00000000000000</Val>
</DBL>
<DBL>
<Name></Name>
<Val>130.00000000000000</Val>
</DBL>
<DBL>
<Name></Name>
<Val>140.00000000000000</Val>
</DBL>
<DBL>
<Name></Name>
<Val>150.00000000000000</Val>
</DBL>
<DBL>
<Name></Name>
<Val>160.00000000000000</Val>
</DBL>
<DBL>
<Name></Name>
<Val>170.00000000000000</Val>
</DBL>
<DBL>
<Name></Name>
<Val>180.00000000000000</Val>
</DBL>
<DBL>
<Name></Name>
<Val>190.00000000000000</Val>
</DBL>
<DBL>
<Name></Name>
<Val>200.00000000000000</Val>
</DBL>
<DBL>
<Name></Name>
<Val>210.00000000000000</Val>
</DBL>
<DBL>
<Name></Name>
<Val>220.00000000000000</Val>
</DBL>
<DBL>
<Name></Name>
<Val>230.00000000000000</Val>
</DBL>
<DBL>
<Name></Name>
<Val>240.00000000000000</Val>
</DBL>
<DBL>
<Name></Name>
<Val>250.00000000000000</Val>
</DBL>
<DBL>
<Name></Name>
<Val>260.00000000000000</Val>
</DBL>
<DBL>
<Name></Name>
<Val>270.00000000000000</Val>
</DBL>
<DBL>
<Name></Name>
<Val>280.00000000000000</Val>
</DBL>
<DBL>
<Name></Name>
<Val>290.00000000000000</Val>
</DBL>
<DBL>
<Name></Name>
<Val>300.00000000000000</Val>
</DBL>
<DBL>
<Name></Name>
<Val>310.00000000000000</Val>
</DBL>
<DBL>
<Name></Name>
<Val>320.00000000000000</Val>
</DBL>
<DBL>
<Name></Name>
<Val>330.00000000000000</Val>
</DBL>
<DBL>
<Name></Name>
<Val>340.00000000000000</Val>
</DBL>
<DBL>
<Name></Name>
<Val>350.00000000000000</Val>
</DBL>
<DBL>
<Name></Name>
<Val>360.00000000000000</Val>
</DBL>
<DBL>
<Name></Name>
<Val>370.00000000000000</Val>
</DBL>
<DBL>
<Name></Name>
<Val>380.00000000000000</Val>
</DBL>
<DBL>
<Name></Name>
<Val>390.00000000000000</Val>
</DBL>
<DBL>
<Name></Name>
<Val>400.00000000000000</Val>
</DBL>
<DBL>
<Name></Name>
<Val>410.00000000000000</Val>
</DBL>
<DBL>
<Name></Name>
<Val>420.00000000000000</Val>
</DBL>
<DBL>
<Name></Name>
<Val>430.00000000000000</Val>
</DBL>
<DBL>
<Name></Name>
<Val>440.00000000000000</Val>
</DBL>
<DBL>
<Name></Name>
<Val>450.00000000000000</Val>
</DBL>
<DBL>
<Name></Name>
<Val>460.00000000000000</Val>
</DBL>
<DBL>
<Name></Name>
<Val>470.00000000000000</Val>
</DBL>
<DBL>
<Name></Name>
<Val>480.00000000000000</Val>
</DBL>
<DBL>
<Name></Name>
<Val>490.00000000000000</Val>
</DBL>
<DBL>
<Name></Name>
<Val>500.00000000000000</Val>
</DBL>
<DBL>
<Name></Name>
<Val>510.00000000000000</Val>
</DBL>
<DBL>
<Name></Name>
<Val>520.00000000000000</Val>
</DBL>
<DBL>
<Name></Name>
<Val>530.00000000000000</Val>
</DBL>
<DBL>
<Name></Name>
<Val>540.00000000000000</Val>
</DBL>
<DBL>
<Name></Name>
<Val>550.00000000000000</Val>
</DBL>
<DBL>
<Name></Name>
<Val>560.00000000000000</Val>
</DBL>
<DBL>
<Name></Name>
<Val>570.00000000000000</Val>
</DBL>
<DBL>
<Name></Name>
<Val>580.00000000000000</Val>
</DBL>
<DBL>
<Name></Name>
<Val>590.00000000000000</Val>
</DBL>
<DBL>
<Name></Name>
<Val>600.00000000000000</Val>
</DBL>
<DBL>
<Name></Name>
<Val>610.00000000000000</Val>
</DBL>
<DBL>
<Name></Name>
<Val>620.00000000000000</Val>
</DBL>
<DBL>
<Name></Name>
<Val>630.00000000000000</Val>
</DBL>
<DBL>
<Name></Name>
<Val>640.00000000000000</Val>
</DBL>
<DBL>
<Name></Name>
<Val>650.00000000000000</Val>
</DBL>
<DBL>
<Name></Name>
<Val>660.00000000000000</Val>
</DBL>
<DBL>
<Name></Name>
<Val>670.00000000000000</Val>
</DBL>
<DBL>
<Name></Name>
<Val>680.00000000000000</Val>
</DBL>
<DBL>
<Name></Name>
<Val>690.00000000000000</Val>
</DBL>
<DBL>
<Name></Name>
<Val>700.00000000000000</Val>
</DBL>
<DBL>
<Name></Name>
<Val>710.00000000000000</Val>
</DBL>
<DBL>
<Name></Name>
<Val>720.00000000000000</Val>
</DBL>
<DBL>
<Name></Name>
<Val>730.00000000000000</Val>
</DBL>
<DBL>
<Name></Name>
<Val>740.00000000000000</Val>
</DBL>
<DBL>
<Name></Name>
<Val>750.00000000000000</Val>
</DBL>
<DBL>
<Name></Name>
<Val>760.00000000000000</Val>
</DBL>
<DBL>
<Name></Name>
<Val>770.00000000000000</Val>
</DBL>
<DBL>
<Name></Name>
<Val>780.00000000000000</Val>
</DBL>
<DBL>
<Name></Name>
<Val>790.00000000000000</Val>
</DBL>
<DBL>
<Name></Name>
<Val>800.00000000000000</Val>
</DBL>
<DBL>
<Name></Name>
<Val>810.00000000000000</Val>
</DBL>
<DBL>
<Name></Name>
<Val>820.00000000000000</Val>
</DBL>
<DBL>
<Name></Name>
<Val>830.00000000000000</Val>
</DBL>
<DBL>
<Name></Name>
<Val>840.00000000000000</Val>
</DBL>
<DBL>
<Name></Name>
<Val>850.00000000000000</Val>
</DBL>
<DBL>
<Name></Name>
<Val>860.00000000000000</Val>
</DBL>
<DBL>
<Name></Name>
<Val>870.00000000000000</Val>
</DBL>
<DBL>
<Name></Name>
<Val>880.00000000000000</Val>
</DBL>
<DBL>
<Name></Name>
<Val>890.00000000000000</Val>
</DBL>
<DBL>
<Name></Name>
<Val>900.00000000000000</Val>
</DBL>
<DBL>
<Name></Name>
<Val>910.00000000000000</Val>
</DBL>
<DBL>
<Name></Name>
<Val>920.00000000000000</Val>
</DBL>
<DBL>
<Name></Name>
<Val>930.00000000000000</Val>
</DBL>
<DBL>
<Name></Name>
<Val>940.00000000000000</Val>
</DBL>
<DBL>
<Name></Name>
<Val>950.00000000000000</Val>
</DBL>
<DBL>
<Name></Name>
<Val>960.00000000000000</Val>
</DBL>
<DBL>
<Name></Name>
<Val>970.00000000000000</Val>
</DBL>
<DBL>
<Name></Name>
<Val>980.00000000000000</Val>
</DBL>
<DBL>
<Name></Name>
<Val>990.00000000000000</Val>
</DBL>
</Array>
<Array>
<Name>RealSolution</Name>
<Dimsize>100</Dimsize>
<Dimsize>10</Dimsize>
<DBL>
<Name></Name>
<Val>1.00000000000000</Val>
</DBL>
<DBL>
<Name></Name>
<Val>0.00000000000000</Val>
</DBL>
<DBL>
<Name></Name>
<Val>0.00000000000000</Val>
</DBL>
<DBL>
<Name></Name>
<Val>0.00000000000000</Val>
</DBL>
<DBL>
<Name></Name>
<Val>0.00000000000000</Val>
</DBL>
<DBL>
<Name></Name>
<Val>0.00000000000000</Val>
</DBL>
<DBL>
<Name></Name>
<Val>0.00000000000000</Val>
</DBL>
<DBL>
<Name></Name>
<Val>0.00000000000000</Val>
</DBL>
<DBL>
<Name></Name>
<Val>0.00000000000000</Val>
</DBL>
<DBL>
<Name></Name>
<Val>0.00000000000000</Val>
</DBL>
<DBL>
<Name></Name>
<Val>3.96319882284645E-2</Val>
</DBL>
<DBL>
<Name></Name>
<Val>0.20210980177234</Val>
</DBL>
<DBL>
<Name></Name>
<Val>0.48795229151131</Val>
</DBL>
<DBL>
<Name></Name>
<Val>0.12616245220838</Val>
</DBL>
<DBL>
<Name></Name>
<Val>5.13250464839987E-2</Val>
</DBL>
<DBL>
<Name></Name>
<Val>9.18554338974412E-2</Val>
</DBL>
<DBL>
<Name></Name>
<Val>5.37642094385476E-4</Val>
</DBL>
<DBL>
<Name></Name>
<Val>2.49046850890874E-4</Val>
</DBL>
<DBL>
<Name></Name>
<Val>1.07421741443879E-4</Val>
</DBL>
<DBL>
<Name></Name>
<Val>6.88752113456837E-5</Val>
</DBL>
<DBL>
<Name></Name>
<Val>8.87430172257477E-3</Val>
</DBL>
<DBL>
<Name></Name>
<Val>5.63861675145652E-2</Val>
</DBL>
<DBL>
<Name></Name>
<Val>0.31361796902004</Val>
</DBL>
<DBL>
<Name></Name>
<Val>0.15578242123626</Val>
</DBL>
<DBL>
<Name></Name>
<Val>9.08770693252678E-2</Val>
</DBL>
<DBL>
<Name></Name>
<Val>0.36649673379262</Val>
</DBL>
<DBL>
<Name></Name>
<Val>2.77392983168069E-3</Val>
</DBL>
<DBL>
<Name></Name>
<Val>1.69163599671052E-3</Val>
</DBL>
<DBL>
<Name></Name>
<Val>1.56752721731729E-3</Val>
</DBL>
<DBL>
<Name></Name>
<Val>1.93224434296422E-3</Val>
</DBL>
<DBL>
<Name></Name>
<Val>3.28103904650249E-3</Val>
</DBL>
<DBL>
<Name></Name>
<Val>2.26572447962070E-2</Val>
</DBL>
<DBL>
<Name></Name>
<Val>0.15959428438775</Val>
</DBL>
<DBL>
<Name></Name>
<Val>0.13154320400972</Val>
</DBL>
<DBL>
<Name></Name>
<Val>9.87571696457476E-2</Val>
</DBL>
<DBL>
<Name></Name>
<Val>0.56423571189891</Val>
</DBL>
<DBL>
<Name></Name>
<Val>4.61132006027024E-3</Val>
</DBL>
<DBL>
<Name></Name>
<Val>3.03587094240856E-3</Val>
</DBL>
<DBL>
<Name></Name>
<Val>4.72805675406551E-3</Val>
</DBL>
<DBL>
<Name></Name>
<Val>7.55609845842552E-3</Val>
</DBL>
<DBL>
<Name></Name>
<Val>1.48157699257580E-3</Val>
</DBL>
<DBL>
<Name></Name>
<Val>1.05039303401350E-2</Val>
</DBL>
<DBL>
<Name></Name>
<Val>7.89770755882798E-2</Val>
</DBL>
<DBL>
<Name></Name>
<Val>0.11236313591294</Val>
</DBL>
<DBL>
<Name></Name>
<Val>9.94208182517112E-2</Val>
</DBL>
<DBL>
<Name></Name>
<Val>0.66311649011173</Val>
</DBL>
<DBL>
<Name></Name>
<Val>5.57886758847147E-3</Val>
</DBL>
<DBL>
<Name></Name>
<Val>3.78374173881465E-3</Val>
</DBL>
<DBL>
<Name></Name>
<Val>8.82315919883912E-3</Val>
</DBL>
<DBL>
<Name></Name>
<Val>1.59512042764990E-2</Val>
</DBL>
<DBL>
<Name></Name>
<Val>7.16552271332271E-4</Val>
</DBL>
<DBL>
<Name></Name>
<Val>5.13710711928760E-3</Val>
</DBL>
<DBL>
<Name></Name>
<Val>3.98917498899534E-2</Val>
</DBL>
<DBL>
<Name></Name>
<Val>0.10151183393426</Val>
</DBL>
<DBL>
<Name></Name>
<Val>9.85534658592333E-2</Val>
</DBL>
<DBL>
<Name></Name>
<Val>0.70498680420573</Val>
</DBL>
<DBL>
<Name></Name>
<Val>6.00791166288556E-3</Val>
</DBL>
<DBL>
<Name></Name>
<Val>4.13633608510759E-3</Val>
</DBL>
<DBL>
<Name></Name>
<Val>1.33235171095465E-2</Val>
</DBL>
<DBL>
<Name></Name>
<Val>2.57347218626640E-2</Val>
</DBL>
<DBL>
<Name></Name>
<Val>3.62418535923967E-4</Val>
</DBL>
<DBL>
<Name></Name>
<Val>2.62888176069385E-3</Val>
</DBL>
<DBL>
<Name></Name>
<Val>2.12187506152288E-2</Val>
</DBL>
<DBL>
<Name></Name>
<Val>9.54508795621999E-2</Val>
</DBL>
<DBL>
<Name></Name>
<Val>9.72531911207954E-2</Val>
</DBL>
<DBL>
<Name></Name>
<Val>0.71859205661406</Val>
</DBL>
<DBL>
<Name></Name>
<Val>6.16490028773244E-3</Val>
</DBL>
<DBL>
<Name></Name>
<Val>4.28563150173415E-3</Val>
</DBL>
<DBL>
<Name></Name>
<Val>1.79631291685534E-2</Val>
</DBL>
<DBL>
<Name></Name>
<Val>3.60801608330749E-2</Val>
</DBL>
<DBL>
<Name></Name>
<Val>1.94918270882584E-4</Val>
</DBL>
<DBL>
<Name></Name>
<Val>1.43951227175498E-3</Val>
</DBL>
<DBL>
<Name></Name>
<Val>1.23088001784888E-2</Val>
</DBL>
<DBL>
<Name></Name>
<Val>9.17815361628360E-2</Val>
</DBL>
<DBL>
<Name></Name>
<Val>9.58002435497756E-2</Val>
</DBL>
<DBL>
<Name></Name>
<Val>0.71875726383861</Val>
</DBL>
<DBL>
<Name></Name>
<Val>6.19164900167028E-3</Val>
</DBL>
<DBL>
<Name></Name>
<Val>4.33684997170390E-3</Val>
</DBL>
<DBL>
<Name></Name>
<Val>2.26154746353366E-2</Val>
</DBL>
<DBL>
<Name></Name>
<Val>4.65737521189400E-2</Val>
</DBL>
<DBL>
<Name></Name>
<Val>1.15132364184015E-4</Val>
</DBL>
<DBL>
<Name></Name>
<Val>8.72234548102212E-4</Val>
</DBL>
<DBL>
<Name></Name>
<Val>8.04161605554326E-3</Val>
</DBL>
<DBL>
<Name></Name>
<Val>8.92757571289993E-2</Val>
</DBL>
<DBL>
<Name></Name>
<Val>9.42966581267792E-2</Val>
</DBL>
<DBL>
<Name></Name>
<Val>0.71265931399277</Val>
</DBL>
<DBL>
<Name></Name>
<Val>6.15735371666346E-3</Val>
</DBL>
<DBL>
<Name></Name>
<Val>4.34170436898545E-3</Val>
</DBL>
<DBL>
<Name></Name>
<Val>2.72215104657047E-2</Val>
</DBL>
<DBL>
<Name></Name>
<Val>5.70187192322687E-2</Val>
</DBL>
<DBL>
<Name></Name>
<Val>7.68976397791417E-5</Val>
</DBL>
<DBL>
<Name></Name>
<Val>5.99896514387185E-4</Val>
</DBL>
<DBL>
<Name></Name>
<Val>5.97984767124558E-3</Val>
</DBL>
<DBL>
<Name></Name>
<Val>8.73399021629672E-2</Val>
</DBL>
<DBL>
<Name></Name>
<Val>9.27868803084205E-2</Val>
</DBL>
<DBL>
<Name></Name>
<Val>0.70371839628223</Val>
</DBL>
<DBL>
<Name></Name>
<Val>6.09505936216272E-3</Val>
</DBL>
<DBL>
<Name></Name>
<Val>4.32494085374979E-3</Val>
</DBL>
<DBL>
<Name></Name>
<Val>3.17543172435617E-2</Val>
</DBL>
<DBL>
<Name></Name>
<Val>6.73238619615007E-2</Val>
</DBL>
<DBL>
<Name></Name>
<Val>5.83845550090637E-5</Val>
</DBL>
<DBL>
<Name></Name>
<Val>4.67582226980521E-4</Val>
</DBL>
<DBL>
<Name></Name>
<Val>4.96580049589919E-3</Val>
</DBL>
<DBL>
<Name></Name>
<Val>8.56906719241011E-2</Val>
</DBL>
<DBL>
<Name></Name>
<Val>9.12912275173795E-2</Val>
</DBL>
<DBL>
<Name></Name>
<Val>0.69355699970006</Val>
</DBL>
<DBL>
<Name></Name>
<Val>6.02045499127619E-3</Val>
</DBL>
<DBL>
<Name></Name>
<Val>4.29832049466453E-3</Val>
</DBL>
<DBL>
<Name></Name>
<Val>3.62022110928620E-2</Val>
</DBL>
<DBL>
<Name></Name>
<Val>7.74483470017693E-2</Val>
</DBL>
<DBL>
<Name></Name>
<Val>4.92396871433904E-5</Val>
</DBL>
<DBL>
<Name></Name>
<Val>4.01794698729237E-4</Val>
</DBL>
<DBL>
<Name></Name>
<Val>4.44984921348264E-3</Val>
</DBL>
<DBL>
<Name></Name>
<Val>8.41931215496743E-2</Val>
</DBL>
<DBL>
<Name></Name>
<Val>8.98189352738007E-2</Val>
</DBL>
<DBL>
<Name></Name>
<Val>0.68294272206525</Val>
</DBL>
<DBL>
<Name></Name>
<Val>5.94096956809896E-3</Val>
</DBL>
<DBL>
<Name></Name>
<Val>4.26741989944391E-3</Val>
</DBL>
<DBL>
<Name></Name>
<Val>4.05607177805957E-2</Val>
</DBL>
<DBL>
<Name></Name>
<Val>8.73752302637807E-2</Val>
</DBL>
<DBL>
<Name></Name>
<Val>4.45492413229314E-5</Val>
</DBL>
<DBL>
<Name></Name>
<Val>3.67649253288081E-4</Val>
</DBL>
<DBL>
<Name></Name>
<Val>4.17107413547536E-3</Val>
</DBL>
<DBL>
<Name></Name>
<Val>8.27828480698918E-2</Val>
</DBL>
<DBL>
<Name></Name>
<Val>8.83740267003402E-2</Val>
</DBL>
<DBL>
<Name></Name>
<Val>0.67223724401897</Val>
</DBL>
<DBL>
<Name></Name>
<Val>5.86010918645306E-3</Val>
</DBL>
<DBL>
<Name></Name>
<Val>4.23487792110357E-3</Val>
</DBL>
<DBL>
<Name></Name>
<Val>4.48287625322335E-2</Val>
</DBL>
<DBL>
<Name></Name>
<Val>9.70988589409195E-2</Val>
</DBL>
<DBL>
<Name></Name>
<Val>4.19806765771955E-5</Val>
</DBL>
<DBL>
<Name></Name>
<Val>3.48585947593472E-4</Val>
</DBL>
<DBL>
<Name></Name>
<Val>4.00560552443265E-3</Val>
</DBL>
<DBL>
<Name></Name>
<Val>8.14289527509332E-2</Val>
</DBL>
<DBL>
<Name></Name>
<Val>8.69580626836882E-2</Val>
</DBL>
<DBL>
<Name></Name>
<Val>0.66160960446469</Val>
</DBL>
<DBL>
<Name></Name>
<Val>5.77951801239058E-3</Val>
</DBL>
<DBL>
<Name></Name>
<Val>4.20193885368542E-3</Val>
</DBL>
<DBL>
<Name></Name>
<Val>4.90068618124455E-2</Val>
</DBL>
<DBL>
<Name></Name>
<Val>0.10661888927357</Val>
</DBL>
<DBL>
<Name></Name>
<Val>4.04266352884653E-5</Val>
</DBL>
<DBL>
<Name></Name>
<Val>3.36742838395825E-4</Val>
</DBL>
<DBL>
<Name></Name>
<Val>3.89462946070482E-3</Val>
</DBL>
<DBL>
<Name></Name>
<Val>8.01164489219147E-2</Val>
</DBL>
<DBL>
<Name></Name>
<Val>8.55714432540428E-2</Val>
</DBL>
<DBL>
<Name></Name>
<Val>0.65113745381454</Val>
</DBL>
<DBL>
<Name></Name>
<Val>5.69995679603538E-3</Val>
</DBL>
<DBL>
<Name></Name>
<Val>4.16918517475695E-3</Val>
</DBL>
<DBL>
<Name></Name>
<Val>5.30962654712165E-2</Val>
</DBL>
<DBL>
<Name></Name>
<Val>0.11593744763311</Val>
</DBL>
<DBL>
<Name></Name>
<Val>3.93613228585662E-5</Val>
</DBL>
<DBL>
<Name></Name>
<Val>3.28386726988148E-4</Val>
</DBL>
<DBL>
<Name></Name>
<Val>3.81021306344396E-3</Val>
</DBL>
<DBL>
<Name></Name>
<Val>7.88379100053074E-2</Val>
</DBL>
<DBL>
<Name></Name>
<Val>8.42140247428494E-2</Val>
</DBL>
<DBL>
<Name></Name>
<Val>0.64085511740437</Val>
</DBL>
<DBL>
<Name></Name>
<Val>5.62176736667864E-3</Val>
</DBL>
<DBL>
<Name></Name>
<Val>4.13688538316954E-3</Val>
</DBL>
<DBL>
<Name></Name>
<Val>5.70985500067014E-2</Val>
</DBL>
<DBL>
<Name></Name>
<Val>0.12505778397763</Val>
</DBL>
<DBL>
<Name></Name>
<Val>3.85350028036536E-5</Val>
</DBL>
<DBL>
<Name></Name>
<Val>3.21744266405388E-4</Val>
</DBL>
<DBL>
<Name></Name>
<Val>3.73908236372684E-3</Val>
</DBL>
<DBL>
<Name></Name>
<Val>7.75895047398397E-2</Val>
</DBL>
<DBL>
<Name></Name>
<Val>8.28854125338742E-2</Val>
</DBL>
<DBL>
<Name></Name>
<Val>0.63077640919967</Val>
</DBL>
<DBL>
<Name></Name>
<Val>5.54509311253795E-3</Val>
</DBL>
<DBL>
<Name></Name>
<Val>4.10515910917914E-3</Val>
</DBL>
<DBL>
<Name></Name>
<Val>6.10154259545541E-2</Val>
</DBL>
<DBL>
<Name></Name>
<Val>0.13398363371741</Val>
</DBL>
<DBL>
<Name></Name>
<Val>3.78289807913688E-5</Val>
</DBL>
<DBL>
<Name></Name>
<Val>3.15972436930898E-4</Val>
</DBL>
<DBL>
<Name></Name>
<Val>3.67492198756066E-3</Val>
</DBL>
<DBL>
<Name></Name>
<Val>7.63691150278037E-2</Val>
</DBL>
<DBL>
<Name></Name>
<Val>8.15850998688049E-2</Val>
</DBL>
<DBL>
<Name></Name>
<Val>0.62090545984549</Val>
</DBL>
<DBL>
<Name></Name>
<Val>5.46998362934239E-3</Val>
</DBL>
<DBL>
<Name></Name>
<Val>4.07405548537366E-3</Val>
</DBL>
<DBL>
<Name></Name>
<Val>6.48486469088695E-2</Val>
</DBL>
<DBL>
<Name></Name>
<Val>0.14271891582903</Val>
</DBL>
<DBL>
<Name></Name>
<Val>3.71867686328246E-5</Val>
</DBL>
<DBL>
<Name></Name>
<Val>3.10669852290312E-4</Val>
</DBL>
<DBL>
<Name></Name>
<Val>3.61471996971253E-3</Val>
</DBL>
<DBL>
<Name></Name>
<Val>7.51754423754975E-2</Val>
</DBL>
<DBL>
<Name></Name>
<Val>8.03125335857168E-2</Val>
</DBL>
<DBL>
<Name></Name>
<Val>0.61124185538353</Val>
</DBL>
<DBL>
<Name></Name>
<Val>5.39644438622544E-3</Val>
</DBL>
<DBL>
<Name></Name>
<Val>4.04359034416120E-3</Val>
</DBL>
<DBL>
<Name></Name>
<Val>6.85999667759257E-2</Val>
</DBL>
<DBL>
<Name></Name>
<Val>0.15126759055830</Val>
</DBL>
<DBL>
<Name></Name>
<Val>3.65814092177529E-5</Val>
</DBL>
<DBL>
<Name></Name>
<Val>3.05644786446930E-4</Val>
</DBL>
<DBL>
<Name></Name>
<Val>3.55703270695884E-3</Val>
</DBL>
<DBL>
<Name></Name>
<Val>7.40075836023153E-2</Val>
</DBL>
<DBL>
<Name></Name>
<Val>7.90671451777482E-2</Val>
</DBL>
<DBL>
<Name></Name>
<Val>0.60178307538483</Val>
</DBL>
<DBL>
<Name></Name>
<Val>5.32446029264652E-3</Val>
</DBL>
<DBL>
<Name></Name>
<Val>4.01376387114236E-3</Val>
</DBL>
<DBL>
<Name></Name>
<Val>7.22711199136256E-2</Val>
</DBL>
<DBL>
<Name></Name>
<Val>0.15963359285506</Val>
</DBL>
<DBL>
<Name></Name>
<Val>3.59999662821335E-5</Val>
</DBL>
<DBL>
<Name></Name>
<Val>3.00805060243585E-4</Val>
</DBL>
<DBL>
<Name></Name>
<Val>3.50116136137157E-3</Val>
</DBL>
<DBL>
<Name></Name>
<Val>7.28648293048614E-2</Val>
</DBL>
<DBL>
<Name></Name>
<Val>7.78483653931749E-2</Val>
</DBL>
<DBL>
<Name></Name>
<Val>0.59252564919519</Val>
</DBL>
<DBL>
<Name></Name>
<Val>5.25400687685696E-3</Val>
</DBL>
<DBL>
<Name></Name>
<Val>3.98456898137366E-3</Val>
</DBL>
<DBL>
<Name></Name>
<Val>7.58638121251055E-2</Val>
</DBL>
<DBL>
<Name></Name>
<Val>0.16782080173554</Val>
</DBL>
<DBL>
<Name></Name>
<Val>3.54361619615246E-5</Val>
</DBL>
<DBL>
<Name></Name>
<Val>2.96105772360008E-4</Val>
</DBL>
<DBL>
<Name></Name>
<Val>3.44676090992506E-3</Val>
</DBL>
<DBL>
<Name></Name>
<Val>7.17465680610669E-2</Val>
</DBL>
<DBL>
<Name></Name>
<Val>7.66556310259913E-2</Val>
</DBL>
<DBL>
<Name></Name>
<Val>0.58346570371888</Val>
</DBL>
<DBL>
<Name></Name>
<Val>5.18505558400256E-3</Val>
</DBL>
<DBL>
<Name></Name>
<Val>3.95599529205506E-3</Val>
</DBL>
<DBL>
<Name></Name>
<Val>7.93797167955898E-2</Val>
</DBL>
<DBL>
<Name></Name>
<Val>0.17583302667817</Val>
</DBL>
<DBL>
<Name></Name>
<Val>3.48868819283042E-5</Val>
</DBL>
<DBL>
<Name></Name>
<Val>2.91524487762111E-4</Val>
</DBL>
<DBL>
<Name></Name>
<Val>3.39365456235338E-3</Val>
</DBL>
<DBL>
<Name></Name>
<Val>7.06522408296668E-2</Val>
</DBL>
<DBL>
<Name></Name>
<Val>7.54883880024767E-2</Val>
</DBL>
<DBL>
<Name></Name>
<Val>0.57459922240109</Val>
</DBL>
<DBL>
<Name></Name>
<Val>5.11757628311402E-3</Val>
</DBL>
<DBL>
<Name></Name>
<Val>3.92803100500419E-3</Val>
</DBL>
<DBL>
<Name></Name>
<Val>8.28204734618302E-2</Val>
</DBL>
<DBL>
<Name></Name>
<Val>0.18367400208478</Val>
</DBL>
<DBL>
<Name></Name>
<Val>3.43505163910593E-5</Val>
</DBL>
<DBL>
<Name></Name>
<Val>2.87049459656941E-4</Val>
</DBL>
<DBL>
<Name></Name>
<Val>3.34174566313224E-3</Val>
</DBL>
<DBL>
<Name></Name>
<Val>6.95813191790995E-2</Val>
</DBL>
<DBL>
<Name></Name>
<Val>7.43460927124683E-2</Val>
</DBL>
<DBL>
<Name></Name>
<Val>0.56592216714457</Val>
</DBL>
<DBL>
<Name></Name>
<Val>5.05153844938413E-3</Val>
</DBL>
<DBL>
<Name></Name>
<Val>3.90066379702037E-3</Val>
</DBL>
<DBL>
<Name></Name>
<Val>8.61876875276239E-2</Val>
</DBL>
<DBL>
<Name></Name>
<Val>0.19134738555065</Val>
</DBL>
<DBL>
<Name></Name>
<Val>3.38261725404856E-5</Val>
</DBL>
<DBL>
<Name></Name>
<Val>2.82674038189979E-4</Val>
</DBL>
<DBL>
<Name></Name>
<Val>3.29097586725552E-3</Val>
</DBL>
<DBL>
<Name></Name>
<Val>6.85332948304144E-2</Val>
</DBL>
<DBL>
<Name></Name>
<Val>7.32282125102924E-2</Val>
</DBL>
<DBL>
<Name></Name>
<Val>0.55743053518593</Val>
</DBL>
<DBL>
<Name></Name>
<Val>4.98691171779676E-3</Val>
</DBL>
<DBL>
<Name></Name>
<Val>3.87388123938311E-3</Val>
</DBL>
<DBL>
<Name></Name>
<Val>8.94829305149176E-2</Val>
</DBL>
<DBL>
<Name></Name>
<Val>0.19885675792328</Val>
</DBL>
<DBL>
<Name></Name>
<Val>3.33133006539411E-5</Val>
</DBL>
<DBL>
<Name></Name>
<Val>2.78394015869951E-4</Val>
</DBL>
<DBL>
<Name></Name>
<Val>3.24130528133674E-3</Val>
</DBL>
<DBL>
<Name></Name>
<Val>6.75076745733269E-2</Val>
</DBL>
<DBL>
<Name></Name>
<Val>7.21342258243516E-2</Val>
</DBL>
<DBL>
<Name></Name>
<Val>0.54912038511975</Val>
</DBL>
<DBL>
<Name></Name>
<Val>4.92366613851167E-3</Val>
</DBL>
<DBL>
<Name></Name>
<Val>3.84767099390803E-3</Val>
</DBL>
<DBL>
<Name></Name>
<Val>9.27077405608891E-2</Val>
</DBL>
<DBL>
<Name></Name>
<Val>0.20620562419141</Val>
</DBL>
<DBL>
<Name></Name>
<Val>3.28115165563498E-5</Val>
</DBL>
<DBL>
<Name></Name>
<Val>2.74206367007164E-4</Val>
</DBL>
<DBL>
<Name></Name>
<Val>3.19270303131267E-3</Val>
</DBL>
<DBL>
<Name></Name>
<Val>6.65039777353623E-2</Val>
</DBL>
<DBL>
<Name></Name>
<Val>7.10636220836886E-2</Val>
</DBL>
<DBL>
<Name></Name>
<Val>0.54098784829871</Val>
</DBL>
<DBL>
<Name></Name>
<Val>4.86177229083751E-3</Val>
</DBL>
<DBL>
<Name></Name>
<Val>3.82202090300457E-3</Val>
</DBL>
<DBL>
<Name></Name>
<Val>9.58636230237131E-2</Val>
</DBL>
<DBL>
<Name></Name>
<Val>0.21339741474981</Val>
</DBL>
<DBL>
<Name></Name>
<Val>3.23205172885964E-5</Val>
</DBL>
<DBL>
<Name></Name>
<Val>2.70108648871250E-4</Val>
</DBL>
<DBL>
<Name></Name>
<Val>3.14514277955775E-3</Val>
</DBL>
<DBL>
<Name></Name>
<Val>6.55217348654105E-2</Val>
</DBL>
<DBL>
<Name></Name>
<Val>7.00159015603539E-2</Val>
</DBL>
<DBL>
<Name></Name>
<Val>0.53302913331240</Val>
</DBL>
<DBL>
<Name></Name>
<Val>4.80120133023461E-3</Val>
</DBL>
<DBL>
<Name></Name>
<Val>3.79691902948317E-3</Val>
</DBL>
<DBL>
<Name></Name>
<Val>9.89520511320114E-2</Val>
</DBL>
<DBL>
<Name></Name>
<Val>0.22043548682438</Val>
</DBL>
<DBL>
<Name></Name>
<Val>3.18400410207852E-5</Val>
</DBL>
<DBL>
<Name></Name>
<Val>2.66098716963472E-4</Val>
</DBL>
<DBL>
<Name></Name>
<Val>3.09860059149880E-3</Val>
</DBL>
<DBL>
<Name></Name>
<Val>6.45604869961970E-2</Val>
</DBL>
<DBL>
<Name></Name>
<Val>6.89905751744316E-2</Val>
</DBL>
<DBL>
<Name></Name>
<Val>0.52524052720065</Val>
</DBL>
<DBL>
<Name></Name>
<Val>4.74192500368009E-3</Val>
</DBL>
<DBL>
<Name></Name>
<Val>3.77235367257224E-3</Val>
</DBL>
<DBL>
<Name></Name>
<Val>0.10197446664730</Val>
</DBL>
<DBL>
<Name></Name>
<Val>0.22732312595568</Val>
</DBL>
<DBL>
<Name></Name>
<Val>3.13698479688105E-5</Val>
</DBL>
<DBL>
<Name></Name>
<Val>2.62174589402642E-4</Val>
</DBL>
<DBL>
<Name></Name>
<Val>3.05305391760470E-3</Val>
</DBL>
<DBL>
<Name></Name>
<Val>6.36197851839604E-2</Val>
</DBL>
<DBL>
<Name></Name>
<Val>6.79871642839085E-2</Val>
</DBL>
<DBL>
<Name></Name>
<Val>0.51761839513621</Val>
</DBL>
<DBL>
<Name></Name>
<Val>4.68391565016377E-3</Val>
</DBL>
<DBL>
<Name></Name>
<Val>3.74831337270394E-3</Val>
</DBL>
<DBL>
<Name></Name>
<Val>0.10493228052507</Val>
</DBL>
<DBL>
<Name></Name>
<Val>0.23406354749301</Val>
</DBL>
<DBL>
<Name></Name>
<Val>3.09097112819352E-5</Val>
</DBL>
<DBL>
<Name></Name>
<Val>2.58334382101974E-4</Val>
</DBL>
<DBL>
<Name></Name>
<Val>3.00848110493522E-3</Val>
</DBL>
<DBL>
<Name></Name>
<Val>6.26991901820704E-2</Val>
</DBL>
<DBL>
<Name></Name>
<Val>6.70052004698612E-2</Val>
</DBL>
<DBL>
<Name></Name>
<Val>0.51015917940016</Val>
</DBL>
<DBL>
<Name></Name>
<Val>4.62714619427121E-3</Val>
</DBL>
<DBL>
<Name></Name>
<Val>3.72478691102913E-3</Val>
</DBL>
<DBL>
<Name></Name>
<Val>0.10782687356770</Val>
</DBL>
<DBL>
<Name></Name>
<Val>0.24065989807659</Val>
</DBL>
<DBL>
<Name></Name>
<Val>3.04594126645491E-5</Val>
</DBL>
<DBL>
<Name></Name>
<Val>2.54576277558522E-4</Val>
</DBL>
<DBL>
<Name></Name>
<Val>2.96486116017212E-3</Val>
</DBL>
<DBL>
<Name></Name>
<Val>6.17982721805303E-2</Val>
</DBL>
<DBL>
<Name></Name>
<Val>6.60442253218804E-2</Val>
</DBL>
<DBL>
<Name></Name>
<Val>0.50285939804008</Val>
</DBL>
<DBL>
<Name></Name>
<Val>4.57159013662760E-3</Val>
</DBL>
<DBL>
<Name></Name>
<Val>3.70176330648910E-3</Val>
</DBL>
<DBL>
<Name></Name>
<Val>0.11065959706645</Val>
</DBL>
<DBL>
<Name></Name>
<Val>0.24711525709755</Val>
</DBL>
<DBL>
<Name></Name>
<Val>3.00187402462714E-5</Val>
</DBL>
<DBL>
<Name></Name>
<Val>2.50898509607211E-4</Val>
</DBL>
<DBL>
<Name></Name>
<Val>2.92217363213277E-3</Val>
</DBL>
<DBL>
<Name></Name>
<Val>6.09166105790095E-2</Val>
</DBL>
<DBL>
<Name></Name>
<Val>6.51037902260146E-2</Val>
</DBL>
<DBL>
<Name></Name>
<Val>0.49571564339603</Val>
</DBL>
<DBL>
<Name></Name>
<Val>4.51722154299066E-3</Val>
</DBL>
<DBL>
<Name></Name>
<Val>3.67923181178538E-3</Val>
</DBL>
<DBL>
<Name></Name>
<Val>0.11343177343092</Val>
</DBL>
<DBL>
<Name></Name>
<Val>0.25343263813126</Val>
</DBL>
<DBL>
<Name></Name>
<Val>2.95874875203983E-5</Val>
</DBL>
<DBL>
<Name></Name>
<Val>2.47299355762152E-4</Val>
</DBL>
<DBL>
<Name></Name>
<Val>2.88039855110661E-3</Val>
</DBL>
<DBL>
<Name></Name>
<Val>6.00537937780013E-2</Val>
</DBL>
<DBL>
<Name></Name>
<Val>6.41834561562656E-2</Val>
</DBL>
<DBL>
<Name></Name>
<Val>0.48872458058164</Val>
</DBL>
<DBL>
<Name></Name>
<Val>4.46401503283844E-3</Val>
</DBL>
<DBL>
<Name></Name>
<Val>3.65718190888276E-3</Val>
</DBL>
<DBL>
<Name></Name>
<Val>0.11614469680584</Val>
</DBL>
<DBL>
<Name></Name>
<Val>0.25961499034215</Val>
</DBL>
<DBL>
<Name></Name>
<Val>2.91654527905516E-5</Val>
</DBL>
<DBL>
<Name></Name>
<Val>2.43777133168475E-4</Val>
</DBL>
<DBL>
<Name></Name>
<Val>2.83951639526877E-3</Val>
</DBL>
<DBL>
<Name></Name>
<Val>5.92094189807441E-2</Val>
</DBL>
<DBL>
<Name></Name>
<Val>6.32827934700745E-2</Val>
</DBL>
<DBL>
<Name></Name>
<Val>0.48188294596135</Val>
</DBL>
<DBL>
<Name></Name>
<Val>4.41194576785067E-3</Val>
</DBL>
<DBL>
<Name></Name>
<Val>3.63560330434616E-3</Val>
</DBL>
<DBL>
<Name></Name>
<Val>0.11879963367490</Val>
</DBL>
<DBL>
<Name></Name>
<Val>0.26566519985950</Val>
</DBL>
<DBL>
<Name></Name>
<Val>2.87524388596174E-5</Val>
</DBL>
<DBL>
<Name></Name>
<Val>2.40330196276842E-4</Val>
</DBL>
<DBL>
<Name></Name>
<Val>2.79950807004912E-3</Val>
</DBL>
<DBL>
<Name></Name>
<Val>5.83830920023676E-2</Val>
</DBL>
<DBL>
<Name></Name>
<Val>6.24013817079585E-2</Val>
</DBL>
<DBL>
<Name></Name>
<Val>0.47518754564312</Val>
</DBL>
<DBL>
<Name></Name>
<Val>4.36098944046995E-3</Val>
</DBL>
<DBL>
<Name></Name>
<Val>3.61448592465248E-3</Val>
</DBL>
<DBL>
<Name></Name>
<Val>0.12139782345188</Val>
</DBL>
<DBL>
<Name></Name>
<Val>0.27158609112437</Val>
</DBL>
<DBL>
<Name></Name>
<Val>2.83482528347279E-5</Val>
</DBL>
<DBL>
<Name></Name>
<Val>2.36956935344296E-4</Val>
</DBL>
<DBL>
<Name></Name>
<Val>2.76035489375116E-3</Val>
</DBL>
<DBL>
<Name></Name>
<Val>5.75744270845382E-2</Val>
</DBL>
<DBL>
<Name></Name>
<Val>6.15388093973246E-2</Val>
</DBL>
<DBL>
<Name></Name>
<Val>0.46863525399502</Val>
</DBL>
<DBL>
<Name></Name>
<Val>4.31112226262844E-3</Val>
</DBL>
<DBL>
<Name></Name>
<Val>3.59381991154364E-3</Val>
</DBL>
<DBL>
<Name></Name>
<Val>0.12394047905914</Val>
</DBL>
<DBL>
<Name></Name>
<Val>0.27738042820788</Val>
</DBL>
<DBL>
<Name></Name>
<Val>2.79527059883401E-5</Val>
</DBL>
<DBL>
<Name></Name>
<Val>2.33655775335818E-4</Val>
</DBL>
<DBL>
<Name></Name>
<Val>2.72203858623564E-3</Val>
</DBL>
<DBL>
<Name></Name>
<Val>5.67830467147398E-2</Val>
</DBL>
<DBL>
<Name></Name>
<Val>6.06946738604275E-2</Val>
</DBL>
<DBL>
<Name></Name>
<Val>0.46222301218978</Val>
</DBL>
<DBL>
<Name></Name>
<Val>4.26232095467810E-3</Val>
</DBL>
<DBL>
<Name></Name>
<Val>3.57359561745080E-3</Val>
</DBL>
<DBL>
<Name></Name>
<Val>0.12642878749387</Val>
</DBL>
<DBL>
<Name></Name>
<Val>0.28305091610150</Val>
</DBL>
<DBL>
<Name></Name>
<Val>2.75656136469330E-5</Val>
</DBL>
<DBL>
<Name></Name>
<Val>2.30425175024343E-4</Val>
</DBL>
<DBL>
<Name></Name>
<Val>2.68454125915491E-3</Val>
</DBL>
<DBL>
<Name></Name>
<Val>5.60085814497366E-2</Val>
</DBL>
<DBL>
<Name></Name>
<Val>5.98685810264082E-2</Val>
</DBL>
<DBL>
<Name></Name>
<Val>0.45594782677855</Val>
</DBL>
<DBL>
<Name></Name>
<Val>4.21456273453969E-3</Val>
</DBL>
<DBL>
<Name></Name>
<Val>3.55380360100307E-3</Val>
</DBL>
<DBL>
<Name></Name>
<Val>0.12886391038217</Val>
</DBL>
<DBL>
<Name></Name>
<Val>0.28860020197977</Val>
</DBL>
<DBL>
<Name></Name>
<Val>2.71867950937832E-5</Val>
</DBL>
<DBL>
<Name></Name>
<Val>2.27263626193093E-4</Val>
</DBL>
<DBL>
<Name></Name>
<Val>2.64784540701734E-3</Val>
</DBL>
<DBL>
<Name></Name>
<Val>5.52506697429626E-2</Val>
</DBL>
<DBL>
<Name></Name>
<Val>5.90601452473390E-2</Val>
</DBL>
<DBL>
<Name></Name>
<Val>0.44980676829425</Val>
</DBL>
<DBL>
<Name></Name>
<Val>4.16782530707528E-3</Val>
</DBL>
<DBL>
<Name></Name>
<Val>3.53443462262597E-3</Val>
</DBL>
<DBL>
<Name></Name>
<Val>0.13124698452136</Val>
</DBL>
<DBL>
<Name></Name>
<Val>0.29403087643608</Val>
</DBL>
<DBL>
<Name></Name>
<Val>2.68160734793734E-5</Val>
</DBL>
<DBL>
<Name></Name>
<Val>2.24169652894374E-4</Val>
</DBL>
<DBL>
<Name></Name>
<Val>2.61193389873756E-3</Val>
</DBL>
<DBL>
<Name></Name>
<Val>5.45089577756707E-2</Val>
</DBL>
<DBL>
<Name></Name>
<Val>5.82689891181954E-2</Val>
</DBL>
<DBL>
<Name></Name>
<Val>0.44379696988445</Val>
</DBL>
<DBL>
<Name></Name>
<Val>4.12208685368391E-3</Val>
</DBL>
<DBL>
<Name></Name>
<Val>3.51547964023085E-3</Val>
</DBL>
<DBL>
<Name></Name>
<Val>0.13357912241064</Val>
</DBL>
<DBL>
<Name></Name>
<Val>0.29934547469202</Val>
</DBL>
<DBL>
<Name></Name>
<Val>2.64532757363517E-5</Val>
</DBL>
<DBL>
<Name></Name>
<Val>2.21141810742943E-4</Val>
</DBL>
<DBL>
<Name></Name>
<Val>2.57678996950736E-3</Val>
</DBL>
<DBL>
<Name></Name>
<Val>5.37830992917269E-2</Val>
</DBL>
<DBL>
<Name></Name>
<Val>5.74947433006726E-2</Val>
</DBL>
<DBL>
<Name></Name>
<Val>0.43791562597313</Val>
</DBL>
<DBL>
<Name></Name>
<Val>4.07732602211773E-3</Val>
</DBL>
<DBL>
<Name></Name>
<Val>3.49692980499510E-3</Val>
</DBL>
<DBL>
<Name></Name>
<Val>0.13586141277046</Val>
</DBL>
<DBL>
<Name></Name>
<Val>0.30454647778092</Val>
</DBL>
<DBL>
<Name></Name>
<Val>2.60982324975607E-5</Val>
</DBL>
<DBL>
<Name></Name>
<Val>2.18178686233359E-4</Val>
</DBL>
<DBL>
<Name></Name>
<Val>2.54239721290678E-3</Val>
</DBL>
<DBL>
<Name></Name>
<Val>5.30727554359504E-2</Val>
</DBL>
<DBL>
<Name></Name>
<Val>5.67370463507674E-2</Val>
</DBL>
<DBL>
<Name></Name>
<Val>0.43215999095110</Val>
</DBL>
<DBL>
<Name></Name>
<Val>4.03352191651486E-3</Val>
</DBL>
<DBL>
<Name></Name>
<Val>3.47877645723190E-3</Val>
</DBL>
<DBL>
<Name></Name>
<Val>0.13809492105077</Val>
</DBL>
<DBL>
<Name></Name>
<Val>0.30963631370603</Val>
</DBL>
<DBL>
<Name></Name>
<Val>2.57507780164111E-5</Val>
</DBL>
<DBL>
<Name></Name>
<Val>2.15278896076138E-4</Val>
</DBL>
<DBL>
<Name></Name>
<Val>2.50873957321534E-3</Val>
</DBL>
<DBL>
<Name></Name>
<Val>5.23775945959174E-2</Val>
</DBL>
<DBL>
<Name></Name>
<Val>5.59955445500446E-2</Val>
</DBL>
<DBL>
<Name></Name>
<Val>0.42652737789426</Val>
</DBL>
<DBL>
<Name></Name>
<Val>3.99065408764496E-3</Val>
</DBL>
<DBL>
<Name></Name>
<Val>3.46101112234780E-3</Val>
</DBL>
<DBL>
<Name></Name>
<Val>0.14028068992840</Val>
</DBL>
<DBL>
<Name></Name>
<Val>0.31461735857407</Val>
</DBL>
<DBL>
<Name></Name>
<Val>2.54107500892415E-5</Val>
</DBL>
<DBL>
<Name></Name>
<Val>2.12441086550107E-4</Val>
</DBL>
<DBL>
<Name></Name>
<Val>2.47580133790263E-3</Val>
</DBL>
<DBL>
<Name></Name>
<Val>5.16972922471500E-2</Val>
</DBL>
<DBL>
<Name></Name>
<Val>5.52698917405092E-2</Val>
</DBL>
<DBL>
<Name></Name>
<Val>0.42101515730931</Val>
</DBL>
<DBL>
<Name></Name>
<Val>3.94870252336299E-3</Val>
</DBL>
<DBL>
<Name></Name>
<Val>3.44362550688674E-3</Val>
</DBL>
<DBL>
<Name></Name>
<Val>0.14241973979383</Val>
</DBL>
<DBL>
<Name></Name>
<Val>0.31949193770441</Val>
</DBL>
<DBL>
<Name></Name>
<Val>2.50779899794692E-5</Val>
</DBL>
<DBL>
<Name></Name>
<Val>2.09663932869545E-4</Val>
</DBL>
<DBL>
<Name></Name>
<Val>2.44356713028642E-3</Val>
</DBL>
<DBL>
<Name></Name>
<Val>5.10315308016157E-2</Val>
</DBL>
<DBL>
<Name></Name>
<Val>5.45597491630089E-2</Val>
</DBL>
<DBL>
<Name></Name>
<Val>0.41562075590616</Val>
</DBL>
<DBL>
<Name></Name>
<Val>3.90764763926700E-3</Val>
</DBL>
<DBL>
<Name></Name>
<Val>3.42661149465838E-3</Val>
</DBL>
<DBL>
<Name></Name>
<Val>0.14451306922751</Val>
</DBL>
<DBL>
<Name></Name>
<Val>0.32426232671464</Val>
</DBL>
<DBL>
<Name></Name>
<Val>2.47523423434274E-5</Val>
</DBL>
<DBL>
<Name></Name>
<Val>2.06946138565306E-4</Val>
</DBL>
<DBL>
<Name></Name>
<Val>2.41202190235121E-3</Val>
</DBL>
<DBL>
<Name></Name>
<Val>5.03799994594654E-2</Val>
</DBL>
<DBL>
<Name></Name>
<Val>5.38647852990893E-2</Val>
</DBL>
<DBL>
<Name></Name>
<Val>0.41034165539671</Val>
</DBL>
<DBL>
<Name></Name>
<Val>3.86747026955544E-3</Val>
</DBL>
<DBL>
<Name></Name>
<Val>3.40996114294924E-3</Val>
</DBL>
<DBL>
<Name></Name>
<Val>0.14656165546608</Val>
</DBL>
<DBL>
<Name></Name>
<Val>0.32893075258290</Val>
</DBL>
<DBL>
<Name></Name>
<Val>2.44336551578171E-5</Val>
</DBL>
<DBL>
<Name></Name>
<Val>2.04286434879380E-4</Val>
</DBL>
<DBL>
<Name></Name>
<Val>2.38115092772174E-3</Val>
</DBL>
<DBL>
<Name></Name>
<Val>4.97423940639417E-2</Val>
</DBL>
<DBL>
<Name></Name>
<Val>5.31846757162303E-2</Val>
</DBL>
<DBL>
<Name></Name>
<Val>0.40517539131917</Val>
</DBL>
<DBL>
<Name></Name>
<Val>3.82815165808004E-3</Val>
</DBL>
<DBL>
<Name></Name>
<Val>3.39366667881481E-3</Val>
</DBL>
<DBL>
<Name></Name>
<Val>0.14856645485853</Val>
</DBL>
<DBL>
<Name></Name>
<Val>0.33349939468747</Val>
</DBL>
<DBL>
<Name></Name>
<Val>2.41217796487240E-5</Val>
</DBL>
<DBL>
<Name></Name>
<Val>2.01683580172497E-4</Val>
</DBL>
<DBL>
<Name></Name>
<Val>2.35093979478754E-3</Val>
</DBL>
<DBL>
<Name></Name>
<Val>4.91184169593880E-2</Val>
</DBL>
<DBL>
<Name></Name>
<Val>5.25191029163906E-2</Val>
</DBL>
<DBL>
<Name></Name>
<Val>0.40011955188761</Val>
</DBL>
<DBL>
<Name></Name>
<Val>3.78967344958972E-3</Val>
</DBL>
<DBL>
<Name></Name>
<Val>3.37772049545086E-3</Val>
</DBL>
<DBL>
<Name></Name>
<Val>0.15052840331269</Val>
</DBL>
<DBL>
<Name></Name>
<Val>0.33797038582427</Val>
</DBL>
<DBL>
<Name></Name>
<Val>2.38165702221594E-5</Val>
</DBL>
<DBL>
<Name></Name>
<Val>1.99136359344447E-4</Val>
</DBL>
<DBL>
<Name></Name>
<Val>2.32137439997475E-3</Val>
</DBL>
<DBL>
<Name></Name>
<Val>4.85077768522924E-2</Val>
</DBL>
<DBL>
<Name></Name>
<Val>5.18677561877877E-2</Val>
</DBL>
<DBL>
<Name></Name>
<Val>0.39517177686604</Val>
</DBL>
<DBL>
<Name></Name>
<Val>3.75201768116184E-3</Val>
</DBL>
<DBL>
<Name></Name>
<Val>3.36211514864236E-3</Val>
</DBL>
<DBL>
<Name></Name>
<Val>0.15244841673213</Val>
</DBL>
<DBL>
<Name></Name>
<Val>0.34234581320241</Val>
</DBL>
<DBL>
<Name></Name>
<Val>2.35178843960890E-5</Val>
</DBL>
<DBL>
<Name></Name>
<Val>1.96643583266807E-4</Val>
</DBL>
<DBL>
<Name></Name>
<Val>2.29244094116195E-3</Val>
</DBL>
<DBL>
<Name></Name>
<Val>4.79101886753023E-2</Val>
</DBL>
<DBL>
<Name></Name>
<Val>5.12303314598485E-2</Val>
</DBL>
<DBL>
<Name></Name>
<Val>0.39032975646655</Val>
</DBL>
<DBL>
<Name></Name>
<Val>3.71516677381642E-3</Val>
</DBL>
<DBL>
<Name></Name>
<Val>3.34684335328822E-3</Val>
</DBL>
<DBL>
<Name></Name>
<Val>0.15432739144373</Val>
</DBL>
<DBL>
<Name></Name>
<Val>0.34662771941864</Val>
</DBL>
<DBL>
<Name></Name>
<Val>2.32255827339159E-5</Val>
</DBL>
<DBL>
<Name></Name>
<Val>1.94204088227802E-4</Val>
</DBL>
<DBL>
<Name></Name>
<Val>2.26412591123677E-3</Val>
</DBL>
<DBL>
<Name></Name>
<Val>4.73253734541457E-2</Val>
</DBL>
<DBL>
<Name></Name>
<Val>5.06065311612580E-2</Val>
</DBL>
<DBL>
<Name></Name>
<Val>0.38559123027109</Val>
</DBL>
<DBL>
<Name></Name>
<Val>3.67910352430974E-3</Val>
</DBL>
<DBL>
<Name></Name>
<Val>3.33189798000042E-3</Val>
</DBL>
<DBL>
<Name></Name>
<Val>0.15616620461611</Val>
</DBL>
<DBL>
<Name></Name>
<Val>0.35081810341089</Val>
</DBL>
<DBL>
<Name></Name>
<Val>2.29395287793867E-5</Val>
</DBL>
<DBL>
<Name></Name>
<Val>1.91816735389045E-4</Val>
</DBL>
<DBL>
<Name></Name>
<Val>2.23641609179030E-3</Val>
</DBL>
<DBL>
<Name></Name>
<Val>4.67530581773958E-2</Val>
</DBL>
<DBL>
<Name></Name>
<Val>4.99960640810435E-2</Val>
</DBL>
<DBL>
<Name></Name>
<Val>0.38095398617613</Val>
</DBL>
<DBL>
<Name></Name>
<Val>3.64381109710325E-3</Val>
</DBL>
<DBL>
<Name></Name>
<Val>3.31727205177574E-3</Val>
</DBL>
<DBL>
<Name></Name>
<Val>0.15796571466916</Val>
</DBL>
<DBL>
<Name></Name>
<Val>0.35491892139143</Val>
</DBL>
<DBL>
<Name></Name>
<Val>2.26595889928882E-5</Val>
</DBL>
<DBL>
<Name></Name>
<Val>1.89480410253887E-4</Val>
</DBL>
<DBL>
<Name></Name>
<Val>2.20929854694627E-3</Val>
</DBL>
<DBL>
<Name></Name>
<Val>4.61929756690207E-2</Val>
</DBL>
<DBL>
<Name></Name>
<Val>4.93986452326274E-2</Val>
</DBL>
<DBL>
<Name></Name>
<Val>0.37641585936010</Val>
</DBL>
<DBL>
<Name></Name>
<Val>3.60927301650419E-3</Val>
</DBL>
<DBL>
<Name></Name>
<Val>3.30295874073866E-3</Val>
</DBL>
<DBL>
<Name></Name>
<Val>0.15972676167471</Val>
</DBL>
<DBL>
<Name></Name>
<Val>0.35893208776011</Val>
</DBL>
<DBL>
<Name></Name>
<Val>2.23856326891068E-5</Val>
</DBL>
<DBL>
<Name></Name>
<Val>1.87194022147126E-4</Val>
</DBL>
<DBL>
<Name></Name>
<Val>2.18276061732213E-3</Val>
</DBL>
<DBL>
<Name></Name>
<Val>4.56448644636565E-2</Val>
</DBL>
<DBL>
<Name></Name>
<Val>4.88139957207854E-2</Val>
</DBL>
<DBL>
<Name></Name>
<Val>0.37197473127264</Val>
</DBL>
<DBL>
<Name></Name>
<Val>3.57547315897421E-3</Val>
</DBL>
<DBL>
<Name></Name>
<Val>3.28895136495390E-3</Val>
</DBL>
<DBL>
<Name></Name>
<Val>0.16145016774879</Val>
</DBL>
<DBL>
<Name></Name>
<Val>0.36285947599804</Val>
</DBL>
<DBL>
<Name></Name>
<Val>2.21175319760203E-5</Val>
</DBL>
<DBL>
<Name></Name>
<Val>1.84956503705847E-4</Val>
</DBL>
<DBL>
<Name></Name>
<Val>2.15678991411920E-3</Val>
</DBL>
<DBL>
<Name></Name>
<Val>4.51084686845465E-2</Val>
</DBL>
<DBL>
<Name></Name>
<Val>4.82418426114499E-2</Val>
</DBL>
<DBL>
<Name></Name>
<Val>0.36762852864573</Val>
</DBL>
<DBL>
<Name></Name>
<Val>3.54239574560231E-3</Val>
</DBL>
<DBL>
<Name></Name>
<Val>3.27524338530702E-3</Val>
</DBL>
<DBL>
<Name></Name>
<Val>0.16313673743535</Val>
</DBL>
<DBL>
<Name></Name>
<Val>0.36670291954222</Val>
</DBL>
<DBL>
<Name></Name>
<Val>2.18551616951929E-5</Val>
</DBL>
<DBL>
<Name></Name>
<Val>1.82766810381140E-4</Val>
</DBL>
<DBL>
<Name></Name>
<Val>2.13137431333922E-3</Val>
</DBL>
<DBL>
<Name></Name>
<Val>4.45835379240891E-2</Val>
</DBL>
<DBL>
<Name></Name>
<Val>4.76819188042942E-2</Val>
</DBL>
<DBL>
<Name></Name>
<Val>0.36337522252569</Val>
</DBL>
<DBL>
<Name></Name>
<Val>3.51002533473874E-3</Val>
</DBL>
<DBL>
<Name></Name>
<Val>3.26182840245181E-3</Val>
</DBL>
<DBL>
<Name></Name>
<Val>0.16478725808187</Val>
</DBL>
<DBL>
<Name></Name>
<Val>0.37046421264145</Val>
</DBL>
<DBL>
<Name></Name>
<Val>2.15983993633479E-5</Val>
</DBL>
<DBL>
<Name></Name>
<Val>1.80623919950470E-4</Val>
</DBL>
<DBL>
<Name></Name>
<Val>2.10650195012441E-3</Val>
</DBL>
<DBL>
<Name></Name>
<Val>4.40698271269392E-2</Val>
</DBL>
<DBL>
<Name></Name>
<Val>4.71339629080413E-2</Val>
</DBL>
<DBL>
<Name></Name>
<Val>0.35921282732610</Val>
</DBL>
<DBL>
<Name></Name>
<Val>3.47834681478632E-3</Val>
</DBL>
<DBL>
<Name></Name>
<Val>3.24870015382279E-3</Val>
</DBL>
<DBL>
<Name></Name>
<Val>0.16640250020694</Val>
</DBL>
<DBL>
<Name></Name>
<Val>0.37414511119393</Val>
</DBL>
<DBL>
<Name></Name>
<Val>2.13471251151876E-5</Val>
</DBL>
<DBL>
<Name></Name>
<Val>1.78526832040466E-4</Val>
</DBL>
<DBL>
<Name></Name>
<Val>2.08216121321856E-3</Val>
</DBL>
<DBL>
<Name></Name>
<Val>4.35670964756085E-2</Val>
</DBL>
<DBL>
<Name></Name>
<Val>4.65977191184381E-2</Val>
</DBL>
<DBL>
<Name></Name>
<Val>0.35513939990080</Val>
</DBL>
<DBL>
<Name></Name>
<Val>3.44734539714582E-3</Val>
</DBL>
<DBL>
<Name></Name>
<Val>3.23585251071170E-3</Val>
</DBL>
<DBL>
<Name></Name>
<Val>0.16798321785995</Val>
</DBL>
<DBL>
<Name></Name>
<Val>0.37774733356698</Val>
</DBL>
<DBL>
<Name></Name>
<Val>2.11012216474366E-5</Val>
</DBL>
<DBL>
<Name></Name>
<Val>1.76474567659917E-4</Val>
</DBL>
<DBL>
<Name></Name>
<Val>2.05834073954653E-3</Val>
</DBL>
<DBL>
<Name></Name>
<Val>4.30751112785098E-2</Val>
</DBL>
<DBL>
<Name></Name>
<Val>4.60729370988367E-2</Val>
</DBL>
<DBL>
<Name></Name>
<Val>0.35115303863677</Val>
</DBL>
<DBL>
<Name></Name>
<Val>3.41700660931216E-3</Val>
</DBL>
<DBL>
<Name></Name>
<Val>3.22327947540634E-3</Val>
</DBL>
<DBL>
<Name></Name>
<Val>0.16953014897308</Val>
</DBL>
<DBL>
<Name></Name>
<Val>0.38127256139923</Val>
</DBL>
<DBL>
<Name></Name>
<Val>2.08605741640805E-5</Val>
</DBL>
<DBL>
<Name></Name>
<Val>1.74466168742743E-4</Val>
</DBL>
<DBL>
<Name></Name>
<Val>2.03502940890954E-3</Val>
</DBL>
<DBL>
<Name></Name>
<Val>4.25936418603961E-2</Val>
</DBL>
<DBL>
<Name></Name>
<Val>4.55593718633295E-2</Val>
</DBL>
<DBL>
<Name></Name>
<Val>0.34725188256641</Val>
</DBL>
<DBL>
<Name></Name>
<Val>3.38731628811817E-3</Val>
</DBL>
<DBL>
<Name></Name>
<Val>3.21097517839072E-3</Val>
</DBL>
<DBL>
<Name></Name>
<Val>0.17104401570585</Val>
</DBL>
<DBL>
<Name></Name>
<Val>0.38472244038568</Val>
</DBL>
<DBL>
<Name></Name>
<Val>2.06250703227753E-5</Val>
</DBL>
<DBL>
<Name></Name>
<Val>1.72500697700739E-4</Val>
</DBL>
<DBL>
<Name></Name>
<Val>2.01221633879395E-3</Val>
</DBL>
<DBL>
<Name></Name>
<Val>4.21224634551395E-2</Val>
</DBL>
<DBL>
<Name></Name>
<Val>4.50567836623809E-2</Val>
</DBL>
<DBL>
<Name></Name>
<Val>0.34343411049880</Val>
</DBL>
<DBL>
<Name></Name>
<Val>3.35826057312272E-3</Val>
</DBL>
<DBL>
<Name></Name>
<Val>3.19893387560489E-3</Val>
</DBL>
<DBL>
<Name></Name>
<Val>0.17252552478220</Val>
</DBL>
<DBL>
<Name></Name>
<Val>0.38809858104594</Val>
</DBL>
<DBL>
<Name></Name>
<Val>2.03946001824024E-5</Val>
</DBL>
<DBL>
<Name></Name>
<Val>1.70577236985877E-4</Val>
</DBL>
<DBL>
<Name></Name>
<Val>1.98989087929086E-3</Val>
</DBL>
<DBL>
<Name></Name>
<Val>4.16613561008033E-2</Val>
</DBL>
<DBL>
<Name></Name>
<Val>4.45649378709046E-2</Val>
</DBL>
<DBL>
<Name></Name>
<Val>0.33969794016944</Val>
</DBL>
<DBL>
<Name></Name>
<Val>3.32982590014019E-3</Val>
</DBL>
<DBL>
<Name></Name>
<Val>3.18714994576347E-3</Val>
</DBL>
<DBL>
<Name></Name>
<Val>0.17397536782042</Val>
</DBL>
<DBL>
<Name></Name>
<Val>0.39140255947608</Val>
</DBL>
<DBL>
<Name></Name>
<Val>2.01690561517438E-5</Val>
</DBL>
<DBL>
<Name></Name>
<Val>1.68694888661962E-4</Val>
</DBL>
<DBL>
<Name></Name>
<Val>1.96804260812444E-3</Val>
</DBL>
<DBL>
<Name></Name>
<Val>4.12101045369566E-2</Val>
</DBL>
<DBL>
<Name></Name>
<Val>4.40836048787327E-2</Val>
</DBL>
<DBL>
<Name></Name>
<Val>0.33604162740828</Val>
</DBL>
<DBL>
<Name></Name>
<Val>3.30199899490831E-3</Val>
</DBL>
<DBL>
<Name></Name>
<Val>3.17561788773144E-3</Val>
</DBL>
<DBL>
<Name></Name>
<Val>0.17539422165603</Val>
</DBL>
<DBL>
<Name></Name>
<Val>0.39463591808443</Val>
</DBL>
<DBL>
<Name></Name>
<Val>1.99483329392557E-5</Val>
</DBL>
<DBL>
<Name></Name>
<Val>1.66852773985448E-4</Val>
</DBL>
<DBL>
<Name></Name>
<Val>1.94666132578643E-3</Val>
</DBL>
<DBL>
<Name></Name>
<Val>4.07684981041829E-2</Val>
</DBL>
<DBL>
<Name></Name>
<Val>4.36125599834256E-2</Val>
</DBL>
<DBL>
<Name></Name>
<Val>0.33246346532548</Val>
</DBL>
<DBL>
<Name></Name>
<Val>3.27476686689123E-3</Val>
</DBL>
<DBL>
<Name></Name>
<Val>3.16433231795601E-3</Val>
</DBL>
<DBL>
<Name></Name>
<Val>0.17678274865775</Val>
</DBL>
<DBL>
<Name></Name>
<Val>0.39780016631161</Val>
</DBL>
<DBL>
<Name></Name>
<Val>1.97323275039142E-5</Val>
</DBL>
<DBL>
<Name></Name>
<Val>1.65050032995211E-4</Val>
</DBL>
<DBL>
<Name></Name>
<Val>1.92573705077466E-3</Val>
</DBL>
<DBL>
<Name></Name>
<Val>4.03363306457375E-2</Val>
</DBL>
<DBL>
<Name></Name>
<Val>4.31515832853737E-2</Val>
</DBL>
<DBL>
<Name></Name>
<Val>0.32896178351456</Val>
</DBL>
<DBL>
<Name></Name>
<Val>3.24811680321512E-3</Val>
</DBL>
<DBL>
<Name></Name>
<Val>3.15328796795341E-3</Val>
</DBL>
<DBL>
<Name></Name>
<Val>0.17814159703672</Val>
</DBL>
<DBL>
<Name></Name>
<Val>0.40089678133517</Val>
</DBL>
<DBL>
<Name></Name>
<Val>1.95209390071127E-5</Val>
</DBL>
<DBL>
<Name></Name>
<Val>1.63285824111085E-4</Val>
</DBL>
<DBL>
<Name></Name>
<Val>1.90526001493339E-3</Val>
</DBL>
<DBL>
<Name></Name>
<Val>3.99134004113067E-2</Val>
</DBL>
<DBL>
<Name></Name>
<Val>4.27004595851405E-2</Val>
</DBL>
<DBL>
<Name></Name>
<Val>0.32553494727261</Val>
</DBL>
<DBL>
<Name></Name>
<Val>3.22203636273336E-3</Val>
</DBL>
<DBL>
<Name></Name>
<Val>3.14247968184936E-3</Val>
</DBL>
<DBL>
<Name></Name>
<Val>0.17947140114909</Val>
</DBL>
<DBL>
<Name></Name>
<Val>0.40392720875922</Val>
</DBL>
<DBL>
<Name></Name>
<Val>1.93140687655868E-5</Val>
</DBL>
<DBL>
<Name></Name>
<Val>1.61559323740992E-4</Val>
</DBL>
<DBL>
<Name></Name>
<Val>1.88522065889313E-3</Val>
</DBL>
<DBL>
<Name></Name>
<Val>3.94995099628237E-2</Val>
</DBL>
<DBL>
<Name></Name>
<Val>4.22589782830007E-2</Val>
</DBL>
<DBL>
<Name></Name>
<Val>0.32218135683714</Val>
</DBL>
<DBL>
<Name></Name>
<Val>3.19651337021864E-3</Val>
</DBL>
<DBL>
<Name></Name>
<Val>3.13190241397217E-3</Val>
</DBL>
<DBL>
<Name></Name>
<Val>0.18077278179217</Val>
</DBL>
<DBL>
<Name></Name>
<Val>0.40689286328928</Val>
</DBL>
<DBL>
<Name></Name>
<Val>1.91116202053457E-5</Val>
</DBL>
<DBL>
<Name></Name>
<Val>1.59869725896456E-4</Val>
</DBL>
<DBL>
<Name></Name>
<Val>1.86560962760810E-3</Val>
</DBL>
<DBL>
<Name></Name>
<Val>3.90944660822983E-2</Val>
</DBL>
<DBL>
<Name></Name>
<Val>4.18269332806249E-2</Val>
</DBL>
<DBL>
<Name></Name>
<Val>0.31889944663926</Val>
</DBL>
<DBL>
<Name></Name>
<Val>3.17153591067910E-3</Val>
</DBL>
<DBL>
<Name></Name>
<Val>3.12155122649722E-3</Val>
</DBL>
<DBL>
<Name></Name>
<Val>0.18204634649425</Val>
</DBL>
<DBL>
<Name></Name>
<Val>0.40979512939268</Val>
</DBL>
<DBL>
<Name></Name>
<Val>1.89134988165883E-5</Val>
</DBL>
<DBL>
<Name></Name>
<Val>1.58216241816340E-4</Val>
</DBL>
<DBL>
<Name></Name>
<Val>1.84641776598889E-3</Val>
</DBL>
<DBL>
<Name></Name>
<Val>3.86980796816154E-2</Val>
</DBL>
<DBL>
<Name></Name>
<Val>4.14041228848659E-2</Val>
</DBL>
<DBL>
<Name></Name>
<Val>0.31568768457287</Val>
</DBL>
<DBL>
<Name></Name>
<Val>3.14709232379604E-3</Val>
</DBL>
<DBL>
<Name></Name>
<Val>3.11142128714186E-3</Val>
</DBL>
<DBL>
<Name></Name>
<Val>0.18329268979819</Val>
</DBL>
<DBL>
<Name></Name>
<Val>0.41263536194491</Val>
</DBL>
<DBL>
<Name></Name>
<Val>1.87196121095828E-5</Val>
</DBL>
<DBL>
<Name></Name>
<Val>1.56598099598630E-4</Val>
</DBL>
<DBL>
<Name></Name>
<Val>1.82763611462861E-3</Val>
</DBL>
<DBL>
<Name></Name>
<Val>3.83101657142635E-2</Val>
</DBL>
<DBL>
<Name></Name>
<Val>4.09903497136017E-2</Val>
</DBL>
<DBL>
<Name></Name>
<Val>0.31254457127932</Val>
</DBL>
<DBL>
<Name></Name>
<Val>3.12317119848047E-3</Val>
</DBL>
<DBL>
<Name></Name>
<Val>3.10150786690947E-3</Val>
</DBL>
<DBL>
<Name></Name>
<Val>0.18451239353898</Val>
</DBL>
<DBL>
<Name></Name>
<Val>0.41541488686210</Val>
</DBL>
<DBL>
<Name></Name>
<Val>1.85298695714893E-5</Val>
</DBL>
<DBL>
<Name></Name>
<Val>1.55014543840081E-4</Val>
</DBL>
<DBL>
<Name></Name>
<Val>1.80925590562035E-3</Val>
</DBL>
<DBL>
<Name></Name>
<Val>3.79305430889476E-2</Val>
</DBL>
<DBL>
<Name></Name>
<Val>4.05854206035908E-2</Val>
</DBL>
<DBL>
<Name></Name>
<Val>0.30946863944756</Val>
</DBL>
<DBL>
<Name></Name>
<Val>3.09976136754605E-3</Val>
</DBL>
<DBL>
<Name></Name>
<Val>3.09180633788185E-3</Val>
</DBL>
<DBL>
<Name></Name>
<Val>0.18570602711539</Val>
</DBL>
<DBL>
<Name></Name>
<Val>0.41813500172005</Val>
</DBL>
<DBL>
<Name></Name>
<Val>1.83441826241054E-5</Val>
</DBL>
<DBL>
<Name></Name>
<Val>1.53464835283572E-4</Val>
</DBL>
<DBL>
<Name></Name>
<Val>1.79126855846395E-3</Val>
</DBL>
<DBL>
<Name></Name>
<Val>3.75590345850504E-2</Val>
</DBL>
<DBL>
<Name></Name>
<Val>4.01891465202973E-2</Val>
</DBL>
<DBL>
<Name></Name>
<Val>0.30645845312910</Val>
</DBL>
<DBL>
<Name></Name>
<Val>3.07685190249587E-3</Val>
</DBL>
<DBL>
<Name></Name>
<Val>3.08231217105878E-3</Val>
</DBL>
<DBL>
<Name></Name>
<Val>0.18687414775573</Val>
</DBL>
<DBL>
<Name></Name>
<Val>0.42079697635990</Val>
</DBL>
<DBL>
<Name></Name>
<Val>1.81624645825150E-5</Val>
</DBL>
<DBL>
<Name></Name>
<Val>1.51948250472996E-4</Val>
</DBL>
<DBL>
<Name></Name>
<Val>1.77366567606043E-3</Val>
</DBL>
<DBL>
<Name></Name>
<Val>3.71954667698996E-2</Val>
</DBL>
<DBL>
<Name></Name>
<Val>3.98013424696428E-2</Val>
</DBL>
<DBL>
<Name></Name>
<Val>0.30351260706765</Val>
</DBL>
<DBL>
<Name></Name>
<Val>3.05443210842066E-3</Val>
</DBL>
<DBL>
<Name></Name>
<Val>3.07302093424365E-3</Val>
</DBL>
<DBL>
<Name></Name>
<Val>0.18801730077804</Val>
</DBL>
<DBL>
<Name></Name>
<Val>0.42340205348100</Val>
</DBL>
<DBL>
<Name></Name>
<Val>1.79846306146207E-5</Val>
</DBL>
<DBL>
<Name></Name>
<Val>1.50464081415524E-4</Val>
</DBL>
<DBL>
<Name></Name>
<Val>1.75643904079188E-3</Val>
</DBL>
<DBL>
<Name></Name>
<Val>3.68396699178035E-2</Val>
</DBL>
<DBL>
<Name></Name>
<Val>3.94218274116453E-2</Val>
</DBL>
<DBL>
<Name></Name>
<Val>0.30062972604313</Val>
</DBL>
<DBL>
<Name></Name>
<Val>3.03249151900601E-3</Val>
</DBL>
<DBL>
<Name></Name>
<Val>3.06392828997443E-3</Val>
</DBL>
<DBL>
<Name></Name>
<Val>0.18913601984460</Val>
</DBL>
<DBL>
<Name></Name>
<Val>0.42595144922102</Val>
</DBL>
<DBL>
<Name></Name>
<Val>1.78105977015415E-5</Val>
</DBL>
<DBL>
<Name></Name>
<Val>1.49011635251091E-4</Val>
</DBL>
<DBL>
<Name></Name>
<Val>1.73958061068519E-3</Val>
</DBL>
<DBL>
<Name></Name>
<Val>3.64914779308176E-2</Val>
</DBL>
<DBL>
<Name></Name>
<Val>3.90504241759036E-2</Val>
</DBL>
<DBL>
<Name></Name>
<Val>0.29780846422966</Val>
</DBL>
<DBL>
<Name></Name>
<Val>3.01101989164641E-3</Val>
</DBL>
<DBL>
<Name></Name>
<Val>3.05502999349878E-3</Val>
</DBL>
<DBL>
<Name></Name>
<Val>0.19023082721115</Val>
</DBL>
<DBL>
<Name></Name>
<Val>0.42844635372369</Val>
</DBL>
<DBL>
<Name></Name>
<Val>1.76402845988566E-5</Val>
</DBL>
<DBL>
<Name></Name>
<Val>1.47590233928948E-4</Val>
</DBL>
<DBL>
<Name></Name>
<Val>1.72308251565786E-3</Val>
</DBL>
<DBL>
<Name></Name>
<Val>3.61507282612044E-2</Val>
</DBL>
<DBL>
<Name></Name>
<Val>3.86869593788880E-2</Val>
</DBL>
<DBL>
<Name></Name>
<Val>0.29504750456728</Val>
</DBL>
<DBL>
<Name></Name>
<Val>2.99000720266359E-3</Val>
</DBL>
<DBL>
<Name></Name>
<Val>3.04632189079244E-3</Val>
</DBL>
<DBL>
<Name></Name>
<Val>0.19130223397059</Val>
</DBL>
<DBL>
<Name></Name>
<Val>0.43088793169441</Val>
</DBL>
<DBL>
<Name></Name>
<Val>1.74736117986780E-5</Val>
</DBL>
<DBL>
<Name></Name>
<Val>1.46199213891120E-4</Val>
</DBL>
<DBL>
<Name></Name>
<Val>1.70693705384388E-3</Val>
</DBL>
<DBL>
<Name></Name>
<Val>3.58172618355505E-2</Val>
</DBL>
<DBL>
<Name></Name>
<Val>3.83312633429992E-2</Val>
</DBL>
<DBL>
<Name></Name>
<Val>0.29234555814710</Val>
</DBL>
<DBL>
<Name></Name>
<Val>2.96944364262718E-3</Val>
</DBL>
<DBL>
<Name></Name>
<Val>3.03779991662000E-3</Val>
</DBL>
<DBL>
<Name></Name>
<Val>0.19235074029166</Val>
</DBL>
<DBL>
<Name></Name>
<Val>0.43327732294392</Val>
</DBL>
<DBL>
<Name></Name>
<Val>1.73105014925334E-5</Val>
</DBL>
<DBL>
<Name></Name>
<Val>1.44837925762642E-4</Val>
</DBL>
<DBL>
<Name></Name>
<Val>1.69113668799833E-3</Val>
</DBL>
<DBL>
<Name></Name>
<Val>3.54909229805058E-2</Val>
</DBL>
<DBL>
<Name></Name>
<Val>3.79831700173571E-2</Val>
</DBL>
<DBL>
<Name></Name>
<Val>0.28970136360960</Val>
</DBL>
<DBL>
<Name></Name>
<Val>2.94931961177530E-3</Val>
</DBL>
<DBL>
<Name></Name>
<Val>3.02946009263712E-3</Val>
</DBL>
<DBL>
<Name></Name>
<Val>0.19337683565239</Val>
</DBL>
<DBL>
<Name></Name>
<Val>0.43561564292048</Val>
</DBL>
<DBL>
<Name></Name>
<Val>1.71508775350425E-5</Val>
</DBL>
<DBL>
<Name></Name>
<Val>1.43505734048402E-4</Val>
</DBL>
<DBL>
<Name></Name>
<Val>1.67567404197868E-3</Val>
</DBL>
<DBL>
<Name></Name>
<Val>3.51715593501102E-2</Val>
</DBL>
<DBL>
<Name></Name>
<Val>3.76425169002825E-2</Val>
</DBL>
<DBL>
<Name></Name>
<Val>0.28711368655578</Val>
</DBL>
<DBL>
<Name></Name>
<Val>2.92962571553311E-3</Val>
</DBL>
<DBL>
<Name></Name>
<Val>3.02129852553330E-3</Val>
</DBL>
<DBL>
<Name></Name>
<Val>0.19438099906864</Val>
</DBL>
<DBL>
<Name></Name>
<Val>0.43790398323056</Val>
</DBL>
<DBL>
<Name></Name>
<Val>1.69946654083700E-5</Val>
</DBL>
<DBL>
<Name></Name>
<Val>1.42202016836475E-4</Val>
</DBL>
<DBL>
<Name></Name>
<Val>1.66054189730140E-3</Val>
</DBL>
<DBL>
<Name></Name>
<Val>3.48590218546733E-2</Val>
</DBL>
<DBL>
<Name></Name>
<Val>3.73091449634361E-2</Val>
</DBL>
<DBL>
<Name></Name>
<Val>0.28458131897092</Val>
</DBL>
<DBL>
<Name></Name>
<Val>2.91035276012705E-3</Val>
</DBL>
<DBL>
<Name></Name>
<Val>3.01331140521434E-3</Val>
</DBL>
<DBL>
<Name></Name>
<Val>0.19536369931768</Val>
</DBL>
<DBL>
<Name></Name>
<Val>0.44014341214841</Val>
</DBL>
<DBL>
<Name></Name>
<Val>1.68417921874381E-5</Val>
</DBL>
<DBL>
<Name></Name>
<Val>1.40926165507790E-4</Val>
</DBL>
<DBL>
<Name></Name>
<Val>1.64573318977209E-3</Val>
</DBL>
<DBL>
<Name></Name>
<Val>3.45531645911740E-2</Val>
</DBL>
<DBL>
<Name></Name>
<Val>3.69828985775784E-2</Val>
</DBL>
<DBL>
<Name></Name>
<Val>0.28210307866058</Val>
</DBL>
<DBL>
<Name></Name>
<Val>2.89149174829294E-3</Val>
</DBL>
<DBL>
<Name></Name>
<Val>3.00549500302368E-3</Val>
</DBL>
<DBL>
<Name></Name>
<Val>0.19632539515706</Val>
</DBL>
<DBL>
<Name></Name>
<Val>0.44233497511482</Val>
</DBL>
<DBL>
<Name></Name>
<Val>1.66921865058824E-5</Val>
</DBL>
<DBL>
<Name></Name>
<Val>1.39677584452009E-4</Val>
</DBL>
<DBL>
<Name></Name>
<Val>1.63124100618770E-3</Val>
</DBL>
<DBL>
<Name></Name>
<Val>3.42538447751485E-2</Val>
</DBL>
<DBL>
<Name></Name>
<Val>3.66636254399171E-2</Val>
</DBL>
<DBL>
<Name></Name>
<Val>0.27967780869881</Val>
</DBL>
<DBL>
<Name></Name>
<Val>2.87303387507569E-3</Val>
</DBL>
<DBL>
<Name></Name>
<Val>2.99784567000172E-3</Val>
</DBL>
<DBL>
<Name></Name>
<Val>0.19726653553876</Val>
</DBL>
<DBL>
<Name></Name>
<Val>0.44447969522514</Val>
</DBL>
<DBL>
<Name></Name>
<Val>1.65457785227358E-5</Val>
</DBL>
<DBL>
<Name></Name>
<Val>1.38455690789477E-4</Val>
</DBL>
<DBL>
<Name></Name>
<Val>1.61705858110922E-3</Val>
</DBL>
<DBL>
<Name></Name>
<Val>3.39609226740332E-2</Val>
</DBL>
<DBL>
<Name></Name>
<Val>3.63511765030066E-2</Val>
</DBL>
<DBL>
<Name></Name>
<Val>0.27730437688795</Val>
</DBL>
<DBL>
<Name></Name>
<Val>2.85497052371892E-3</Val>
</DBL>
<DBL>
<Name></Name>
<Val>2.99035983518238E-3</Val>
</DBL>
<DBL>
<Name></Name>
<Val>0.19818755981879</Val>
</DBL>
<DBL>
<Name></Name>
<Val>0.44657857370690</Val>
</DBL>
<DBL>
<Name></Name>
<Val>1.64024998898248E-5</Val>
</DBL>
<DBL>
<Name></Name>
<Val>1.37259914099110E-4</Val>
</DBL>
<DBL>
<Name></Name>
<Val>1.60317929370332E-3</Val>
</DBL>
<DBL>
<Name></Name>
<Val>3.36742615419334E-2</Val>
</DBL>
<DBL>
<Name></Name>
<Val>3.60454059051681E-2</Val>
</DBL>
<DBL>
<Name></Name>
<Val>0.27498167523017</Val>
</DBL>
<DBL>
<Name></Name>
<Val>2.83729326164229E-3</Val>
</DBL>
<DBL>
<Name></Name>
<Val>2.98303400392604E-3</Val>
</DBL>
<DBL>
<Name></Name>
<Val>0.19908889796227</Val>
</DBL>
<DBL>
<Name></Name>
<Val>0.44863259038720</Val>
</DBL>
<DBL>
<Name></Name>
<Val>1.62622837198614E-5</Val>
</DBL>
<DBL>
<Name></Name>
<Val>1.36089696152106E-4</Val>
</DBL>
<DBL>
<Name></Name>
<Val>1.58959666465155E-3</Val>
</DBL>
<DBL>
<Name></Name>
<Val>3.33937275557854E-2</Val>
</DBL>
<DBL>
<Name></Name>
<Val>3.57461709023961E-2</Val>
</DBL>
<DBL>
<Name></Name>
<Val>0.27270861941016</Val>
</DBL>
<DBL>
<Name></Name>
<Val>2.81999383650498E-3</Val>
</DBL>
<DBL>
<Name></Name>
<Val>2.97586475628812E-3</Val>
</DBL>
<DBL>
<Name></Name>
<Val>0.19997097074418</Val>
</DBL>
<DBL>
<Name></Name>
<Val>0.45064270415017</Val>
</DBL>
<DBL>
<Name></Name>
<Val>1.61250645552189E-5</Val>
</DBL>
<DBL>
<Name></Name>
<Val>1.34944490651345E-4</Val>
</DBL>
<DBL>
<Name></Name>
<Val>1.57630435312557E-3</Val>
</DBL>
<DBL>
<Name></Name>
<Val>3.31191897528832E-2</Val>
</DBL>
<DBL>
<Name></Name>
<Val>3.54533318017207E-2</Val>
</DBL>
<DBL>
<Name></Name>
<Val>0.27048414828896</Val>
</DBL>
<DBL>
<Name></Name>
<Val>2.80306417235311E-3</Val>
</DBL>
<DBL>
<Name></Name>
<Val>2.96884874542255E-3</Val>
</DBL>
<DBL>
<Name></Name>
<Val>0.20083418994578</Val>
</DBL>
<DBL>
<Name></Name>
<Val>0.45260985338454</Val>
</DBL>
<DBL>
<Name></Name>
<Val>1.59907783373730E-5</Val>
</DBL>
<DBL>
<Name></Name>
<Val>1.33823762976359E-4</Val>
</DBL>
<DBL>
<Name></Name>
<Val>1.56329615382700E-3</Val>
</DBL>
<DBL>
<Name></Name>
<Val>3.28505199697412E-2</Val>
</DBL>
<DBL>
<Name></Name>
<Val>3.51667518959948E-2</Val>
</DBL>
<DBL>
<Name></Name>
<Val>0.26830722340860</Val>
</DBL>
<DBL>
<Name></Name>
<Val>2.78649636584974E-3</Val>
</DBL>
<DBL>
<Name></Name>
<Val>2.96198269601934E-3</Val>
</DBL>
<DBL>
<Name></Name>
<Val>0.20167895854686</Val>
</DBL>
<DBL>
<Name></Name>
<Val>0.45453495642180</Val>
</DBL>
<DBL>
<Name></Name>
<Val>1.58593623769981E-5</Val>
</DBL>
<DBL>
<Name></Name>
<Val>1.32726989933751E-4</Val>
</DBL>
<DBL>
<Name></Name>
<Val>1.55056599409064E-3</Val>
</DBL>
<DBL>
<Name></Name>
<Val>3.25875927822629E-2</Val>
</DBL>
<DBL>
<Name></Name>
<Val>3.48862974000736E-2</Val>
</DBL>
<DBL>
<Name></Name>
<Val>0.26617682850728</Val>
</DBL>
<DBL>
<Name></Name>
<Val>2.77028268258518E-3</Val>
</DBL>
<DBL>
<Name></Name>
<Val>2.95526340277557E-3</Val>
</DBL>
<DBL>
<Name></Name>
<Val>0.20250567091381</Val>
</DBL>
<DBL>
<Name></Name>
<Val>0.45641891196481</Val>
</DBL>
<DBL>
<Name></Name>
<Val>1.57307553247013E-5</Val>
</DBL>
<DBL>
<Name></Name>
<Val>1.31653659512956E-4</Val>
</DBL>
<DBL>
<Name></Name>
<Val>1.53810793104951E-3</Val>
</DBL>
<DBL>
<Name></Name>
<Val>3.23302854471886E-2</Val>
</DBL>
<DBL>
<Name></Name>
<Val>3.46118373883601E-2</Val>
</DBL>
<DBL>
<Name></Name>
<Val>0.26409196904496</Val>
</DBL>
<DBL>
<Name></Name>
<Val>2.75441555346646E-3</Val>
</DBL>
<DBL>
<Name></Name>
<Val>2.94868772889901E-3</Val>
</DBL>
<DBL>
<Name></Name>
<Val>0.20331471298380</Val>
</DBL>
<DBL>
<Name></Name>
<Val>0.45826259950744</Val>
</DBL>
<DBL>
<Name></Name>
<Val>1.56048971423822E-5</Val>
</DBL>
<DBL>
<Name></Name>
<Val>1.30603270647210E-4</Val>
</DBL>
<DBL>
<Name></Name>
<Val>1.52591614886050E-3</Val>
</DBL>
<DBL>
<Name></Name>
<Val>3.20784778447948E-2</Val>
</DBL>
<DBL>
<Name></Name>
<Val>3.43432437336841E-2</Val>
</DBL>
<DBL>
<Name></Name>
<Val>0.26205167173909</Val>
</DBL>
<DBL>
<Name></Name>
<Val>2.73888757118371E-3</Val>
</DBL>
<DBL>
<Name></Name>
<Val>2.94225260464380E-3</Val>
</DBL>
<DBL>
<Name></Name>
<Val>0.20410646244489</Val>
</DBL>
<DBL>
<Name></Name>
<Val>0.46006687974507</Val>
</DBL>
<DBL>
<Name></Name>
<Val>1.54817290752059E-5</Val>
</DBL>
<DBL>
<Name></Name>
<Val>1.29575332979641E-4</Val>
</DBL>
<DBL>
<Name></Name>
<Val>1.51398495598941E-3</Val>
</DBL>
<DBL>
<Name></Name>
<Val>3.18320524228184E-2</Val>
</DBL>
<DBL>
<Name></Name>
<Val>3.40803910474884E-2</Val>
</DBL>
<DBL>
<Name></Name>
<Val>0.26005498411021</Val>
</DBL>
<DBL>
<Name></Name>
<Val>2.72369148675220E-3</Val>
</DBL>
<DBL>
<Name></Name>
<Val>2.93595502587737E-3</Val>
</DBL>
<DBL>
<Name></Name>
<Val>0.20488128891238</Val>
</DBL>
<DBL>
<Name></Name>
<Val>0.46183259497644</Val>
</DBL>
<DBL>
<Name></Name>
<Val>1.53611936241735E-5</Val>
</DBL>
<DBL>
<Name></Name>
<Val>1.28569366634352E-4</Val>
</DBL>
<DBL>
<Name></Name>
<Val>1.50230878255385E-3</Val>
</DBL>
<DBL>
<Name></Name>
<Val>3.15908941415792E-2</Val>
</DBL>
<DBL>
<Name></Name>
<Val>3.38231566212931E-2</Val>
</DBL>
<DBL>
<Name></Name>
<Val>0.25810097403734</Val>
</DBL>
<DBL>
<Name></Name>
<Val>2.70882020612833E-3</Val>
</DBL>
<DBL>
<Name></Name>
<Val>2.92979205267801E-3</Val>
</DBL>
<DBL>
<Name></Name>
<Val>0.20563955410133</Val>
</DBL>
<DBL>
<Name></Name>
<Val>0.46356056949684</Val>
</DBL>
<DBL>
<Name></Name>
<Val>1.52432345192798E-5</Val>
</DBL>
<DBL>
<Name></Name>
<Val>1.27584901992399E-4</Val>
</DBL>
<DBL>
<Name></Name>
<Val>1.49088217772312E-3</Val>
</DBL>
<DBL>
<Name></Name>
<Val>3.13548904202757E-2</Val>
</DBL>
<DBL>
<Name></Name>
<Val>3.35714203694109E-2</Val>
</DBL>
<DBL>
<Name></Name>
<Val>0.25618872932282</Val>
</DBL>
<DBL>
<Name></Name>
<Val>2.69426678689782E-3</Val>
</DBL>
<DBL>
<Name></Name>
<Val>2.92376080796243E-3</Val>
</DBL>
<DBL>
<Name></Name>
<Val>0.20638161199546</Val>
</DBL>
<DBL>
<Name></Name>
<Val>0.46525160998294</Val>
</DBL>
<DBL>
<Name></Name>
<Val>1.51277966932450E-5</Val>
</DBL>
<DBL>
<Name></Name>
<Val>1.26621479472554E-4</Val>
</DBL>
<DBL>
<Name></Name>
<Val>1.47969980717354E-3</Val>
</DBL>
<DBL>
<Name></Name>
<Val>3.11239310844282E-2</Val>
</DBL>
<DBL>
<Name></Name>
<Val>3.33250647728876E-2</Val>
</DBL>
<DBL>
<Name></Name>
<Val>0.25431735726647</Val>
</DBL>
<DBL>
<Name></Name>
<Val>2.68002443503479E-3</Val>
</DBL>
<DBL>
<Name></Name>
<Val>2.91785847614262E-3</Val>
</DBL>
<DBL>
<Name></Name>
<Val>0.20710780901236</Val>
</DBL>
<DBL>
<Name></Name>
<Val>0.46690650586934</Val>
</DBL>
<DBL>
<Name></Name>
<Val>1.50148262558069E-5</Val>
</DBL>
<DBL>
<Name></Name>
<Val>1.25678649316763E-4</Val>
</DBL>
<DBL>
<Name></Name>
<Val>1.46875645059820E-3</Val>
</DBL>
<DBL>
<Name></Name>
<Val>3.08979083144460E-2</Val>
</DBL>
<DBL>
<Name></Name>
<Val>3.30839748246399E-2</Val>
</DBL>
<DBL>
<Name></Name>
<Val>0.25248598424883</Val>
</DBL>
<DBL>
<Name></Name>
<Val>2.66608650173009E-3</Val>
</DBL>
<DBL>
<Name></Name>
<Val>2.91208230181145E-3</Val>
</DBL>
<DBL>
<Name></Name>
<Val>0.20781848416524</Val>
</DBL>
<DBL>
<Name></Name>
<Val>0.46852602971714</Val>
</DBL>
<DBL>
<Name></Name>
<Val>1.49042704685634E-5</Val>
</DBL>
<DBL>
<Name></Name>
<Val>1.24755971380179E-4</Val>
</DBL>
<DBL>
<Name></Name>
<Val>1.45804699926996E-3</Val>
</DBL>
<DBL>
<Name></Name>
<Val>3.06767165952937E-2</Val>
</DBL>
<DBL>
<Name></Name>
<Val>3.28480379757664E-2</Val>
</DBL>
<DBL>
<Name></Name>
<Val>0.25069375532334</Val>
</DBL>
<DBL>
<Name></Name>
<Val>2.65244648028737E-3</Val>
</DBL>
<DBL>
<Name></Name>
<Val>2.90642958845634E-3</Val>
</DBL>
<DBL>
<Name></Name>
<Val>0.20851396922117</Val>
</DBL>
<DBL>
<Name></Name>
<Val>0.47011093757456</Val>
</DBL>
<DBL>
<Name></Name>
<Val>1.47960777203525E-5</Val>
</DBL>
<DBL>
<Name></Name>
<Val>1.23853014925690E-4</Val>
</DBL>
<DBL>
<Name></Name>
<Val>1.44756645365654E-3</Val>
</DBL>
<DBL>
<Name></Name>
<Val>3.04602526672326E-2</Val>
</DBL>
<DBL>
<Name></Name>
<Val>3.26171440830057E-2</Val>
</DBL>
<DBL>
<Name></Name>
<Val>0.24893983381722</Val>
</DBL>
<DBL>
<Name></Name>
<Val>2.63909800308559E-3</Val>
</DBL>
<DBL>
<Name></Name>
<Val>2.90089769720047E-3</Val>
</DBL>
<DBL>
<Name></Name>
<Val>0.20919458885600</Val>
</DBL>
<DBL>
<Name></Name>
<Val>0.47166196932995</Val>
</DBL>
<DBL>
<Name></Name>
<Val>1.46901975031580E-5</Val>
</DBL>
<DBL>
<Name></Name>
<Val>1.22969358422834E-4</Val>
</DBL>
<DBL>
<Name></Name>
<Val>1.43730992108651E-3</Val>
</DBL>
<DBL>
<Name></Name>
<Val>3.02484154776163E-2</Val>
</DBL>
<DBL>
<Name></Name>
<Val>3.23911853573182E-2</Val>
</DBL>
<DBL>
<Name></Name>
<Val>0.24722340094089</Val>
</DBL>
<DBL>
<Name></Name>
<Val>2.62603483860636E-3</Val>
</DBL>
<DBL>
<Name></Name>
<Val>2.89548404557083E-3</Val>
</DBL>
<DBL>
<Name></Name>
<Val>0.20986066080587</Val>
</DBL>
<DBL>
<Name></Name>
<Val>0.47317984905712</Val>
</DBL>
<DBL>
<Name></Name>
<Val>1.45865803885313E-5</Val>
</DBL>
<DBL>
<Name></Name>
<Val>1.22104589351017E-4</Val>
</DBL>
<DBL>
<Name></Name>
<Val>1.42727261346531E-3</Val>
</DBL>
<DBL>
<Name></Name>
<Val>3.00411061337155E-2</Val>
</DBL>
<DBL>
<Name></Name>
<Val>3.21700563135664E-2</Val>
</DBL>
<DBL>
<Name></Name>
<Val>0.24554365540572</Val>
</DBL>
<DBL>
<Name></Name>
<Val>2.61325088852487E-3</Val>
</DBL>
<DBL>
<Name></Name>
<Val>2.89018610629264E-3</Val>
</DBL>
<DBL>
<Name></Name>
<Val>0.21051249601557</Val>
</DBL>
<DBL>
<Name></Name>
<Val>0.47466528535340</Val>
</DBL>
</Array>
<Array>
<Name>StateAdjacencyMatrix</Name>
<Dimsize>10</Dimsize>
<Dimsize>10</Dimsize>
<String>
<Name></Name>
<Val>@</Val>
</String>
<String>
<Name></Name>
<Val>K</Val>
</String>
<String>
<Name></Name>
<Val>@</Val>
</String>
<String>
<Name></Name>
<Val>@</Val>
</String>
<String>
<Name></Name>
<Val>@</Val>
</String>
<String>
<Name></Name>
<Val>@</Val>
</String>
<String>
<Name></Name>
<Val>@</Val>
</String>
<String>
<Name></Name>
<Val>@</Val>
</String>
<String>
<Name></Name>
<Val>@</Val>
</String>
<String>
<Name></Name>
<Val>@</Val>
</String>
<String>
<Name></Name>
<Val>G</Val>
</String>
<String>
<Name></Name>
<Val>@</Val>
</String>
<String>
<Name></Name>
<Val>A</Val>
</String>
<String>
<Name></Name>
<Val>@</Val>
</String>
<String>
<Name></Name>
<Val>@</Val>
</String>
<String>
<Name></Name>
<Val>@</Val>
</String>
<String>
<Name></Name>
<Val>@</Val>
</String>
<String>
<Name></Name>
<Val>@</Val>
</String>
<String>
<Name></Name>
<Val>@</Val>
</String>
<String>
<Name></Name>
<Val>@</Val>
</String>
<String>
<Name></Name>
<Val>@</Val>
</String>
<String>
<Name></Name>
<Val>M</Val>
</String>
<String>
<Name></Name>
<Val>@</Val>
</String>
<String>
<Name></Name>
<Val>I</Val>
</String>
<String>
<Name></Name>
<Val>@</Val>
</String>
<String>
<Name></Name>
<Val>@</Val>
</String>
<String>
<Name></Name>
<Val>@</Val>
</String>
<String>
<Name></Name>
<Val>@</Val>
</String>
<String>
<Name></Name>
<Val>@</Val>
</String>
<String>
<Name></Name>
<Val>@</Val>
</String>
<String>
<Name></Name>
<Val>@</Val>
</String>
<String>
<Name></Name>
<Val>@</Val>
</String>
<String>
<Name></Name>
<Val>D</Val>
</String>
<String>
<Name></Name>
<Val>@</Val>
</String>
<String>
<Name></Name>
<Val>F</Val>
</String>
<String>
<Name></Name>
<Val>@</Val>
</String>
<String>
<Name></Name>
<Val>@</Val>
</String>
<String>
<Name></Name>
<Val>@</Val>
</String>
<String>
<Name></Name>
<Val>@</Val>
</String>
<String>
<Name></Name>
<Val>@</Val>
</String>
<String>
<Name></Name>
<Val>@</Val>
</String>
<String>
<Name></Name>
<Val>@</Val>
</String>
<String>
<Name></Name>
<Val>@</Val>
</String>
<String>
<Name></Name>
<Val>E</Val>
</String>
<String>
<Name></Name>
<Val>@</Val>
</String>
<String>
<Name></Name>
<Val>B</Val>
</String>
<String>
<Name></Name>
<Val>@</Val>
</String>
<String>
<Name></Name>
<Val>@</Val>
</String>
<String>
<Name></Name>
<Val>@</Val>
</String>
<String>
<Name></Name>
<Val>@</Val>
</String>
<String>
<Name></Name>
<Val>@</Val>
</String>
<String>
<Name></Name>
<Val>@</Val>
</String>
<String>
<Name></Name>
<Val>@</Val>
</String>
<String>
<Name></Name>
<Val>@</Val>
</String>
<String>
<Name></Name>
<Val>J</Val>
</String>
<String>
<Name></Name>
<Val>@</Val>
</String>
<String>
<Name></Name>
<Val>L</Val>
</String>
<String>
<Name></Name>
<Val>@</Val>
</String>
<String>
<Name></Name>
<Val>@</Val>
</String>
<String>
<Name></Name>
<Val>@</Val>
</String>
<String>
<Name></Name>
<Val>@</Val>
</String>
<String>
<Name></Name>
<Val>@</Val>
</String>
<String>
<Name></Name>
<Val>@</Val>
</String>
<String>
<Name></Name>
<Val>@</Val>
</String>
<String>
<Name></Name>
<Val>@</Val>
</String>
<String>
<Name></Name>
<Val>B</Val>
</String>
<String>
<Name></Name>
<Val>@</Val>
</String>
<String>
<Name></Name>
<Val>C</Val>
</String>
<String>
<Name></Name>
<Val>@</Val>
</String>
<String>
<Name></Name>
<Val>@</Val>
</String>
<String>
<Name></Name>
<Val>@</Val>
</String>
<String>
<Name></Name>
<Val>@</Val>
</String>
<String>
<Name></Name>
<Val>@</Val>
</String>
<String>
<Name></Name>
<Val>@</Val>
</String>
<String>
<Name></Name>
<Val>@</Val>
</String>
<String>
<Name></Name>
<Val>@</Val>
</String>
<String>
<Name></Name>
<Val>H</Val>
</String>
<String>
<Name></Name>
<Val>@</Val>
</String>
<String>
<Name></Name>
<Val>E</Val>
</String>
<String>
<Name></Name>
<Val>@</Val>
</String>
<String>
<Name></Name>
<Val>@</Val>
</String>
<String>
<Name></Name>
<Val>@</Val>
</String>
<String>
<Name></Name>
<Val>@</Val>
</String>
<String>
<Name></Name>
<Val>@</Val>
</String>
<String>
<Name></Name>
<Val>@</Val>
</String>
<String>
<Name></Name>
<Val>@</Val>
</String>
<String>
<Name></Name>
<Val>@</Val>
</String>
<String>
<Name></Name>
<Val>D</Val>
</String>
<String>
<Name></Name>
<Val>@</Val>
</String>
<String>
<Name></Name>
<Val>C</Val>
</String>
<String>
<Name></Name>
<Val>@</Val>
</String>
<String>
<Name></Name>
<Val>@</Val>
</String>
<String>
<Name></Name>
<Val>@</Val>
</String>
<String>
<Name></Name>
<Val>@</Val>
</String>
<String>
<Name></Name>
<Val>@</Val>
</String>
<String>
<Name></Name>
<Val>@</Val>
</String>
<String>
<Name></Name>
<Val>@</Val>
</String>
<String>
<Name></Name>
<Val>@</Val>
</String>
<String>
<Name></Name>
<Val>A</Val>
</String>
<String>
<Name></Name>
<Val>@</Val>
</String>
</Array>
<Cluster>
<Name>IntegrationParams</Name>
<NumElts>4</NumElts>
<DBL>
<Name>time start</Name>
<Val>0.00000000000000</Val>
</DBL>
<DBL>
<Name>time end</Name>
<Val>999.00000000000000</Val>
</DBL>
<DBL>
<Name>h (step rate)</Name>
<Val>0.10000000000000</Val>
</DBL>
<Array>
<Name>X0</Name>
<Dimsize>10</Dimsize>
<I32>
<Name></Name>
<Val>1</Val>
</I32>
<I32>
<Name></Name>
<Val>0</Val>
</I32>
<I32>
<Name></Name>
<Val>0</Val>
</I32>
<I32>
<Name></Name>
<Val>0</Val>
</I32>
<I32>
<Name></Name>
<Val>0</Val>
</I32>
<I32>
<Name></Name>
<Val>0</Val>
</I32>
<I32>
<Name></Name>
<Val>0</Val>
</I32>
<I32>
<Name></Name>
<Val>0</Val>
</I32>
<I32>
<Name></Name>
<Val>0</Val>
</I32>
<I32>
<Name></Name>
<Val>0</Val>
</I32>
</Array>
</Cluster>
<Array>
<Name>StateNames</Name>
<Dimsize>10</Dimsize>
<String>
<Name>string</Name>
<Val>a</Val>
</String>
<String>
<Name>string</Name>
<Val>b</Val>
</String>
<String>
<Name>string</Name>
<Val>c</Val>
</String>
<String>
<Name>string</Name>
<Val>d</Val>
</String>
<String>
<Name>string</Name>
<Val>e</Val>
</String>
<String>
<Name>string</Name>
<Val>f</Val>
</String>
<String>
<Name>string</Name>
<Val>g</Val>
</String>
<String>
<Name>string</Name>
<Val>h</Val>
</String>
<String>
<Name>string</Name>
<Val>i</Val>
</String>
<String>
<Name>string</Name>
<Val>j</Val>
</String>
</Array>
</Cluster>
</LVData>