<?xml version='1.0' standalone='yes' ?>
<LVData xmlns="http://www.ni.com/LVData">
<Version>10.0.1</Version>
<Cluster>
<Name>ModelData</Name>
<NumElts>7</NumElts>
<Array>
<Name>Transitions</Name>
<Dimsize>12</Dimsize>
<Dimsize>2</Dimsize>
<String>
<Name>string</Name>
<Val>A</Val>
</String>
<String>
<Name>string</Name>
<Val>A</Val>
</String>
<String>
<Name>string</Name>
<Val>B</Val>
</String>
<String>
<Name>string</Name>
<Val>B</Val>
</String>
<String>
<Name>string</Name>
<Val>C</Val>
</String>
<String>
<Name>string</Name>
<Val>C</Val>
</String>
<String>
<Name>string</Name>
<Val>D</Val>
</String>
<String>
<Name>string</Name>
<Val>D</Val>
</String>
<String>
<Name>string</Name>
<Val>E</Val>
</String>
<String>
<Name>string</Name>
<Val>E</Val>
</String>
<String>
<Name>string</Name>
<Val>F</Val>
</String>
<String>
<Name>string</Name>
<Val>F</Val>
</String>
<String>
<Name>string</Name>
<Val>G</Val>
</String>
<String>
<Name>string</Name>
<Val>G</Val>
</String>
<String>
<Name>string</Name>
<Val>H</Val>
</String>
<String>
<Name>string</Name>
<Val>H</Val>
</String>
<String>
<Name>string</Name>
<Val>I</Val>
</String>
<String>
<Name>string</Name>
<Val>I</Val>
</String>
<String>
<Name>string</Name>
<Val>J</Val>
</String>
<String>
<Name>string</Name>
<Val>J</Val>
</String>
<String>
<Name>string</Name>
<Val>K</Val>
</String>
<String>
<Name>string</Name>
<Val>K</Val>
</String>
<String>
<Name>string</Name>
<Val>L</Val>
</String>
<String>
<Name>string</Name>
<Val>L</Val>
</String>
</Array>
<Array>
<Name>RealValues</Name>
<Dimsize>12</Dimsize>
<Dimsize>2</Dimsize>
<String>
<Name>string</Name>
<Val>A</Val>
</String>
<String>
<Name>string</Name>
<Val>0,027480</Val>
</String>
<String>
<Name>string</Name>
<Val>B</Val>
</String>
<String>
<Name>string</Name>
<Val>0,009285</Val>
</String>
<String>
<Name>string</Name>
<Val>C</Val>
</String>
<String>
<Name>string</Name>
<Val>0,007636</Val>
</String>
<String>
<Name>string</Name>
<Val>D</Val>
</String>
<String>
<Name>string</Name>
<Val>0,008031</Val>
</String>
<String>
<Name>string</Name>
<Val>E</Val>
</String>
<String>
<Name>string</Name>
<Val>0,800368</Val>
</String>
<String>
<Name>string</Name>
<Val>F</Val>
</String>
<String>
<Name>string</Name>
<Val>0,471682</Val>
</String>
<String>
<Name>string</Name>
<Val>G</Val>
</String>
<String>
<Name>string</Name>
<Val>0,023060</Val>
</String>
<String>
<Name>string</Name>
<Val>H</Val>
</String>
<String>
<Name>string</Name>
<Val>0,007789</Val>
</String>
<String>
<Name>string</Name>
<Val>I</Val>
</String>
<String>
<Name>string</Name>
<Val>0,001878</Val>
</String>
<String>
<Name>string</Name>
<Val>J</Val>
</String>
<String>
<Name>string</Name>
<Val>0,072764</Val>
</String>
<String>
<Name>string</Name>
<Val>K</Val>
</String>
<String>
<Name>string</Name>
<Val>0,138079</Val>
</String>
<String>
<Name>string</Name>
<Val>L</Val>
</String>
<String>
<Name>string</Name>
<Val>0,102269</Val>
</String>
</Array>
<Array>
<Name>Times</Name>
<Dimsize>100</Dimsize>
<DBL>
<Name></Name>
<Val>0.00000000000000</Val>
</DBL>
<DBL>
<Name></Name>
<Val>10.00000000000000</Val>
</DBL>
<DBL>
<Name></Name>
<Val>20.00000000000000</Val>
</DBL>
<DBL>
<Name></Name>
<Val>30.00000000000000</Val>
</DBL>
<DBL>
<Name></Name>
<Val>40.00000000000000</Val>
</DBL>
<DBL>
<Name></Name>
<Val>50.00000000000000</Val>
</DBL>
<DBL>
<Name></Name>
<Val>60.00000000000000</Val>
</DBL>
<DBL>
<Name></Name>
<Val>70.00000000000000</Val>
</DBL>
<DBL>
<Name></Name>
<Val>80.00000000000000</Val>
</DBL>
<DBL>
<Name></Name>
<Val>90.00000000000000</Val>
</DBL>
<DBL>
<Name></Name>
<Val>100.00000000000000</Val>
</DBL>
<DBL>
<Name></Name>
<Val>110.00000000000000</Val>
</DBL>
<DBL>
<Name></Name>
<Val>120.00000000000000</Val>
</DBL>
<DBL>
<Name></Name>
<Val>130.00000000000000</Val>
</DBL>
<DBL>
<Name></Name>
<Val>140.00000000000000</Val>
</DBL>
<DBL>
<Name></Name>
<Val>150.00000000000000</Val>
</DBL>
<DBL>
<Name></Name>
<Val>160.00000000000000</Val>
</DBL>
<DBL>
<Name></Name>
<Val>170.00000000000000</Val>
</DBL>
<DBL>
<Name></Name>
<Val>180.00000000000000</Val>
</DBL>
<DBL>
<Name></Name>
<Val>190.00000000000000</Val>
</DBL>
<DBL>
<Name></Name>
<Val>200.00000000000000</Val>
</DBL>
<DBL>
<Name></Name>
<Val>210.00000000000000</Val>
</DBL>
<DBL>
<Name></Name>
<Val>220.00000000000000</Val>
</DBL>
<DBL>
<Name></Name>
<Val>230.00000000000000</Val>
</DBL>
<DBL>
<Name></Name>
<Val>240.00000000000000</Val>
</DBL>
<DBL>
<Name></Name>
<Val>250.00000000000000</Val>
</DBL>
<DBL>
<Name></Name>
<Val>260.00000000000000</Val>
</DBL>
<DBL>
<Name></Name>
<Val>270.00000000000000</Val>
</DBL>
<DBL>
<Name></Name>
<Val>280.00000000000000</Val>
</DBL>
<DBL>
<Name></Name>
<Val>290.00000000000000</Val>
</DBL>
<DBL>
<Name></Name>
<Val>300.00000000000000</Val>
</DBL>
<DBL>
<Name></Name>
<Val>310.00000000000000</Val>
</DBL>
<DBL>
<Name></Name>
<Val>320.00000000000000</Val>
</DBL>
<DBL>
<Name></Name>
<Val>330.00000000000000</Val>
</DBL>
<DBL>
<Name></Name>
<Val>340.00000000000000</Val>
</DBL>
<DBL>
<Name></Name>
<Val>350.00000000000000</Val>
</DBL>
<DBL>
<Name></Name>
<Val>360.00000000000000</Val>
</DBL>
<DBL>
<Name></Name>
<Val>370.00000000000000</Val>
</DBL>
<DBL>
<Name></Name>
<Val>380.00000000000000</Val>
</DBL>
<DBL>
<Name></Name>
<Val>390.00000000000000</Val>
</DBL>
<DBL>
<Name></Name>
<Val>400.00000000000000</Val>
</DBL>
<DBL>
<Name></Name>
<Val>410.00000000000000</Val>
</DBL>
<DBL>
<Name></Name>
<Val>420.00000000000000</Val>
</DBL>
<DBL>
<Name></Name>
<Val>430.00000000000000</Val>
</DBL>
<DBL>
<Name></Name>
<Val>440.00000000000000</Val>
</DBL>
<DBL>
<Name></Name>
<Val>450.00000000000000</Val>
</DBL>
<DBL>
<Name></Name>
<Val>460.00000000000000</Val>
</DBL>
<DBL>
<Name></Name>
<Val>470.00000000000000</Val>
</DBL>
<DBL>
<Name></Name>
<Val>480.00000000000000</Val>
</DBL>
<DBL>
<Name></Name>
<Val>490.00000000000000</Val>
</DBL>
<DBL>
<Name></Name>
<Val>500.00000000000000</Val>
</DBL>
<DBL>
<Name></Name>
<Val>510.00000000000000</Val>
</DBL>
<DBL>
<Name></Name>
<Val>520.00000000000000</Val>
</DBL>
<DBL>
<Name></Name>
<Val>530.00000000000000</Val>
</DBL>
<DBL>
<Name></Name>
<Val>540.00000000000000</Val>
</DBL>
<DBL>
<Name></Name>
<Val>550.00000000000000</Val>
</DBL>
<DBL>
<Name></Name>
<Val>560.00000000000000</Val>
</DBL>
<DBL>
<Name></Name>
<Val>570.00000000000000</Val>
</DBL>
<DBL>
<Name></Name>
<Val>580.00000000000000</Val>
</DBL>
<DBL>
<Name></Name>
<Val>590.00000000000000</Val>
</DBL>
<DBL>
<Name></Name>
<Val>600.00000000000000</Val>
</DBL>
<DBL>
<Name></Name>
<Val>610.00000000000000</Val>
</DBL>
<DBL>
<Name></Name>
<Val>620.00000000000000</Val>
</DBL>
<DBL>
<Name></Name>
<Val>630.00000000000000</Val>
</DBL>
<DBL>
<Name></Name>
<Val>640.00000000000000</Val>
</DBL>
<DBL>
<Name></Name>
<Val>650.00000000000000</Val>
</DBL>
<DBL>
<Name></Name>
<Val>660.00000000000000</Val>
</DBL>
<DBL>
<Name></Name>
<Val>670.00000000000000</Val>
</DBL>
<DBL>
<Name></Name>
<Val>680.00000000000000</Val>
</DBL>
<DBL>
<Name></Name>
<Val>690.00000000000000</Val>
</DBL>
<DBL>
<Name></Name>
<Val>700.00000000000000</Val>
</DBL>
<DBL>
<Name></Name>
<Val>710.00000000000000</Val>
</DBL>
<DBL>
<Name></Name>
<Val>720.00000000000000</Val>
</DBL>
<DBL>
<Name></Name>
<Val>730.00000000000000</Val>
</DBL>
<DBL>
<Name></Name>
<Val>740.00000000000000</Val>
</DBL>
<DBL>
<Name></Name>
<Val>750.00000000000000</Val>
</DBL>
<DBL>
<Name></Name>
<Val>760.00000000000000</Val>
</DBL>
<DBL>
<Name></Name>
<Val>770.00000000000000</Val>
</DBL>
<DBL>
<Name></Name>
<Val>780.00000000000000</Val>
</DBL>
<DBL>
<Name></Name>
<Val>790.00000000000000</Val>
</DBL>
<DBL>
<Name></Name>
<Val>800.00000000000000</Val>
</DBL>
<DBL>
<Name></Name>
<Val>810.00000000000000</Val>
</DBL>
<DBL>
<Name></Name>
<Val>820.00000000000000</Val>
</DBL>
<DBL>
<Name></Name>
<Val>830.00000000000000</Val>
</DBL>
<DBL>
<Name></Name>
<Val>840.00000000000000</Val>
</DBL>
<DBL>
<Name></Name>
<Val>850.00000000000000</Val>
</DBL>
<DBL>
<Name></Name>
<Val>860.00000000000000</Val>
</DBL>
<DBL>
<Name></Name>
<Val>870.00000000000000</Val>
</DBL>
<DBL>
<Name></Name>
<Val>880.00000000000000</Val>
</DBL>
<DBL>
<Name></Name>
<Val>890.00000000000000</Val>
</DBL>
<DBL>
<Name></Name>
<Val>900.00000000000000</Val>
</DBL>
<DBL>
<Name></Name>
<Val>910.00000000000000</Val>
</DBL>
<DBL>
<Name></Name>
<Val>920.00000000000000</Val>
</DBL>
<DBL>
<Name></Name>
<Val>930.00000000000000</Val>
</DBL>
<DBL>
<Name></Name>
<Val>940.00000000000000</Val>
</DBL>
<DBL>
<Name></Name>
<Val>950.00000000000000</Val>
</DBL>
<DBL>
<Name></Name>
<Val>960.00000000000000</Val>
</DBL>
<DBL>
<Name></Name>
<Val>970.00000000000000</Val>
</DBL>
<DBL>
<Name></Name>
<Val>980.00000000000000</Val>
</DBL>
<DBL>
<Name></Name>
<Val>990.00000000000000</Val>
</DBL>
</Array>
<Array>
<Name>RealSolution</Name>
<Dimsize>100</Dimsize>
<Dimsize>10</Dimsize>
<DBL>
<Name></Name>
<Val>1.00000000000000</Val>
</DBL>
<DBL>
<Name></Name>
<Val>0.00000000000000</Val>
</DBL>
<DBL>
<Name></Name>
<Val>0.00000000000000</Val>
</DBL>
<DBL>
<Name></Name>
<Val>0.00000000000000</Val>
</DBL>
<DBL>
<Name></Name>
<Val>0.00000000000000</Val>
</DBL>
<DBL>
<Name></Name>
<Val>0.00000000000000</Val>
</DBL>
<DBL>
<Name></Name>
<Val>0.00000000000000</Val>
</DBL>
<DBL>
<Name></Name>
<Val>0.00000000000000</Val>
</DBL>
<DBL>
<Name></Name>
<Val>0.00000000000000</Val>
</DBL>
<DBL>
<Name></Name>
<Val>0.00000000000000</Val>
</DBL>
<DBL>
<Name></Name>
<Val>0.92768869518371</Val>
</DBL>
<DBL>
<Name></Name>
<Val>6.90781398911412E-2</Val>
</DBL>
<DBL>
<Name></Name>
<Val>2.67807495435390E-3</Val>
</DBL>
<DBL>
<Name></Name>
<Val>5.14028034335247E-4</Val>
</DBL>
<DBL>
<Name></Name>
<Val>3.86822836811685E-5</Val>
</DBL>
<DBL>
<Name></Name>
<Val>9.15939131404500E-7</Val>
</DBL>
<DBL>
<Name></Name>
<Val>1.37024120009165E-6</Val>
</DBL>
<DBL>
<Name></Name>
<Val>5.73054012032906E-8</Val>
</DBL>
<DBL>
<Name></Name>
<Val>3.58234187085404E-8</Val>
</DBL>
<DBL>
<Name></Name>
<Val>3.43628940428298E-10</Val>
</DBL>
<DBL>
<Name></Name>
<Val>0.86529122033139</Val>
</DBL>
<DBL>
<Name></Name>
<Val>0.12293788295237</Val>
</DBL>
<DBL>
<Name></Name>
<Val>9.25280192599443E-3</Val>
</DBL>
<DBL>
<Name></Name>
<Val>2.14905504382511E-3</Val>
</DBL>
<DBL>
<Name></Name>
<Val>3.25077394098256E-4</Val>
</DBL>
<DBL>
<Name></Name>
<Val>9.57000745363952E-6</Val>
</DBL>
<DBL>
<Name></Name>
<Val>3.06991220194290E-5</Val>
</DBL>
<DBL>
<Name></Name>
<Val>1.62945821348805E-6</Val>
</DBL>
<DBL>
<Name></Name>
<Val>2.02005136639203E-6</Val>
</DBL>
<DBL>
<Name></Name>
<Val>4.37132720029058E-8</Val>
</DBL>
<DBL>
<Name></Name>
<Val>0.81107061221002</Val>
</DBL>
<DBL>
<Name></Name>
<Val>0.16482758358356</Val>
</DBL>
<DBL>
<Name></Name>
<Val>1.83347764164445E-2</Val>
</DBL>
<DBL>
<Name></Name>
<Val>4.55237412578287E-3</Val>
</DBL>
<DBL>
<Name></Name>
<Val>9.99474348796955E-4</Val>
</DBL>
<DBL>
<Name></Name>
<Val>3.20284551429909E-5</Val>
</DBL>
<DBL>
<Name></Name>
<Val>1.57245303247658E-4</Val>
</DBL>
<DBL>
<Name></Name>
<Val>9.28218478456597E-6</Val>
</DBL>
<DBL>
<Name></Name>
<Val>1.60746689165930E-5</Val>
</DBL>
<DBL>
<Name></Name>
<Val>5.48703296396900E-7</Val>
</DBL>
<DBL>
<Name></Name>
<Val>0.76363181720038</Val>
</DBL>
<DBL>
<Name></Name>
<Val>0.19729189663324</Val>
</DBL>
<DBL>
<Name></Name>
<Val>2.89338170375954E-2</Val>
</DBL>
<DBL>
<Name></Name>
<Val>7.43273769944779E-3</Val>
</DBL>
<DBL>
<Name></Name>
<Val>2.08254628662604E-3</Val>
</DBL>
<DBL>
<Name></Name>
<Val>7.02217192458017E-5</Val>
</DBL>
<DBL>
<Name></Name>
<Val>4.62802459985344E-4</Val>
</DBL>
<DBL>
<Name></Name>
<Val>2.92332141296979E-5</Val>
</DBL>
<DBL>
<Name></Name>
<Val>6.20322847281060E-5</Val>
</DBL>
<DBL>
<Name></Name>
<Val>2.89546461978197E-6</Val>
</DBL>
<DBL>
<Name></Name>
<Val>0.72185030553606</Val>
</DBL>
<DBL>
<Name></Name>
<Val>0.22232663237344</Val>
</DBL>
<DBL>
<Name></Name>
<Val>4.03282959677232E-2</Val>
</DBL>
<DBL>
<Name></Name>
<Val>1.05763212952725E-2</Val>
</DBL>
<DBL>
<Name></Name>
<Val>3.53131910480476E-3</Val>
</DBL>
<DBL>
<Name></Name>
<Val>1.23633507868922E-4</Val>
</DBL>
<DBL>
<Name></Name>
<Val>1.02102345482934E-3</Val>
</DBL>
<DBL>
<Name></Name>
<Val>6.77506090861714E-5</Val>
</DBL>
<DBL>
<Name></Name>
<Val>1.64970467137469E-4</Val>
</DBL>
<DBL>
<Name></Name>
<Val>9.74768376980581E-6</Val>
</DBL>
<DBL>
<Name></Name>
<Val>0.68481606366281</Val>
</DBL>
<DBL>
<Name></Name>
<Val>0.24149872398020</Val>
</DBL>
<DBL>
<Name></Name>
<Val>5.19975180132289E-2</Val>
</DBL>
<DBL>
<Name></Name>
<Val>1.38276594472468E-2</Val>
</DBL>
<DBL>
<Name></Name>
<Val>5.27417732271472E-3</Val>
</DBL>
<DBL>
<Name></Name>
<Val>1.90492127040838E-4</Val>
</DBL>
<DBL>
<Name></Name>
<Val>1.88970537553225E-3</Val>
</DBL>
<DBL>
<Name></Name>
<Val>1.30277431880654E-4</Val>
</DBL>
<DBL>
<Name></Name>
<Val>3.50411785733224E-4</Val>
</DBL>
<DBL>
<Name></Name>
<Val>2.49708536056858E-5</Val>
</DBL>
<DBL>
<Name></Name>
<Val>0.65178958030964</Val>
</DBL>
<DBL>
<Name></Name>
<Val>0.25603961922987</Val>
</DBL>
<DBL>
<Name></Name>
<Val>6.35711478791415E-2</Val>
</DBL>
<DBL>
<Name></Name>
<Val>1.70752258219543E-2</Val>
</DBL>
<DBL>
<Name></Name>
<Val>7.23129243837376E-3</Val>
</DBL>
<DBL>
<Name></Name>
<Val>2.68500847882541E-4</Val>
</DBL>
<DBL>
<Name></Name>
<Val>3.10922207967676E-3</Val>
</DBL>
<DBL>
<Name></Name>
<Val>2.21050307657543E-4</Val>
</DBL>
<DBL>
<Name></Name>
<Val>6.41070140554242E-4</Val>
</DBL>
<DBL>
<Name></Name>
<Val>5.32909452497092E-5</Val>
</DBL>
<DBL>
<Name></Name>
<Val>0.62216720432354</Val>
</DBL>
<DBL>
<Name></Name>
<Val>0.26691808038865</Val>
</DBL>
<DBL>
<Name></Name>
<Val>7.47912416192316E-2</Val>
</DBL>
<DBL>
<Name></Name>
<Val>2.02405322282337E-2</Val>
</DBL>
<DBL>
<Name></Name>
<Val>9.32589042308955E-3</Val>
</DBL>
<DBL>
<Name></Name>
<Val>3.55266043735729E-4</Val>
</DBL>
<DBL>
<Name></Name>
<Val>4.70375036317754E-3</Val>
</DBL>
<DBL>
<Name></Name>
<Val>3.43016244916274E-4</Val>
</DBL>
<DBL>
<Name></Name>
<Val>1.05516020472246E-3</Val>
</DBL>
<DBL>
<Name></Name>
<Val>9.98581606987128E-5</Val>
</DBL>
<DBL>
<Name></Name>
<Val>0.59545383559607</Val>
</DBL>
<DBL>
<Name></Name>
<Val>0.27489699980741</Val>
</DBL>
<DBL>
<Name></Name>
<Val>8.54836700325616E-2</Val>
</DBL>
<DBL>
<Name></Name>
<Val>2.32698709583062E-2</Val>
</DBL>
<DBL>
<Name></Name>
<Val>1.14898764949936E-2</Val>
</DBL>
<DBL>
<Name></Name>
<Val>4.48532359487462E-4</Val>
</DBL>
<DBL>
<Name></Name>
<Val>6.68363376991273E-3</Val>
</DBL>
<DBL>
<Name></Name>
<Val>4.97913974161881E-4</Val>
</DBL>
<DBL>
<Name></Name>
<Val>1.60583937692409E-3</Val>
</DBL>
<DBL>
<Name></Name>
<Val>1.69827630166212E-4</Val>
</DBL>
<DBL>
<Name></Name>
<Val>0.57124136139029</Val>
</DBL>
<DBL>
<Name></Name>
<Val>0.28057778797582</Val>
</DBL>
<DBL>
<Name></Name>
<Val>9.55365696070415E-2</Val>
</DBL>
<DBL>
<Name></Name>
<Val>2.61280501220071E-2</Val>
</DBL>
<DBL>
<Name></Name>
<Val>1.36660797128029E-2</Val>
</DBL>
<DBL>
<Name></Name>
<Val>5.46297850839790E-4</Val>
</DBL>
<DBL>
<Name></Name>
<Val>9.04805196122915E-3</Val>
</DBL>
<DBL>
<Name></Name>
<Val>6.86434399672508E-4</Val>
</DBL>
<DBL>
<Name></Name>
<Val>2.30135171263405E-3</Val>
</DBL>
<DBL>
<Name></Name>
<Val>2.68015267652918E-4</Val>
</DBL>
<DBL>
<Name></Name>
<Val>0.54919159980065</Val>
</DBL>
<DBL>
<Name></Name>
<Val>0.28443508565276</Val>
</DBL>
<DBL>
<Name></Name>
<Val>0.10488407185906</Val>
</DBL>
<DBL>
<Name></Name>
<Val>2.87936366678674E-2</Val>
</DBL>
<DBL>
<Name></Name>
<Val>1.58085549270648E-2</Val>
</DBL>
<DBL>
<Name></Name>
<Val>6.46856802805959E-4</Val>
</DBL>
<DBL>
<Name></Name>
<Val>1.17875855775823E-2</Val>
</DBL>
<DBL>
<Name></Name>
<Val>9.08408588870243E-4</Val>
</DBL>
<DBL>
<Name></Name>
<Val>3.14555091378640E-3</Val>
</DBL>
<DBL>
<Name></Name>
<Val>3.98649209543986E-4</Val>
</DBL>
<DBL>
<Name></Name>
<Val>0.52902278332150</Val>
</DBL>
<DBL>
<Name></Name>
<Val>0.28684393295648</Val>
</DBL>
<DBL>
<Name></Name>
<Val>0.11349401080189</Val>
</DBL>
<DBL>
<Name></Name>
<Val>3.12553433109155E-2</Val>
</DBL>
<DBL>
<Name></Name>
<Val>1.78818409590784E-2</Val>
</DBL>
<DBL>
<Name></Name>
<Val>7.48800878418070E-4</Val>
</DBL>
<DBL>
<Name></Name>
<Val>1.48864907311380E-2</Val>
</DBL>
<DBL>
<Name></Name>
<Val>1.16299404771486E-3</Val>
</DBL>
<DBL>
<Name></Name>
<Val>4.13858806152305E-3</Val>
</DBL>
<DBL>
<Name></Name>
<Val>5.65214931342766E-4</Val>
</DBL>
<DBL>
<Name></Name>
<Val>0.51049882640800</Val>
</DBL>
<DBL>
<Name></Name>
<Val>0.28810105155893</Val>
</DBL>
<DBL>
<Name></Name>
<Val>0.12135863751399</Val>
</DBL>
<DBL>
<Name></Name>
<Val>3.35092855384863E-2</Val>
</DBL>
<DBL>
<Name></Name>
<Val>1.98597249339012E-2</Val>
</DBL>
<DBL>
<Name></Name>
<Val>8.50997915883230E-4</Val>
</DBL>
<DBL>
<Name></Name>
<Val>1.83246178110007E-2</Val>
</DBL>
<DBL>
<Name></Name>
<Val>1.44884415901413E-3</Val>
</DBL>
<DBL>
<Name></Name>
<Val>5.27763317516547E-3</Val>
</DBL>
<DBL>
<Name></Name>
<Val>7.70380985623625E-4</Val>
</DBL>
<DBL>
<Name></Name>
<Val>0.49342078515311</Val>
</DBL>
<DBL>
<Name></Name>
<Val>0.28844152792689</Val>
</DBL>
<DBL>
<Name></Name>
<Val>0.12848761352261</Val>
</DBL>
<DBL>
<Name></Name>
<Val>3.55569017785047E-2</Val>
</DBL>
<DBL>
<Name></Name>
<Val>2.17238389080677E-2</Val>
</DBL>
<DBL>
<Name></Name>
<Val>9.52560267025217E-4</Val>
</DBL>
<DBL>
<Name></Name>
<Val>2.20789728810452E-2</Val>
</DBL>
<DBL>
<Name></Name>
<Val>1.76425426300283E-3</Val>
</DBL>
<DBL>
<Name></Name>
<Val>6.55755709175046E-3</Val>
</DBL>
<DBL>
<Name></Name>
<Val>1.01598820798746E-3</Val>
</DBL>
<DBL>
<Name></Name>
<Val>0.47762004527490</Val>
</DBL>
<DBL>
<Name></Name>
<Val>0.28805190057593</Val>
</DBL>
<DBL>
<Name></Name>
<Val>0.13490273460033</Val>
</DBL>
<DBL>
<Name></Name>
<Val>3.74033798282309E-2</Val>
</DBL>
<DBL>
<Name></Name>
<Val>2.34622732685817E-2</Val>
</DBL>
<DBL>
<Name></Name>
<Val>1.05280976799629E-3</Val>
</DBL>
<DBL>
<Name></Name>
<Val>2.61249514323388E-2</Val>
</DBL>
<DBL>
<Name></Name>
<Val>2.10728286438909E-3</Val>
</DBL>
<DBL>
<Name></Name>
<Val>7.97153723226638E-3</Val>
</DBL>
<DBL>
<Name></Name>
<Val>1.30308515503244E-3</Val>
</DBL>
<DBL>
<Name></Name>
<Val>0.46295287459735</Val>
</DBL>
<DBL>
<Name></Name>
<Val>0.28708043332299</Val>
</DBL>
<DBL>
<Name></Name>
<Val>0.14063397052518</Val>
</DBL>
<DBL>
<Name></Name>
<Val>3.90564701926809E-2</Val>
</DBL>
<DBL>
<Name></Name>
<Val>2.50683032409534E-2</Val>
</DBL>
<DBL>
<Name></Name>
<Val>1.15124337261682E-3</Val>
</DBL>
<DBL>
<Name></Name>
<Val>3.04372875418671E-2</Val>
</DBL>
<DBL>
<Name></Name>
<Val>2.47584917780513E-3</Val>
</DBL>
<DBL>
<Name></Name>
<Val>9.51157355954981E-3</Val>
</DBL>
<DBL>
<Name></Name>
<Val>1.63199446901685E-3</Val>
</DBL>
<DBL>
<Name></Name>
<Val>0.44929605435726</Val>
</DBL>
<DBL>
<Name></Name>
<Val>0.28564518488131</Val>
</DBL>
<DBL>
<Name></Name>
<Val>0.14571650657028</Val>
</DBL>
<DBL>
<Name></Name>
<Val>4.05255952955889E-2</Val>
</DBL>
<DBL>
<Name></Name>
<Val>2.65392713008910E-2</Val>
</DBL>
<DBL>
<Name></Name>
<Val>1.24750156235223E-3</Val>
</DBL>
<DBL>
<Name></Name>
<Val>3.49907646696130E-2</Val>
</DBL>
<DBL>
<Name></Name>
<Val>2.86780955021431E-3</Val>
</DBL>
<DBL>
<Name></Name>
<Val>1.11689142220411E-2</Val>
</DBL>
<DBL>
<Name></Name>
<Val>2.00239759044074E-3</Val>
</DBL>
<DBL>
<Name></Name>
<Val>0.43654336481302</Val>
</DBL>
<DBL>
<Name></Name>
<Val>0.28384035162366</Val>
</DBL>
<DBL>
<Name></Name>
<Val>0.15018854779282</Val>
</DBL>
<DBL>
<Name></Name>
<Val>4.18211849579289E-2</Val>
</DBL>
<DBL>
<Name></Name>
<Val>2.78756368637885E-2</Val>
</DBL>
<DBL>
<Name></Name>
<Val>1.34134047516448E-3</Val>
</DBL>
<DBL>
<Name></Name>
<Val>3.97607321618407E-2</Val>
</DBL>
<DBL>
<Name></Name>
<Val>3.28101579228271E-3</Val>
</DBL>
<DBL>
<Name></Name>
<Val>1.29343974457923E-2</Val>
</DBL>
<DBL>
<Name></Name>
<Val>2.41342807369552E-3</Val>
</DBL>
<DBL>
<Name></Name>
<Val>0.42460274851157</Val>
</DBL>
<DBL>
<Name></Name>
<Val>0.28174125634174</Val>
</DBL>
<DBL>
<Name></Name>
<Val>0.15408970400764</Val>
</DBL>
<DBL>
<Name></Name>
<Val>4.29541848203182E-2</Val>
</DBL>
<DBL>
<Name></Name>
<Val>2.90801871563857E-2</Val>
</DBL>
<DBL>
<Name></Name>
<Val>1.43260800278589E-3</Val>
</DBL>
<DBL>
<Name></Name>
<Val>4.47234668230895E-2</Val>
</DBL>
<DBL>
<Name></Name>
<Val>3.71335847190621E-3</Val>
</DBL>
<DBL>
<Name></Name>
<Val>1.47987195151512E-2</Val>
</DBL>
<DBL>
<Name></Name>
<Val>2.86376634940870E-3</Val>
</DBL>
<DBL>
<Name></Name>
<Val>0.41339401209890</Val>
</DBL>
<DBL>
<Name></Name>
<Val>0.27940827473149</Val>
</DBL>
<DBL>
<Name></Name>
<Val>0.15745981635788</Val>
</DBL>
<DBL>
<Name></Name>
<Val>4.39356967940278E-2</Val>
</DBL>
<DBL>
<Name></Name>
<Val>3.01573943393612E-2</Val>
</DBL>
<DBL>
<Name></Name>
<Val>1.52122371729540E-3</Val>
</DBL>
<DBL>
<Name></Name>
<Val>4.98564132912743E-2</Val>
</DBL>
<DBL>
<Name></Name>
<Val>4.16279799641919E-3</Val>
</DBL>
<DBL>
<Name></Name>
<Val>1.67526397037486E-2</Val>
</DBL>
<DBL>
<Name></Name>
<Val>3.35173096959140E-3</Val>
</DBL>
<DBL>
<Name></Name>
<Val>0.40284695699762</Val>
</DBL>
<DBL>
<Name></Name>
<Val>0.27688992802794</Val>
</DBL>
<DBL>
<Name></Name>
<Val>0.16033811908995</Val>
</DBL>
<DBL>
<Name></Name>
<Val>4.47767201093999E-2</Val>
</DBL>
<DBL>
<Name></Name>
<Val>3.11129003199491E-2</Val>
</DBL>
<DBL>
<Name></Name>
<Val>1.60716228868497E-3</Val>
</DBL>
<DBL>
<Name></Name>
<Val>5.51383312971004E-2</Val>
</DBL>
<DBL>
<Name></Name>
<Val>4.62738597142022E-3</Val>
</DBL>
<DBL>
<Name></Name>
<Val>1.87871327651104E-2</Val>
</DBL>
<DBL>
<Name></Name>
<Val>3.87536313281354E-3</Val>
</DBL>
<DBL>
<Name></Name>
<Val>0.39289985238614</Val>
</DBL>
<DBL>
<Name></Name>
<Val>0.27422532075208</Val>
</DBL>
<DBL>
<Name></Name>
<Val>0.16276265505941</Val>
</DBL>
<DBL>
<Name></Name>
<Val>4.54879687977660E-2</Val>
</DBL>
<DBL>
<Name></Name>
<Val>3.19531100843727E-2</Val>
</DBL>
<DBL>
<Name></Name>
<Val>1.69043997109916E-3</Val>
</DBL>
<DBL>
<Name></Name>
<Val>6.05493726727262E-2</Val>
</DBL>
<DBL>
<Name></Name>
<Val>5.10527895302239E-3</Val>
</DBL>
<DBL>
<Name></Name>
<Val>2.08934986817210E-2</Val>
</DBL>
<DBL>
<Name></Name>
<Val>4.43250264165680E-3</Val>
</DBL>
<DBL>
<Name></Name>
<Val>0.38349818207146</Val>
</DBL>
<DBL>
<Name></Name>
<Val>0.27144606385693</Val>
</DBL>
<DBL>
<Name></Name>
<Val>0.16476988253791</Val>
</DBL>
<DBL>
<Name></Name>
<Val>4.60797470237896E-2</Val>
</DBL>
<DBL>
<Name></Name>
<Val>3.26848754183324E-2</Val>
</DBL>
<DBL>
<Name></Name>
<Val>1.77110371896176E-3</Val>
</DBL>
<DBL>
<Name></Name>
<Val>6.60711063985732E-2</Val>
</DBL>
<DBL>
<Name></Name>
<Val>5.59474635055611E-3</Val>
</DBL>
<DBL>
<Name></Name>
<Val>2.30634381768435E-2</Val>
</DBL>
<DBL>
<Name></Name>
<Val>5.02085444663883E-3</Val>
</DBL>
<DBL>
<Name></Name>
<Val>0.37459361112453</Val>
</DBL>
<DBL>
<Name></Name>
<Val>0.26857779329762</Val>
</DBL>
<DBL>
<Name></Name>
<Val>0.16639442547709</Val>
</DBL>
<DBL>
<Name></Name>
<Val>4.65618679787738E-2</Val>
</DBL>
<DBL>
<Name></Name>
<Val>3.33152527251751E-2</Val>
</DBL>
<DBL>
<Name></Name>
<Val>1.84922251512948E-3</Val>
</DBL>
<DBL>
<Name></Name>
<Val>7.16865060960213E-2</Val>
</DBL>
<DBL>
<Name></Name>
<Val>6.09417391036711E-3</Val>
</DBL>
<DBL>
<Name></Name>
<Val>2.52891012338506E-2</Val>
</DBL>
<DBL>
<Name></Name>
<Val>5.63804564144695E-3</Val>
</DBL>
<DBL>
<Name></Name>
<Val>0.36614312938199</Val>
</DBL>
<DBL>
<Name></Name>
<Val>0.26564137035569</Val>
</DBL>
<DBL>
<Name></Name>
<Val>0.16766893057866</Val>
</DBL>
<DBL>
<Name></Name>
<Val>4.69436053537064E-2</Val>
</DBL>
<DBL>
<Name></Name>
<Val>3.38513207904287E-2</Val>
</DBL>
<DBL>
<Name></Name>
<Val>1.92488053282859E-3</Val>
</DBL>
<DBL>
<Name></Name>
<Val>7.73799111612681E-2</Val>
</DBL>
<DBL>
<Name></Name>
<Val>6.60206392735490E-3</Val>
</DBL>
<DBL>
<Name></Name>
<Val>2.75631146641084E-2</Val>
</DBL>
<DBL>
<Name></Name>
<Val>6.28167325395485E-3</Val>
</DBL>
<DBL>
<Name></Name>
<Val>0.35810833776610</Val>
</DBL>
<DBL>
<Name></Name>
<Val>0.26265383148591</Val>
</DBL>
<DBL>
<Name></Name>
<Val>0.16862400312304</Val>
</DBL>
<DBL>
<Name></Name>
<Val>4.72336689627766E-2</Val>
</DBL>
<DBL>
<Name></Name>
<Val>3.43000464885912E-2</Val>
</DBL>
<DBL>
<Name></Name>
<Val>1.99817180012662E-3</Val>
</DBL>
<DBL>
<Name></Name>
<Val>8.31369701259460E-2</Val>
</DBL>
<DBL>
<Name></Name>
<Val>7.11703309078709E-3</Val>
</DBL>
<DBL>
<Name></Name>
<Val>2.98785936767894E-2</Val>
</DBL>
<DBL>
<Name></Name>
<Val>6.94934347993693E-3</Val>
</DBL>
<DBL>
<Name></Name>
<Val>0.35045485034944</Val>
</DBL>
<DBL>
<Name></Name>
<Val>0.25962914090494</Val>
</DBL>
<DBL>
<Name></Name>
<Val>0.16928820012779</Val>
</DBL>
<DBL>
<Name></Name>
<Val>4.74401980582678E-2</Val>
</DBL>
<DBL>
<Name></Name>
<Val>3.46681884288278E-2</Val>
</DBL>
<DBL>
<Name></Name>
<Val>2.06919608349399E-3</Val>
</DBL>
<DBL>
<Name></Name>
<Val>8.89445727418844E-2</Val>
</DBL>
<DBL>
<Name></Name>
<Val>7.63780867217666E-3</Val>
</DBL>
<DBL>
<Name></Name>
<Val>3.22291414561068E-2</Val>
</DBL>
<DBL>
<Name></Name>
<Val>7.63870317708053E-3</Val>
</DBL>
<DBL>
<Name></Name>
<Val>0.34315179059429</Val>
</DBL>
<DBL>
<Name></Name>
<Val>0.25657878773313</Val>
</DBL>
<DBL>
<Name></Name>
<Val>0.16968806450500</Val>
</DBL>
<DBL>
<Name></Name>
<Val>4.75707673994854E-2</Val>
</DBL>
<DBL>
<Name></Name>
<Val>3.49622303184815E-2</Val>
</DBL>
<DBL>
<Name></Name>
<Val>2.13805575203068E-3</Val>
</DBL>
<DBL>
<Name></Name>
<Val>9.47907756376463E-2</Val>
</DBL>
<DBL>
<Name></Name>
<Val>8.16322360118381E-3</Val>
</DBL>
<DBL>
<Name></Name>
<Val>3.46088399460382E-2</Val>
</DBL>
<DBL>
<Name></Name>
<Val>8.34746451271351E-3</Val>
</DBL>
<DBL>
<Name></Name>
<Val>0.33617136454279</Val>
</DBL>
<DBL>
<Name></Name>
<Val>0.25351226055145</Val>
</DBL>
<DBL>
<Name></Name>
<Val>0.16984818781266</Val>
</DBL>
<DBL>
<Name></Name>
<Val>4.76324023139057E-2</Val>
</DBL>
<DBL>
<Name></Name>
<Val>3.51883373639445E-2</Val>
</DBL>
<DBL>
<Name></Name>
<Val>2.20485342442587E-3</Val>
</DBL>
<DBL>
<Name></Name>
<Val>0.10066472510572</Val>
</DBL>
<DBL>
<Name></Name>
<Val>8.69221084549079E-3</Val>
</DBL>
<DBL>
<Name></Name>
<Val>3.70122343709676E-2</Val>
</DBL>
<DBL>
<Name></Name>
<Val>9.07342366863474E-3</Val>
</DBL>
<DBL>
<Name></Name>
<Val>0.32948849717114</Val>
</DBL>
<DBL>
<Name></Name>
<Val>0.25043742521256</Val>
</DBL>
<DBL>
<Name></Name>
<Val>0.16979129221988</Val>
</DBL>
<DBL>
<Name></Name>
<Val>4.76315998965932E-2</Val>
</DBL>
<DBL>
<Name></Name>
<Val>3.53523303319825E-2</Val>
</DBL>
<DBL>
<Name></Name>
<Val>2.26969023604927E-3</Val>
</DBL>
<DBL>
<Name></Name>
<Val>0.10655657958294</Val>
</DBL>
<DBL>
<Name></Name>
<Val>9.22379740732369E-3</Val>
</DBL>
<DBL>
<Name></Name>
<Val>3.94343134687374E-2</Val>
</DBL>
<DBL>
<Name></Name>
<Val>9.81447447279095E-3</Val>
</DBL>
<DBL>
<Name></Name>
<Val>0.32308052084207</Val>
</DBL>
<DBL>
<Name></Name>
<Val>0.24736082623195</Val>
</DBL>
<DBL>
<Name></Name>
<Val>0.16953832463408</Val>
</DBL>
<DBL>
<Name></Name>
<Val>4.75743541946112E-2</Val>
</DBL>
<DBL>
<Name></Name>
<Val>3.54596729800201E-2</Val>
</DBL>
<DBL>
<Name></Name>
<Val>2.33266459374524E-3</Val>
</DBL>
<DBL>
<Name></Name>
<Val>0.11245743362420</Val>
</DBL>
<DBL>
<Name></Name>
<Val>9.75709816807803E-3</Val>
</DBL>
<DBL>
<Name></Name>
<Val>4.18704869643588E-2</Val>
</DBL>
<DBL>
<Name></Name>
<Val>1.05686177668885E-2</Val>
</DBL>
<DBL>
<Name></Name>
<Val>0.31692690694703</Val>
</DBL>
<DBL>
<Name></Name>
<Val>0.24428792775560</Val>
</DBL>
<DBL>
<Name></Name>
<Val>0.16910855772948</Val>
</DBL>
<DBL>
<Name></Name>
<Val>4.74661837633586E-2</Val>
</DBL>
<DBL>
<Name></Name>
<Val>3.55154694564705E-2</Val>
</DBL>
<DBL>
<Name></Name>
<Val>2.39387131126200E-3</Val>
</DBL>
<DBL>
<Name></Name>
<Val>0.11835924459189</Val>
</DBL>
<DBL>
<Name></Name>
<Val>1.02913097492254E-2</Val>
</DBL>
<DBL>
<Name></Name>
<Val>4.43165614522402E-2</Val>
</DBL>
<DBL>
<Name></Name>
<Val>1.13339672434513E-2</Val>
</DBL>
<DBL>
<Name></Name>
<Val>0.31100903354272</Val>
</DBL>
<DBL>
<Name></Name>
<Val>0.24122330669947</Val>
</DBL>
<DBL>
<Name></Name>
<Val>0.16851969399124</Val>
</DBL>
<DBL>
<Name></Name>
<Val>4.73121603975864E-2</Val>
</DBL>
<DBL>
<Name></Name>
<Val>3.55244689988640E-2</Val>
</DBL>
<DBL>
<Name></Name>
<Val>2.45340103930708E-3</Val>
</DBL>
<DBL>
<Name></Name>
<Val>0.12425476285054</Val>
</DBL>
<DBL>
<Name></Name>
<Val>1.08257045088152E-2</Val>
</DBL>
<DBL>
<Name></Name>
<Val>4.67687155675690E-2</Val>
</DBL>
<DBL>
<Name></Name>
<Val>1.21087524038834E-2</Val>
</DBL>
<DBL>
<Name></Name>
<Val>0.30530998314897</Val>
</DBL>
<DBL>
<Name></Name>
<Val>0.23817080798390</Val>
</DBL>
<DBL>
<Name></Name>
<Val>0.16778796994383</Val>
</DBL>
<DBL>
<Name></Name>
<Val>4.71169381592593E-2</Val>
</DBL>
<DBL>
<Name></Name>
<Val>3.54910758442348E-2</Val>
</DBL>
<DBL>
<Name></Name>
<Val>2.51133992153919E-3</Val>
</DBL>
<DBL>
<Name></Name>
<Val>0.13013746593576</Val>
</DBL>
<DBL>
<Name></Name>
<Val>1.13596247554943E-2</Val>
</DBL>
<DBL>
<Name></Name>
<Val>4.92234751004046E-2</Val>
</DBL>
<DBL>
<Name></Name>
<Val>1.28913192066105E-2</Val>
</DBL>
<DBL>
<Name></Name>
<Val>0.29981436596106</Val>
</DBL>
<DBL>
<Name></Name>
<Val>0.23513366968474</Val>
</DBL>
<DBL>
<Name></Name>
<Val>0.16692825853761</Val>
</DBL>
<DBL>
<Name></Name>
<Val>4.68847820690891E-2</Val>
</DBL>
<DBL>
<Name></Name>
<Val>3.54193627365436E-2</Val>
</DBL>
<DBL>
<Name></Name>
<Val>2.56776942193856E-3</Val>
</DBL>
<DBL>
<Name></Name>
<Val>0.13600149693232</Val>
</DBL>
<DBL>
<Name></Name>
<Val>1.18924772336327E-2</Val>
</DBL>
<DBL>
<Name></Name>
<Val>5.16776885278967E-2</Val>
</DBL>
<DBL>
<Name></Name>
<Val>1.36801288951710E-2</Val>
</DBL>
<DBL>
<Name></Name>
<Val>0.29450816459694</Val>
</DBL>
<DBL>
<Name></Name>
<Val>0.23211462427183</Val>
</DBL>
<DBL>
<Name></Name>
<Val>0.16595416828049</Val>
</DBL>
<DBL>
<Name></Name>
<Val>4.66195960153090E-2</Val>
</DBL>
<DBL>
<Name></Name>
<Val>3.53130867905843E-2</Val>
</DBL>
<DBL>
<Name></Name>
<Val>2.62276628045366E-3</Val>
</DBL>
<DBL>
<Name></Name>
<Val>0.14184160712862</Val>
</DBL>
<DBL>
<Name></Name>
<Val>1.24237279118958E-2</Val>
</DBL>
<DBL>
<Name></Name>
<Val>5.41285033013587E-2</Val>
</DBL>
<DBL>
<Name></Name>
<Val>1.44737554225212E-2</Val>
</DBL>
<DBL>
<Name></Name>
<Val>0.28937859719423</Val>
</DBL>
<DBL>
<Name></Name>
<Val>0.22911598080538</Val>
</DBL>
<DBL>
<Name></Name>
<Val>0.16487813816628</Val>
</DBL>
<DBL>
<Name></Name>
<Val>4.63249495751456E-2</Val>
</DBL>
<DBL>
<Name></Name>
<Val>3.51757067685604E-2</Val>
</DBL>
<DBL>
<Name></Name>
<Val>2.67640256305820E-3</Val>
</DBL>
<DBL>
<Name></Name>
<Val>0.14765310289657</Val>
</DBL>
<DBL>
<Name></Name>
<Val>1.29528970918713E-2</Val>
</DBL>
<DBL>
<Name></Name>
<Val>5.65733431178293E-2</Val>
</DBL>
<DBL>
<Name></Name>
<Val>1.52708818210752E-2</Val>
</DBL>
<DBL>
<Name></Name>
<Val>0.28441399622945</Val>
</DBL>
<DBL>
<Name></Name>
<Val>0.22613969193874</Val>
</DBL>
<DBL>
<Name></Name>
<Val>0.16371152780097</Val>
</DBL>
<DBL>
<Name></Name>
<Val>4.60041035516264E-2</Val>
</DBL>
<DBL>
<Name></Name>
<Val>3.50104010592712E-2</Val>
</DBL>
<DBL>
<Name></Name>
<Val>2.72874577976010E-3</Val>
</DBL>
<DBL>
<Name></Name>
<Val>0.15343179666590</Val>
</DBL>
<DBL>
<Name></Name>
<Val>1.34795548418851E-2</Val>
</DBL>
<DBL>
<Name></Name>
<Val>5.90098863237785E-2</Val>
</DBL>
<DBL>
<Name></Name>
<Val>1.60702958086145E-2</Val>
</DBL>
<DBL>
<Name></Name>
<Val>0.27960370088092</Val>
</DBL>
<DBL>
<Name></Name>
<Val>0.22318740877091</Val>
</DBL>
<DBL>
<Name></Name>
<Val>0.16246470238939</Val>
</DBL>
<DBL>
<Name></Name>
<Val>4.56600341087327E-2</Val>
</DBL>
<DBL>
<Name></Name>
<Val>3.48200858329805E-2</Val>
</DBL>
<DBL>
<Name></Name>
<Val>2.77985905002160E-3</Val>
</DBL>
<DBL>
<Name></Name>
<Val>0.15917396180943</Val>
</DBL>
<DBL>
<Name></Name>
<Val>1.40033167529279E-2</Val>
</DBL>
<DBL>
<Name></Name>
<Val>6.14360455364937E-2</Val>
</DBL>
<DBL>
<Name></Name>
<Val>1.68708848681892E-2</Val>
</DBL>
<DBL>
<Name></Name>
<Val>0.27493796111926</Val>
</DBL>
<DBL>
<Name></Name>
<Val>0.22026052595826</Val>
</DBL>
<DBL>
<Name></Name>
<Val>0.16114711243796</Val>
</DBL>
<DBL>
<Name></Name>
<Val>4.52954554476072E-2</Val>
</DBL>
<DBL>
<Name></Name>
<Val>3.46074329877431E-2</Val>
</DBL>
<DBL>
<Name></Name>
<Val>2.82980129975474E-3</Val>
</DBL>
<DBL>
<Name></Name>
<Val>0.16487629122420</Val>
</DBL>
<DBL>
<Name></Name>
<Val>1.45238400078933E-2</Val>
</DBL>
<DBL>
<Name></Name>
<Val>6.38499485221625E-2</Val>
</DBL>
<DBL>
<Name></Name>
<Val>1.76716309951711E-2</Val>
</DBL>
<DBL>
<Name></Name>
<Val>0.27040785200373</Val>
</DBL>
<DBL>
<Name></Name>
<Val>0.21736021899514</Val>
</DBL>
<DBL>
<Name></Name>
<Val>0.15976736817001</Val>
</DBL>
<DBL>
<Name></Name>
<Val>4.49128410103157E-2</Val>
</DBL>
<DBL>
<Name></Name>
<Val>3.43748876134999E-2</Val>
</DBL>
<DBL>
<Name></Name>
<Val>2.87862747778447E-3</Val>
</DBL>
<DBL>
<Name></Name>
<Val>0.17053585937649</Val>
</DBL>
<DBL>
<Name></Name>
<Val>1.50408197514795E-2</Val>
</DBL>
<DBL>
<Name></Name>
<Val>6.62499203353511E-2</Val>
</DBL>
<DBL>
<Name></Name>
<Val>1.84716052661967E-2</Val>
</DBL>
<DBL>
<Name></Name>
<Val>0.26600519690185</Val>
</DBL>
<DBL>
<Name></Name>
<Val>0.21448747517961</Val>
</DBL>
<DBL>
<Name></Name>
<Val>0.15833330875080</Val>
</DBL>
<DBL>
<Name></Name>
<Val>4.45144432292566E-2</Val>
</DBL>
<DBL>
<Name></Name>
<Val>3.41246847853335E-2</Val>
</DBL>
<DBL>
<Name></Name>
<Val>2.92638878261236E-3</Val>
</DBL>
<DBL>
<Name></Name>
<Val>0.17615008757290</Val>
</DBL>
<DBL>
<Name></Name>
<Val>1.55539857456684E-2</Val>
</DBL>
<DBL>
<Name></Name>
<Val>6.86344666997304E-2</Val>
</DBL>
<DBL>
<Name></Name>
<Val>1.92699623522379E-2</Val>
</DBL>
<DBL>
<Name></Name>
<Val>0.26172249854536</Val>
</DBL>
<DBL>
<Name></Name>
<Val>0.21164311946908</Val>
</DBL>
<DBL>
<Name></Name>
<Val>0.15685206648992</Val>
</DBL>
<DBL>
<Name></Name>
<Val>4.41023118625829E-2</Val>
</DBL>
<DBL>
<Name></Name>
<Val>3.38588655622817E-2</Val>
</DBL>
<DBL>
<Name></Name>
<Val>2.97313289262473E-3</Val>
</DBL>
<DBL>
<Name></Name>
<Val>0.18171671222067</Val>
</DBL>
<DBL>
<Name></Name>
<Val>1.60630992942969E-2</Val>
</DBL>
<DBL>
<Name></Name>
<Val>7.10022585923777E-2</Val>
</DBL>
<DBL>
<Name></Name>
<Val>2.00659350708126E-2</Val>
</DBL>
<DBL>
<Name></Name>
<Val>0.25755287699625</Val>
</DBL>
<DBL>
<Name></Name>
<Val>0.20882783618604</Val>
</DBL>
<DBL>
<Name></Name>
<Val>0.15533012623563</Val>
</DBL>
<DBL>
<Name></Name>
<Val>4.36783109711847E-2</Val>
</DBL>
<DBL>
<Name></Name>
<Val>3.35792921173489E-2</Val>
</DBL>
<DBL>
<Name></Name>
<Val>3.01890419469686E-3</Val>
</DBL>
<DBL>
<Name></Name>
<Val>0.18723375584744</Val>
</DBL>
<DBL>
<Name></Name>
<Val>1.65679504195998E-2</Val>
</DBL>
<DBL>
<Name></Name>
<Val>7.33521179820634E-2</Val>
</DBL>
<DBL>
<Name></Name>
<Val>2.08588290497425E-2</Val>
</DBL>
<DBL>
<Name></Name>
<Val>0.25349001372931</Val>
</DBL>
<DBL>
<Name></Name>
<Val>0.20604218733960</Val>
</DBL>
<DBL>
<Name></Name>
<Val>0.15377338020556</Val>
</DBL>
<DBL>
<Name></Name>
<Val>4.32441346026045E-2</Val>
</DBL>
<DBL>
<Name></Name>
<Val>3.32876619612670E-2</Val>
</DBL>
<DBL>
<Name></Name>
<Val>3.06374400755198E-3</Val>
</DBL>
<DBL>
<Name></Name>
<Val>0.19269950066004</Val>
</DBL>
<DBL>
<Name></Name>
<Val>1.70683552735145E-2</Val>
</DBL>
<DBL>
<Name></Name>
<Val>7.56830046642925E-2</Val>
</DBL>
<DBL>
<Name></Name>
<Val>2.16480175562632E-2</Val>
</DBL>
<DBL>
<Name></Name>
<Val>0.24952810114724</Val>
</DBL>
<DBL>
<Name></Name>
<Val>0.20328662817542</Val>
</DBL>
<DBL>
<Name></Name>
<Val>0.15218717851468</Val>
</DBL>
<DBL>
<Name></Name>
<Val>4.28013212530579E-2</Val>
</DBL>
<DBL>
<Name></Name>
<Val>3.29855212498751E-2</Val>
</DBL>
<DBL>
<Name></Name>
<Val>3.10769079732363E-3</Val>
</DBL>
<DBL>
<Name></Name>
<Val>0.19811246443399</Val>
</DBL>
<DBL>
<Name></Name>
<Val>1.75641537668381E-2</Val>
</DBL>
<DBL>
<Name></Name>
<Val>7.79940041314471E-2</Val>
</DBL>
<DBL>
<Name></Name>
<Val>2.24329365301217E-2</Val>
</DBL>
<DBL>
<Name></Name>
<Val>0.24566179693624</Val>
</DBL>
<DBL>
<Name></Name>
<Val>0.20056152044541</Val>
</DBL>
<DBL>
<Name></Name>
<Val>0.15057637566858</Val>
</DBL>
<DBL>
<Name></Name>
<Val>4.23512671815524E-2</Val>
</DBL>
<DBL>
<Name></Name>
<Val>3.26742771848519E-2</Val>
</DBL>
<DBL>
<Name></Name>
<Val>3.15078038360812E-3</Val>
</DBL>
<DBL>
<Name></Name>
<Val>0.20347137853846</Val>
</DBL>
<DBL>
<Name></Name>
<Val>1.80552073998908E-2</Val>
</DBL>
<DBL>
<Name></Name>
<Val>8.02843164143523E-2</Val>
</DBL>
<DBL>
<Name></Name>
<Val>2.32130798470412E-2</Val>
</DBL>
<DBL>
<Name></Name>
<Val>0.24188618274672</Val>
</DBL>
<DBL>
<Name></Name>
<Val>0.19786714379181</Val>
</DBL>
<DBL>
<Name></Name>
<Val>0.14894537328994</Val>
</DBL>
<DBL>
<Name></Name>
<Val>4.18952386507165E-2</Val>
</DBL>
<DBL>
<Name></Name>
<Val>3.23552095316697E-2</Val>
</DBL>
<DBL>
<Name></Name>
<Val>3.19304613493401E-3</Val>
</DBL>
<DBL>
<Name></Name>
<Val>0.20877516791467</Val>
</DBL>
<DBL>
<Name></Name>
<Val>1.85413972790747E-2</Val>
</DBL>
<DBL>
<Name></Name>
<Val>8.25532458313339E-2</Val>
</DBL>
<DBL>
<Name></Name>
<Val>2.39879948291282E-2</Val>
</DBL>
<DBL>
<Name></Name>
<Val>0.23819672674850</Val>
</DBL>
<DBL>
<Name></Name>
<Val>0.19520370556445</Val>
</DBL>
<DBL>
<Name></Name>
<Val>0.14729815934106</Val>
</DBL>
<DBL>
<Name></Name>
<Val>4.14343831679943E-2</Val>
</DBL>
<DBL>
<Name></Name>
<Val>3.20294812883601E-2</Val>
</DBL>
<DBL>
<Name></Name>
<Val>3.23451915306016E-3</Val>
</DBL>
<DBL>
<Name></Name>
<Val>0.21402293283911</Val>
</DBL>
<DBL>
<Name></Name>
<Val>1.90226223045596E-2</Val>
</DBL>
<DBL>
<Name></Name>
<Val>8.48001915818509E-2</Val>
</DBL>
<DBL>
<Name></Name>
<Val>2.47572780110475E-2</Val>
</DBL>
<DBL>
<Name></Name>
<Val>0.23458924966476</Val>
</DBL>
<DBL>
<Name></Name>
<Val>0.19257134932875</Val>
</DBL>
<DBL>
<Name></Name>
<Val>0.14563834409683</Val>
</DBL>
<DBL>
<Name></Name>
<Val>4.09697397987903E-2</Val>
</DBL>
<DBL>
<Name></Name>
<Val>3.16981485450592E-2</Val>
</DBL>
<DBL>
<Name></Name>
<Val>3.27522844587578E-3</Val>
</DBL>
<DBL>
<Name></Name>
<Val>0.21921393231626</Val>
</DBL>
<DBL>
<Name></Name>
<Val>1.94987975152264E-2</Val>
</DBL>
<DBL>
<Name></Name>
<Val>8.70246391236984E-2</Val>
</DBL>
<DBL>
<Name></Name>
<Val>2.55205711647380E-2</Val>
</DBL>
<DBL>
<Name></Name>
<Val>0.23105989393567</Val>
</DBL>
<DBL>
<Name></Name>
<Val>0.18997016227399</Val>
</DBL>
<DBL>
<Name></Name>
<Val>0.14396919311127</Val>
</DBL>
<DBL>
<Name></Name>
<Val>4.05022486203134E-2</Val>
</DBL>
<DBL>
<Name></Name>
<Val>3.13621695781350E-2</Val>
</DBL>
<DBL>
<Name></Name>
<Val>3.31520108894356E-3</Val>
</DBL>
<DBL>
<Name></Name>
<Val>0.22434756895768</Val>
</DBL>
<DBL>
<Name></Name>
<Val>1.99698525779118E-2</Val>
</DBL>
<DBL>
<Name></Name>
<Val>8.92261522752963E-2</Val>
</DBL>
<DBL>
<Name></Name>
<Val>2.62775575807910E-2</Val>
</DBL>
<DBL>
<Name></Name>
<Val>0.22760509570286</Val>
</DBL>
<DBL>
<Name></Name>
<Val>0.18740018169242</Val>
</DBL>
<DBL>
<Name></Name>
<Val>0.14229365740871</Val>
</DBL>
<DBL>
<Name></Name>
<Val>4.00327593815517E-2</Val>
</DBL>
<DBL>
<Name></Name>
<Val>3.10224132246481E-2</Val>
</DBL>
<DBL>
<Name></Name>
<Val>3.35446237591965E-3</Val>
</DBL>
<DBL>
<Name></Name>
<Val>0.22942337521639</Val>
</DBL>
<DBL>
<Name></Name>
<Val>2.04357304089156E-2</Val>
</DBL>
<DBL>
<Name></Name>
<Val>9.14043659874822E-2</Val>
</DBL>
<DBL>
<Name></Name>
<Val>2.70279586011105E-2</Val>
</DBL>
<DBL>
<Name></Name>
<Val>0.22422155934023</Val>
</DBL>
<DBL>
<Name></Name>
<Val>0.18486140066936</Val>
</DBL>
<DBL>
<Name></Name>
<Val>0.14061440111731</Val>
</DBL>
<DBL>
<Name></Name>
<Val>3.95620394311928E-2</Val>
</DBL>
<DBL>
<Name></Name>
<Val>3.06796665834362E-2</Val>
</DBL>
<DBL>
<Name></Name>
<Val>3.39303595822030E-3</Val>
</DBL>
<DBL>
<Name></Name>
<Val>0.23444100085638</Val>
</DBL>
<DBL>
<Name></Name>
<Val>2.08963859166145E-2</Val>
</DBL>
<DBL>
<Name></Name>
<Val>9.35589797323640E-2</Val>
</DBL>
<DBL>
<Name></Name>
<Val>2.77715303948945E-2</Val>
</DBL>
<DBL>
<Name></Name>
<Val>0.22090623428670</Val>
</DBL>
<DBL>
<Name></Name>
<Val>0.18235377309908</Val>
</DBL>
<DBL>
<Name></Name>
<Val>0.13893382674889</Val>
</DBL>
<DBL>
<Name></Name>
<Val>3.90907809715598E-2</Val>
</DBL>
<DBL>
<Name></Name>
<Val>3.03346420886440E-2</Val>
</DBL>
<DBL>
<Name></Name>
<Val>3.43094397439686E-3</Val>
</DBL>
<DBL>
<Name></Name>
<Val>0.23940020154767</Val>
</DBL>
<DBL>
<Name></Name>
<Val>2.13517848548831E-2</Val>
</DBL>
<DBL>
<Name></Name>
<Val>9.56897514600115E-2</Val>
</DBL>
<DBL>
<Name></Name>
<Val>2.85080609681558E-2</Val>
</DBL>
<DBL>
<Name></Name>
<Val>0.21765629396238</Val>
</DBL>
<DBL>
<Name></Name>
<Val>0.17987721812194</Val>
</DBL>
<DBL>
<Name></Name>
<Val>0.13725409831569</Val>
</DBL>
<DBL>
<Name></Name>
<Val>3.86196076928505E-2</Val>
</DBL>
<DBL>
<Name></Name>
<Val>2.99879840003234E-2</Val>
</DBL>
<DBL>
<Name></Name>
<Val>3.46820716973915E-3</Val>
</DBL>
<DBL>
<Name></Name>
<Val>0.24430082848646</Val>
</DBL>
<DBL>
<Name></Name>
<Val>2.18019027778323E-2</Val>
</DBL>
<DBL>
<Name></Name>
<Val>9.77964920770160E-2</Val>
</DBL>
<DBL>
<Name></Name>
<Val>2.92373673957667E-2</Val>
</DBL>
<DBL>
<Name></Name>
<Val>0.21446911657237</Val>
</DBL>
<DBL>
<Name></Name>
<Val>0.17743162406169</Val>
</DBL>
<DBL>
<Name></Name>
<Val>0.13557716246128</Val>
</DBL>
<DBL>
<Name></Name>
<Val>3.81490808382378E-2</Val>
</DBL>
<DBL>
<Name></Name>
<Val>2.96402743550373E-2</Val>
</DBL>
<DBL>
<Name></Name>
<Val>3.50484500665994E-3</Val>
</DBL>
<DBL>
<Name></Name>
<Val>0.24914281894920</Val>
</DBL>
<DBL>
<Name></Name>
<Val>2.22467240871381E-2</Val>
</DBL>
<DBL>
<Name></Name>
<Val>9.98790604041344E-2</Val>
</DBL>
<DBL>
<Name></Name>
<Val>2.99592932642599E-2</Val>
</DBL>
<DBL>
<Name></Name>
<Val>0.21134226762263</Val>
</DBL>
<DBL>
<Name></Name>
<Val>0.17501685192920</Val>
</DBL>
<DBL>
<Name></Name>
<Val>0.13390476776991</Val>
</DBL>
<DBL>
<Name></Name>
<Val>3.76797047467700E-2</Val>
</DBL>
<DBL>
<Name></Name>
<Val>2.92920384173850E-2</Val>
</DBL>
<DBL>
<Name></Name>
<Val>3.54087576642741E-3</Val>
</DBL>
<DBL>
<Name></Name>
<Val>0.25392618769717</Val>
</DBL>
<DBL>
<Name></Name>
<Val>2.26862411639514E-2</Val>
</DBL>
<DBL>
<Name></Name>
<Val>0.10193735857333</Val>
</DBL>
<DBL>
<Name></Name>
<Val>3.06737063132311E-2</Val>
</DBL>
<DBL>
<Name></Name>
<Val>0.20827348398972</Val>
</DBL>
<DBL>
<Name></Name>
<Val>0.17263273854816</Val>
</DBL>
<DBL>
<Name></Name>
<Val>0.13223848240640</Val>
</DBL>
<DBL>
<Name></Name>
<Val>3.72119319175262E-2</Val>
</DBL>
<DBL>
<Name></Name>
<Val>2.89437496711515E-2</Val>
</DBL>
<DBL>
<Name></Name>
<Val>3.57631664281203E-3</Val>
</DBL>
<DBL>
<Name></Name>
<Val>0.25865101915564</Val>
</DBL>
<DBL>
<Name></Name>
<Val>2.31204535780402E-2</Val>
</DBL>
<DBL>
<Name></Name>
<Val>0.10397132782746</Val>
</DBL>
<DBL>
<Name></Name>
<Val>3.13804962630904E-2</Val>
</DBL>
<DBL>
<Name></Name>
<Val>0.20526065940188</Val>
</DBL>
<DBL>
<Name></Name>
<Val>0.17027909934966</Val>
</DBL>
<DBL>
<Name></Name>
<Val>0.13057971022693</Val>
</DBL>
<DBL>
<Name></Name>
<Val>3.67461676351768E-2</Val>
</DBL>
<DBL>
<Name></Name>
<Val>2.85958343864744E-2</Val>
</DBL>
<DBL>
<Name></Name>
<Val>3.61118382820412E-3</Val>
</DBL>
<DBL>
<Name></Name>
<Val>0.26331746029844</Val>
</DBL>
<DBL>
<Name></Name>
<Val>2.35493673674395E-2</Val>
</DBL>
<DBL>
<Name></Name>
<Val>0.10598094468876</Val>
</DBL>
<DBL>
<Name></Name>
<Val>3.20795728170283E-2</Val>
</DBL>
<DBL>
<Name></Name>
<Val>0.20230183120297</Val>
</DBL>
<DBL>
<Name></Name>
<Val>0.16795573087553</Val>
</DBL>
<DBL>
<Name></Name>
<Val>0.12892970549000</Val>
</DBL>
<DBL>
<Name></Name>
<Val>3.62827741939690E-2</Val>
</DBL>
<DBL>
<Name></Name>
<Val>2.82486757970789E-2</Val>
</DBL>
<DBL>
<Name></Name>
<Val>3.64549259274072E-3</Val>
</DBL>
<DBL>
<Name></Name>
<Val>0.26792571417513</Val>
</DBL>
<DBL>
<Name></Name>
<Val>2.39729943824484E-2</Val>
</DBL>
<DBL>
<Name></Name>
<Val>0.10796621746479</Val>
</DBL>
<DBL>
<Name></Name>
<Val>3.27708638253421E-2</Val>
</DBL>
<DBL>
<Name></Name>
<Val>0.19939516828284</Val>
</DBL>
<DBL>
<Name></Name>
<Val>0.16566241302461</Val>
</DBL>
<DBL>
<Name></Name>
<Val>0.12728958628667</Val>
</DBL>
<DBL>
<Name></Name>
<Val>3.58220747542213E-2</Val>
</DBL>
<DBL>
<Name></Name>
<Val>2.79026179193168E-2</Val>
</DBL>
<DBL>
<Name></Name>
<Val>3.67925735695800E-3</Val>
</DBL>
<DBL>
<Name></Name>
<Val>0.27247603402323</Val>
</DBL>
<DBL>
<Name></Name>
<Val>2.43913516883457E-2</Val>
</DBL>
<DBL>
<Name></Name>
<Val>0.10992718306313</Val>
</DBL>
<DBL>
<Name></Name>
<Val>3.34543136006675E-2</Val>
</DBL>
<DBL>
<Name></Name>
<Val>0.19653896006906</Val>
</DBL>
<DBL>
<Name></Name>
<Val>0.16339891107119</Val>
</DBL>
<DBL>
<Name></Name>
<Val>0.12566034679945</Val>
</DBL>
<DBL>
<Name></Name>
<Val>3.53643568626659E-2</Val>
</DBL>
<DBL>
<Name></Name>
<Val>2.75579690424864E-2</Val>
</DBL>
<DBL>
<Name></Name>
<Val>3.71249175845974E-3</Val>
</DBL>
<DBL>
<Name></Name>
<Val>0.27696871791348</Val>
</DBL>
<DBL>
<Name></Name>
<Val>2.48044610216755E-2</Val>
</DBL>
<DBL>
<Name></Name>
<Val>0.11186390408839</Val>
</DBL>
<DBL>
<Name></Name>
<Val>3.41298813731418E-2</Val>
</DBL>
<DBL>
<Name></Name>
<Val>0.19373160648448</Val>
</DBL>
<DBL>
<Name></Name>
<Val>0.16116497748081</Val>
</DBL>
<DBL>
<Name></Name>
<Val>0.12404286849021</Val>
</DBL>
<DBL>
<Name></Name>
<Val>3.49098756654214E-2</Val>
</DBL>
<DBL>
<Name></Name>
<Val>2.72150049177428E-2</Val>
</DBL>
<DBL>
<Name></Name>
<Val>3.74520871306535E-3</Val>
</DBL>
<DBL>
<Name></Name>
<Val>0.28140410388059</Val>
</DBL>
<DBL>
<Name></Name>
<Val>2.52123482954000E-2</Val>
</DBL>
<DBL>
<Name></Name>
<Val>0.11377646619723</Val>
</DBL>
<DBL>
<Name></Name>
<Val>3.47975398750577E-2</Val>
</DBL>
<DBL>
<Name></Name>
<Val>0.19097160878431</Val>
</DBL>
<DBL>
<Name></Name>
<Val>0.15896035354558</Val>
</DBL>
<DBL>
<Name></Name>
<Val>0.12243793030934</Val>
</DBL>
<DBL>
<Name></Name>
<Val>3.44588568400044E-2</Val>
</DBL>
<DBL>
<Name></Name>
<Val>2.68739716708354E-2</Val>
</DBL>
<DBL>
<Name></Name>
<Val>3.77742047087219E-3</Val>
</DBL>
<DBL>
<Name></Name>
<Val>0.28578256549613</Val>
</DBL>
<DBL>
<Name></Name>
<Val>2.56150431486267E-2</Val>
</DBL>
<DBL>
<Name></Name>
<Val>0.11566497568917</Val>
</DBL>
<DBL>
<Name></Name>
<Val>3.54572740451355E-2</Val>
</DBL>
<DBL>
<Name></Name>
<Val>0.18825756119419</Val>
</DBL>
<DBL>
<Name></Name>
<Val>0.15678477085792</Val>
</DBL>
<DBL>
<Name></Name>
<Val>0.12084621801047</Val>
</DBL>
<DBL>
<Name></Name>
<Val>3.40114992705904E-2</Val>
</DBL>
<DBL>
<Name></Name>
<Val>2.65350884619551E-2</Val>
</DBL>
<DBL>
<Name></Name>
<Val>3.80913866763916E-3</Val>
</DBL>
<DBL>
<Name></Name>
<Val>0.29010450784434</Val>
</DBL>
<DBL>
<Name></Name>
<Val>2.60125785369873E-2</Val>
</DBL>
<DBL>
<Name></Name>
<Val>0.11752955731278</Val>
</DBL>
<DBL>
<Name></Name>
<Val>3.61090798431227E-2</Val>
</DBL>
<DBL>
<Name></Name>
<Val>0.18558814327795</Val>
</DBL>
<DBL>
<Name></Name>
<Val>0.15463795263973</Val>
</DBL>
<DBL>
<Name></Name>
<Val>0.11926833264813</Val>
</DBL>
<DBL>
<Name></Name>
<Val>3.35679774887073E-2</Val>
</DBL>
<DBL>
<Name></Name>
<Val>2.61985499141325E-2</Val>
</DBL>
<DBL>
<Name></Name>
<Val>3.84037437187035E-3</Val>
</DBL>
<DBL>
<Name></Name>
<Val>0.29437036386484</Val>
</DBL>
<DBL>
<Name></Name>
<Val>2.64049903600886E-2</Val>
</DBL>
<DBL>
<Name></Name>
<Val>0.11937035226852</Val>
</DBL>
<DBL>
<Name></Name>
<Val>3.67529631660126E-2</Val>
</DBL>
<DBL>
<Name></Name>
<Val>0.18296211297027</Val>
</DBL>
<DBL>
<Name></Name>
<Val>0.15251961494152</Val>
</DBL>
<DBL>
<Name></Name>
<Val>0.11770479832926</Val>
</DBL>
<DBL>
<Name></Name>
<Val>3.31284438996700E-2</Val>
</DBL>
<DBL>
<Name></Name>
<Val>2.58645283299060E-2</Val>
</DBL>
<DBL>
<Name></Name>
<Val>3.87113812795061E-3</Val>
</DBL>
<DBL>
<Name></Name>
<Val>0.29858059102970</Val>
</DBL>
<DBL>
<Name></Name>
<Val>2.67923171227716E-2</Val>
</DBL>
<DBL>
<Name></Name>
<Val>0.12118751639120</Val>
</DBL>
<DBL>
<Name></Name>
<Val>3.73889388577518E-2</Val>
</DBL>
<DBL>
<Name></Name>
<Val>0.18037830021543</Val>
</DBL>
<DBL>
<Name></Name>
<Val>0.15042946772471</Val>
</DBL>
<DBL>
<Name></Name>
<Val>0.11615606928306</Val>
</DBL>
<DBL>
<Name></Name>
<Val>3.26930308133426E-2</Val>
</DBL>
<DBL>
<Name></Name>
<Val>2.55331757143753E-2</Val>
</DBL>
<DBL>
<Name></Name>
<Val>3.90143999565918E-3</Val>
</DBL>
<DBL>
<Name></Name>
<Val>0.30273566832504</Val>
</DBL>
<DBL>
<Name></Name>
<Val>2.71745996271949E-2</Val>
</DBL>
<DBL>
<Name></Name>
<Val>0.12298121849633</Val>
</DBL>
<DBL>
<Name></Name>
<Val>3.80170298048636E-2</Val>
</DBL>
<DBL>
<Name></Name>
<Val>0.17783560115845</Val>
</DBL>
<DBL>
<Name></Name>
<Val>0.14836721583861</Val>
</DBL>
<DBL>
<Name></Name>
<Val>0.11462253630881</Val>
</DBL>
<DBL>
<Name></Name>
<Val>3.22618522962309E-2</Val>
</DBL>
<DBL>
<Name></Name>
<Val>2.52046256212658E-2</Val>
</DBL>
<DBL>
<Name></Name>
<Val>3.93128958636247E-3</Val>
</DBL>
<DBL>
<Name></Name>
<Val>0.30683609351018</Val>
</DBL>
<DBL>
<Name></Name>
<Val>2.75518806930247E-2</Val>
</DBL>
<DBL>
<Name></Name>
<Val>0.12475163887611</Val>
</DBL>
<DBL>
<Name></Name>
<Val>3.86372661109578E-2</Val>
</DBL>
<DBL>
<Name></Name>
<Val>0.17533297283993</Val>
</DBL>
<DBL>
<Name></Name>
<Val>0.14633255990231</Val>
</DBL>
<DBL>
<Name></Name>
<Val>0.11310453265544</Val>
</DBL>
<DBL>
<Name></Name>
<Val>3.18350058604516E-2</Val>
</DBL>
<DBL>
<Name></Name>
<Val>2.48789948372455E-2</Val>
</DBL>
<DBL>
<Name></Name>
<Val>3.96069609616420E-3</Val>
</DBL>
<DBL>
<Name></Name>
<Val>0.31088238062963</Val>
</DBL>
<DBL>
<Name></Name>
<Val>2.79242049032503E-2</Val>
</DBL>
<DBL>
<Name></Name>
<Val>0.12649896793196</Val>
</DBL>
<DBL>
<Name></Name>
<Val>3.92496843436101E-2</Val>
</DBL>
<DBL>
<Name></Name>
<Val>0.17286942835018</Val>
</DBL>
<DBL>
<Name></Name>
<Val>0.14432519710067</Val>
</DBL>
<DBL>
<Name></Name>
<Val>0.11160233938272</Val>
</DBL>
<DBL>
<Name></Name>
<Val>3.14125740037906E-2</Val>
</DBL>
<DBL>
<Name></Name>
<Val>2.45563849184651E-2</Val>
</DBL>
<DBL>
<Name></Name>
<Val>3.98966833626889E-3</Val>
</DBL>
<DBL>
<Name></Name>
<Val>0.31487505775532</Val>
</DBL>
<DBL>
<Name></Name>
<Val>2.82916183733613E-2</Val>
</DBL>
<DBL>
<Name></Name>
<Val>0.12822340493163</Val>
</DBL>
<DBL>
<Name></Name>
<Val>3.98543268475884E-2</Val>
</DBL>
<DBL>
<Name></Name>
<Val>0.17044403240215</Val>
</DBL>
<DBL>
<Name></Name>
<Val>0.14234482190272</Val>
</DBL>
<DBL>
<Name></Name>
<Val>0.11011619024899</Val>
</DBL>
<DBL>
<Name></Name>
<Val>3.09946256138382E-2</Val>
</DBL>
<DBL>
<Name></Name>
<Val>2.42368835921106E-2</Val>
</DBL>
<DBL>
<Name></Name>
<Val>4.01821476079431E-3</Val>
</DBL>
<DBL>
<Name></Name>
<Val>0.31881466493883</Val>
</DBL>
<DBL>
<Name></Name>
<Val>2.86541685418217E-2</Val>
</DBL>
<DBL>
<Name></Name>
<Val>0.12992515687989</Val>
</DBL>
<DBL>
<Name></Name>
<Val>4.04512411188619E-2</Val>
</DBL>
<DBL>
<Name></Name>
<Val>0.16805589728639</Val>
</DBL>
<DBL>
<Name></Name>
<Val>0.14039112670960</Val>
</DBL>
<DBL>
<Name></Name>
<Val>0.10864627616699</Val>
</DBL>
<DBL>
<Name></Name>
<Val>3.05812172480667E-2</Val>
</DBL>
<DBL>
<Name></Name>
<Val>2.39205660346744E-2</Val>
</DBL>
<DBL>
<Name></Name>
<Val>4.04634349224956E-3</Val>
</DBL>
<DBL>
<Name></Name>
<Val>0.32270175235479</Val>
</DBL>
<DBL>
<Name></Name>
<Val>2.90119039799584E-2</Val>
</DBL>
<DBL>
<Name></Name>
<Val>0.13160443749301</Val>
</DBL>
<DBL>
<Name></Name>
<Val>4.10404792342657E-2</Val>
</DBL>
<DBL>
<Name></Name>
<Val>0.16570417917453</Val>
</DBL>
<DBL>
<Name></Name>
<Val>0.13846380243893</Val>
</DBL>
<DBL>
<Name></Name>
<Val>0.10719274926552</Val>
</DBL>
<DBL>
<Name></Name>
<Val>3.01723943006915E-2</Val>
</DBL>
<DBL>
<Name></Name>
<Val>2.36074960376575E-2</Val>
</DBL>
<DBL>
<Name></Name>
<Val>4.07406234487741E-3</Val>
</DBL>
<DBL>
<Name></Name>
<Val>0.32653687861845</Val>
</DBL>
<DBL>
<Name></Name>
<Val>2.93648742195454E-2</Val>
</DBL>
<DBL>
<Name></Name>
<Val>0.13326146626769</Val>
</DBL>
<DBL>
<Name></Name>
<Val>4.16220973320989E-2</Val>
</DBL>
<DBL>
<Name></Name>
<Val>0.16338807474057</Val>
</DBL>
<DBL>
<Name></Name>
<Val>0.13656253905127</Val>
</DBL>
<DBL>
<Name></Name>
<Val>0.10575572659124</Val>
</DBL>
<DBL>
<Name></Name>
<Val>2.97681920662145E-2</Val>
</DBL>
<DBL>
<Name></Name>
<Val>2.32977270704941E-2</Val>
</DBL>
<DBL>
<Name></Name>
<Val>4.10137884604327E-3</Val>
</DBL>
<DBL>
<Name></Name>
<Val>0.33032060926206</Val>
</DBL>
<DBL>
<Name></Name>
<Val>2.97131295965180E-2</Val>
</DBL>
<DBL>
<Name></Name>
<Val>0.13489646763628</Val>
</DBL>
<DBL>
<Name></Name>
<Val>4.21961551393157E-2</Val>
</DBL>
<DBL>
<Name></Name>
<Val>0.16110681807216</Val>
</DBL>
<DBL>
<Name></Name>
<Val>0.13468702602431</Val>
</DBL>
<DBL>
<Name></Name>
<Val>0.10433529348230</Val>
</DBL>
<DBL>
<Name></Name>
<Val>2.93686367086911E-2</Val>
</DBL>
<DBL>
<Name></Name>
<Val>2.29913032496539E-2</Val>
</DBL>
<DBL>
<Name></Name>
<Val>4.12830025583814E-3</Val>
</DBL>
<DBL>
<Name></Name>
<Val>0.33405351535576</Val>
</DBL>
<DBL>
<Name></Name>
<Val>3.00567211093867E-2</Val>
</DBL>
<DBL>
<Name></Name>
<Val>0.13650967020058</Val>
</DBL>
<DBL>
<Name></Name>
<Val>4.27627155413182E-2</Val>
</DBL>
<DBL>
<Name></Name>
<Val>0.15885967784655</Val>
</DBL>
<DBL>
<Name></Name>
<Val>0.13283695277944</Val>
</DBL>
<DBL>
<Name></Name>
<Val>0.10293150664248</Val>
</DBL>
<DBL>
<Name></Name>
<Val>2.89737461449748E-2</Val>
</DBL>
<DBL>
<Name></Name>
<Val>2.26882602221036E-2</Val>
</DBL>
<DBL>
<Name></Name>
<Val>4.15483358504833E-3</Val>
</DBL>
<DBL>
<Name></Name>
<Val>0.33773617226029</Val>
</DBL>
<DBL>
<Name></Name>
<Val>3.03957002910488E-2</Val>
</DBL>
<DBL>
<Name></Name>
<Val>0.13810130603737</Val>
</DBL>
<DBL>
<Name></Name>
<Val>4.33218441906902E-2</Val>
</DBL>
<DBL>
<Name></Name>
<Val>0.15664595474792</Val>
</DBL>
<DBL>
<Name></Name>
<Val>0.13101200906513</Val>
</DBL>
<DBL>
<Name></Name>
<Val>0.10154439694197</Val>
</DBL>
<DBL>
<Name></Name>
<Val>2.85835308494750E-2</Val>
</DBL>
<DBL>
<Name></Name>
<Val>2.23886259706061E-2</Val>
</DBL>
<DBL>
<Name></Name>
<Val>4.18098561163255E-3</Val>
</DBL>
<DBL>
<Name></Name>
<Val>0.34136915849962</Val>
</DBL>
<DBL>
<Name></Name>
<Val>3.07301190928076E-2</Val>
</DBL>
<DBL>
<Name></Name>
<Val>0.13967161006932</Val>
</DBL>
<DBL>
<Name></Name>
<Val>4.38736091515121E-2</Val>
</DBL>
<DBL>
<Name></Name>
<Val>0.15446497910504</Val>
</DBL>
<DBL>
<Name></Name>
<Val>0.12921188530115</Val>
</DBL>
<DBL>
<Name></Name>
<Val>0.10017397196893</Val>
</DBL>
<DBL>
<Name></Name>
<Val>2.81979945873087E-2</Val>
</DBL>
<DBL>
<Name></Name>
<Val>2.20924215476858E-2</Val>
</DBL>
<DBL>
<Name></Name>
<Val>4.20676289583431E-3</Val>
</DBL>
<DBL>
<Name></Name>
<Val>0.34495305474295</Val>
</DBL>
<DBL>
<Name></Name>
<Val>3.10600297795155E-2</Val>
</DBL>
<DBL>
<Name></Name>
<Val>0.14122081949541</Val>
</DBL>
<DBL>
<Name></Name>
<Val>4.44180805761776E-2</Val>
</DBL>
<DBL>
<Name></Name>
<Val>0.15231610872996</Val>
</DBL>
<DBL>
<Name></Name>
<Val>0.12743627288714</Val>
</DBL>
<DBL>
<Name></Name>
<Val>9.88202183535567E-2</Val>
</DBL>
<DBL>
<Name></Name>
<Val>2.78171350821236E-2</Val>
</DBL>
<DBL>
<Name></Name>
<Val>2.17996617444992E-2</Val>
</DBL>
<DBL>
<Name></Name>
<Val>4.23217179404737E-3</Val>
</DBL>
<DBL>
<Name></Name>
<Val>0.34848844288622</Val>
</DBL>
<DBL>
<Name></Name>
<Val>3.13854848348527E-2</Val>
</DBL>
<DBL>
<Name></Name>
<Val>0.14274917327571</Val>
</DBL>
<DBL>
<Name></Name>
<Val>4.49553304118916E-2</Val>
</DBL>
<DBL>
<Name></Name>
<Val>0.15019872694019</Val>
</DBL>
<DBL>
<Name></Name>
<Val>0.12568486447889</Val>
</DBL>
<DBL>
<Name></Name>
<Val>9.74831038847002E-2</Val>
</DBL>
<DBL>
<Name></Name>
<Val>2.74409446243256E-2</Val>
</DBL>
<DBL>
<Name></Name>
<Val>2.15103557003068E-2</Val>
</DBL>
<DBL>
<Name></Name>
<Val>4.25721847154130E-3</Val>
</DBL>
<DBL>
<Name></Name>
<Val>0.35197590522430</Val>
</DBL>
<DBL>
<Name></Name>
<Val>3.17065368758381E-2</Val>
</DBL>
<DBL>
<Name></Name>
<Val>0.14425691166565</Val>
</DBL>
<DBL>
<Name></Name>
<Val>4.54854321342655E-2</Val>
</DBL>
<DBL>
<Name></Name>
<Val>0.14811224074833</Val>
</DBL>
<DBL>
<Name></Name>
<Val>0.12395735423512</Val>
</DBL>
<DBL>
<Name></Name>
<Val>9.61625794371690E-2</Val>
</DBL>
<DBL>
<Name></Name>
<Val>2.70694106249403E-2</Val>
</DBL>
<DBL>
<Name></Name>
<Val>2.12245074577489E-2</Val>
</DBL>
<DBL>
<Name></Name>
<Val>4.28190891414557E-3</Val>
</DBL>
<DBL>
<Name></Name>
<Val>0.35541602370579</Val>
</DBL>
<DBL>
<Name></Name>
<Val>3.20232385757517E-2</Val>
</DBL>
<DBL>
<Name></Name>
<Val>0.14574427579536</Val>
</DBL>
<DBL>
<Name></Name>
<Val>4.60084605056462E-2</Val>
</DBL>
<DBL>
<Name></Name>
<Val>0.14605607920461</Val>
</DBL>
<DBL>
<Name></Name>
<Val>0.12225343803767</Val>
</DBL>
<DBL>
<Name></Name>
<Val>9.48585807264079E-2</Val>
</DBL>
<DBL>
<Name></Name>
<Val>2.67025161198834E-2</Val>
</DBL>
<DBL>
<Name></Name>
<Val>2.09421164686735E-2</Val>
</DBL>
<DBL>
<Name></Name>
<Val>4.30624893898165E-3</Val>
</DBL>
<DBL>
<Name></Name>
<Val>0.35880937926291</Val>
</DBL>
<DBL>
<Name></Name>
<Val>3.23356425947167E-2</Val>
</DBL>
<DBL>
<Name></Name>
<Val>0.14721150729014</Val>
</DBL>
<DBL>
<Name></Name>
<Val>4.65244913560153E-2</Val>
</DBL>
<DBL>
<Name></Name>
<Val>0.14402969187883</Val>
</DBL>
<DBL>
<Name></Name>
<Val>0.12057281368734</Val>
</DBL>
<DBL>
<Name></Name>
<Val>9.35710299056865E-2</Val>
</DBL>
<DBL>
<Name></Name>
<Val>2.63402402289953E-2</Val>
</DBL>
<DBL>
<Name></Name>
<Val>2.06631780548511E-2</Val>
</DBL>
<DBL>
<Name></Name>
<Val>4.33024420432530E-3</Val>
</DBL>
<DBL>
<Name></Name>
<Val>0.36215655120993</Val>
</DBL>
<DBL>
<Name></Name>
<Val>3.26438015172575E-2</Val>
</DBL>
<DBL>
<Name></Name>
<Val>0.14865884792831</Val>
</DBL>
<DBL>
<Name></Name>
<Val>4.70336013844814E-2</Val>
</DBL>
<DBL>
<Name></Name>
<Val>0.14203254746980</Val>
</DBL>
<DBL>
<Name></Name>
<Val>0.11891518107771</Val>
</DBL>
<DBL>
<Name></Name>
<Val>9.22998370196459E-2</Val>
</DBL>
<DBL>
<Name></Name>
<Val>2.59825585738156E-2</Val>
</DBL>
<DBL>
<Name></Name>
<Val>2.03876838275349E-2</Val>
</DBL>
<DBL>
<Name></Name>
<Val>4.35390021867388E-3</Val>
</DBL>
<DBL>
<Name></Name>
<Val>0.36545811670381</Val>
</DBL>
<DBL>
<Name></Name>
<Val>3.29477677962106E-2</Val>
</DBL>
<DBL>
<Name></Name>
<Val>0.15008653933324</Val>
</DBL>
<DBL>
<Name></Name>
<Val>4.75358679795555E-2</Val>
</DBL>
<DBL>
<Name></Name>
<Val>0.14006413253092</Val>
</DBL>
<DBL>
<Name></Name>
<Val>0.11728024234899</Val>
</DBL>
<DBL>
<Name></Name>
<Val>9.10449013268356E-2</Val>
</DBL>
<DBL>
<Name></Name>
<Val>2.56294436577254E-2</Val>
</DBL>
<DBL>
<Name></Name>
<Val>2.01156220694771E-2</Val>
</DBL>
<DBL>
<Name></Name>
<Val>4.37722234908712E-3</Val>
</DBL>
<DBL>
<Name></Name>
<Val>0.36871465026165</Val>
</DBL>
<DBL>
<Name></Name>
<Val>3.32475937024175E-2</Val>
</DBL>
<DBL>
<Name></Name>
<Val>0.15149482269634</Val>
</DBL>
<DBL>
<Name></Name>
<Val>4.80313690565575E-2</Val>
</DBL>
<DBL>
<Name></Name>
<Val>0.13812395030201</Val>
</DBL>
<DBL>
<Name></Name>
<Val>0.11566770202354</Val>
</DBL>
<DBL>
<Name></Name>
<Val>8.98061125027632E-2</Val>
</DBL>
<DBL>
<Name></Name>
<Val>2.52808652117675E-2</Val>
</DBL>
<DBL>
<Name></Name>
<Val>1.98469780826984E-2</Val>
</DBL>
<DBL>
<Name></Name>
<Val>4.40021582886388E-3</Val>
</DBL>
<DBL>
<Name></Name>
<Val>0.37192672332960</Val>
</DBL>
<DBL>
<Name></Name>
<Val>3.35433312796827E-2</Val>
</DBL>
<DBL>
<Name></Name>
<Val>0.15288393852844</Val>
</DBL>
<DBL>
<Name></Name>
<Val>4.85201829106438E-2</Val>
</DBL>
<DBL>
<Name></Name>
<Val>0.13621151963798</Val>
</DBL>
<DBL>
<Name></Name>
<Val>0.11407726712503</Val>
</DBL>
<DBL>
<Name></Name>
<Val>8.85833517339736E-2</Val>
</DBL>
<DBL>
<Name></Name>
<Val>2.49367905091631E-2</Val>
</DBL>
<DBL>
<Name></Name>
<Val>1.95817345050183E-2</Val>
</DBL>
<DBL>
<Name></Name>
<Val>4.42288576461201E-3</Val>
</DBL>
<DBL>
<Name></Name>
<Val>0.37509490389884</Val>
</DBL>
<DBL>
<Name></Name>
<Val>3.38350323045214E-2</Val>
</DBL>
<DBL>
<Name></Name>
<Val>0.15425412643679</Val>
</DBL>
<DBL>
<Name></Name>
<Val>4.90023880840742E-2</Val>
</DBL>
<DBL>
<Name></Name>
<Val>0.13432637402607</Val>
</DBL>
<DBL>
<Name></Name>
<Val>0.11250864728251</Val>
</DBL>
<DBL>
<Name></Name>
<Val>8.73764927127507E-2</Val>
</DBL>
<DBL>
<Name></Name>
<Val>2.45971846512834E-2</Val>
</DBL>
<DBL>
<Name></Name>
<Val>1.93198715980931E-2</Val>
</DBL>
<DBL>
<Name></Name>
<Val>4.44523714276337E-3</Val>
</DBL>
<DBL>
<Name></Name>
<Val>0.37821975616420</Val>
</DBL>
<DBL>
<Name></Name>
<Val>3.41227482502667E-2</Val>
</DBL>
<DBL>
<Name></Name>
<Val>0.15560562492561</Val>
</DBL>
<DBL>
<Name></Name>
<Val>4.94780632464600E-2</Val>
</DBL>
<DBL>
<Name></Name>
<Val>0.13246806068386</Val>
</DBL>
<DBL>
<Name></Name>
<Val>0.11096155482084</Val>
</DBL>
<DBL>
<Name></Name>
<Val>8.61854025411981E-2</Val>
</DBL>
<DBL>
<Name></Name>
<Val>2.42620108275877E-2</Val>
</DBL>
<DBL>
<Name></Name>
<Val>1.90613675094649E-2</Val>
</DBL>
<DBL>
<Name></Name>
<Val>4.46727483558178E-3</Val>
</DBL>
<DBL>
<Name></Name>
<Val>0.38130184022158</Val>
</DBL>
<DBL>
<Name></Name>
<Val>3.44065302551425E-2</Val>
</DBL>
<DBL>
<Name></Name>
<Val>0.15693867121791</Val>
</DBL>
<DBL>
<Name></Name>
<Val>4.99472870868404E-2</Val>
</DBL>
<DBL>
<Name></Name>
<Val>0.13063613973103</Val>
</DBL>
<DBL>
<Name></Name>
<Val>0.10943570483888</Val>
</DBL>
<DBL>
<Name></Name>
<Val>8.50099425526828E-2</Val>
</DBL>
<DBL>
<Name></Name>
<Val>2.39312305518239E-2</Val>
</DBL>
<DBL>
<Name></Name>
<Val>1.88061985109101E-2</Val>
</DBL>
<DBL>
<Name></Name>
<Val>4.48900360670724E-3</Val>
</DBL>
<DBL>
<Name></Name>
<Val>0.38434171180073</Val>
</DBL>
<DBL>
<Name></Name>
<Val>3.46864290939421E-2</Val>
</DBL>
<DBL>
<Name></Name>
<Val>0.15825350109675</Val>
</DBL>
<DBL>
<Name></Name>
<Val>5.04101382165376E-2</Val>
</DBL>
<DBL>
<Name></Name>
<Val>0.12883018342868</Val>
</DBL>
<DBL>
<Name></Name>
<Val>0.10793081527634</Val>
</DBL>
<DBL>
<Name></Name>
<Val>8.38499690579300E-2</Val>
</DBL>
<DBL>
<Name></Name>
<Val>2.36048038765831E-2</Val>
</DBL>
<DBL>
<Name></Name>
<Val>1.85543392151706E-2</Val>
</DBL>
<DBL>
<Name></Name>
<Val>4.51042811627615E-3</Val>
</DBL>
<DBL>
<Name></Name>
<Val>0.38733992203010</Val>
</DBL>
<DBL>
<Name></Name>
<Val>3.49624951529870E-2</Val>
</DBL>
<DBL>
<Name></Name>
<Val>0.15955034876410</Val>
</DBL>
<DBL>
<Name></Name>
<Val>5.08666950818297E-2</Val>
</DBL>
<DBL>
<Name></Name>
<Val>0.12704977548002</Val>
</DBL>
<DBL>
<Name></Name>
<Val>0.10644660697057</Val>
</DBL>
<DBL>
<Name></Name>
<Val>8.27053340224179E-2</Val>
</DBL>
<DBL>
<Name></Name>
<Val>2.32826895881186E-2</Val>
</DBL>
<DBL>
<Name></Name>
<Val>1.83057627729732E-2</Val>
</DBL>
<DBL>
<Name></Name>
<Val>4.53155292565384E-3</Val>
</DBL>
<DBL>
<Name></Name>
<Val>0.39029701723078</Val>
</DBL>
<DBL>
<Name></Name>
<Val>3.52347784080654E-2</Val>
</DBL>
<DBL>
<Name></Name>
<Val>0.16082944671583</Val>
</DBL>
<DBL>
<Name></Name>
<Val>5.13170358855672E-2</Val>
</DBL>
<DBL>
<Name></Name>
<Val>0.12529451038744</Val>
</DBL>
<DBL>
<Name></Name>
<Val>0.10498280370412</Val>
</DBL>
<DBL>
<Name></Name>
<Val>8.15758856811358E-2</Val>
</DBL>
<DBL>
<Name></Name>
<Val>2.29648453831711E-2</Val>
</DBL>
<DBL>
<Name></Name>
<Val>1.80604410520734E-2</Val>
</DBL>
<DBL>
<Name></Name>
<Val>4.55238250181241E-3</Val>
</DBL>
<DBL>
<Name></Name>
<Val>0.39321353873699</Val>
</DBL>
<DBL>
<Name></Name>
<Val>3.55033284050805E-2</Val>
</DBL>
<DBL>
<Name></Name>
<Val>0.16209102563124</Val>
</DBL>
<DBL>
<Name></Name>
<Val>5.17612385169322E-2</Val>
</DBL>
<DBL>
<Name></Name>
<Val>0.12356399286093</Val>
</DBL>
<DBL>
<Name></Name>
<Val>0.10353913224390</Val>
</DBL>
<DBL>
<Name></Name>
<Val>8.04614690962401E-2</Val>
</DBL>
<DBL>
<Name></Name>
<Val>2.26512280293890E-2</Val>
</DBL>
<DBL>
<Name></Name>
<Val>1.78183447999069E-2</Val>
</DBL>
<DBL>
<Name></Name>
<Val>4.57292122138421E-3</Val>
</DBL>
<DBL>
<Name></Name>
<Val>0.39609002274058</Val>
</DBL>
<DBL>
<Name></Name>
<Val>3.57681942431580E-2</Val>
</DBL>
<DBL>
<Name></Name>
<Val>0.16333531427590</Val>
</DBL>
<DBL>
<Name></Name>
<Val>5.21993804886120E-2</Val>
</DBL>
<DBL>
<Name></Name>
<Val>0.12185783727339</Val>
</DBL>
<DBL>
<Name></Name>
<Val>0.10211532237288</Val>
</DBL>
<DBL>
<Name></Name>
<Val>7.93619266626559E-2</Val>
</DBL>
<DBL>
<Name></Name>
<Val>2.23417935107941E-2</Val>
</DBL>
<DBL>
<Name></Name>
<Val>1.75794437912958E-2</Val>
</DBL>
<DBL>
<Name></Name>
<Val>4.59317337441841E-3</Val>
</DBL>
<DBL>
<Name></Name>
<Val>0.39892700015733</Val>
</DBL>
<DBL>
<Name></Name>
<Val>3.60294245599888E-2</Val>
</DBL>
<DBL>
<Name></Name>
<Val>0.16456253941654</Val>
</DBL>
<DBL>
<Name></Name>
<Val>5.26315388807196E-2</Val>
</DBL>
<DBL>
<Name></Name>
<Val>0.12017566715891</Val>
</DBL>
<DBL>
<Name></Name>
<Val>0.10071110691490</Val>
</DBL>
<DBL>
<Name></Name>
<Val>7.82770985662291E-2</Val>
</DBL>
<DBL>
<Name></Name>
<Val>2.20364971596163E-2</Val>
</DBL>
<DBL>
<Name></Name>
<Val>1.73437069625282E-2</Val>
</DBL>
<DBL>
<Name></Name>
<Val>4.61314316786595E-3</Val>
</DBL>
<DBL>
<Name></Name>
<Val>0.40172499651307</Val>
</DBL>
<DBL>
<Name></Name>
<Val>3.62870675191991E-2</Val>
</DBL>
<DBL>
<Name></Name>
<Val>0.16577292574682</Val>
</DBL>
<DBL>
<Name></Name>
<Val>5.30577902908562E-2</Val>
</DBL>
<DBL>
<Name></Name>
<Val>0.11851711475024</Val>
</DBL>
<DBL>
<Name></Name>
<Val>9.93262217533420E-2</Val>
</DBL>
<DBL>
<Name></Name>
<Val>7.72068231986304E-2</Val>
</DBL>
<DBL>
<Name></Name>
<Val>2.17352937757017E-2</Val>
</DBL>
<DBL>
<Name></Name>
<Val>1.71111025330134E-2</Val>
</DBL>
<DBL>
<Name></Name>
<Val>4.63283472881587E-3</Val>
</DBL>
<DBL>
<Name></Name>
<Val>0.40448453184773</Val>
</DBL>
<DBL>
<Name></Name>
<Val>3.65411707995614E-2</Val>
</DBL>
<DBL>
<Name></Name>
<Val>0.16696669582320</Val>
</DBL>
<DBL>
<Name></Name>
<Val>5.34782107897593E-2</Val>
</DBL>
<DBL>
<Name></Name>
<Val>0.11688182055204</Val>
</DBL>
<DBL>
<Name></Name>
<Val>9.79604058441794E-2</Val>
</DBL>
<DBL>
<Name></Name>
<Val>7.61509375328434E-2</Val>
</DBL>
<DBL>
<Name></Name>
<Val>2.14381377345972E-2</Val>
</DBL>
<DBL>
<Name></Name>
<Val>1.68815981156122E-2</Val>
</DBL>
<DBL>
<Name></Name>
<Val>4.65225210750386E-3</Val>
</DBL>
<DBL>
<Name></Name>
<Val>0.40720612063565</Val>
</DBL>
<DBL>
<Name></Name>
<Val>3.67917815858727E-2</Val>
</DBL>
<DBL>
<Name></Name>
<Val>0.16814407000967</Val>
</DBL>
<DBL>
<Name></Name>
<Val>5.38928758820313E-2</Val>
</DBL>
</Array>
<Array>
<Name>StateAdjacencyMatrix</Name>
<Dimsize>10</Dimsize>
<Dimsize>10</Dimsize>
<String>
<Name></Name>
<Val>@</Val>
</String>
<String>
<Name></Name>
<Val>H</Val>
</String>
<String>
<Name></Name>
<Val>@</Val>
</String>
<String>
<Name></Name>
<Val>@</Val>
</String>
<String>
<Name></Name>
<Val>@</Val>
</String>
<String>
<Name></Name>
<Val>@</Val>
</String>
<String>
<Name></Name>
<Val>@</Val>
</String>
<String>
<Name></Name>
<Val>@</Val>
</String>
<String>
<Name></Name>
<Val>@</Val>
</String>
<String>
<Name></Name>
<Val>@</Val>
</String>
<String>
<Name></Name>
<Val>C</Val>
</String>
<String>
<Name></Name>
<Val>@</Val>
</String>
<String>
<Name></Name>
<Val>B</Val>
</String>
<String>
<Name></Name>
<Val>@</Val>
</String>
<String>
<Name></Name>
<Val>@</Val>
</String>
<String>
<Name></Name>
<Val>@</Val>
</String>
<String>
<Name></Name>
<Val>@</Val>
</String>
<String>
<Name></Name>
<Val>@</Val>
</String>
<String>
<Name></Name>
<Val>@</Val>
</String>
<String>
<Name></Name>
<Val>@</Val>
</String>
<String>
<Name></Name>
<Val>@</Val>
</String>
<String>
<Name></Name>
<Val>D</Val>
</String>
<String>
<Name></Name>
<Val>@</Val>
</String>
<String>
<Name></Name>
<Val>K</Val>
</String>
<String>
<Name></Name>
<Val>@</Val>
</String>
<String>
<Name></Name>
<Val>@</Val>
</String>
<String>
<Name></Name>
<Val>@</Val>
</String>
<String>
<Name></Name>
<Val>@</Val>
</String>
<String>
<Name></Name>
<Val>@</Val>
</String>
<String>
<Name></Name>
<Val>@</Val>
</String>
<String>
<Name></Name>
<Val>@</Val>
</String>
<String>
<Name></Name>
<Val>@</Val>
</String>
<String>
<Name></Name>
<Val>F</Val>
</String>
<String>
<Name></Name>
<Val>@</Val>
</String>
<String>
<Name></Name>
<Val>A</Val>
</String>
<String>
<Name></Name>
<Val>@</Val>
</String>
<String>
<Name></Name>
<Val>@</Val>
</String>
<String>
<Name></Name>
<Val>@</Val>
</String>
<String>
<Name></Name>
<Val>@</Val>
</String>
<String>
<Name></Name>
<Val>@</Val>
</String>
<String>
<Name></Name>
<Val>@</Val>
</String>
<String>
<Name></Name>
<Val>@</Val>
</String>
<String>
<Name></Name>
<Val>@</Val>
</String>
<String>
<Name></Name>
<Val>B</Val>
</String>
<String>
<Name></Name>
<Val>@</Val>
</String>
<String>
<Name></Name>
<Val>A</Val>
</String>
<String>
<Name></Name>
<Val>@</Val>
</String>
<String>
<Name></Name>
<Val>@</Val>
</String>
<String>
<Name></Name>
<Val>@</Val>
</String>
<String>
<Name></Name>
<Val>@</Val>
</String>
<String>
<Name></Name>
<Val>@</Val>
</String>
<String>
<Name></Name>
<Val>@</Val>
</String>
<String>
<Name></Name>
<Val>@</Val>
</String>
<String>
<Name></Name>
<Val>@</Val>
</String>
<String>
<Name></Name>
<Val>I</Val>
</String>
<String>
<Name></Name>
<Val>@</Val>
</String>
<String>
<Name></Name>
<Val>E</Val>
</String>
<String>
<Name></Name>
<Val>@</Val>
</String>
<String>
<Name></Name>
<Val>@</Val>
</String>
<String>
<Name></Name>
<Val>@</Val>
</String>
<String>
<Name></Name>
<Val>@</Val>
</String>
<String>
<Name></Name>
<Val>@</Val>
</String>
<String>
<Name></Name>
<Val>@</Val>
</String>
<String>
<Name></Name>
<Val>@</Val>
</String>
<String>
<Name></Name>
<Val>@</Val>
</String>
<String>
<Name></Name>
<Val>D</Val>
</String>
<String>
<Name></Name>
<Val>@</Val>
</String>
<String>
<Name></Name>
<Val>J</Val>
</String>
<String>
<Name></Name>
<Val>@</Val>
</String>
<String>
<Name></Name>
<Val>@</Val>
</String>
<String>
<Name></Name>
<Val>@</Val>
</String>
<String>
<Name></Name>
<Val>@</Val>
</String>
<String>
<Name></Name>
<Val>@</Val>
</String>
<String>
<Name></Name>
<Val>@</Val>
</String>
<String>
<Name></Name>
<Val>@</Val>
</String>
<String>
<Name></Name>
<Val>@</Val>
</String>
<String>
<Name></Name>
<Val>E</Val>
</String>
<String>
<Name></Name>
<Val>@</Val>
</String>
<String>
<Name></Name>
<Val>F</Val>
</String>
<String>
<Name></Name>
<Val>@</Val>
</String>
<String>
<Name></Name>
<Val>@</Val>
</String>
<String>
<Name></Name>
<Val>@</Val>
</String>
<String>
<Name></Name>
<Val>@</Val>
</String>
<String>
<Name></Name>
<Val>@</Val>
</String>
<String>
<Name></Name>
<Val>@</Val>
</String>
<String>
<Name></Name>
<Val>@</Val>
</String>
<String>
<Name></Name>
<Val>@</Val>
</String>
<String>
<Name></Name>
<Val>L</Val>
</String>
<String>
<Name></Name>
<Val>@</Val>
</String>
<String>
<Name></Name>
<Val>C</Val>
</String>
<String>
<Name></Name>
<Val>@</Val>
</String>
<String>
<Name></Name>
<Val>@</Val>
</String>
<String>
<Name></Name>
<Val>@</Val>
</String>
<String>
<Name></Name>
<Val>@</Val>
</String>
<String>
<Name></Name>
<Val>@</Val>
</String>
<String>
<Name></Name>
<Val>@</Val>
</String>
<String>
<Name></Name>
<Val>@</Val>
</String>
<String>
<Name></Name>
<Val>@</Val>
</String>
<String>
<Name></Name>
<Val>G</Val>
</String>
<String>
<Name></Name>
<Val>@</Val>
</String>
</Array>
<Cluster>
<Name>IntegrationParams</Name>
<NumElts>4</NumElts>
<DBL>
<Name>time start</Name>
<Val>0.00000000000000</Val>
</DBL>
<DBL>
<Name>time end</Name>
<Val>999.00000000000000</Val>
</DBL>
<DBL>
<Name>h (step rate)</Name>
<Val>0.10000000000000</Val>
</DBL>
<Array>
<Name>X0</Name>
<Dimsize>10</Dimsize>
<I32>
<Name></Name>
<Val>1</Val>
</I32>
<I32>
<Name></Name>
<Val>0</Val>
</I32>
<I32>
<Name></Name>
<Val>0</Val>
</I32>
<I32>
<Name></Name>
<Val>0</Val>
</I32>
<I32>
<Name></Name>
<Val>0</Val>
</I32>
<I32>
<Name></Name>
<Val>0</Val>
</I32>
<I32>
<Name></Name>
<Val>0</Val>
</I32>
<I32>
<Name></Name>
<Val>0</Val>
</I32>
<I32>
<Name></Name>
<Val>0</Val>
</I32>
<I32>
<Name></Name>
<Val>0</Val>
</I32>
</Array>
</Cluster>
<Array>
<Name>StateNames</Name>
<Dimsize>10</Dimsize>
<String>
<Name>string</Name>
<Val>a</Val>
</String>
<String>
<Name>string</Name>
<Val>b</Val>
</String>
<String>
<Name>string</Name>
<Val>c</Val>
</String>
<String>
<Name>string</Name>
<Val>d</Val>
</String>
<String>
<Name>string</Name>
<Val>e</Val>
</String>
<String>
<Name>string</Name>
<Val>f</Val>
</String>
<String>
<Name>string</Name>
<Val>g</Val>
</String>
<String>
<Name>string</Name>
<Val>h</Val>
</String>
<String>
<Name>string</Name>
<Val>i</Val>
</String>
<String>
<Name>string</Name>
<Val>j</Val>
</String>
</Array>
</Cluster>
</LVData>