<?xml version='1.0' standalone='yes' ?>
<LVData xmlns="http://www.ni.com/LVData">
<Version>10.0.1</Version>
<Cluster>
<Name>ModelData</Name>
<NumElts>7</NumElts>
<Array>
<Name>Transitions</Name>
<Dimsize>2</Dimsize>
<Dimsize>2</Dimsize>
<String>
<Name>string</Name>
<Val>A</Val>
</String>
<String>
<Name>string</Name>
<Val>A</Val>
</String>
<String>
<Name>string</Name>
<Val>B</Val>
</String>
<String>
<Name>string</Name>
<Val>B</Val>
</String>
</Array>
<Array>
<Name>RealValues</Name>
<Dimsize>2</Dimsize>
<Dimsize>2</Dimsize>
<String>
<Name>string</Name>
<Val>A</Val>
</String>
<String>
<Name>string</Name>
<Val>0,083710</Val>
</String>
<String>
<Name>string</Name>
<Val>B</Val>
</String>
<String>
<Name>string</Name>
<Val>0,437851</Val>
</String>
</Array>
<Array>
<Name>Times</Name>
<Dimsize>100</Dimsize>
<DBL>
<Name></Name>
<Val>0.00000000000000</Val>
</DBL>
<DBL>
<Name></Name>
<Val>10.00000000000000</Val>
</DBL>
<DBL>
<Name></Name>
<Val>20.00000000000000</Val>
</DBL>
<DBL>
<Name></Name>
<Val>30.00000000000000</Val>
</DBL>
<DBL>
<Name></Name>
<Val>40.00000000000000</Val>
</DBL>
<DBL>
<Name></Name>
<Val>50.00000000000000</Val>
</DBL>
<DBL>
<Name></Name>
<Val>60.00000000000000</Val>
</DBL>
<DBL>
<Name></Name>
<Val>70.00000000000000</Val>
</DBL>
<DBL>
<Name></Name>
<Val>80.00000000000000</Val>
</DBL>
<DBL>
<Name></Name>
<Val>90.00000000000000</Val>
</DBL>
<DBL>
<Name></Name>
<Val>100.00000000000000</Val>
</DBL>
<DBL>
<Name></Name>
<Val>110.00000000000000</Val>
</DBL>
<DBL>
<Name></Name>
<Val>120.00000000000000</Val>
</DBL>
<DBL>
<Name></Name>
<Val>130.00000000000000</Val>
</DBL>
<DBL>
<Name></Name>
<Val>140.00000000000000</Val>
</DBL>
<DBL>
<Name></Name>
<Val>150.00000000000000</Val>
</DBL>
<DBL>
<Name></Name>
<Val>160.00000000000000</Val>
</DBL>
<DBL>
<Name></Name>
<Val>170.00000000000000</Val>
</DBL>
<DBL>
<Name></Name>
<Val>180.00000000000000</Val>
</DBL>
<DBL>
<Name></Name>
<Val>190.00000000000000</Val>
</DBL>
<DBL>
<Name></Name>
<Val>200.00000000000000</Val>
</DBL>
<DBL>
<Name></Name>
<Val>210.00000000000000</Val>
</DBL>
<DBL>
<Name></Name>
<Val>220.00000000000000</Val>
</DBL>
<DBL>
<Name></Name>
<Val>230.00000000000000</Val>
</DBL>
<DBL>
<Name></Name>
<Val>240.00000000000000</Val>
</DBL>
<DBL>
<Name></Name>
<Val>250.00000000000000</Val>
</DBL>
<DBL>
<Name></Name>
<Val>260.00000000000000</Val>
</DBL>
<DBL>
<Name></Name>
<Val>270.00000000000000</Val>
</DBL>
<DBL>
<Name></Name>
<Val>280.00000000000000</Val>
</DBL>
<DBL>
<Name></Name>
<Val>290.00000000000000</Val>
</DBL>
<DBL>
<Name></Name>
<Val>300.00000000000000</Val>
</DBL>
<DBL>
<Name></Name>
<Val>310.00000000000000</Val>
</DBL>
<DBL>
<Name></Name>
<Val>320.00000000000000</Val>
</DBL>
<DBL>
<Name></Name>
<Val>330.00000000000000</Val>
</DBL>
<DBL>
<Name></Name>
<Val>340.00000000000000</Val>
</DBL>
<DBL>
<Name></Name>
<Val>350.00000000000000</Val>
</DBL>
<DBL>
<Name></Name>
<Val>360.00000000000000</Val>
</DBL>
<DBL>
<Name></Name>
<Val>370.00000000000000</Val>
</DBL>
<DBL>
<Name></Name>
<Val>380.00000000000000</Val>
</DBL>
<DBL>
<Name></Name>
<Val>390.00000000000000</Val>
</DBL>
<DBL>
<Name></Name>
<Val>400.00000000000000</Val>
</DBL>
<DBL>
<Name></Name>
<Val>410.00000000000000</Val>
</DBL>
<DBL>
<Name></Name>
<Val>420.00000000000000</Val>
</DBL>
<DBL>
<Name></Name>
<Val>430.00000000000000</Val>
</DBL>
<DBL>
<Name></Name>
<Val>440.00000000000000</Val>
</DBL>
<DBL>
<Name></Name>
<Val>450.00000000000000</Val>
</DBL>
<DBL>
<Name></Name>
<Val>460.00000000000000</Val>
</DBL>
<DBL>
<Name></Name>
<Val>470.00000000000000</Val>
</DBL>
<DBL>
<Name></Name>
<Val>480.00000000000000</Val>
</DBL>
<DBL>
<Name></Name>
<Val>490.00000000000000</Val>
</DBL>
<DBL>
<Name></Name>
<Val>500.00000000000000</Val>
</DBL>
<DBL>
<Name></Name>
<Val>510.00000000000000</Val>
</DBL>
<DBL>
<Name></Name>
<Val>520.00000000000000</Val>
</DBL>
<DBL>
<Name></Name>
<Val>530.00000000000000</Val>
</DBL>
<DBL>
<Name></Name>
<Val>540.00000000000000</Val>
</DBL>
<DBL>
<Name></Name>
<Val>550.00000000000000</Val>
</DBL>
<DBL>
<Name></Name>
<Val>560.00000000000000</Val>
</DBL>
<DBL>
<Name></Name>
<Val>570.00000000000000</Val>
</DBL>
<DBL>
<Name></Name>
<Val>580.00000000000000</Val>
</DBL>
<DBL>
<Name></Name>
<Val>590.00000000000000</Val>
</DBL>
<DBL>
<Name></Name>
<Val>600.00000000000000</Val>
</DBL>
<DBL>
<Name></Name>
<Val>610.00000000000000</Val>
</DBL>
<DBL>
<Name></Name>
<Val>620.00000000000000</Val>
</DBL>
<DBL>
<Name></Name>
<Val>630.00000000000000</Val>
</DBL>
<DBL>
<Name></Name>
<Val>640.00000000000000</Val>
</DBL>
<DBL>
<Name></Name>
<Val>650.00000000000000</Val>
</DBL>
<DBL>
<Name></Name>
<Val>660.00000000000000</Val>
</DBL>
<DBL>
<Name></Name>
<Val>670.00000000000000</Val>
</DBL>
<DBL>
<Name></Name>
<Val>680.00000000000000</Val>
</DBL>
<DBL>
<Name></Name>
<Val>690.00000000000000</Val>
</DBL>
<DBL>
<Name></Name>
<Val>700.00000000000000</Val>
</DBL>
<DBL>
<Name></Name>
<Val>710.00000000000000</Val>
</DBL>
<DBL>
<Name></Name>
<Val>720.00000000000000</Val>
</DBL>
<DBL>
<Name></Name>
<Val>730.00000000000000</Val>
</DBL>
<DBL>
<Name></Name>
<Val>740.00000000000000</Val>
</DBL>
<DBL>
<Name></Name>
<Val>750.00000000000000</Val>
</DBL>
<DBL>
<Name></Name>
<Val>760.00000000000000</Val>
</DBL>
<DBL>
<Name></Name>
<Val>770.00000000000000</Val>
</DBL>
<DBL>
<Name></Name>
<Val>780.00000000000000</Val>
</DBL>
<DBL>
<Name></Name>
<Val>790.00000000000000</Val>
</DBL>
<DBL>
<Name></Name>
<Val>800.00000000000000</Val>
</DBL>
<DBL>
<Name></Name>
<Val>810.00000000000000</Val>
</DBL>
<DBL>
<Name></Name>
<Val>820.00000000000000</Val>
</DBL>
<DBL>
<Name></Name>
<Val>830.00000000000000</Val>
</DBL>
<DBL>
<Name></Name>
<Val>840.00000000000000</Val>
</DBL>
<DBL>
<Name></Name>
<Val>850.00000000000000</Val>
</DBL>
<DBL>
<Name></Name>
<Val>860.00000000000000</Val>
</DBL>
<DBL>
<Name></Name>
<Val>870.00000000000000</Val>
</DBL>
<DBL>
<Name></Name>
<Val>880.00000000000000</Val>
</DBL>
<DBL>
<Name></Name>
<Val>890.00000000000000</Val>
</DBL>
<DBL>
<Name></Name>
<Val>900.00000000000000</Val>
</DBL>
<DBL>
<Name></Name>
<Val>910.00000000000000</Val>
</DBL>
<DBL>
<Name></Name>
<Val>920.00000000000000</Val>
</DBL>
<DBL>
<Name></Name>
<Val>930.00000000000000</Val>
</DBL>
<DBL>
<Name></Name>
<Val>940.00000000000000</Val>
</DBL>
<DBL>
<Name></Name>
<Val>950.00000000000000</Val>
</DBL>
<DBL>
<Name></Name>
<Val>960.00000000000000</Val>
</DBL>
<DBL>
<Name></Name>
<Val>970.00000000000000</Val>
</DBL>
<DBL>
<Name></Name>
<Val>980.00000000000000</Val>
</DBL>
<DBL>
<Name></Name>
<Val>990.00000000000000</Val>
</DBL>
</Array>
<Array>
<Name>RealSolution</Name>
<Dimsize>100</Dimsize>
<Dimsize>2</Dimsize>
<DBL>
<Name></Name>
<Val>1.00000000000000</Val>
</DBL>
<DBL>
<Name></Name>
<Val>0.00000000000000</Val>
</DBL>
<DBL>
<Name></Name>
<Val>0.83960190072677</Val>
</DBL>
<DBL>
<Name></Name>
<Val>0.16039809927323</Val>
</DBL>
<DBL>
<Name></Name>
<Val>0.83950109969966</Val>
</DBL>
<DBL>
<Name></Name>
<Val>0.16049890030034</Val>
</DBL>
<DBL>
<Name></Name>
<Val>0.83950103635198</Val>
</DBL>
<DBL>
<Name></Name>
<Val>0.16049896364802</Val>
</DBL>
<DBL>
<Name></Name>
<Val>0.83950103631217</Val>
</DBL>
<DBL>
<Name></Name>
<Val>0.16049896368783</Val>
</DBL>
<DBL>
<Name></Name>
<Val>0.83950103631215</Val>
</DBL>
<DBL>
<Name></Name>
<Val>0.16049896368785</Val>
</DBL>
<DBL>
<Name></Name>
<Val>0.83950103631215</Val>
</DBL>
<DBL>
<Name></Name>
<Val>0.16049896368785</Val>
</DBL>
<DBL>
<Name></Name>
<Val>0.83950103631215</Val>
</DBL>
<DBL>
<Name></Name>
<Val>0.16049896368785</Val>
</DBL>
<DBL>
<Name></Name>
<Val>0.83950103631215</Val>
</DBL>
<DBL>
<Name></Name>
<Val>0.16049896368785</Val>
</DBL>
<DBL>
<Name></Name>
<Val>0.83950103631215</Val>
</DBL>
<DBL>
<Name></Name>
<Val>0.16049896368785</Val>
</DBL>
<DBL>
<Name></Name>
<Val>0.83950103631215</Val>
</DBL>
<DBL>
<Name></Name>
<Val>0.16049896368785</Val>
</DBL>
<DBL>
<Name></Name>
<Val>0.83950103631215</Val>
</DBL>
<DBL>
<Name></Name>
<Val>0.16049896368785</Val>
</DBL>
<DBL>
<Name></Name>
<Val>0.83950103631215</Val>
</DBL>
<DBL>
<Name></Name>
<Val>0.16049896368785</Val>
</DBL>
<DBL>
<Name></Name>
<Val>0.83950103631215</Val>
</DBL>
<DBL>
<Name></Name>
<Val>0.16049896368785</Val>
</DBL>
<DBL>
<Name></Name>
<Val>0.83950103631215</Val>
</DBL>
<DBL>
<Name></Name>
<Val>0.16049896368785</Val>
</DBL>
<DBL>
<Name></Name>
<Val>0.83950103631215</Val>
</DBL>
<DBL>
<Name></Name>
<Val>0.16049896368785</Val>
</DBL>
<DBL>
<Name></Name>
<Val>0.83950103631215</Val>
</DBL>
<DBL>
<Name></Name>
<Val>0.16049896368785</Val>
</DBL>
<DBL>
<Name></Name>
<Val>0.83950103631215</Val>
</DBL>
<DBL>
<Name></Name>
<Val>0.16049896368785</Val>
</DBL>
<DBL>
<Name></Name>
<Val>0.83950103631215</Val>
</DBL>
<DBL>
<Name></Name>
<Val>0.16049896368785</Val>
</DBL>
<DBL>
<Name></Name>
<Val>0.83950103631215</Val>
</DBL>
<DBL>
<Name></Name>
<Val>0.16049896368785</Val>
</DBL>
<DBL>
<Name></Name>
<Val>0.83950103631215</Val>
</DBL>
<DBL>
<Name></Name>
<Val>0.16049896368785</Val>
</DBL>
<DBL>
<Name></Name>
<Val>0.83950103631215</Val>
</DBL>
<DBL>
<Name></Name>
<Val>0.16049896368785</Val>
</DBL>
<DBL>
<Name></Name>
<Val>0.83950103631215</Val>
</DBL>
<DBL>
<Name></Name>
<Val>0.16049896368785</Val>
</DBL>
<DBL>
<Name></Name>
<Val>0.83950103631215</Val>
</DBL>
<DBL>
<Name></Name>
<Val>0.16049896368785</Val>
</DBL>
<DBL>
<Name></Name>
<Val>0.83950103631215</Val>
</DBL>
<DBL>
<Name></Name>
<Val>0.16049896368785</Val>
</DBL>
<DBL>
<Name></Name>
<Val>0.83950103631215</Val>
</DBL>
<DBL>
<Name></Name>
<Val>0.16049896368785</Val>
</DBL>
<DBL>
<Name></Name>
<Val>0.83950103631215</Val>
</DBL>
<DBL>
<Name></Name>
<Val>0.16049896368785</Val>
</DBL>
<DBL>
<Name></Name>
<Val>0.83950103631215</Val>
</DBL>
<DBL>
<Name></Name>
<Val>0.16049896368785</Val>
</DBL>
<DBL>
<Name></Name>
<Val>0.83950103631215</Val>
</DBL>
<DBL>
<Name></Name>
<Val>0.16049896368785</Val>
</DBL>
<DBL>
<Name></Name>
<Val>0.83950103631215</Val>
</DBL>
<DBL>
<Name></Name>
<Val>0.16049896368785</Val>
</DBL>
<DBL>
<Name></Name>
<Val>0.83950103631215</Val>
</DBL>
<DBL>
<Name></Name>
<Val>0.16049896368785</Val>
</DBL>
<DBL>
<Name></Name>
<Val>0.83950103631215</Val>
</DBL>
<DBL>
<Name></Name>
<Val>0.16049896368785</Val>
</DBL>
<DBL>
<Name></Name>
<Val>0.83950103631215</Val>
</DBL>
<DBL>
<Name></Name>
<Val>0.16049896368785</Val>
</DBL>
<DBL>
<Name></Name>
<Val>0.83950103631215</Val>
</DBL>
<DBL>
<Name></Name>
<Val>0.16049896368785</Val>
</DBL>
<DBL>
<Name></Name>
<Val>0.83950103631215</Val>
</DBL>
<DBL>
<Name></Name>
<Val>0.16049896368785</Val>
</DBL>
<DBL>
<Name></Name>
<Val>0.83950103631215</Val>
</DBL>
<DBL>
<Name></Name>
<Val>0.16049896368785</Val>
</DBL>
<DBL>
<Name></Name>
<Val>0.83950103631215</Val>
</DBL>
<DBL>
<Name></Name>
<Val>0.16049896368785</Val>
</DBL>
<DBL>
<Name></Name>
<Val>0.83950103631215</Val>
</DBL>
<DBL>
<Name></Name>
<Val>0.16049896368785</Val>
</DBL>
<DBL>
<Name></Name>
<Val>0.83950103631215</Val>
</DBL>
<DBL>
<Name></Name>
<Val>0.16049896368785</Val>
</DBL>
<DBL>
<Name></Name>
<Val>0.83950103631215</Val>
</DBL>
<DBL>
<Name></Name>
<Val>0.16049896368785</Val>
</DBL>
<DBL>
<Name></Name>
<Val>0.83950103631215</Val>
</DBL>
<DBL>
<Name></Name>
<Val>0.16049896368785</Val>
</DBL>
<DBL>
<Name></Name>
<Val>0.83950103631215</Val>
</DBL>
<DBL>
<Name></Name>
<Val>0.16049896368785</Val>
</DBL>
<DBL>
<Name></Name>
<Val>0.83950103631215</Val>
</DBL>
<DBL>
<Name></Name>
<Val>0.16049896368785</Val>
</DBL>
<DBL>
<Name></Name>
<Val>0.83950103631215</Val>
</DBL>
<DBL>
<Name></Name>
<Val>0.16049896368785</Val>
</DBL>
<DBL>
<Name></Name>
<Val>0.83950103631215</Val>
</DBL>
<DBL>
<Name></Name>
<Val>0.16049896368785</Val>
</DBL>
<DBL>
<Name></Name>
<Val>0.83950103631215</Val>
</DBL>
<DBL>
<Name></Name>
<Val>0.16049896368785</Val>
</DBL>
<DBL>
<Name></Name>
<Val>0.83950103631215</Val>
</DBL>
<DBL>
<Name></Name>
<Val>0.16049896368785</Val>
</DBL>
<DBL>
<Name></Name>
<Val>0.83950103631215</Val>
</DBL>
<DBL>
<Name></Name>
<Val>0.16049896368785</Val>
</DBL>
<DBL>
<Name></Name>
<Val>0.83950103631215</Val>
</DBL>
<DBL>
<Name></Name>
<Val>0.16049896368785</Val>
</DBL>
<DBL>
<Name></Name>
<Val>0.83950103631215</Val>
</DBL>
<DBL>
<Name></Name>
<Val>0.16049896368785</Val>
</DBL>
<DBL>
<Name></Name>
<Val>0.83950103631215</Val>
</DBL>
<DBL>
<Name></Name>
<Val>0.16049896368785</Val>
</DBL>
<DBL>
<Name></Name>
<Val>0.83950103631215</Val>
</DBL>
<DBL>
<Name></Name>
<Val>0.16049896368785</Val>
</DBL>
<DBL>
<Name></Name>
<Val>0.83950103631215</Val>
</DBL>
<DBL>
<Name></Name>
<Val>0.16049896368785</Val>
</DBL>
<DBL>
<Name></Name>
<Val>0.83950103631215</Val>
</DBL>
<DBL>
<Name></Name>
<Val>0.16049896368785</Val>
</DBL>
<DBL>
<Name></Name>
<Val>0.83950103631215</Val>
</DBL>
<DBL>
<Name></Name>
<Val>0.16049896368785</Val>
</DBL>
<DBL>
<Name></Name>
<Val>0.83950103631215</Val>
</DBL>
<DBL>
<Name></Name>
<Val>0.16049896368785</Val>
</DBL>
<DBL>
<Name></Name>
<Val>0.83950103631215</Val>
</DBL>
<DBL>
<Name></Name>
<Val>0.16049896368785</Val>
</DBL>
<DBL>
<Name></Name>
<Val>0.83950103631215</Val>
</DBL>
<DBL>
<Name></Name>
<Val>0.16049896368785</Val>
</DBL>
<DBL>
<Name></Name>
<Val>0.83950103631215</Val>
</DBL>
<DBL>
<Name></Name>
<Val>0.16049896368785</Val>
</DBL>
<DBL>
<Name></Name>
<Val>0.83950103631215</Val>
</DBL>
<DBL>
<Name></Name>
<Val>0.16049896368785</Val>
</DBL>
<DBL>
<Name></Name>
<Val>0.83950103631215</Val>
</DBL>
<DBL>
<Name></Name>
<Val>0.16049896368785</Val>
</DBL>
<DBL>
<Name></Name>
<Val>0.83950103631215</Val>
</DBL>
<DBL>
<Name></Name>
<Val>0.16049896368785</Val>
</DBL>
<DBL>
<Name></Name>
<Val>0.83950103631215</Val>
</DBL>
<DBL>
<Name></Name>
<Val>0.16049896368785</Val>
</DBL>
<DBL>
<Name></Name>
<Val>0.83950103631215</Val>
</DBL>
<DBL>
<Name></Name>
<Val>0.16049896368785</Val>
</DBL>
<DBL>
<Name></Name>
<Val>0.83950103631215</Val>
</DBL>
<DBL>
<Name></Name>
<Val>0.16049896368785</Val>
</DBL>
<DBL>
<Name></Name>
<Val>0.83950103631215</Val>
</DBL>
<DBL>
<Name></Name>
<Val>0.16049896368785</Val>
</DBL>
<DBL>
<Name></Name>
<Val>0.83950103631215</Val>
</DBL>
<DBL>
<Name></Name>
<Val>0.16049896368785</Val>
</DBL>
<DBL>
<Name></Name>
<Val>0.83950103631215</Val>
</DBL>
<DBL>
<Name></Name>
<Val>0.16049896368785</Val>
</DBL>
<DBL>
<Name></Name>
<Val>0.83950103631215</Val>
</DBL>
<DBL>
<Name></Name>
<Val>0.16049896368785</Val>
</DBL>
<DBL>
<Name></Name>
<Val>0.83950103631215</Val>
</DBL>
<DBL>
<Name></Name>
<Val>0.16049896368785</Val>
</DBL>
<DBL>
<Name></Name>
<Val>0.83950103631215</Val>
</DBL>
<DBL>
<Name></Name>
<Val>0.16049896368785</Val>
</DBL>
<DBL>
<Name></Name>
<Val>0.83950103631215</Val>
</DBL>
<DBL>
<Name></Name>
<Val>0.16049896368785</Val>
</DBL>
<DBL>
<Name></Name>
<Val>0.83950103631215</Val>
</DBL>
<DBL>
<Name></Name>
<Val>0.16049896368785</Val>
</DBL>
<DBL>
<Name></Name>
<Val>0.83950103631215</Val>
</DBL>
<DBL>
<Name></Name>
<Val>0.16049896368785</Val>
</DBL>
<DBL>
<Name></Name>
<Val>0.83950103631215</Val>
</DBL>
<DBL>
<Name></Name>
<Val>0.16049896368785</Val>
</DBL>
<DBL>
<Name></Name>
<Val>0.83950103631215</Val>
</DBL>
<DBL>
<Name></Name>
<Val>0.16049896368785</Val>
</DBL>
<DBL>
<Name></Name>
<Val>0.83950103631215</Val>
</DBL>
<DBL>
<Name></Name>
<Val>0.16049896368785</Val>
</DBL>
<DBL>
<Name></Name>
<Val>0.83950103631215</Val>
</DBL>
<DBL>
<Name></Name>
<Val>0.16049896368785</Val>
</DBL>
<DBL>
<Name></Name>
<Val>0.83950103631215</Val>
</DBL>
<DBL>
<Name></Name>
<Val>0.16049896368785</Val>
</DBL>
<DBL>
<Name></Name>
<Val>0.83950103631215</Val>
</DBL>
<DBL>
<Name></Name>
<Val>0.16049896368785</Val>
</DBL>
<DBL>
<Name></Name>
<Val>0.83950103631215</Val>
</DBL>
<DBL>
<Name></Name>
<Val>0.16049896368785</Val>
</DBL>
<DBL>
<Name></Name>
<Val>0.83950103631215</Val>
</DBL>
<DBL>
<Name></Name>
<Val>0.16049896368785</Val>
</DBL>
<DBL>
<Name></Name>
<Val>0.83950103631215</Val>
</DBL>
<DBL>
<Name></Name>
<Val>0.16049896368785</Val>
</DBL>
<DBL>
<Name></Name>
<Val>0.83950103631215</Val>
</DBL>
<DBL>
<Name></Name>
<Val>0.16049896368785</Val>
</DBL>
<DBL>
<Name></Name>
<Val>0.83950103631215</Val>
</DBL>
<DBL>
<Name></Name>
<Val>0.16049896368785</Val>
</DBL>
<DBL>
<Name></Name>
<Val>0.83950103631215</Val>
</DBL>
<DBL>
<Name></Name>
<Val>0.16049896368785</Val>
</DBL>
<DBL>
<Name></Name>
<Val>0.83950103631215</Val>
</DBL>
<DBL>
<Name></Name>
<Val>0.16049896368785</Val>
</DBL>
<DBL>
<Name></Name>
<Val>0.83950103631215</Val>
</DBL>
<DBL>
<Name></Name>
<Val>0.16049896368785</Val>
</DBL>
<DBL>
<Name></Name>
<Val>0.83950103631215</Val>
</DBL>
<DBL>
<Name></Name>
<Val>0.16049896368785</Val>
</DBL>
<DBL>
<Name></Name>
<Val>0.83950103631215</Val>
</DBL>
<DBL>
<Name></Name>
<Val>0.16049896368785</Val>
</DBL>
<DBL>
<Name></Name>
<Val>0.83950103631215</Val>
</DBL>
<DBL>
<Name></Name>
<Val>0.16049896368785</Val>
</DBL>
<DBL>
<Name></Name>
<Val>0.83950103631215</Val>
</DBL>
<DBL>
<Name></Name>
<Val>0.16049896368785</Val>
</DBL>
<DBL>
<Name></Name>
<Val>0.83950103631215</Val>
</DBL>
<DBL>
<Name></Name>
<Val>0.16049896368785</Val>
</DBL>
<DBL>
<Name></Name>
<Val>0.83950103631215</Val>
</DBL>
<DBL>
<Name></Name>
<Val>0.16049896368785</Val>
</DBL>
<DBL>
<Name></Name>
<Val>0.83950103631215</Val>
</DBL>
<DBL>
<Name></Name>
<Val>0.16049896368785</Val>
</DBL>
<DBL>
<Name></Name>
<Val>0.83950103631215</Val>
</DBL>
<DBL>
<Name></Name>
<Val>0.16049896368785</Val>
</DBL>
<DBL>
<Name></Name>
<Val>0.83950103631215</Val>
</DBL>
<DBL>
<Name></Name>
<Val>0.16049896368785</Val>
</DBL>
<DBL>
<Name></Name>
<Val>0.83950103631215</Val>
</DBL>
<DBL>
<Name></Name>
<Val>0.16049896368785</Val>
</DBL>
<DBL>
<Name></Name>
<Val>0.83950103631215</Val>
</DBL>
<DBL>
<Name></Name>
<Val>0.16049896368785</Val>
</DBL>
<DBL>
<Name></Name>
<Val>0.83950103631215</Val>
</DBL>
<DBL>
<Name></Name>
<Val>0.16049896368785</Val>
</DBL>
</Array>
<Array>
<Name>StateAdjacencyMatrix</Name>
<Dimsize>2</Dimsize>
<Dimsize>2</Dimsize>
<String>
<Name></Name>
<Val>@</Val>
</String>
<String>
<Name></Name>
<Val>A</Val>
</String>
<String>
<Name></Name>
<Val>B</Val>
</String>
<String>
<Name></Name>
<Val>@</Val>
</String>
</Array>
<Cluster>
<Name>IntegrationParams</Name>
<NumElts>4</NumElts>
<DBL>
<Name>time start</Name>
<Val>0.00000000000000</Val>
</DBL>
<DBL>
<Name>time end</Name>
<Val>999.00000000000000</Val>
</DBL>
<DBL>
<Name>h (step rate)</Name>
<Val>1.00000000000000</Val>
</DBL>
<Array>
<Name>X0</Name>
<Dimsize>2</Dimsize>
<I32>
<Name></Name>
<Val>1</Val>
</I32>
<I32>
<Name></Name>
<Val>0</Val>
</I32>
</Array>
</Cluster>
<Array>
<Name>StateNames</Name>
<Dimsize>2</Dimsize>
<String>
<Name>string</Name>
<Val>a</Val>
</String>
<String>
<Name>string</Name>
<Val>b</Val>
</String>
</Array>
</Cluster>
</LVData>