<?xml version='1.0' standalone='yes' ?>
<LVData xmlns="http://www.ni.com/LVData">
<Version>10.0.1</Version>
<Cluster>
<Name>ModelData</Name>
<NumElts>7</NumElts>
<Array>
<Name>Transitions</Name>
<Dimsize>2</Dimsize>
<Dimsize>2</Dimsize>
<String>
<Name>string</Name>
<Val>A</Val>
</String>
<String>
<Name>string</Name>
<Val>A</Val>
</String>
<String>
<Name>string</Name>
<Val>B</Val>
</String>
<String>
<Name>string</Name>
<Val>B</Val>
</String>
</Array>
<Array>
<Name>RealValues</Name>
<Dimsize>2</Dimsize>
<Dimsize>2</Dimsize>
<String>
<Name>string</Name>
<Val>A</Val>
</String>
<String>
<Name>string</Name>
<Val>0,004186</Val>
</String>
<String>
<Name>string</Name>
<Val>B</Val>
</String>
<String>
<Name>string</Name>
<Val>0,000546</Val>
</String>
</Array>
<Array>
<Name>Times</Name>
<Dimsize>100</Dimsize>
<DBL>
<Name></Name>
<Val>0.00000000000000</Val>
</DBL>
<DBL>
<Name></Name>
<Val>10.00000000000000</Val>
</DBL>
<DBL>
<Name></Name>
<Val>20.00000000000000</Val>
</DBL>
<DBL>
<Name></Name>
<Val>30.00000000000000</Val>
</DBL>
<DBL>
<Name></Name>
<Val>40.00000000000000</Val>
</DBL>
<DBL>
<Name></Name>
<Val>50.00000000000000</Val>
</DBL>
<DBL>
<Name></Name>
<Val>60.00000000000000</Val>
</DBL>
<DBL>
<Name></Name>
<Val>70.00000000000000</Val>
</DBL>
<DBL>
<Name></Name>
<Val>80.00000000000000</Val>
</DBL>
<DBL>
<Name></Name>
<Val>90.00000000000000</Val>
</DBL>
<DBL>
<Name></Name>
<Val>100.00000000000000</Val>
</DBL>
<DBL>
<Name></Name>
<Val>110.00000000000000</Val>
</DBL>
<DBL>
<Name></Name>
<Val>120.00000000000000</Val>
</DBL>
<DBL>
<Name></Name>
<Val>130.00000000000000</Val>
</DBL>
<DBL>
<Name></Name>
<Val>140.00000000000000</Val>
</DBL>
<DBL>
<Name></Name>
<Val>150.00000000000000</Val>
</DBL>
<DBL>
<Name></Name>
<Val>160.00000000000000</Val>
</DBL>
<DBL>
<Name></Name>
<Val>170.00000000000000</Val>
</DBL>
<DBL>
<Name></Name>
<Val>180.00000000000000</Val>
</DBL>
<DBL>
<Name></Name>
<Val>190.00000000000000</Val>
</DBL>
<DBL>
<Name></Name>
<Val>200.00000000000000</Val>
</DBL>
<DBL>
<Name></Name>
<Val>210.00000000000000</Val>
</DBL>
<DBL>
<Name></Name>
<Val>220.00000000000000</Val>
</DBL>
<DBL>
<Name></Name>
<Val>230.00000000000000</Val>
</DBL>
<DBL>
<Name></Name>
<Val>240.00000000000000</Val>
</DBL>
<DBL>
<Name></Name>
<Val>250.00000000000000</Val>
</DBL>
<DBL>
<Name></Name>
<Val>260.00000000000000</Val>
</DBL>
<DBL>
<Name></Name>
<Val>270.00000000000000</Val>
</DBL>
<DBL>
<Name></Name>
<Val>280.00000000000000</Val>
</DBL>
<DBL>
<Name></Name>
<Val>290.00000000000000</Val>
</DBL>
<DBL>
<Name></Name>
<Val>300.00000000000000</Val>
</DBL>
<DBL>
<Name></Name>
<Val>310.00000000000000</Val>
</DBL>
<DBL>
<Name></Name>
<Val>320.00000000000000</Val>
</DBL>
<DBL>
<Name></Name>
<Val>330.00000000000000</Val>
</DBL>
<DBL>
<Name></Name>
<Val>340.00000000000000</Val>
</DBL>
<DBL>
<Name></Name>
<Val>350.00000000000000</Val>
</DBL>
<DBL>
<Name></Name>
<Val>360.00000000000000</Val>
</DBL>
<DBL>
<Name></Name>
<Val>370.00000000000000</Val>
</DBL>
<DBL>
<Name></Name>
<Val>380.00000000000000</Val>
</DBL>
<DBL>
<Name></Name>
<Val>390.00000000000000</Val>
</DBL>
<DBL>
<Name></Name>
<Val>400.00000000000000</Val>
</DBL>
<DBL>
<Name></Name>
<Val>410.00000000000000</Val>
</DBL>
<DBL>
<Name></Name>
<Val>420.00000000000000</Val>
</DBL>
<DBL>
<Name></Name>
<Val>430.00000000000000</Val>
</DBL>
<DBL>
<Name></Name>
<Val>440.00000000000000</Val>
</DBL>
<DBL>
<Name></Name>
<Val>450.00000000000000</Val>
</DBL>
<DBL>
<Name></Name>
<Val>460.00000000000000</Val>
</DBL>
<DBL>
<Name></Name>
<Val>470.00000000000000</Val>
</DBL>
<DBL>
<Name></Name>
<Val>480.00000000000000</Val>
</DBL>
<DBL>
<Name></Name>
<Val>490.00000000000000</Val>
</DBL>
<DBL>
<Name></Name>
<Val>500.00000000000000</Val>
</DBL>
<DBL>
<Name></Name>
<Val>510.00000000000000</Val>
</DBL>
<DBL>
<Name></Name>
<Val>520.00000000000000</Val>
</DBL>
<DBL>
<Name></Name>
<Val>530.00000000000000</Val>
</DBL>
<DBL>
<Name></Name>
<Val>540.00000000000000</Val>
</DBL>
<DBL>
<Name></Name>
<Val>550.00000000000000</Val>
</DBL>
<DBL>
<Name></Name>
<Val>560.00000000000000</Val>
</DBL>
<DBL>
<Name></Name>
<Val>570.00000000000000</Val>
</DBL>
<DBL>
<Name></Name>
<Val>580.00000000000000</Val>
</DBL>
<DBL>
<Name></Name>
<Val>590.00000000000000</Val>
</DBL>
<DBL>
<Name></Name>
<Val>600.00000000000000</Val>
</DBL>
<DBL>
<Name></Name>
<Val>610.00000000000000</Val>
</DBL>
<DBL>
<Name></Name>
<Val>620.00000000000000</Val>
</DBL>
<DBL>
<Name></Name>
<Val>630.00000000000000</Val>
</DBL>
<DBL>
<Name></Name>
<Val>640.00000000000000</Val>
</DBL>
<DBL>
<Name></Name>
<Val>650.00000000000000</Val>
</DBL>
<DBL>
<Name></Name>
<Val>660.00000000000000</Val>
</DBL>
<DBL>
<Name></Name>
<Val>670.00000000000000</Val>
</DBL>
<DBL>
<Name></Name>
<Val>680.00000000000000</Val>
</DBL>
<DBL>
<Name></Name>
<Val>690.00000000000000</Val>
</DBL>
<DBL>
<Name></Name>
<Val>700.00000000000000</Val>
</DBL>
<DBL>
<Name></Name>
<Val>710.00000000000000</Val>
</DBL>
<DBL>
<Name></Name>
<Val>720.00000000000000</Val>
</DBL>
<DBL>
<Name></Name>
<Val>730.00000000000000</Val>
</DBL>
<DBL>
<Name></Name>
<Val>740.00000000000000</Val>
</DBL>
<DBL>
<Name></Name>
<Val>750.00000000000000</Val>
</DBL>
<DBL>
<Name></Name>
<Val>760.00000000000000</Val>
</DBL>
<DBL>
<Name></Name>
<Val>770.00000000000000</Val>
</DBL>
<DBL>
<Name></Name>
<Val>780.00000000000000</Val>
</DBL>
<DBL>
<Name></Name>
<Val>790.00000000000000</Val>
</DBL>
<DBL>
<Name></Name>
<Val>800.00000000000000</Val>
</DBL>
<DBL>
<Name></Name>
<Val>810.00000000000000</Val>
</DBL>
<DBL>
<Name></Name>
<Val>820.00000000000000</Val>
</DBL>
<DBL>
<Name></Name>
<Val>830.00000000000000</Val>
</DBL>
<DBL>
<Name></Name>
<Val>840.00000000000000</Val>
</DBL>
<DBL>
<Name></Name>
<Val>850.00000000000000</Val>
</DBL>
<DBL>
<Name></Name>
<Val>860.00000000000000</Val>
</DBL>
<DBL>
<Name></Name>
<Val>870.00000000000000</Val>
</DBL>
<DBL>
<Name></Name>
<Val>880.00000000000000</Val>
</DBL>
<DBL>
<Name></Name>
<Val>890.00000000000000</Val>
</DBL>
<DBL>
<Name></Name>
<Val>900.00000000000000</Val>
</DBL>
<DBL>
<Name></Name>
<Val>910.00000000000000</Val>
</DBL>
<DBL>
<Name></Name>
<Val>920.00000000000000</Val>
</DBL>
<DBL>
<Name></Name>
<Val>930.00000000000000</Val>
</DBL>
<DBL>
<Name></Name>
<Val>940.00000000000000</Val>
</DBL>
<DBL>
<Name></Name>
<Val>950.00000000000000</Val>
</DBL>
<DBL>
<Name></Name>
<Val>960.00000000000000</Val>
</DBL>
<DBL>
<Name></Name>
<Val>970.00000000000000</Val>
</DBL>
<DBL>
<Name></Name>
<Val>980.00000000000000</Val>
</DBL>
<DBL>
<Name></Name>
<Val>990.00000000000000</Val>
</DBL>
</Array>
<Array>
<Name>RealSolution</Name>
<Dimsize>100</Dimsize>
<Dimsize>2</Dimsize>
<DBL>
<Name></Name>
<Val>1.00000000000000</Val>
</DBL>
<DBL>
<Name></Name>
<Val>0.00000000000000</Val>
</DBL>
<DBL>
<Name></Name>
<Val>0.95902021159568</Val>
</DBL>
<DBL>
<Name></Name>
<Val>4.09797884043207E-2</Val>
</DBL>
<DBL>
<Name></Name>
<Val>0.91993881099567</Val>
</DBL>
<DBL>
<Name></Name>
<Val>8.00611890043268E-2</Val>
</DBL>
<DBL>
<Name></Name>
<Val>0.88266785542634</Val>
</DBL>
<DBL>
<Name></Name>
<Val>0.11733214457366</Val>
</DBL>
<DBL>
<Name></Name>
<Val>0.84712347606110</Val>
</DBL>
<DBL>
<Name></Name>
<Val>0.15287652393889</Val>
</DBL>
<DBL>
<Name></Name>
<Val>0.81322568929496</Val>
</DBL>
<DBL>
<Name></Name>
<Val>0.18677431070504</Val>
</DBL>
<DBL>
<Name></Name>
<Val>0.78089821676166</Val>
</DBL>
<DBL>
<Name></Name>
<Val>0.21910178323834</Val>
</DBL>
<DBL>
<Name></Name>
<Val>0.75006831368860</Val>
</DBL>
<DBL>
<Name></Name>
<Val>0.24993168631140</Val>
</DBL>
<DBL>
<Name></Name>
<Val>0.72066660520319</Val>
</DBL>
<DBL>
<Name></Name>
<Val>0.27933339479681</Val>
</DBL>
<DBL>
<Name></Name>
<Val>0.69262693022230</Val>
</DBL>
<DBL>
<Name></Name>
<Val>0.30737306977770</Val>
</DBL>
<DBL>
<Name></Name>
<Val>0.66588619257353</Val>
</DBL>
<DBL>
<Name></Name>
<Val>0.33411380742647</Val>
</DBL>
<DBL>
<Name></Name>
<Val>0.64038421901329</Val>
</DBL>
<DBL>
<Name></Name>
<Val>0.35961578098671</Val>
</DBL>
<DBL>
<Name></Name>
<Val>0.61606362382218</Val>
</DBL>
<DBL>
<Name></Name>
<Val>0.38393637617782</Val>
</DBL>
<DBL>
<Name></Name>
<Val>0.59286967967302</Val>
</DBL>
<DBL>
<Name></Name>
<Val>0.40713032032698</Val>
</DBL>
<DBL>
<Name></Name>
<Val>0.57075019448085</Val>
</DBL>
<DBL>
<Name></Name>
<Val>0.42924980551915</Val>
</DBL>
<DBL>
<Name></Name>
<Val>0.54965539395793</Val>
</DBL>
<DBL>
<Name></Name>
<Val>0.45034460604207</Val>
</DBL>
<DBL>
<Name></Name>
<Val>0.52953780960928</Val>
</DBL>
<DBL>
<Name></Name>
<Val>0.47046219039072</Val>
</DBL>
<DBL>
<Name></Name>
<Val>0.51035217191694</Val>
</DBL>
<DBL>
<Name></Name>
<Val>0.48964782808306</Val>
</DBL>
<DBL>
<Name></Name>
<Val>0.49205530847237</Val>
</DBL>
<DBL>
<Name></Name>
<Val>0.50794469152763</Val>
</DBL>
<DBL>
<Name></Name>
<Val>0.47460604682794</Val>
</DBL>
<DBL>
<Name></Name>
<Val>0.52539395317206</Val>
</DBL>
<DBL>
<Name></Name>
<Val>0.45796512184873</Val>
</DBL>
<DBL>
<Name></Name>
<Val>0.54203487815127</Val>
</DBL>
<DBL>
<Name></Name>
<Val>0.44209508735634</Val>
</DBL>
<DBL>
<Name></Name>
<Val>0.55790491264366</Val>
</DBL>
<DBL>
<Name></Name>
<Val>0.42696023186578</Val>
</DBL>
<DBL>
<Name></Name>
<Val>0.57303976813422</Val>
</DBL>
<DBL>
<Name></Name>
<Val>0.41252649822583</Val>
</DBL>
<DBL>
<Name></Name>
<Val>0.58747350177417</Val>
</DBL>
<DBL>
<Name></Name>
<Val>0.39876140698203</Val>
</DBL>
<DBL>
<Name></Name>
<Val>0.60123859301797</Val>
</DBL>
<DBL>
<Name></Name>
<Val>0.38563398328998</Val>
</DBL>
<DBL>
<Name></Name>
<Val>0.61436601671002</Val>
</DBL>
<DBL>
<Name></Name>
<Val>0.37311468721423</Val>
</DBL>
<DBL>
<Name></Name>
<Val>0.62688531278577</Val>
</DBL>
<DBL>
<Name></Name>
<Val>0.36117534725622</Val>
</DBL>
<DBL>
<Name></Name>
<Val>0.63882465274378</Val>
</DBL>
<DBL>
<Name></Name>
<Val>0.34978909696144</Val>
</DBL>
<DBL>
<Name></Name>
<Val>0.65021090303856</Val>
</DBL>
<DBL>
<Name></Name>
<Val>0.33893031446330</Val>
</DBL>
<DBL>
<Name></Name>
<Val>0.66106968553669</Val>
</DBL>
<DBL>
<Name></Name>
<Val>0.32857456482763</Val>
</DBL>
<DBL>
<Name></Name>
<Val>0.67142543517237</Val>
</DBL>
<DBL>
<Name></Name>
<Val>0.31869854506804</Val>
</DBL>
<DBL>
<Name></Name>
<Val>0.68130145493196</Val>
</DBL>
<DBL>
<Name></Name>
<Val>0.30928003170847</Val>
</DBL>
<DBL>
<Name></Name>
<Val>0.69071996829153</Val>
</DBL>
<DBL>
<Name></Name>
<Val>0.30029783077493</Val>
</DBL>
<DBL>
<Name></Name>
<Val>0.69970216922507</Val>
</DBL>
<DBL>
<Name></Name>
<Val>0.29173173010379</Val>
</DBL>
<DBL>
<Name></Name>
<Val>0.70826826989621</Val>
</DBL>
<DBL>
<Name></Name>
<Val>0.28356245385946</Val>
</DBL>
<DBL>
<Name></Name>
<Val>0.71643754614054</Val>
</DBL>
<DBL>
<Name></Name>
<Val>0.27577161915903</Val>
</DBL>
<DBL>
<Name></Name>
<Val>0.72422838084097</Val>
</DBL>
<DBL>
<Name></Name>
<Val>0.26834169470623</Val>
</DBL>
<DBL>
<Name></Name>
<Val>0.73165830529377</Val>
</DBL>
<DBL>
<Name></Name>
<Val>0.26125596134170</Val>
</DBL>
<DBL>
<Name></Name>
<Val>0.73874403865830</Val>
</DBL>
<DBL>
<Name></Name>
<Val>0.25449847442079</Val>
</DBL>
<DBL>
<Name></Name>
<Val>0.74550152557921</Val>
</DBL>
<DBL>
<Name></Name>
<Val>0.24805402793415</Val>
</DBL>
<DBL>
<Name></Name>
<Val>0.75194597206585</Val>
</DBL>
<DBL>
<Name></Name>
<Val>0.24190812029049</Val>
</DBL>
<DBL>
<Name></Name>
<Val>0.75809187970951</Val>
</DBL>
<DBL>
<Name></Name>
<Val>0.23604692168442</Val>
</DBL>
<DBL>
<Name></Name>
<Val>0.76395307831558</Val>
</DBL>
<DBL>
<Name></Name>
<Val>0.23045724297598</Val>
</DBL>
<DBL>
<Name></Name>
<Val>0.76954275702402</Val>
</DBL>
<DBL>
<Name></Name>
<Val>0.22512650601184</Val>
</DBL>
<DBL>
<Name></Name>
<Val>0.77487349398817</Val>
</DBL>
<DBL>
<Name></Name>
<Val>0.22004271532132</Val>
</DBL>
<DBL>
<Name></Name>
<Val>0.77995728467868</Val>
</DBL>
<DBL>
<Name></Name>
<Val>0.21519443112370</Val>
</DBL>
<DBL>
<Name></Name>
<Val>0.78480556887630</Val>
</DBL>
<DBL>
<Name></Name>
<Val>0.21057074358582</Val>
</DBL>
<DBL>
<Name></Name>
<Val>0.78942925641418</Val>
</DBL>
<DBL>
<Name></Name>
<Val>0.20616124827232</Val>
</DBL>
<DBL>
<Name></Name>
<Val>0.79383875172768</Val>
</DBL>
<DBL>
<Name></Name>
<Val>0.20195602273307</Val>
</DBL>
<DBL>
<Name></Name>
<Val>0.79804397726693</Val>
</DBL>
<DBL>
<Name></Name>
<Val>0.19794560417524</Val>
</DBL>
<DBL>
<Name></Name>
<Val>0.80205439582476</Val>
</DBL>
<DBL>
<Name></Name>
<Val>0.19412096816966</Val>
</DBL>
<DBL>
<Name></Name>
<Val>0.80587903183034</Val>
</DBL>
<DBL>
<Name></Name>
<Val>0.19047350834365</Val>
</DBL>
<DBL>
<Name></Name>
<Val>0.80952649165635</Val>
</DBL>
<DBL>
<Name></Name>
<Val>0.18699501701454</Val>
</DBL>
<DBL>
<Name></Name>
<Val>0.81300498298546</Val>
</DBL>
<DBL>
<Name></Name>
<Val>0.18367766672042</Val>
</DBL>
<DBL>
<Name></Name>
<Val>0.81632233327958</Val>
</DBL>
<DBL>
<Name></Name>
<Val>0.18051399260633</Val>
</DBL>
<DBL>
<Name></Name>
<Val>0.81948600739367</Val>
</DBL>
<DBL>
<Name></Name>
<Val>0.17749687562661</Val>
</DBL>
<DBL>
<Name></Name>
<Val>0.82250312437339</Val>
</DBL>
<DBL>
<Name></Name>
<Val>0.17461952652518</Val>
</DBL>
<DBL>
<Name></Name>
<Val>0.82538047347482</Val>
</DBL>
<DBL>
<Name></Name>
<Val>0.17187547055814</Val>
</DBL>
<DBL>
<Name></Name>
<Val>0.82812452944186</Val>
</DBL>
<DBL>
<Name></Name>
<Val>0.16925853292394</Val>
</DBL>
<DBL>
<Name></Name>
<Val>0.83074146707606</Val>
</DBL>
<DBL>
<Name></Name>
<Val>0.16676282486859</Val>
</DBL>
<DBL>
<Name></Name>
<Val>0.83323717513141</Val>
</DBL>
<DBL>
<Name></Name>
<Val>0.16438273043449</Val>
</DBL>
<DBL>
<Name></Name>
<Val>0.83561726956551</Val>
</DBL>
<DBL>
<Name></Name>
<Val>0.16211289382315</Val>
</DBL>
<DBL>
<Name></Name>
<Val>0.83788710617685</Val>
</DBL>
<DBL>
<Name></Name>
<Val>0.15994820734334</Val>
</DBL>
<DBL>
<Name></Name>
<Val>0.84005179265666</Val>
</DBL>
<DBL>
<Name></Name>
<Val>0.15788379991750</Val>
</DBL>
<DBL>
<Name></Name>
<Val>0.84211620008250</Val>
</DBL>
<DBL>
<Name></Name>
<Val>0.15591502612066</Val>
</DBL>
<DBL>
<Name></Name>
<Val>0.84408497387934</Val>
</DBL>
<DBL>
<Name></Name>
<Val>0.15403745572703</Val>
</DBL>
<DBL>
<Name></Name>
<Val>0.84596254427297</Val>
</DBL>
<DBL>
<Name></Name>
<Val>0.15224686374095</Val>
</DBL>
<DBL>
<Name></Name>
<Val>0.84775313625905</Val>
</DBL>
<DBL>
<Name></Name>
<Val>0.15053922088958</Val>
</DBL>
<DBL>
<Name></Name>
<Val>0.84946077911042</Val>
</DBL>
<DBL>
<Name></Name>
<Val>0.14891068455607</Val>
</DBL>
<DBL>
<Name></Name>
<Val>0.85108931544393</Val>
</DBL>
<DBL>
<Name></Name>
<Val>0.14735759013270</Val>
</DBL>
<DBL>
<Name></Name>
<Val>0.85264240986730</Val>
</DBL>
<DBL>
<Name></Name>
<Val>0.14587644277462</Val>
</DBL>
<DBL>
<Name></Name>
<Val>0.85412355722538</Val>
</DBL>
<DBL>
<Name></Name>
<Val>0.14446390953562</Val>
</DBL>
<DBL>
<Name></Name>
<Val>0.85553609046438</Val>
</DBL>
<DBL>
<Name></Name>
<Val>0.14311681186811</Val>
</DBL>
<DBL>
<Name></Name>
<Val>0.85688318813189</Val>
</DBL>
<DBL>
<Name></Name>
<Val>0.14183211847068</Val>
</DBL>
<DBL>
<Name></Name>
<Val>0.85816788152932</Val>
</DBL>
<DBL>
<Name></Name>
<Val>0.14060693846688</Val>
</DBL>
<DBL>
<Name></Name>
<Val>0.85939306153312</Val>
</DBL>
<DBL>
<Name></Name>
<Val>0.13943851490003</Val>
</DBL>
<DBL>
<Name></Name>
<Val>0.86056148509997</Val>
</DBL>
<DBL>
<Name></Name>
<Val>0.13832421852945</Val>
</DBL>
<DBL>
<Name></Name>
<Val>0.86167578147055</Val>
</DBL>
<DBL>
<Name></Name>
<Val>0.13726154191394</Val>
</DBL>
<DBL>
<Name></Name>
<Val>0.86273845808607</Val>
</DBL>
<DBL>
<Name></Name>
<Val>0.13624809376947</Val>
</DBL>
<DBL>
<Name></Name>
<Val>0.86375190623054</Val>
</DBL>
<DBL>
<Name></Name>
<Val>0.13528159358819</Val>
</DBL>
<DBL>
<Name></Name>
<Val>0.86471840641181</Val>
</DBL>
<DBL>
<Name></Name>
<Val>0.13435986650674</Val>
</DBL>
<DBL>
<Name></Name>
<Val>0.86564013349326</Val>
</DBL>
<DBL>
<Name></Name>
<Val>0.13348083841224</Val>
</DBL>
<DBL>
<Name></Name>
<Val>0.86651916158776</Val>
</DBL>
<DBL>
<Name></Name>
<Val>0.13264253127505</Val>
</DBL>
<DBL>
<Name></Name>
<Val>0.86735746872495</Val>
</DBL>
<DBL>
<Name></Name>
<Val>0.13184305869772</Val>
</DBL>
<DBL>
<Name></Name>
<Val>0.86815694130229</Val>
</DBL>
<DBL>
<Name></Name>
<Val>0.13108062167009</Val>
</DBL>
<DBL>
<Name></Name>
<Val>0.86891937832991</Val>
</DBL>
<DBL>
<Name></Name>
<Val>0.13035350452115</Val>
</DBL>
<DBL>
<Name></Name>
<Val>0.86964649547885</Val>
</DBL>
<DBL>
<Name></Name>
<Val>0.12966007105828</Val>
</DBL>
<DBL>
<Name></Name>
<Val>0.87033992894172</Val>
</DBL>
<DBL>
<Name></Name>
<Val>0.12899876088546</Val>
</DBL>
<DBL>
<Name></Name>
<Val>0.87100123911454</Val>
</DBL>
<DBL>
<Name></Name>
<Val>0.12836808589197</Val>
</DBL>
<DBL>
<Name></Name>
<Val>0.87163191410803</Val>
</DBL>
<DBL>
<Name></Name>
<Val>0.12776662690381</Val>
</DBL>
<DBL>
<Name></Name>
<Val>0.87223337309619</Val>
</DBL>
<DBL>
<Name></Name>
<Val>0.12719303049016</Val>
</DBL>
<DBL>
<Name></Name>
<Val>0.87280696950985</Val>
</DBL>
<DBL>
<Name></Name>
<Val>0.12664600591786</Val>
</DBL>
<DBL>
<Name></Name>
<Val>0.87335399408214</Val>
</DBL>
<DBL>
<Name></Name>
<Val>0.12612432224695</Val>
</DBL>
<DBL>
<Name></Name>
<Val>0.87387567775305</Val>
</DBL>
<DBL>
<Name></Name>
<Val>0.12562680556072</Val>
</DBL>
<DBL>
<Name></Name>
<Val>0.87437319443928</Val>
</DBL>
<DBL>
<Name></Name>
<Val>0.12515233632413</Val>
</DBL>
<DBL>
<Name></Name>
<Val>0.87484766367587</Val>
</DBL>
<DBL>
<Name></Name>
<Val>0.12469984686458</Val>
</DBL>
<DBL>
<Name></Name>
<Val>0.87530015313542</Val>
</DBL>
<DBL>
<Name></Name>
<Val>0.12426831896938</Val>
</DBL>
<DBL>
<Name></Name>
<Val>0.87573168103062</Val>
</DBL>
<DBL>
<Name></Name>
<Val>0.12385678159451</Val>
</DBL>
<DBL>
<Name></Name>
<Val>0.87614321840549</Val>
</DBL>
<DBL>
<Name></Name>
<Val>0.12346430867956</Val>
</DBL>
<DBL>
<Name></Name>
<Val>0.87653569132044</Val>
</DBL>
</Array>
<Array>
<Name>StateAdjacencyMatrix</Name>
<Dimsize>2</Dimsize>
<Dimsize>2</Dimsize>
<String>
<Name></Name>
<Val>@</Val>
</String>
<String>
<Name></Name>
<Val>A</Val>
</String>
<String>
<Name></Name>
<Val>B</Val>
</String>
<String>
<Name></Name>
<Val>@</Val>
</String>
</Array>
<Cluster>
<Name>IntegrationParams</Name>
<NumElts>4</NumElts>
<DBL>
<Name>time start</Name>
<Val>0.00000000000000</Val>
</DBL>
<DBL>
<Name>time end</Name>
<Val>999.00000000000000</Val>
</DBL>
<DBL>
<Name>h (step rate)</Name>
<Val>1.00000000000000</Val>
</DBL>
<Array>
<Name>X0</Name>
<Dimsize>2</Dimsize>
<I32>
<Name></Name>
<Val>1</Val>
</I32>
<I32>
<Name></Name>
<Val>0</Val>
</I32>
</Array>
</Cluster>
<Array>
<Name>StateNames</Name>
<Dimsize>2</Dimsize>
<String>
<Name>string</Name>
<Val>a</Val>
</String>
<String>
<Name>string</Name>
<Val>b</Val>
</String>
</Array>
</Cluster>
</LVData>