<?xml version='1.0' standalone='yes' ?>
<LVData xmlns="http://www.ni.com/LVData">
<Version>10.0.1</Version>
<Cluster>
<Name>ModelData</Name>
<NumElts>7</NumElts>
<Array>
<Name>Transitions</Name>
<Dimsize>1</Dimsize>
<Dimsize>2</Dimsize>
<String>
<Name>string</Name>
<Val>A</Val>
</String>
<String>
<Name>string</Name>
<Val>A</Val>
</String>
</Array>
<Array>
<Name>RealValues</Name>
<Dimsize>1</Dimsize>
<Dimsize>2</Dimsize>
<String>
<Name>string</Name>
<Val>A</Val>
</String>
<String>
<Name>string</Name>
<Val>0,006459</Val>
</String>
</Array>
<Array>
<Name>Times</Name>
<Dimsize>100</Dimsize>
<DBL>
<Name></Name>
<Val>0.00000000000000</Val>
</DBL>
<DBL>
<Name></Name>
<Val>10.00000000000000</Val>
</DBL>
<DBL>
<Name></Name>
<Val>20.00000000000000</Val>
</DBL>
<DBL>
<Name></Name>
<Val>30.00000000000000</Val>
</DBL>
<DBL>
<Name></Name>
<Val>40.00000000000000</Val>
</DBL>
<DBL>
<Name></Name>
<Val>50.00000000000000</Val>
</DBL>
<DBL>
<Name></Name>
<Val>60.00000000000000</Val>
</DBL>
<DBL>
<Name></Name>
<Val>70.00000000000000</Val>
</DBL>
<DBL>
<Name></Name>
<Val>80.00000000000000</Val>
</DBL>
<DBL>
<Name></Name>
<Val>90.00000000000000</Val>
</DBL>
<DBL>
<Name></Name>
<Val>100.00000000000000</Val>
</DBL>
<DBL>
<Name></Name>
<Val>110.00000000000000</Val>
</DBL>
<DBL>
<Name></Name>
<Val>120.00000000000000</Val>
</DBL>
<DBL>
<Name></Name>
<Val>130.00000000000000</Val>
</DBL>
<DBL>
<Name></Name>
<Val>140.00000000000000</Val>
</DBL>
<DBL>
<Name></Name>
<Val>150.00000000000000</Val>
</DBL>
<DBL>
<Name></Name>
<Val>160.00000000000000</Val>
</DBL>
<DBL>
<Name></Name>
<Val>170.00000000000000</Val>
</DBL>
<DBL>
<Name></Name>
<Val>180.00000000000000</Val>
</DBL>
<DBL>
<Name></Name>
<Val>190.00000000000000</Val>
</DBL>
<DBL>
<Name></Name>
<Val>200.00000000000000</Val>
</DBL>
<DBL>
<Name></Name>
<Val>210.00000000000000</Val>
</DBL>
<DBL>
<Name></Name>
<Val>220.00000000000000</Val>
</DBL>
<DBL>
<Name></Name>
<Val>230.00000000000000</Val>
</DBL>
<DBL>
<Name></Name>
<Val>240.00000000000000</Val>
</DBL>
<DBL>
<Name></Name>
<Val>250.00000000000000</Val>
</DBL>
<DBL>
<Name></Name>
<Val>260.00000000000000</Val>
</DBL>
<DBL>
<Name></Name>
<Val>270.00000000000000</Val>
</DBL>
<DBL>
<Name></Name>
<Val>280.00000000000000</Val>
</DBL>
<DBL>
<Name></Name>
<Val>290.00000000000000</Val>
</DBL>
<DBL>
<Name></Name>
<Val>300.00000000000000</Val>
</DBL>
<DBL>
<Name></Name>
<Val>310.00000000000000</Val>
</DBL>
<DBL>
<Name></Name>
<Val>320.00000000000000</Val>
</DBL>
<DBL>
<Name></Name>
<Val>330.00000000000000</Val>
</DBL>
<DBL>
<Name></Name>
<Val>340.00000000000000</Val>
</DBL>
<DBL>
<Name></Name>
<Val>350.00000000000000</Val>
</DBL>
<DBL>
<Name></Name>
<Val>360.00000000000000</Val>
</DBL>
<DBL>
<Name></Name>
<Val>370.00000000000000</Val>
</DBL>
<DBL>
<Name></Name>
<Val>380.00000000000000</Val>
</DBL>
<DBL>
<Name></Name>
<Val>390.00000000000000</Val>
</DBL>
<DBL>
<Name></Name>
<Val>400.00000000000000</Val>
</DBL>
<DBL>
<Name></Name>
<Val>410.00000000000000</Val>
</DBL>
<DBL>
<Name></Name>
<Val>420.00000000000000</Val>
</DBL>
<DBL>
<Name></Name>
<Val>430.00000000000000</Val>
</DBL>
<DBL>
<Name></Name>
<Val>440.00000000000000</Val>
</DBL>
<DBL>
<Name></Name>
<Val>450.00000000000000</Val>
</DBL>
<DBL>
<Name></Name>
<Val>460.00000000000000</Val>
</DBL>
<DBL>
<Name></Name>
<Val>470.00000000000000</Val>
</DBL>
<DBL>
<Name></Name>
<Val>480.00000000000000</Val>
</DBL>
<DBL>
<Name></Name>
<Val>490.00000000000000</Val>
</DBL>
<DBL>
<Name></Name>
<Val>500.00000000000000</Val>
</DBL>
<DBL>
<Name></Name>
<Val>510.00000000000000</Val>
</DBL>
<DBL>
<Name></Name>
<Val>520.00000000000000</Val>
</DBL>
<DBL>
<Name></Name>
<Val>530.00000000000000</Val>
</DBL>
<DBL>
<Name></Name>
<Val>540.00000000000000</Val>
</DBL>
<DBL>
<Name></Name>
<Val>550.00000000000000</Val>
</DBL>
<DBL>
<Name></Name>
<Val>560.00000000000000</Val>
</DBL>
<DBL>
<Name></Name>
<Val>570.00000000000000</Val>
</DBL>
<DBL>
<Name></Name>
<Val>580.00000000000000</Val>
</DBL>
<DBL>
<Name></Name>
<Val>590.00000000000000</Val>
</DBL>
<DBL>
<Name></Name>
<Val>600.00000000000000</Val>
</DBL>
<DBL>
<Name></Name>
<Val>610.00000000000000</Val>
</DBL>
<DBL>
<Name></Name>
<Val>620.00000000000000</Val>
</DBL>
<DBL>
<Name></Name>
<Val>630.00000000000000</Val>
</DBL>
<DBL>
<Name></Name>
<Val>640.00000000000000</Val>
</DBL>
<DBL>
<Name></Name>
<Val>650.00000000000000</Val>
</DBL>
<DBL>
<Name></Name>
<Val>660.00000000000000</Val>
</DBL>
<DBL>
<Name></Name>
<Val>670.00000000000000</Val>
</DBL>
<DBL>
<Name></Name>
<Val>680.00000000000000</Val>
</DBL>
<DBL>
<Name></Name>
<Val>690.00000000000000</Val>
</DBL>
<DBL>
<Name></Name>
<Val>700.00000000000000</Val>
</DBL>
<DBL>
<Name></Name>
<Val>710.00000000000000</Val>
</DBL>
<DBL>
<Name></Name>
<Val>720.00000000000000</Val>
</DBL>
<DBL>
<Name></Name>
<Val>730.00000000000000</Val>
</DBL>
<DBL>
<Name></Name>
<Val>740.00000000000000</Val>
</DBL>
<DBL>
<Name></Name>
<Val>750.00000000000000</Val>
</DBL>
<DBL>
<Name></Name>
<Val>760.00000000000000</Val>
</DBL>
<DBL>
<Name></Name>
<Val>770.00000000000000</Val>
</DBL>
<DBL>
<Name></Name>
<Val>780.00000000000000</Val>
</DBL>
<DBL>
<Name></Name>
<Val>790.00000000000000</Val>
</DBL>
<DBL>
<Name></Name>
<Val>800.00000000000000</Val>
</DBL>
<DBL>
<Name></Name>
<Val>810.00000000000000</Val>
</DBL>
<DBL>
<Name></Name>
<Val>820.00000000000000</Val>
</DBL>
<DBL>
<Name></Name>
<Val>830.00000000000000</Val>
</DBL>
<DBL>
<Name></Name>
<Val>840.00000000000000</Val>
</DBL>
<DBL>
<Name></Name>
<Val>850.00000000000000</Val>
</DBL>
<DBL>
<Name></Name>
<Val>860.00000000000000</Val>
</DBL>
<DBL>
<Name></Name>
<Val>870.00000000000000</Val>
</DBL>
<DBL>
<Name></Name>
<Val>880.00000000000000</Val>
</DBL>
<DBL>
<Name></Name>
<Val>890.00000000000000</Val>
</DBL>
<DBL>
<Name></Name>
<Val>900.00000000000000</Val>
</DBL>
<DBL>
<Name></Name>
<Val>910.00000000000000</Val>
</DBL>
<DBL>
<Name></Name>
<Val>920.00000000000000</Val>
</DBL>
<DBL>
<Name></Name>
<Val>930.00000000000000</Val>
</DBL>
<DBL>
<Name></Name>
<Val>940.00000000000000</Val>
</DBL>
<DBL>
<Name></Name>
<Val>950.00000000000000</Val>
</DBL>
<DBL>
<Name></Name>
<Val>960.00000000000000</Val>
</DBL>
<DBL>
<Name></Name>
<Val>970.00000000000000</Val>
</DBL>
<DBL>
<Name></Name>
<Val>980.00000000000000</Val>
</DBL>
<DBL>
<Name></Name>
<Val>990.00000000000000</Val>
</DBL>
</Array>
<Array>
<Name>RealSolution</Name>
<Dimsize>100</Dimsize>
<Dimsize>3</Dimsize>
<DBL>
<Name></Name>
<Val>1.00000000000000</Val>
</DBL>
<DBL>
<Name></Name>
<Val>0.00000000000000</Val>
</DBL>
<DBL>
<Name></Name>
<Val>0.00000000000000</Val>
</DBL>
<DBL>
<Name></Name>
<Val>0.93900800732389</Val>
</DBL>
<DBL>
<Name></Name>
<Val>5.92393533584327E-2</Val>
</DBL>
<DBL>
<Name></Name>
<Val>1.75263931768239E-3</Val>
</DBL>
<DBL>
<Name></Name>
<Val>0.88524841054928</Val>
</DBL>
<DBL>
<Name></Name>
<Val>0.10795080375789</Val>
</DBL>
<DBL>
<Name></Name>
<Val>6.80078569283411E-3</Val>
</DBL>
<DBL>
<Name></Name>
<Val>0.83766220111005</Val>
</DBL>
<DBL>
<Name></Name>
<Val>0.14800534968890</Val>
</DBL>
<DBL>
<Name></Name>
<Val>1.43324492010499E-2</Val>
</DBL>
<DBL>
<Name></Name>
<Val>0.79536437509803</Val>
</DBL>
<DBL>
<Name></Name>
<Val>0.18094147941986</Val>
</DBL>
<DBL>
<Name></Name>
<Val>2.36941454821097E-2</Val>
</DBL>
<DBL>
<Name></Name>
<Val>0.75761390048473</Val>
</DBL>
<DBL>
<Name></Name>
<Val>0.20802426406864</Val>
</DBL>
<DBL>
<Name></Name>
<Val>3.43618354466292E-2</Val>
</DBL>
<DBL>
<Name></Name>
<Val>0.72378896580517</Val>
</DBL>
<DBL>
<Name></Name>
<Val>0.23029394876820</Val>
</DBL>
<DBL>
<Name></Name>
<Val>4.59170854266327E-2</Val>
</DBL>
<DBL>
<Name></Name>
<Val>0.69336657520039</Val>
</DBL>
<DBL>
<Name></Name>
<Val>0.24860590830447</Val>
</DBL>
<DBL>
<Name></Name>
<Val>5.80275164951460E-2</Val>
</DBL>
<DBL>
<Name></Name>
<Val>0.66590572067986</Val>
</DBL>
<DBL>
<Name></Name>
<Val>0.26366350191577</Val>
</DBL>
<DBL>
<Name></Name>
<Val>7.04307774043664E-2</Val>
</DBL>
<DBL>
<Name></Name>
<Val>0.64103349894853</Val>
</DBL>
<DBL>
<Name></Name>
<Val>0.27604508920108</Val>
</DBL>
<DBL>
<Name></Name>
<Val>8.29214118503896E-2</Val>
</DBL>
<DBL>
<Name></Name>
<Val>0.61843365238425</Val>
</DBL>
<DBL>
<Name></Name>
<Val>0.28622624481338</Val>
</DBL>
<DBL>
<Name></Name>
<Val>9.53401028023688E-2</Val>
</DBL>
<DBL>
<Name></Name>
<Val>0.59783710605705</Val>
</DBL>
<DBL>
<Name></Name>
<Val>0.29459802520094</Val>
</DBL>
<DBL>
<Name></Name>
<Val>0.10756486874201</Val>
</DBL>
<DBL>
<Name></Name>
<Val>0.57901414859464</Val>
</DBL>
<DBL>
<Name></Name>
<Val>0.30148198901865</Val>
</DBL>
<DBL>
<Name></Name>
<Val>0.11950386238671</Val>
</DBL>
<DBL>
<Name></Name>
<Val>0.56176796713070</Val>
</DBL>
<DBL>
<Name></Name>
<Val>0.30714254814105</Val>
</DBL>
<DBL>
<Name></Name>
<Val>0.13108948472825</Val>
</DBL>
<DBL>
<Name></Name>
<Val>0.54592929791960</Val>
</DBL>
<DBL>
<Name></Name>
<Val>0.31179712367727</Val>
</DBL>
<DBL>
<Name></Name>
<Val>0.14227357840314</Val>
</DBL>
<DBL>
<Name></Name>
<Val>0.53135199643224</Val>
</DBL>
<DBL>
<Name></Name>
<Val>0.31562449707872</Val>
</DBL>
<DBL>
<Name></Name>
<Val>0.15302350648904</Val>
</DBL>
<DBL>
<Name></Name>
<Val>0.51790936548244</Val>
</DBL>
<DBL>
<Name></Name>
<Val>0.31877167710408</Val>
</DBL>
<DBL>
<Name></Name>
<Val>0.16331895741348</Val>
</DBL>
<DBL>
<Name></Name>
<Val>0.50549110850275</Val>
</DBL>
<DBL>
<Name></Name>
<Val>0.32135954640063</Val>
</DBL>
<DBL>
<Name></Name>
<Val>0.17314934509662</Val>
</DBL>
<DBL>
<Name></Name>
<Val>0.49400079858949</Val>
</DBL>
<DBL>
<Name></Name>
<Val>0.32348750458606</Val>
</DBL>
<DBL>
<Name></Name>
<Val>0.18251169682445</Val>
</DBL>
<DBL>
<Name></Name>
<Val>0.48335377326693</Val>
</DBL>
<DBL>
<Name></Name>
<Val>0.32523728617086</Val>
</DBL>
<DBL>
<Name></Name>
<Val>0.19140894056221</Val>
</DBL>
<DBL>
<Name></Name>
<Val>0.47347538082366</Val>
</DBL>
<DBL>
<Name></Name>
<Val>0.32667609996685</Val>
</DBL>
<DBL>
<Name></Name>
<Val>0.19984851920949</Val>
</DBL>
<DBL>
<Name></Name>
<Val>0.46429951715618</Val>
</DBL>
<DBL>
<Name></Name>
<Val>0.32785921056621</Val>
</DBL>
<DBL>
<Name></Name>
<Val>0.20784127227761</Val>
</DBL>
<DBL>
<Name></Name>
<Val>0.45576740281845</Val>
</DBL>
<DBL>
<Name></Name>
<Val>0.32883206104500</Val>
</DBL>
<DBL>
<Name></Name>
<Val>0.21540053613655</Val>
</DBL>
<DBL>
<Name></Name>
<Val>0.44782655883224</Val>
</DBL>
<DBL>
<Name></Name>
<Val>0.32963201842395</Val>
</DBL>
<DBL>
<Name></Name>
<Val>0.22254142274381</Val>
</DBL>
<DBL>
<Name></Name>
<Val>0.44042994710076</Val>
</DBL>
<DBL>
<Name></Name>
<Val>0.33028980892938</Val>
</DBL>
<DBL>
<Name></Name>
<Val>0.22928024396987</Val>
</DBL>
<DBL>
<Name></Name>
<Val>0.43353524726505</Val>
</DBL>
<DBL>
<Name></Name>
<Val>0.33083069818224</Val>
</DBL>
<DBL>
<Name></Name>
<Val>0.23563405455271</Val>
</DBL>
<DBL>
<Name></Name>
<Val>0.42710424677905</Val>
</DBL>
<DBL>
<Name></Name>
<Val>0.33127546164637</Val>
</DBL>
<DBL>
<Name></Name>
<Val>0.24162029157458</Val>
</DBL>
<DBL>
<Name></Name>
<Val>0.42110232504198</Val>
</DBL>
<DBL>
<Name></Name>
<Val>0.33164118261046</Val>
</DBL>
<DBL>
<Name></Name>
<Val>0.24725649234756</Val>
</DBL>
<DBL>
<Name></Name>
<Val>0.41549801577203</Val>
</DBL>
<DBL>
<Name></Name>
<Val>0.33194190835428</Val>
</DBL>
<DBL>
<Name></Name>
<Val>0.25256007587368</Val>
</DBL>
<DBL>
<Name></Name>
<Val>0.41026263455965</Val>
</DBL>
<DBL>
<Name></Name>
<Val>0.33218918970230</Val>
</DBL>
<DBL>
<Name></Name>
<Val>0.25754817573805</Val>
</DBL>
<DBL>
<Name></Name>
<Val>0.40536996080693</Val>
</DBL>
<DBL>
<Name></Name>
<Val>0.33239252468885</Val>
</DBL>
<DBL>
<Name></Name>
<Val>0.26223751450422</Val>
</DBL>
<DBL>
<Name></Name>
<Val>0.40079596512851</Val>
</DBL>
<DBL>
<Name></Name>
<Val>0.33255972337605</Val>
</DBL>
<DBL>
<Name></Name>
<Val>0.26664431149544</Val>
</DBL>
<DBL>
<Name></Name>
<Val>0.39651857482879</Val>
</DBL>
<DBL>
<Name></Name>
<Val>0.33269720783692</Val>
</DBL>
<DBL>
<Name></Name>
<Val>0.27078421733429</Val>
</DBL>
<DBL>
<Name></Name>
<Val>0.39251747133922</Val>
</DBL>
<DBL>
<Name></Name>
<Val>0.33281025882610</Val>
</DBL>
<DBL>
<Name></Name>
<Val>0.27467226983468</Val>
</DBL>
<DBL>
<Name></Name>
<Val>0.38877391454555</Val>
</DBL>
<DBL>
<Name></Name>
<Val>0.33290321861280</Val>
</DBL>
<DBL>
<Name></Name>
<Val>0.27832286684165</Val>
</DBL>
<DBL>
<Name></Name>
<Val>0.38527058979792</Val>
</DBL>
<DBL>
<Name></Name>
<Val>0.33297965776655</Val>
</DBL>
<DBL>
<Name></Name>
<Val>0.28174975243553</Val>
</DBL>
<DBL>
<Name></Name>
<Val>0.38199147410811</Val>
</DBL>
<DBL>
<Name></Name>
<Val>0.33304251230217</Val>
</DBL>
<DBL>
<Name></Name>
<Val>0.28496601358972</Val>
</DBL>
<DBL>
<Name></Name>
<Val>0.37892171862624</Val>
</DBL>
<DBL>
<Name></Name>
<Val>0.33309419645166</Val>
</DBL>
<DBL>
<Name></Name>
<Val>0.28798408492210</Val>
</DBL>
<DBL>
<Name></Name>
<Val>0.37604754497431</Val>
</DBL>
<DBL>
<Name></Name>
<Val>0.33313669539436</Val>
</DBL>
<DBL>
<Name></Name>
<Val>0.29081575963132</Val>
</DBL>
<DBL>
<Name></Name>
<Val>0.37335615341503</Val>
</DBL>
<DBL>
<Name></Name>
<Val>0.33317164150741</Val>
</DBL>
<DBL>
<Name></Name>
<Val>0.29347220507756</Val>
</DBL>
<DBL>
<Name></Name>
<Val>0.37083564116589</Val>
</DBL>
<DBL>
<Name></Name>
<Val>0.33320037706505</Val>
</DBL>
<DBL>
<Name></Name>
<Val>0.29596398176907</Val>
</DBL>
<DBL>
<Name></Name>
<Val>0.36847492944304</Val>
</DBL>
<DBL>
<Name></Name>
<Val>0.33322400579512</Val>
</DBL>
<DBL>
<Name></Name>
<Val>0.29830106476184</Val>
</DBL>
<DBL>
<Name></Name>
<Val>0.36626369804654</Val>
</DBL>
<DBL>
<Name></Name>
<Val>0.33324343527312</Val>
</DBL>
<DBL>
<Name></Name>
<Val>0.30049286668034</Val>
</DBL>
<DBL>
<Name></Name>
<Val>0.36419232648711</Val>
</DBL>
<DBL>
<Name></Name>
<Val>0.33325941178199</Val>
</DBL>
<DBL>
<Name></Name>
<Val>0.30254826173090</Val>
</DBL>
<DBL>
<Name></Name>
<Val>0.36225184081089</Val>
</DBL>
<DBL>
<Name></Name>
<Val>0.33327254897669</Val>
</DBL>
<DBL>
<Name></Name>
<Val>0.30447561021242</Val>
</DBL>
<DBL>
<Name></Name>
<Val>0.36043386540847</Val>
</DBL>
<DBL>
<Name></Name>
<Val>0.33328335145464</Val>
</DBL>
<DBL>
<Name></Name>
<Val>0.30628278313689</Val>
</DBL>
<DBL>
<Name></Name>
<Val>0.35873057920261</Val>
</DBL>
<DBL>
<Name></Name>
<Val>0.33329223413716</Val>
</DBL>
<DBL>
<Name></Name>
<Val>0.30797718666023</Val>
</DBL>
<DBL>
<Name></Name>
<Val>0.35713467569915</Val>
</DBL>
<DBL>
<Name></Name>
<Val>0.33329953820657</Val>
</DBL>
<DBL>
<Name></Name>
<Val>0.30956578609428</Val>
</DBL>
<DBL>
<Name></Name>
<Val>0.35563932646066</Val>
</DBL>
<DBL>
<Name></Name>
<Val>0.33330554421094</Val>
</DBL>
<DBL>
<Name></Name>
<Val>0.31105512932840</Val>
</DBL>
<DBL>
<Name></Name>
<Val>0.35423814762530</Val>
</DBL>
<DBL>
<Name></Name>
<Val>0.33331048283986</Val>
</DBL>
<DBL>
<Name></Name>
<Val>0.31245136953484</Val>
</DBL>
<DBL>
<Name></Name>
<Val>0.35292516914587</Val>
</DBL>
<DBL>
<Name></Name>
<Val>0.33331454378523</Val>
</DBL>
<DBL>
<Name></Name>
<Val>0.31376028706890</Val>
</DBL>
<DBL>
<Name></Name>
<Val>0.35169480646835</Val>
</DBL>
<DBL>
<Name></Name>
<Val>0.33331788302727</Val>
</DBL>
<DBL>
<Name></Name>
<Val>0.31498731050438</Val>
</DBL>
<DBL>
<Name></Name>
<Val>0.35054183440630</Val>
</DBL>
<DBL>
<Name></Name>
<Val>0.33332062882569</Val>
</DBL>
<DBL>
<Name></Name>
<Val>0.31613753676801</Val>
</DBL>
<DBL>
<Name></Name>
<Val>0.34946136299892</Val>
</DBL>
<DBL>
<Name></Name>
<Val>0.33332288664615</Val>
</DBL>
<DBL>
<Name></Name>
<Val>0.31721575035494</Val>
</DBL>
<DBL>
<Name></Name>
<Val>0.34844881516704</Val>
</DBL>
<DBL>
<Name></Name>
<Val>0.33332474321113</Val>
</DBL>
<DBL>
<Name></Name>
<Val>0.31822644162183</Val>
</DBL>
<DBL>
<Name></Name>
<Val>0.34749990600408</Val>
</DBL>
<DBL>
<Name></Name>
<Val>0.33332626983098</Val>
</DBL>
<DBL>
<Name></Name>
<Val>0.31917382416494</Val>
</DBL>
<DBL>
<Name></Name>
<Val>0.34661062355770</Val>
</DBL>
<DBL>
<Name></Name>
<Val>0.33332752514292</Val>
</DBL>
<DBL>
<Name></Name>
<Val>0.32006185129938</Val>
</DBL>
<DBL>
<Name></Name>
<Val>0.34577721097492</Val>
</DBL>
<DBL>
<Name></Name>
<Val>0.33332855736325</Val>
</DBL>
<DBL>
<Name></Name>
<Val>0.32089423166183</Val>
</DBL>
<DBL>
<Name></Name>
<Val>0.34499614989689</Val>
</DBL>
<DBL>
<Name></Name>
<Val>0.33332940613939</Val>
</DBL>
<DBL>
<Name></Name>
<Val>0.32167444396372</Val>
</DBL>
<DBL>
<Name></Name>
<Val>0.34426414500213</Val>
</DBL>
<DBL>
<Name></Name>
<Val>0.33333010407268</Val>
</DBL>
<DBL>
<Name></Name>
<Val>0.32240575092520</Val>
</DBL>
<DBL>
<Name></Name>
<Val>0.34357810960699</Val>
</DBL>
<DBL>
<Name></Name>
<Val>0.33333067797062</Val>
</DBL>
<DBL>
<Name></Name>
<Val>0.32309121242239</Val>
</DBL>
<DBL>
<Name></Name>
<Val>0.34293515224176</Val>
</DBL>
<DBL>
<Name></Name>
<Val>0.33333114987653</Val>
</DBL>
<DBL>
<Name></Name>
<Val>0.32373369788171</Val>
</DBL>
<DBL>
<Name></Name>
<Val>0.34233256412813</Val>
</DBL>
<DBL>
<Name></Name>
<Val>0.33333153791624</Val>
</DBL>
<DBL>
<Name></Name>
<Val>0.32433589795564</Val>
</DBL>
<DBL>
<Name></Name>
<Val>0.34176780749105</Val>
</DBL>
<DBL>
<Name></Name>
<Val>0.33333185699428</Val>
</DBL>
<DBL>
<Name></Name>
<Val>0.32490033551467</Val>
</DBL>
<DBL>
<Name></Name>
<Val>0.34123850464408</Val>
</DBL>
<DBL>
<Name></Name>
<Val>0.33333211936639</Val>
</DBL>
<DBL>
<Name></Name>
<Val>0.32542937598953</Val>
</DBL>
<DBL>
<Name></Name>
<Val>0.34074242779237</Val>
</DBL>
<DBL>
<Name></Name>
<Val>0.33333233511024</Val>
</DBL>
<DBL>
<Name></Name>
<Val>0.32592523709739</Val>
</DBL>
<DBL>
<Name></Name>
<Val>0.34027748950257</Val>
</DBL>
<DBL>
<Name></Name>
<Val>0.33333251251251</Val>
</DBL>
<DBL>
<Name></Name>
<Val>0.32638999798492</Val>
</DBL>
<DBL>
<Name></Name>
<Val>0.33984173379293</Val>
</DBL>
<DBL>
<Name></Name>
<Val>0.33333265838720</Val>
</DBL>
<DBL>
<Name></Name>
<Val>0.32682560781987</Val>
</DBL>
<DBL>
<Name></Name>
<Val>0.33943332780079</Val>
</DBL>
<DBL>
<Name></Name>
<Val>0.33333277833731</Val>
</DBL>
<DBL>
<Name></Name>
<Val>0.32723389386190</Val>
</DBL>
<DBL>
<Name></Name>
<Val>0.33905055398786</Val>
</DBL>
<DBL>
<Name></Name>
<Val>0.33333287697013</Val>
</DBL>
<DBL>
<Name></Name>
<Val>0.32761656904200</Val>
</DBL>
<DBL>
<Name></Name>
<Val>0.33869180284705</Val>
</DBL>
<DBL>
<Name></Name>
<Val>0.33333295807411</Val>
</DBL>
<DBL>
<Name></Name>
<Val>0.32797523907884</Val>
</DBL>
<DBL>
<Name></Name>
<Val>0.33835556607694</Val>
</DBL>
<DBL>
<Name></Name>
<Val>0.33333302476445</Val>
</DBL>
<DBL>
<Name></Name>
<Val>0.32831140915860</Val>
</DBL>
<DBL>
<Name></Name>
<Val>0.33804043019304</Val>
</DBL>
<DBL>
<Name></Name>
<Val>0.33333307960272</Val>
</DBL>
<DBL>
<Name></Name>
<Val>0.32862649020424</Val>
</DBL>
<DBL>
<Name></Name>
<Val>0.33774507054668</Val>
</DBL>
<DBL>
<Name></Name>
<Val>0.33333312469523</Val>
</DBL>
<DBL>
<Name></Name>
<Val>0.32892180475809</Val>
</DBL>
<DBL>
<Name></Name>
<Val>0.33746824572486</Val>
</DBL>
<DBL>
<Name></Name>
<Val>0.33333316177399</Val>
</DBL>
<DBL>
<Name></Name>
<Val>0.32919859250115</Val>
</DBL>
<DBL>
<Name></Name>
<Val>0.33720879230614</Val>
</DBL>
<DBL>
<Name></Name>
<Val>0.33333319226318</Val>
</DBL>
<DBL>
<Name></Name>
<Val>0.32945801543067</Val>
</DBL>
<DBL>
<Name></Name>
<Val>0.33696561994943</Val>
</DBL>
<DBL>
<Name></Name>
<Val>0.33333321733390</Val>
</DBL>
<DBL>
<Name></Name>
<Val>0.32970116271668</Val>
</DBL>
<DBL>
<Name></Name>
<Val>0.33673770679398</Val>
</DBL>
<DBL>
<Name></Name>
<Val>0.33333323794909</Val>
</DBL>
<DBL>
<Name></Name>
<Val>0.32992905525693</Val>
</DBL>
<DBL>
<Name></Name>
<Val>0.33652409515069</Val>
</DBL>
<DBL>
<Name></Name>
<Val>0.33333325490059</Val>
</DBL>
<DBL>
<Name></Name>
<Val>0.33014264994871</Val>
</DBL>
<DBL>
<Name></Name>
<Val>0.33632388746584</Val>
</DBL>
<DBL>
<Name></Name>
<Val>0.33333326883951</Val>
</DBL>
<DBL>
<Name></Name>
<Val>0.33034284369465</Val>
</DBL>
<DBL>
<Name></Name>
<Val>0.33613624253980</Val>
</DBL>
<DBL>
<Name></Name>
<Val>0.33333328030123</Val>
</DBL>
<DBL>
<Name></Name>
<Val>0.33053047715897</Val>
</DBL>
<DBL>
<Name></Name>
<Val>0.33596037198449</Val>
</DBL>
<DBL>
<Name></Name>
<Val>0.33333328972599</Val>
</DBL>
<DBL>
<Name></Name>
<Val>0.33070633828952</Val>
</DBL>
<DBL>
<Name></Name>
<Val>0.33579553690425</Val>
</DBL>
<DBL>
<Name></Name>
<Val>0.33333329747580</Val>
</DBL>
<DBL>
<Name></Name>
<Val>0.33087116561995</Val>
</DBL>
<DBL>
<Name></Name>
<Val>0.33564104478596</Val>
</DBL>
<DBL>
<Name></Name>
<Val>0.33333330384833</Val>
</DBL>
<DBL>
<Name></Name>
<Val>0.33102565136570</Val>
</DBL>
<DBL>
<Name></Name>
<Val>0.33549624658513</Val>
</DBL>
<DBL>
<Name></Name>
<Val>0.33333330908835</Val>
</DBL>
<DBL>
<Name></Name>
<Val>0.33117044432652</Val>
</DBL>
<DBL>
<Name></Name>
<Val>0.33536053399534</Val>
</DBL>
<DBL>
<Name></Name>
<Val>0.33333331339712</Val>
</DBL>
<DBL>
<Name></Name>
<Val>0.33130615260754</Val>
</DBL>
<DBL>
<Name></Name>
<Val>0.33523333688976</Val>
</DBL>
<DBL>
<Name></Name>
<Val>0.33333331694015</Val>
</DBL>
<DBL>
<Name></Name>
<Val>0.33143334617009</Val>
</DBL>
<DBL>
<Name></Name>
<Val>0.33511412092344</Val>
</DBL>
<DBL>
<Name></Name>
<Val>0.33333331985351</Val>
</DBL>
<DBL>
<Name></Name>
<Val>0.33155255922305</Val>
</DBL>
<DBL>
<Name></Name>
<Val>0.33500238528652</Val>
</DBL>
<DBL>
<Name></Name>
<Val>0.33333332224912</Val>
</DBL>
<DBL>
<Name></Name>
<Val>0.33166429246436</Val>
</DBL>
<DBL>
<Name></Name>
<Val>0.33489766059875</Val>
</DBL>
<DBL>
<Name></Name>
<Val>0.33333332421898</Val>
</DBL>
<DBL>
<Name></Name>
<Val>0.33176901518227</Val>
</DBL>
<DBL>
<Name></Name>
<Val>0.33479950693621</Val>
</DBL>
<DBL>
<Name></Name>
<Val>0.33333332583877</Val>
</DBL>
<DBL>
<Name></Name>
<Val>0.33186716722502</Val>
</DBL>
<DBL>
<Name></Name>
<Val>0.33470751198222</Val>
</DBL>
<DBL>
<Name></Name>
<Val>0.33333332717069</Val>
</DBL>
<DBL>
<Name></Name>
<Val>0.33195916084709</Val>
</DBL>
<DBL>
<Name></Name>
<Val>0.33462128929433</Val>
</DBL>
<DBL>
<Name></Name>
<Val>0.33333332826590</Val>
</DBL>
<DBL>
<Name></Name>
<Val>0.33204538243977</Val>
</DBL>
<DBL>
<Name></Name>
<Val>0.33454047668022</Val>
</DBL>
<DBL>
<Name></Name>
<Val>0.33333332916648</Val>
</DBL>
<DBL>
<Name></Name>
<Val>0.33212619415330</Val>
</DBL>
<DBL>
<Name></Name>
<Val>0.33446473467562</Val>
</DBL>
<DBL>
<Name></Name>
<Val>0.33333332990700</Val>
</DBL>
<DBL>
<Name></Name>
<Val>0.33220193541738</Val>
</DBL>
<DBL>
<Name></Name>
<Val>0.33439374511779</Val>
</DBL>
<DBL>
<Name></Name>
<Val>0.33333333051592</Val>
</DBL>
<DBL>
<Name></Name>
<Val>0.33227292436628</Val>
</DBL>
<DBL>
<Name></Name>
<Val>0.33432720980865</Val>
</DBL>
<DBL>
<Name></Name>
<Val>0.33333333101663</Val>
</DBL>
<DBL>
<Name></Name>
<Val>0.33233945917472</Val>
</DBL>
<DBL>
<Name></Name>
<Val>0.33426484926178</Val>
</DBL>
<DBL>
<Name></Name>
<Val>0.33333333142835</Val>
</DBL>
<DBL>
<Name></Name>
<Val>0.33240181930987</Val>
</DBL>
<DBL>
<Name></Name>
<Val>0.33420640152814</Val>
</DBL>
<DBL>
<Name></Name>
<Val>0.33333333176690</Val>
</DBL>
<DBL>
<Name></Name>
<Val>0.33246026670496</Val>
</DBL>
<DBL>
<Name></Name>
<Val>0.33415162109550</Val>
</DBL>
<DBL>
<Name></Name>
<Val>0.33333333204528</Val>
</DBL>
<DBL>
<Name></Name>
<Val>0.33251504685921</Val>
</DBL>
</Array>
<Array>
<Name>StateAdjacencyMatrix</Name>
<Dimsize>3</Dimsize>
<Dimsize>3</Dimsize>
<String>
<Name></Name>
<Val>@</Val>
</String>
<String>
<Name></Name>
<Val>A</Val>
</String>
<String>
<Name></Name>
<Val>@</Val>
</String>
<String>
<Name></Name>
<Val>A</Val>
</String>
<String>
<Name></Name>
<Val>@</Val>
</String>
<String>
<Name></Name>
<Val>A</Val>
</String>
<String>
<Name></Name>
<Val>@</Val>
</String>
<String>
<Name></Name>
<Val>A</Val>
</String>
<String>
<Name></Name>
<Val>@</Val>
</String>
</Array>
<Cluster>
<Name>IntegrationParams</Name>
<NumElts>4</NumElts>
<DBL>
<Name>time start</Name>
<Val>0.00000000000000</Val>
</DBL>
<DBL>
<Name>time end</Name>
<Val>999.00000000000000</Val>
</DBL>
<DBL>
<Name>h (step rate)</Name>
<Val>1.00000000000000</Val>
</DBL>
<Array>
<Name>X0</Name>
<Dimsize>3</Dimsize>
<I32>
<Name></Name>
<Val>1</Val>
</I32>
<I32>
<Name></Name>
<Val>0</Val>
</I32>
<I32>
<Name></Name>
<Val>0</Val>
</I32>
</Array>
</Cluster>
<Array>
<Name>StateNames</Name>
<Dimsize>3</Dimsize>
<String>
<Name>string</Name>
<Val>a</Val>
</String>
<String>
<Name>string</Name>
<Val>b</Val>
</String>
<String>
<Name>string</Name>
<Val>c</Val>
</String>
</Array>
</Cluster>
</LVData>