<?xml version='1.0' standalone='yes' ?>
<LVData xmlns="http://www.ni.com/LVData">
<Version>10.0.1</Version>
<Cluster>
<Name>ModelData</Name>
<NumElts>7</NumElts>
<Array>
<Name>Transitions</Name>
<Dimsize>1</Dimsize>
<Dimsize>2</Dimsize>
<String>
<Name>string</Name>
<Val>A</Val>
</String>
<String>
<Name>string</Name>
<Val>A</Val>
</String>
</Array>
<Array>
<Name>RealValues</Name>
<Dimsize>1</Dimsize>
<Dimsize>2</Dimsize>
<String>
<Name>string</Name>
<Val>A</Val>
</String>
<String>
<Name>string</Name>
<Val>0,076737</Val>
</String>
</Array>
<Array>
<Name>Times</Name>
<Dimsize>100</Dimsize>
<DBL>
<Name></Name>
<Val>0.00000000000000</Val>
</DBL>
<DBL>
<Name></Name>
<Val>10.00000000000000</Val>
</DBL>
<DBL>
<Name></Name>
<Val>20.00000000000000</Val>
</DBL>
<DBL>
<Name></Name>
<Val>30.00000000000000</Val>
</DBL>
<DBL>
<Name></Name>
<Val>40.00000000000000</Val>
</DBL>
<DBL>
<Name></Name>
<Val>50.00000000000000</Val>
</DBL>
<DBL>
<Name></Name>
<Val>60.00000000000000</Val>
</DBL>
<DBL>
<Name></Name>
<Val>70.00000000000000</Val>
</DBL>
<DBL>
<Name></Name>
<Val>80.00000000000000</Val>
</DBL>
<DBL>
<Name></Name>
<Val>90.00000000000000</Val>
</DBL>
<DBL>
<Name></Name>
<Val>100.00000000000000</Val>
</DBL>
<DBL>
<Name></Name>
<Val>110.00000000000000</Val>
</DBL>
<DBL>
<Name></Name>
<Val>120.00000000000000</Val>
</DBL>
<DBL>
<Name></Name>
<Val>130.00000000000000</Val>
</DBL>
<DBL>
<Name></Name>
<Val>140.00000000000000</Val>
</DBL>
<DBL>
<Name></Name>
<Val>150.00000000000000</Val>
</DBL>
<DBL>
<Name></Name>
<Val>160.00000000000000</Val>
</DBL>
<DBL>
<Name></Name>
<Val>170.00000000000000</Val>
</DBL>
<DBL>
<Name></Name>
<Val>180.00000000000000</Val>
</DBL>
<DBL>
<Name></Name>
<Val>190.00000000000000</Val>
</DBL>
<DBL>
<Name></Name>
<Val>200.00000000000000</Val>
</DBL>
<DBL>
<Name></Name>
<Val>210.00000000000000</Val>
</DBL>
<DBL>
<Name></Name>
<Val>220.00000000000000</Val>
</DBL>
<DBL>
<Name></Name>
<Val>230.00000000000000</Val>
</DBL>
<DBL>
<Name></Name>
<Val>240.00000000000000</Val>
</DBL>
<DBL>
<Name></Name>
<Val>250.00000000000000</Val>
</DBL>
<DBL>
<Name></Name>
<Val>260.00000000000000</Val>
</DBL>
<DBL>
<Name></Name>
<Val>270.00000000000000</Val>
</DBL>
<DBL>
<Name></Name>
<Val>280.00000000000000</Val>
</DBL>
<DBL>
<Name></Name>
<Val>290.00000000000000</Val>
</DBL>
<DBL>
<Name></Name>
<Val>300.00000000000000</Val>
</DBL>
<DBL>
<Name></Name>
<Val>310.00000000000000</Val>
</DBL>
<DBL>
<Name></Name>
<Val>320.00000000000000</Val>
</DBL>
<DBL>
<Name></Name>
<Val>330.00000000000000</Val>
</DBL>
<DBL>
<Name></Name>
<Val>340.00000000000000</Val>
</DBL>
<DBL>
<Name></Name>
<Val>350.00000000000000</Val>
</DBL>
<DBL>
<Name></Name>
<Val>360.00000000000000</Val>
</DBL>
<DBL>
<Name></Name>
<Val>370.00000000000000</Val>
</DBL>
<DBL>
<Name></Name>
<Val>380.00000000000000</Val>
</DBL>
<DBL>
<Name></Name>
<Val>390.00000000000000</Val>
</DBL>
<DBL>
<Name></Name>
<Val>400.00000000000000</Val>
</DBL>
<DBL>
<Name></Name>
<Val>410.00000000000000</Val>
</DBL>
<DBL>
<Name></Name>
<Val>420.00000000000000</Val>
</DBL>
<DBL>
<Name></Name>
<Val>430.00000000000000</Val>
</DBL>
<DBL>
<Name></Name>
<Val>440.00000000000000</Val>
</DBL>
<DBL>
<Name></Name>
<Val>450.00000000000000</Val>
</DBL>
<DBL>
<Name></Name>
<Val>460.00000000000000</Val>
</DBL>
<DBL>
<Name></Name>
<Val>470.00000000000000</Val>
</DBL>
<DBL>
<Name></Name>
<Val>480.00000000000000</Val>
</DBL>
<DBL>
<Name></Name>
<Val>490.00000000000000</Val>
</DBL>
<DBL>
<Name></Name>
<Val>500.00000000000000</Val>
</DBL>
<DBL>
<Name></Name>
<Val>510.00000000000000</Val>
</DBL>
<DBL>
<Name></Name>
<Val>520.00000000000000</Val>
</DBL>
<DBL>
<Name></Name>
<Val>530.00000000000000</Val>
</DBL>
<DBL>
<Name></Name>
<Val>540.00000000000000</Val>
</DBL>
<DBL>
<Name></Name>
<Val>550.00000000000000</Val>
</DBL>
<DBL>
<Name></Name>
<Val>560.00000000000000</Val>
</DBL>
<DBL>
<Name></Name>
<Val>570.00000000000000</Val>
</DBL>
<DBL>
<Name></Name>
<Val>580.00000000000000</Val>
</DBL>
<DBL>
<Name></Name>
<Val>590.00000000000000</Val>
</DBL>
<DBL>
<Name></Name>
<Val>600.00000000000000</Val>
</DBL>
<DBL>
<Name></Name>
<Val>610.00000000000000</Val>
</DBL>
<DBL>
<Name></Name>
<Val>620.00000000000000</Val>
</DBL>
<DBL>
<Name></Name>
<Val>630.00000000000000</Val>
</DBL>
<DBL>
<Name></Name>
<Val>640.00000000000000</Val>
</DBL>
<DBL>
<Name></Name>
<Val>650.00000000000000</Val>
</DBL>
<DBL>
<Name></Name>
<Val>660.00000000000000</Val>
</DBL>
<DBL>
<Name></Name>
<Val>670.00000000000000</Val>
</DBL>
<DBL>
<Name></Name>
<Val>680.00000000000000</Val>
</DBL>
<DBL>
<Name></Name>
<Val>690.00000000000000</Val>
</DBL>
<DBL>
<Name></Name>
<Val>700.00000000000000</Val>
</DBL>
<DBL>
<Name></Name>
<Val>710.00000000000000</Val>
</DBL>
<DBL>
<Name></Name>
<Val>720.00000000000000</Val>
</DBL>
<DBL>
<Name></Name>
<Val>730.00000000000000</Val>
</DBL>
<DBL>
<Name></Name>
<Val>740.00000000000000</Val>
</DBL>
<DBL>
<Name></Name>
<Val>750.00000000000000</Val>
</DBL>
<DBL>
<Name></Name>
<Val>760.00000000000000</Val>
</DBL>
<DBL>
<Name></Name>
<Val>770.00000000000000</Val>
</DBL>
<DBL>
<Name></Name>
<Val>780.00000000000000</Val>
</DBL>
<DBL>
<Name></Name>
<Val>790.00000000000000</Val>
</DBL>
<DBL>
<Name></Name>
<Val>800.00000000000000</Val>
</DBL>
<DBL>
<Name></Name>
<Val>810.00000000000000</Val>
</DBL>
<DBL>
<Name></Name>
<Val>820.00000000000000</Val>
</DBL>
<DBL>
<Name></Name>
<Val>830.00000000000000</Val>
</DBL>
<DBL>
<Name></Name>
<Val>840.00000000000000</Val>
</DBL>
<DBL>
<Name></Name>
<Val>850.00000000000000</Val>
</DBL>
<DBL>
<Name></Name>
<Val>860.00000000000000</Val>
</DBL>
<DBL>
<Name></Name>
<Val>870.00000000000000</Val>
</DBL>
<DBL>
<Name></Name>
<Val>880.00000000000000</Val>
</DBL>
<DBL>
<Name></Name>
<Val>890.00000000000000</Val>
</DBL>
<DBL>
<Name></Name>
<Val>900.00000000000000</Val>
</DBL>
<DBL>
<Name></Name>
<Val>910.00000000000000</Val>
</DBL>
<DBL>
<Name></Name>
<Val>920.00000000000000</Val>
</DBL>
<DBL>
<Name></Name>
<Val>930.00000000000000</Val>
</DBL>
<DBL>
<Name></Name>
<Val>940.00000000000000</Val>
</DBL>
<DBL>
<Name></Name>
<Val>950.00000000000000</Val>
</DBL>
<DBL>
<Name></Name>
<Val>960.00000000000000</Val>
</DBL>
<DBL>
<Name></Name>
<Val>970.00000000000000</Val>
</DBL>
<DBL>
<Name></Name>
<Val>980.00000000000000</Val>
</DBL>
<DBL>
<Name></Name>
<Val>990.00000000000000</Val>
</DBL>
</Array>
<Array>
<Name>RealSolution</Name>
<Dimsize>100</Dimsize>
<Dimsize>3</Dimsize>
<DBL>
<Name></Name>
<Val>1.00000000000000</Val>
</DBL>
<DBL>
<Name></Name>
<Val>0.00000000000000</Val>
</DBL>
<DBL>
<Name></Name>
<Val>0.00000000000000</Val>
</DBL>
<DBL>
<Name></Name>
<Val>0.57053270422372</Val>
</DBL>
<DBL>
<Name></Name>
<Val>0.30897790598576</Val>
</DBL>
<DBL>
<Name></Name>
<Val>0.12048938979052</Val>
</DBL>
<DBL>
<Name></Name>
<Val>0.43549260602827</Val>
</DBL>
<DBL>
<Name></Name>
<Val>0.33155377280948</Val>
</DBL>
<DBL>
<Name></Name>
<Val>0.23295362116225</Val>
</DBL>
<DBL>
<Name></Name>
<Val>0.37897400429443</Val>
</DBL>
<DBL>
<Name></Name>
<Val>0.33320330746219</Val>
</DBL>
<DBL>
<Name></Name>
<Val>0.28782268824339</Val>
</DBL>
<DBL>
<Name></Name>
<Val>0.35384910378210</Val>
</DBL>
<DBL>
<Name></Name>
<Val>0.33332383282636</Val>
</DBL>
<DBL>
<Name></Name>
<Val>0.31282706339154</Val>
</DBL>
<DBL>
<Name></Name>
<Val>0.34256452792778</Val>
</DBL>
<DBL>
<Name></Name>
<Val>0.33333263916661</Val>
</DBL>
<DBL>
<Name></Name>
<Val>0.32410283290561</Val>
</DBL>
<DBL>
<Name></Name>
<Val>0.33748763990234</Val>
</DBL>
<DBL>
<Name></Name>
<Val>0.33333328261315</Val>
</DBL>
<DBL>
<Name></Name>
<Val>0.32917907748451</Val>
</DBL>
<DBL>
<Name></Name>
<Val>0.33520294167065</Val>
</DBL>
<DBL>
<Name></Name>
<Val>0.33333332962740</Val>
</DBL>
<DBL>
<Name></Name>
<Val>0.33146372870195</Val>
</DBL>
<DBL>
<Name></Name>
<Val>0.33417473736762</Val>
</DBL>
<DBL>
<Name></Name>
<Val>0.33333333306255</Val>
</DBL>
<DBL>
<Name></Name>
<Val>0.33249192956982</Val>
</DBL>
<DBL>
<Name></Name>
<Val>0.33371200154266</Val>
</DBL>
<DBL>
<Name></Name>
<Val>0.33333333331355</Val>
</DBL>
<DBL>
<Name></Name>
<Val>0.33295466514379</Val>
</DBL>
<DBL>
<Name></Name>
<Val>0.33350375042560</Val>
</DBL>
<DBL>
<Name></Name>
<Val>0.33333333333189</Val>
</DBL>
<DBL>
<Name></Name>
<Val>0.33316291624251</Val>
</DBL>
<DBL>
<Name></Name>
<Val>0.33341002840610</Val>
</DBL>
<DBL>
<Name></Name>
<Val>0.33333333333323</Val>
</DBL>
<DBL>
<Name></Name>
<Val>0.33325663826067</Val>
</DBL>
<DBL>
<Name></Name>
<Val>0.33336784943806</Val>
</DBL>
<DBL>
<Name></Name>
<Val>0.33333333333333</Val>
</DBL>
<DBL>
<Name></Name>
<Val>0.33329881722861</Val>
</DBL>
<DBL>
<Name></Name>
<Val>0.33334886707551</Val>
</DBL>
<DBL>
<Name></Name>
<Val>0.33333333333333</Val>
</DBL>
<DBL>
<Name></Name>
<Val>0.33331779959116</Val>
</DBL>
<DBL>
<Name></Name>
<Val>0.33334032419015</Val>
</DBL>
<DBL>
<Name></Name>
<Val>0.33333333333333</Val>
</DBL>
<DBL>
<Name></Name>
<Val>0.33332634247652</Val>
</DBL>
<DBL>
<Name></Name>
<Val>0.33333647952170</Val>
</DBL>
<DBL>
<Name></Name>
<Val>0.33333333333333</Val>
</DBL>
<DBL>
<Name></Name>
<Val>0.33333018714496</Val>
</DBL>
<DBL>
<Name></Name>
<Val>0.33333474925438</Val>
</DBL>
<DBL>
<Name></Name>
<Val>0.33333333333333</Val>
</DBL>
<DBL>
<Name></Name>
<Val>0.33333191741229</Val>
</DBL>
<DBL>
<Name></Name>
<Val>0.33333397055913</Val>
</DBL>
<DBL>
<Name></Name>
<Val>0.33333333333333</Val>
</DBL>
<DBL>
<Name></Name>
<Val>0.33333269610753</Val>
</DBL>
<DBL>
<Name></Name>
<Val>0.33333362011254</Val>
</DBL>
<DBL>
<Name></Name>
<Val>0.33333333333333</Val>
</DBL>
<DBL>
<Name></Name>
<Val>0.33333304655412</Val>
</DBL>
<DBL>
<Name></Name>
<Val>0.33333346239640</Val>
</DBL>
<DBL>
<Name></Name>
<Val>0.33333333333333</Val>
</DBL>
<DBL>
<Name></Name>
<Val>0.33333320427027</Val>
</DBL>
<DBL>
<Name></Name>
<Val>0.33333339141730</Val>
</DBL>
<DBL>
<Name></Name>
<Val>0.33333333333333</Val>
</DBL>
<DBL>
<Name></Name>
<Val>0.33333327524936</Val>
</DBL>
<DBL>
<Name></Name>
<Val>0.33333335947364</Val>
</DBL>
<DBL>
<Name></Name>
<Val>0.33333333333333</Val>
</DBL>
<DBL>
<Name></Name>
<Val>0.33333330719303</Val>
</DBL>
<DBL>
<Name></Name>
<Val>0.33333334509760</Val>
</DBL>
<DBL>
<Name></Name>
<Val>0.33333333333333</Val>
</DBL>
<DBL>
<Name></Name>
<Val>0.33333332156906</Val>
</DBL>
<DBL>
<Name></Name>
<Val>0.33333333862776</Val>
</DBL>
<DBL>
<Name></Name>
<Val>0.33333333333333</Val>
</DBL>
<DBL>
<Name></Name>
<Val>0.33333332803890</Val>
</DBL>
<DBL>
<Name></Name>
<Val>0.33333333571606</Val>
</DBL>
<DBL>
<Name></Name>
<Val>0.33333333333333</Val>
</DBL>
<DBL>
<Name></Name>
<Val>0.33333333095061</Val>
</DBL>
<DBL>
<Name></Name>
<Val>0.33333333440566</Val>
</DBL>
<DBL>
<Name></Name>
<Val>0.33333333333333</Val>
</DBL>
<DBL>
<Name></Name>
<Val>0.33333333226100</Val>
</DBL>
<DBL>
<Name></Name>
<Val>0.33333333381593</Val>
</DBL>
<DBL>
<Name></Name>
<Val>0.33333333333333</Val>
</DBL>
<DBL>
<Name></Name>
<Val>0.33333333285074</Val>
</DBL>
<DBL>
<Name></Name>
<Val>0.33333333355052</Val>
</DBL>
<DBL>
<Name></Name>
<Val>0.33333333333333</Val>
</DBL>
<DBL>
<Name></Name>
<Val>0.33333333311615</Val>
</DBL>
<DBL>
<Name></Name>
<Val>0.33333333343108</Val>
</DBL>
<DBL>
<Name></Name>
<Val>0.33333333333333</Val>
</DBL>
<DBL>
<Name></Name>
<Val>0.33333333323559</Val>
</DBL>
<DBL>
<Name></Name>
<Val>0.33333333337732</Val>
</DBL>
<DBL>
<Name></Name>
<Val>0.33333333333333</Val>
</DBL>
<DBL>
<Name></Name>
<Val>0.33333333328934</Val>
</DBL>
<DBL>
<Name></Name>
<Val>0.33333333335313</Val>
</DBL>
<DBL>
<Name></Name>
<Val>0.33333333333333</Val>
</DBL>
<DBL>
<Name></Name>
<Val>0.33333333331354</Val>
</DBL>
<DBL>
<Name></Name>
<Val>0.33333333334224</Val>
</DBL>
<DBL>
<Name></Name>
<Val>0.33333333333333</Val>
</DBL>
<DBL>
<Name></Name>
<Val>0.33333333332442</Val>
</DBL>
<DBL>
<Name></Name>
<Val>0.33333333333734</Val>
</DBL>
<DBL>
<Name></Name>
<Val>0.33333333333333</Val>
</DBL>
<DBL>
<Name></Name>
<Val>0.33333333332932</Val>
</DBL>
<DBL>
<Name></Name>
<Val>0.33333333333514</Val>
</DBL>
<DBL>
<Name></Name>
<Val>0.33333333333333</Val>
</DBL>
<DBL>
<Name></Name>
<Val>0.33333333333153</Val>
</DBL>
<DBL>
<Name></Name>
<Val>0.33333333333415</Val>
</DBL>
<DBL>
<Name></Name>
<Val>0.33333333333333</Val>
</DBL>
<DBL>
<Name></Name>
<Val>0.33333333333252</Val>
</DBL>
<DBL>
<Name></Name>
<Val>0.33333333333370</Val>
</DBL>
<DBL>
<Name></Name>
<Val>0.33333333333333</Val>
</DBL>
<DBL>
<Name></Name>
<Val>0.33333333333297</Val>
</DBL>
<DBL>
<Name></Name>
<Val>0.33333333333350</Val>
</DBL>
<DBL>
<Name></Name>
<Val>0.33333333333333</Val>
</DBL>
<DBL>
<Name></Name>
<Val>0.33333333333317</Val>
</DBL>
<DBL>
<Name></Name>
<Val>0.33333333333341</Val>
</DBL>
<DBL>
<Name></Name>
<Val>0.33333333333333</Val>
</DBL>
<DBL>
<Name></Name>
<Val>0.33333333333326</Val>
</DBL>
<DBL>
<Name></Name>
<Val>0.33333333333337</Val>
</DBL>
<DBL>
<Name></Name>
<Val>0.33333333333333</Val>
</DBL>
<DBL>
<Name></Name>
<Val>0.33333333333330</Val>
</DBL>
<DBL>
<Name></Name>
<Val>0.33333333333335</Val>
</DBL>
<DBL>
<Name></Name>
<Val>0.33333333333333</Val>
</DBL>
<DBL>
<Name></Name>
<Val>0.33333333333332</Val>
</DBL>
<DBL>
<Name></Name>
<Val>0.33333333333334</Val>
</DBL>
<DBL>
<Name></Name>
<Val>0.33333333333333</Val>
</DBL>
<DBL>
<Name></Name>
<Val>0.33333333333333</Val>
</DBL>
<DBL>
<Name></Name>
<Val>0.33333333333334</Val>
</DBL>
<DBL>
<Name></Name>
<Val>0.33333333333333</Val>
</DBL>
<DBL>
<Name></Name>
<Val>0.33333333333333</Val>
</DBL>
<DBL>
<Name></Name>
<Val>0.33333333333333</Val>
</DBL>
<DBL>
<Name></Name>
<Val>0.33333333333333</Val>
</DBL>
<DBL>
<Name></Name>
<Val>0.33333333333333</Val>
</DBL>
<DBL>
<Name></Name>
<Val>0.33333333333333</Val>
</DBL>
<DBL>
<Name></Name>
<Val>0.33333333333333</Val>
</DBL>
<DBL>
<Name></Name>
<Val>0.33333333333333</Val>
</DBL>
<DBL>
<Name></Name>
<Val>0.33333333333333</Val>
</DBL>
<DBL>
<Name></Name>
<Val>0.33333333333333</Val>
</DBL>
<DBL>
<Name></Name>
<Val>0.33333333333333</Val>
</DBL>
<DBL>
<Name></Name>
<Val>0.33333333333333</Val>
</DBL>
<DBL>
<Name></Name>
<Val>0.33333333333333</Val>
</DBL>
<DBL>
<Name></Name>
<Val>0.33333333333333</Val>
</DBL>
<DBL>
<Name></Name>
<Val>0.33333333333333</Val>
</DBL>
<DBL>
<Name></Name>
<Val>0.33333333333333</Val>
</DBL>
<DBL>
<Name></Name>
<Val>0.33333333333333</Val>
</DBL>
<DBL>
<Name></Name>
<Val>0.33333333333333</Val>
</DBL>
<DBL>
<Name></Name>
<Val>0.33333333333333</Val>
</DBL>
<DBL>
<Name></Name>
<Val>0.33333333333333</Val>
</DBL>
<DBL>
<Name></Name>
<Val>0.33333333333333</Val>
</DBL>
<DBL>
<Name></Name>
<Val>0.33333333333333</Val>
</DBL>
<DBL>
<Name></Name>
<Val>0.33333333333333</Val>
</DBL>
<DBL>
<Name></Name>
<Val>0.33333333333333</Val>
</DBL>
<DBL>
<Name></Name>
<Val>0.33333333333333</Val>
</DBL>
<DBL>
<Name></Name>
<Val>0.33333333333333</Val>
</DBL>
<DBL>
<Name></Name>
<Val>0.33333333333333</Val>
</DBL>
<DBL>
<Name></Name>
<Val>0.33333333333333</Val>
</DBL>
<DBL>
<Name></Name>
<Val>0.33333333333333</Val>
</DBL>
<DBL>
<Name></Name>
<Val>0.33333333333333</Val>
</DBL>
<DBL>
<Name></Name>
<Val>0.33333333333333</Val>
</DBL>
<DBL>
<Name></Name>
<Val>0.33333333333333</Val>
</DBL>
<DBL>
<Name></Name>
<Val>0.33333333333333</Val>
</DBL>
<DBL>
<Name></Name>
<Val>0.33333333333333</Val>
</DBL>
<DBL>
<Name></Name>
<Val>0.33333333333333</Val>
</DBL>
<DBL>
<Name></Name>
<Val>0.33333333333333</Val>
</DBL>
<DBL>
<Name></Name>
<Val>0.33333333333333</Val>
</DBL>
<DBL>
<Name></Name>
<Val>0.33333333333333</Val>
</DBL>
<DBL>
<Name></Name>
<Val>0.33333333333333</Val>
</DBL>
<DBL>
<Name></Name>
<Val>0.33333333333333</Val>
</DBL>
<DBL>
<Name></Name>
<Val>0.33333333333333</Val>
</DBL>
<DBL>
<Name></Name>
<Val>0.33333333333333</Val>
</DBL>
<DBL>
<Name></Name>
<Val>0.33333333333333</Val>
</DBL>
<DBL>
<Name></Name>
<Val>0.33333333333333</Val>
</DBL>
<DBL>
<Name></Name>
<Val>0.33333333333333</Val>
</DBL>
<DBL>
<Name></Name>
<Val>0.33333333333333</Val>
</DBL>
<DBL>
<Name></Name>
<Val>0.33333333333333</Val>
</DBL>
<DBL>
<Name></Name>
<Val>0.33333333333333</Val>
</DBL>
<DBL>
<Name></Name>
<Val>0.33333333333333</Val>
</DBL>
<DBL>
<Name></Name>
<Val>0.33333333333333</Val>
</DBL>
<DBL>
<Name></Name>
<Val>0.33333333333333</Val>
</DBL>
<DBL>
<Name></Name>
<Val>0.33333333333333</Val>
</DBL>
<DBL>
<Name></Name>
<Val>0.33333333333333</Val>
</DBL>
<DBL>
<Name></Name>
<Val>0.33333333333333</Val>
</DBL>
<DBL>
<Name></Name>
<Val>0.33333333333333</Val>
</DBL>
<DBL>
<Name></Name>
<Val>0.33333333333333</Val>
</DBL>
<DBL>
<Name></Name>
<Val>0.33333333333333</Val>
</DBL>
<DBL>
<Name></Name>
<Val>0.33333333333333</Val>
</DBL>
<DBL>
<Name></Name>
<Val>0.33333333333333</Val>
</DBL>
<DBL>
<Name></Name>
<Val>0.33333333333333</Val>
</DBL>
<DBL>
<Name></Name>
<Val>0.33333333333333</Val>
</DBL>
<DBL>
<Name></Name>
<Val>0.33333333333333</Val>
</DBL>
<DBL>
<Name></Name>
<Val>0.33333333333333</Val>
</DBL>
<DBL>
<Name></Name>
<Val>0.33333333333333</Val>
</DBL>
<DBL>
<Name></Name>
<Val>0.33333333333333</Val>
</DBL>
<DBL>
<Name></Name>
<Val>0.33333333333333</Val>
</DBL>
<DBL>
<Name></Name>
<Val>0.33333333333333</Val>
</DBL>
<DBL>
<Name></Name>
<Val>0.33333333333333</Val>
</DBL>
<DBL>
<Name></Name>
<Val>0.33333333333333</Val>
</DBL>
<DBL>
<Name></Name>
<Val>0.33333333333333</Val>
</DBL>
<DBL>
<Name></Name>
<Val>0.33333333333333</Val>
</DBL>
<DBL>
<Name></Name>
<Val>0.33333333333333</Val>
</DBL>
<DBL>
<Name></Name>
<Val>0.33333333333333</Val>
</DBL>
<DBL>
<Name></Name>
<Val>0.33333333333333</Val>
</DBL>
<DBL>
<Name></Name>
<Val>0.33333333333333</Val>
</DBL>
<DBL>
<Name></Name>
<Val>0.33333333333333</Val>
</DBL>
<DBL>
<Name></Name>
<Val>0.33333333333333</Val>
</DBL>
<DBL>
<Name></Name>
<Val>0.33333333333333</Val>
</DBL>
<DBL>
<Name></Name>
<Val>0.33333333333333</Val>
</DBL>
<DBL>
<Name></Name>
<Val>0.33333333333333</Val>
</DBL>
<DBL>
<Name></Name>
<Val>0.33333333333333</Val>
</DBL>
<DBL>
<Name></Name>
<Val>0.33333333333333</Val>
</DBL>
<DBL>
<Name></Name>
<Val>0.33333333333333</Val>
</DBL>
<DBL>
<Name></Name>
<Val>0.33333333333333</Val>
</DBL>
<DBL>
<Name></Name>
<Val>0.33333333333333</Val>
</DBL>
<DBL>
<Name></Name>
<Val>0.33333333333333</Val>
</DBL>
<DBL>
<Name></Name>
<Val>0.33333333333333</Val>
</DBL>
<DBL>
<Name></Name>
<Val>0.33333333333333</Val>
</DBL>
<DBL>
<Name></Name>
<Val>0.33333333333333</Val>
</DBL>
<DBL>
<Name></Name>
<Val>0.33333333333333</Val>
</DBL>
<DBL>
<Name></Name>
<Val>0.33333333333333</Val>
</DBL>
<DBL>
<Name></Name>
<Val>0.33333333333333</Val>
</DBL>
<DBL>
<Name></Name>
<Val>0.33333333333333</Val>
</DBL>
<DBL>
<Name></Name>
<Val>0.33333333333333</Val>
</DBL>
<DBL>
<Name></Name>
<Val>0.33333333333333</Val>
</DBL>
<DBL>
<Name></Name>
<Val>0.33333333333333</Val>
</DBL>
<DBL>
<Name></Name>
<Val>0.33333333333333</Val>
</DBL>
<DBL>
<Name></Name>
<Val>0.33333333333333</Val>
</DBL>
<DBL>
<Name></Name>
<Val>0.33333333333333</Val>
</DBL>
<DBL>
<Name></Name>
<Val>0.33333333333333</Val>
</DBL>
<DBL>
<Name></Name>
<Val>0.33333333333333</Val>
</DBL>
<DBL>
<Name></Name>
<Val>0.33333333333333</Val>
</DBL>
<DBL>
<Name></Name>
<Val>0.33333333333333</Val>
</DBL>
<DBL>
<Name></Name>
<Val>0.33333333333333</Val>
</DBL>
<DBL>
<Name></Name>
<Val>0.33333333333333</Val>
</DBL>
<DBL>
<Name></Name>
<Val>0.33333333333333</Val>
</DBL>
<DBL>
<Name></Name>
<Val>0.33333333333333</Val>
</DBL>
<DBL>
<Name></Name>
<Val>0.33333333333333</Val>
</DBL>
<DBL>
<Name></Name>
<Val>0.33333333333333</Val>
</DBL>
<DBL>
<Name></Name>
<Val>0.33333333333333</Val>
</DBL>
<DBL>
<Name></Name>
<Val>0.33333333333333</Val>
</DBL>
<DBL>
<Name></Name>
<Val>0.33333333333333</Val>
</DBL>
<DBL>
<Name></Name>
<Val>0.33333333333333</Val>
</DBL>
<DBL>
<Name></Name>
<Val>0.33333333333333</Val>
</DBL>
<DBL>
<Name></Name>
<Val>0.33333333333333</Val>
</DBL>
<DBL>
<Name></Name>
<Val>0.33333333333333</Val>
</DBL>
<DBL>
<Name></Name>
<Val>0.33333333333333</Val>
</DBL>
<DBL>
<Name></Name>
<Val>0.33333333333333</Val>
</DBL>
<DBL>
<Name></Name>
<Val>0.33333333333333</Val>
</DBL>
<DBL>
<Name></Name>
<Val>0.33333333333333</Val>
</DBL>
<DBL>
<Name></Name>
<Val>0.33333333333333</Val>
</DBL>
<DBL>
<Name></Name>
<Val>0.33333333333333</Val>
</DBL>
<DBL>
<Name></Name>
<Val>0.33333333333333</Val>
</DBL>
<DBL>
<Name></Name>
<Val>0.33333333333333</Val>
</DBL>
<DBL>
<Name></Name>
<Val>0.33333333333333</Val>
</DBL>
<DBL>
<Name></Name>
<Val>0.33333333333333</Val>
</DBL>
<DBL>
<Name></Name>
<Val>0.33333333333333</Val>
</DBL>
<DBL>
<Name></Name>
<Val>0.33333333333333</Val>
</DBL>
<DBL>
<Name></Name>
<Val>0.33333333333333</Val>
</DBL>
<DBL>
<Name></Name>
<Val>0.33333333333333</Val>
</DBL>
<DBL>
<Name></Name>
<Val>0.33333333333333</Val>
</DBL>
<DBL>
<Name></Name>
<Val>0.33333333333333</Val>
</DBL>
<DBL>
<Name></Name>
<Val>0.33333333333333</Val>
</DBL>
<DBL>
<Name></Name>
<Val>0.33333333333333</Val>
</DBL>
<DBL>
<Name></Name>
<Val>0.33333333333333</Val>
</DBL>
<DBL>
<Name></Name>
<Val>0.33333333333333</Val>
</DBL>
<DBL>
<Name></Name>
<Val>0.33333333333333</Val>
</DBL>
<DBL>
<Name></Name>
<Val>0.33333333333333</Val>
</DBL>
<DBL>
<Name></Name>
<Val>0.33333333333333</Val>
</DBL>
<DBL>
<Name></Name>
<Val>0.33333333333333</Val>
</DBL>
<DBL>
<Name></Name>
<Val>0.33333333333333</Val>
</DBL>
<DBL>
<Name></Name>
<Val>0.33333333333333</Val>
</DBL>
<DBL>
<Name></Name>
<Val>0.33333333333333</Val>
</DBL>
<DBL>
<Name></Name>
<Val>0.33333333333333</Val>
</DBL>
<DBL>
<Name></Name>
<Val>0.33333333333333</Val>
</DBL>
<DBL>
<Name></Name>
<Val>0.33333333333333</Val>
</DBL>
<DBL>
<Name></Name>
<Val>0.33333333333333</Val>
</DBL>
<DBL>
<Name></Name>
<Val>0.33333333333333</Val>
</DBL>
<DBL>
<Name></Name>
<Val>0.33333333333333</Val>
</DBL>
<DBL>
<Name></Name>
<Val>0.33333333333333</Val>
</DBL>
<DBL>
<Name></Name>
<Val>0.33333333333333</Val>
</DBL>
<DBL>
<Name></Name>
<Val>0.33333333333333</Val>
</DBL>
<DBL>
<Name></Name>
<Val>0.33333333333333</Val>
</DBL>
<DBL>
<Name></Name>
<Val>0.33333333333333</Val>
</DBL>
<DBL>
<Name></Name>
<Val>0.33333333333333</Val>
</DBL>
<DBL>
<Name></Name>
<Val>0.33333333333333</Val>
</DBL>
<DBL>
<Name></Name>
<Val>0.33333333333333</Val>
</DBL>
<DBL>
<Name></Name>
<Val>0.33333333333333</Val>
</DBL>
<DBL>
<Name></Name>
<Val>0.33333333333333</Val>
</DBL>
<DBL>
<Name></Name>
<Val>0.33333333333333</Val>
</DBL>
<DBL>
<Name></Name>
<Val>0.33333333333333</Val>
</DBL>
<DBL>
<Name></Name>
<Val>0.33333333333333</Val>
</DBL>
<DBL>
<Name></Name>
<Val>0.33333333333333</Val>
</DBL>
<DBL>
<Name></Name>
<Val>0.33333333333333</Val>
</DBL>
<DBL>
<Name></Name>
<Val>0.33333333333333</Val>
</DBL>
<DBL>
<Name></Name>
<Val>0.33333333333333</Val>
</DBL>
<DBL>
<Name></Name>
<Val>0.33333333333333</Val>
</DBL>
<DBL>
<Name></Name>
<Val>0.33333333333333</Val>
</DBL>
<DBL>
<Name></Name>
<Val>0.33333333333333</Val>
</DBL>
<DBL>
<Name></Name>
<Val>0.33333333333333</Val>
</DBL>
<DBL>
<Name></Name>
<Val>0.33333333333333</Val>
</DBL>
<DBL>
<Name></Name>
<Val>0.33333333333333</Val>
</DBL>
<DBL>
<Name></Name>
<Val>0.33333333333333</Val>
</DBL>
<DBL>
<Name></Name>
<Val>0.33333333333333</Val>
</DBL>
<DBL>
<Name></Name>
<Val>0.33333333333333</Val>
</DBL>
<DBL>
<Name></Name>
<Val>0.33333333333333</Val>
</DBL>
</Array>
<Array>
<Name>StateAdjacencyMatrix</Name>
<Dimsize>3</Dimsize>
<Dimsize>3</Dimsize>
<String>
<Name></Name>
<Val>@</Val>
</String>
<String>
<Name></Name>
<Val>A</Val>
</String>
<String>
<Name></Name>
<Val>@</Val>
</String>
<String>
<Name></Name>
<Val>A</Val>
</String>
<String>
<Name></Name>
<Val>@</Val>
</String>
<String>
<Name></Name>
<Val>A</Val>
</String>
<String>
<Name></Name>
<Val>@</Val>
</String>
<String>
<Name></Name>
<Val>A</Val>
</String>
<String>
<Name></Name>
<Val>@</Val>
</String>
</Array>
<Cluster>
<Name>IntegrationParams</Name>
<NumElts>4</NumElts>
<DBL>
<Name>time start</Name>
<Val>0.00000000000000</Val>
</DBL>
<DBL>
<Name>time end</Name>
<Val>999.00000000000000</Val>
</DBL>
<DBL>
<Name>h (step rate)</Name>
<Val>1.00000000000000</Val>
</DBL>
<Array>
<Name>X0</Name>
<Dimsize>3</Dimsize>
<I32>
<Name></Name>
<Val>1</Val>
</I32>
<I32>
<Name></Name>
<Val>0</Val>
</I32>
<I32>
<Name></Name>
<Val>0</Val>
</I32>
</Array>
</Cluster>
<Array>
<Name>StateNames</Name>
<Dimsize>3</Dimsize>
<String>
<Name>string</Name>
<Val>a</Val>
</String>
<String>
<Name>string</Name>
<Val>b</Val>
</String>
<String>
<Name>string</Name>
<Val>c</Val>
</String>
</Array>
</Cluster>
</LVData>