<?xml version='1.0' standalone='yes' ?>
<LVData xmlns="http://www.ni.com/LVData">
<Version>10.0.1</Version>
<Cluster>
<Name>ModelData</Name>
<NumElts>7</NumElts>
<Array>
<Name>Transitions</Name>
<Dimsize>3</Dimsize>
<Dimsize>2</Dimsize>
<String>
<Name>string</Name>
<Val>A</Val>
</String>
<String>
<Name>string</Name>
<Val>A</Val>
</String>
<String>
<Name>string</Name>
<Val>B</Val>
</String>
<String>
<Name>string</Name>
<Val>B</Val>
</String>
<String>
<Name>string</Name>
<Val>C</Val>
</String>
<String>
<Name>string</Name>
<Val>C</Val>
</String>
</Array>
<Array>
<Name>RealValues</Name>
<Dimsize>3</Dimsize>
<Dimsize>2</Dimsize>
<String>
<Name>string</Name>
<Val>A</Val>
</String>
<String>
<Name>string</Name>
<Val>0,000002</Val>
</String>
<String>
<Name>string</Name>
<Val>B</Val>
</String>
<String>
<Name>string</Name>
<Val>0,002578</Val>
</String>
<String>
<Name>string</Name>
<Val>C</Val>
</String>
<String>
<Name>string</Name>
<Val>0,000989</Val>
</String>
</Array>
<Array>
<Name>Times</Name>
<Dimsize>100</Dimsize>
<DBL>
<Name></Name>
<Val>0.00000000000000</Val>
</DBL>
<DBL>
<Name></Name>
<Val>10.00000000000000</Val>
</DBL>
<DBL>
<Name></Name>
<Val>20.00000000000000</Val>
</DBL>
<DBL>
<Name></Name>
<Val>30.00000000000000</Val>
</DBL>
<DBL>
<Name></Name>
<Val>40.00000000000000</Val>
</DBL>
<DBL>
<Name></Name>
<Val>50.00000000000000</Val>
</DBL>
<DBL>
<Name></Name>
<Val>60.00000000000000</Val>
</DBL>
<DBL>
<Name></Name>
<Val>70.00000000000000</Val>
</DBL>
<DBL>
<Name></Name>
<Val>80.00000000000000</Val>
</DBL>
<DBL>
<Name></Name>
<Val>90.00000000000000</Val>
</DBL>
<DBL>
<Name></Name>
<Val>100.00000000000000</Val>
</DBL>
<DBL>
<Name></Name>
<Val>110.00000000000000</Val>
</DBL>
<DBL>
<Name></Name>
<Val>120.00000000000000</Val>
</DBL>
<DBL>
<Name></Name>
<Val>130.00000000000000</Val>
</DBL>
<DBL>
<Name></Name>
<Val>140.00000000000000</Val>
</DBL>
<DBL>
<Name></Name>
<Val>150.00000000000000</Val>
</DBL>
<DBL>
<Name></Name>
<Val>160.00000000000000</Val>
</DBL>
<DBL>
<Name></Name>
<Val>170.00000000000000</Val>
</DBL>
<DBL>
<Name></Name>
<Val>180.00000000000000</Val>
</DBL>
<DBL>
<Name></Name>
<Val>190.00000000000000</Val>
</DBL>
<DBL>
<Name></Name>
<Val>200.00000000000000</Val>
</DBL>
<DBL>
<Name></Name>
<Val>210.00000000000000</Val>
</DBL>
<DBL>
<Name></Name>
<Val>220.00000000000000</Val>
</DBL>
<DBL>
<Name></Name>
<Val>230.00000000000000</Val>
</DBL>
<DBL>
<Name></Name>
<Val>240.00000000000000</Val>
</DBL>
<DBL>
<Name></Name>
<Val>250.00000000000000</Val>
</DBL>
<DBL>
<Name></Name>
<Val>260.00000000000000</Val>
</DBL>
<DBL>
<Name></Name>
<Val>270.00000000000000</Val>
</DBL>
<DBL>
<Name></Name>
<Val>280.00000000000000</Val>
</DBL>
<DBL>
<Name></Name>
<Val>290.00000000000000</Val>
</DBL>
<DBL>
<Name></Name>
<Val>300.00000000000000</Val>
</DBL>
<DBL>
<Name></Name>
<Val>310.00000000000000</Val>
</DBL>
<DBL>
<Name></Name>
<Val>320.00000000000000</Val>
</DBL>
<DBL>
<Name></Name>
<Val>330.00000000000000</Val>
</DBL>
<DBL>
<Name></Name>
<Val>340.00000000000000</Val>
</DBL>
<DBL>
<Name></Name>
<Val>350.00000000000000</Val>
</DBL>
<DBL>
<Name></Name>
<Val>360.00000000000000</Val>
</DBL>
<DBL>
<Name></Name>
<Val>370.00000000000000</Val>
</DBL>
<DBL>
<Name></Name>
<Val>380.00000000000000</Val>
</DBL>
<DBL>
<Name></Name>
<Val>390.00000000000000</Val>
</DBL>
<DBL>
<Name></Name>
<Val>400.00000000000000</Val>
</DBL>
<DBL>
<Name></Name>
<Val>410.00000000000000</Val>
</DBL>
<DBL>
<Name></Name>
<Val>420.00000000000000</Val>
</DBL>
<DBL>
<Name></Name>
<Val>430.00000000000000</Val>
</DBL>
<DBL>
<Name></Name>
<Val>440.00000000000000</Val>
</DBL>
<DBL>
<Name></Name>
<Val>450.00000000000000</Val>
</DBL>
<DBL>
<Name></Name>
<Val>460.00000000000000</Val>
</DBL>
<DBL>
<Name></Name>
<Val>470.00000000000000</Val>
</DBL>
<DBL>
<Name></Name>
<Val>480.00000000000000</Val>
</DBL>
<DBL>
<Name></Name>
<Val>490.00000000000000</Val>
</DBL>
<DBL>
<Name></Name>
<Val>500.00000000000000</Val>
</DBL>
<DBL>
<Name></Name>
<Val>510.00000000000000</Val>
</DBL>
<DBL>
<Name></Name>
<Val>520.00000000000000</Val>
</DBL>
<DBL>
<Name></Name>
<Val>530.00000000000000</Val>
</DBL>
<DBL>
<Name></Name>
<Val>540.00000000000000</Val>
</DBL>
<DBL>
<Name></Name>
<Val>550.00000000000000</Val>
</DBL>
<DBL>
<Name></Name>
<Val>560.00000000000000</Val>
</DBL>
<DBL>
<Name></Name>
<Val>570.00000000000000</Val>
</DBL>
<DBL>
<Name></Name>
<Val>580.00000000000000</Val>
</DBL>
<DBL>
<Name></Name>
<Val>590.00000000000000</Val>
</DBL>
<DBL>
<Name></Name>
<Val>600.00000000000000</Val>
</DBL>
<DBL>
<Name></Name>
<Val>610.00000000000000</Val>
</DBL>
<DBL>
<Name></Name>
<Val>620.00000000000000</Val>
</DBL>
<DBL>
<Name></Name>
<Val>630.00000000000000</Val>
</DBL>
<DBL>
<Name></Name>
<Val>640.00000000000000</Val>
</DBL>
<DBL>
<Name></Name>
<Val>650.00000000000000</Val>
</DBL>
<DBL>
<Name></Name>
<Val>660.00000000000000</Val>
</DBL>
<DBL>
<Name></Name>
<Val>670.00000000000000</Val>
</DBL>
<DBL>
<Name></Name>
<Val>680.00000000000000</Val>
</DBL>
<DBL>
<Name></Name>
<Val>690.00000000000000</Val>
</DBL>
<DBL>
<Name></Name>
<Val>700.00000000000000</Val>
</DBL>
<DBL>
<Name></Name>
<Val>710.00000000000000</Val>
</DBL>
<DBL>
<Name></Name>
<Val>720.00000000000000</Val>
</DBL>
<DBL>
<Name></Name>
<Val>730.00000000000000</Val>
</DBL>
<DBL>
<Name></Name>
<Val>740.00000000000000</Val>
</DBL>
<DBL>
<Name></Name>
<Val>750.00000000000000</Val>
</DBL>
<DBL>
<Name></Name>
<Val>760.00000000000000</Val>
</DBL>
<DBL>
<Name></Name>
<Val>770.00000000000000</Val>
</DBL>
<DBL>
<Name></Name>
<Val>780.00000000000000</Val>
</DBL>
<DBL>
<Name></Name>
<Val>790.00000000000000</Val>
</DBL>
<DBL>
<Name></Name>
<Val>800.00000000000000</Val>
</DBL>
<DBL>
<Name></Name>
<Val>810.00000000000000</Val>
</DBL>
<DBL>
<Name></Name>
<Val>820.00000000000000</Val>
</DBL>
<DBL>
<Name></Name>
<Val>830.00000000000000</Val>
</DBL>
<DBL>
<Name></Name>
<Val>840.00000000000000</Val>
</DBL>
<DBL>
<Name></Name>
<Val>850.00000000000000</Val>
</DBL>
<DBL>
<Name></Name>
<Val>860.00000000000000</Val>
</DBL>
<DBL>
<Name></Name>
<Val>870.00000000000000</Val>
</DBL>
<DBL>
<Name></Name>
<Val>880.00000000000000</Val>
</DBL>
<DBL>
<Name></Name>
<Val>890.00000000000000</Val>
</DBL>
<DBL>
<Name></Name>
<Val>900.00000000000000</Val>
</DBL>
<DBL>
<Name></Name>
<Val>910.00000000000000</Val>
</DBL>
<DBL>
<Name></Name>
<Val>920.00000000000000</Val>
</DBL>
<DBL>
<Name></Name>
<Val>930.00000000000000</Val>
</DBL>
<DBL>
<Name></Name>
<Val>940.00000000000000</Val>
</DBL>
<DBL>
<Name></Name>
<Val>950.00000000000000</Val>
</DBL>
<DBL>
<Name></Name>
<Val>960.00000000000000</Val>
</DBL>
<DBL>
<Name></Name>
<Val>970.00000000000000</Val>
</DBL>
<DBL>
<Name></Name>
<Val>980.00000000000000</Val>
</DBL>
<DBL>
<Name></Name>
<Val>990.00000000000000</Val>
</DBL>
</Array>
<Array>
<Name>RealSolution</Name>
<Dimsize>100</Dimsize>
<Dimsize>3</Dimsize>
<DBL>
<Name></Name>
<Val>1.00000000000000</Val>
</DBL>
<DBL>
<Name></Name>
<Val>0.00000000000000</Val>
</DBL>
<DBL>
<Name></Name>
<Val>0.00000000000000</Val>
</DBL>
<DBL>
<Name></Name>
<Val>0.97462989539263</Val>
</DBL>
<DBL>
<Name></Name>
<Val>2.53698747830883E-2</Val>
</DBL>
<DBL>
<Name></Name>
<Val>2.29824286094576E-7</Val>
</DBL>
<DBL>
<Name></Name>
<Val>0.95015034944399</Val>
</DBL>
<DBL>
<Name></Name>
<Val>4.98486915911274E-2</Val>
</DBL>
<DBL>
<Name></Name>
<Val>9.58964881769197E-7</Val>
</DBL>
<DBL>
<Name></Name>
<Val>0.92653009622050</Val>
</DBL>
<DBL>
<Name></Name>
<Val>7.34677339053072E-2</Val>
</DBL>
<DBL>
<Name></Name>
<Val>2.16987419623489E-6</Val>
</DBL>
<DBL>
<Name></Name>
<Val>0.90373896748014</Val>
</DBL>
<DBL>
<Name></Name>
<Val>9.62571868991560E-2</Val>
</DBL>
<DBL>
<Name></Name>
<Val>3.84562070416272E-6</Val>
</DBL>
<DBL>
<Name></Name>
<Val>0.88174785413450</Val>
</DBL>
<DBL>
<Name></Name>
<Val>0.11824617599818</Val>
</DBL>
<DBL>
<Name></Name>
<Val>5.96986731671572E-6</Val>
</DBL>
<DBL>
<Name></Name>
<Val>0.86052866906375</Val>
</DBL>
<DBL>
<Name></Name>
<Val>0.13946280408574</Val>
</DBL>
<DBL>
<Name></Name>
<Val>8.52685051193566E-6</Val>
</DBL>
<DBL>
<Name></Name>
<Val>0.84005431123711</Val>
</DBL>
<DBL>
<Name></Name>
<Val>0.15993418740269</Val>
</DBL>
<DBL>
<Name></Name>
<Val>1.15013601978250E-5</Val>
</DBL>
<DBL>
<Name></Name>
<Val>0.82029863109305</Val>
</DBL>
<DBL>
<Name></Name>
<Val>0.17968649018666</Val>
</DBL>
<DBL>
<Name></Name>
<Val>1.48787202824002E-5</Val>
</DBL>
<DBL>
<Name></Name>
<Val>0.80123639713486</Val>
</DBL>
<DBL>
<Name></Name>
<Val>0.19874495809522</Val>
</DBL>
<DBL>
<Name></Name>
<Val>1.86447699258967E-5</Val>
</DBL>
<DBL>
<Name></Name>
<Val>0.78284326369901</Val>
</DBL>
<DBL>
<Name></Name>
<Val>0.21713395045554</Val>
</DBL>
<DBL>
<Name></Name>
<Val>2.27858454511747E-5</Val>
</DBL>
<DBL>
<Name></Name>
<Val>0.76509573985516</Val>
</DBL>
<DBL>
<Name></Name>
<Val>0.23487697138195</Val>
</DBL>
<DBL>
<Name></Name>
<Val>2.72887628892199E-5</Val>
</DBL>
<DBL>
<Name></Name>
<Val>0.74797115939793</Val>
</DBL>
<DBL>
<Name></Name>
<Val>0.25199669980093</Val>
</DBL>
<DBL>
<Name></Name>
<Val>3.21408011374395E-5</Val>
</DBL>
<DBL>
<Name></Name>
<Val>0.73144765189233</Val>
</DBL>
<DBL>
<Name></Name>
<Val>0.26851501842196</Val>
</DBL>
<DBL>
<Name></Name>
<Val>3.73296857092419E-5</Val>
</DBL>
<DBL>
<Name></Name>
<Val>0.71550411473562</Val>
</DBL>
<DBL>
<Name></Name>
<Val>0.28445304169133</Val>
</DBL>
<DBL>
<Name></Name>
<Val>4.28435730541390E-5</Val>
</DBL>
<DBL>
<Name></Name>
<Val>0.70012018620009</Val>
</DBL>
<DBL>
<Name></Name>
<Val>0.29983114276448</Val>
</DBL>
<DBL>
<Name></Name>
<Val>4.86710354283418E-5</Val>
</DBL>
<DBL>
<Name></Name>
<Val>0.68527621942226</Val>
</DBL>
<DBL>
<Name></Name>
<Val>0.31466897953145</Val>
</DBL>
<DBL>
<Name></Name>
<Val>5.48010462965240E-5</Val>
</DBL>
<DBL>
<Name></Name>
<Val>0.67095325730526</Val>
</DBL>
<DBL>
<Name></Name>
<Val>0.32898551972849</Val>
</DBL>
<DBL>
<Name></Name>
<Val>6.12229662461020E-5</Val>
</DBL>
<DBL>
<Name></Name>
<Val>0.65713300830234</Val>
</DBL>
<DBL>
<Name></Name>
<Val>0.34279906516826</Val>
</DBL>
<DBL>
<Name></Name>
<Val>6.79265293960409E-5</Val>
</DBL>
<DBL>
<Name></Name>
<Val>0.64379782305060</Val>
</DBL>
<DBL>
<Name></Name>
<Val>0.35612727511912</Val>
</DBL>
<DBL>
<Name></Name>
<Val>7.49018302828229E-5</Val>
</DBL>
<DBL>
<Name></Name>
<Val>0.63093067182500</Val>
</DBL>
<DBL>
<Name></Name>
<Val>0.36898718886380</Val>
</DBL>
<DBL>
<Name></Name>
<Val>8.21393112068259E-5</Val>
</DBL>
<DBL>
<Name></Name>
<Val>0.61851512278403</Val>
</DBL>
<DBL>
<Name></Name>
<Val>0.38139524746594</Val>
</DBL>
<DBL>
<Name></Name>
<Val>8.96297500229486E-5</Val>
</DBL>
<DBL>
<Name></Name>
<Val>0.60653532097907</Val>
</DBL>
<DBL>
<Name></Name>
<Val>0.39336731477257</Val>
</DBL>
<DBL>
<Name></Name>
<Val>9.73642483598852E-5</Val>
</DBL>
<DBL>
<Name></Name>
<Val>0.59497596810067</Val>
</DBL>
<DBL>
<Name></Name>
<Val>0.40491869767908</Val>
</DBL>
<DBL>
<Name></Name>
<Val>1.05334220253001E-4</Val>
</DBL>
<DBL>
<Name></Name>
<Val>0.58382230293594</Val>
</DBL>
<DBL>
<Name></Name>
<Val>0.41606416568289</Val>
</DBL>
<DBL>
<Name></Name>
<Val>1.13531381176284E-4</Val>
</DBL>
<DBL>
<Name></Name>
<Val>0.57306008251206</Val>
</DBL>
<DBL>
<Name></Name>
<Val>0.42681796975048</Val>
</DBL>
<DBL>
<Name></Name>
<Val>1.21947737459375E-4</Val>
</DBL>
<DBL>
<Name></Name>
<Val>0.56267556390180</Val>
</DBL>
<DBL>
<Name></Name>
<Val>0.43719386052213</Val>
</DBL>
<DBL>
<Name></Name>
<Val>1.30575576076131E-4</Val>
</DBL>
<DBL>
<Name></Name>
<Val>0.55265548666775</Val>
</DBL>
<DBL>
<Name></Name>
<Val>0.44720510587746</Val>
</DBL>
<DBL>
<Name></Name>
<Val>1.39407454791713E-4</Val>
</DBL>
<DBL>
<Name></Name>
<Val>0.54298705592301</Val>
</DBL>
<DBL>
<Name></Name>
<Val>0.45686450788434</Val>
</DBL>
<DBL>
<Name></Name>
<Val>1.48436192655575E-4</Val>
</DBL>
<DBL>
<Name></Name>
<Val>0.53365792598651</Val>
</DBL>
<DBL>
<Name></Name>
<Val>0.46618441915266</Val>
</DBL>
<DBL>
<Name></Name>
<Val>1.57654860828240E-4</Val>
</DBL>
<DBL>
<Name></Name>
<Val>0.52465618461219</Val>
</DBL>
<DBL>
<Name></Name>
<Val>0.47517675861408</Val>
</DBL>
<DBL>
<Name></Name>
<Val>1.67056773730121E-4</Val>
</DBL>
<DBL>
<Name></Name>
<Val>0.51597033777188</Val>
</DBL>
<DBL>
<Name></Name>
<Val>0.48385302674762</Val>
</DBL>
<DBL>
<Name></Name>
<Val>1.76635480501104E-4</Val>
</DBL>
<DBL>
<Name></Name>
<Val>0.50758929497238</Val>
</DBL>
<DBL>
<Name></Name>
<Val>0.49222432027086</Val>
</DBL>
<DBL>
<Name></Name>
<Val>1.86384756759957E-4</Val>
</DBL>
<DBL>
<Name></Name>
<Val>0.49950235508810</Val>
</DBL>
<DBL>
<Name></Name>
<Val>0.50030134631525</Val>
</DBL>
<DBL>
<Name></Name>
<Val>1.96298596653059E-4</Val>
</DBL>
<DBL>
<Name></Name>
<Val>0.49169919269100</Val>
</DBL>
<DBL>
<Name></Name>
<Val>0.50809443610382</Val>
</DBL>
<DBL>
<Name></Name>
<Val>2.06371205182282E-4</Val>
</DBL>
<DBL>
<Name></Name>
<Val>0.48416984486058</Val>
</DBL>
<DBL>
<Name></Name>
<Val>0.51561355814862</Val>
</DBL>
<DBL>
<Name></Name>
<Val>2.16596990802229E-4</Val>
</DBL>
<DBL>
<Name></Name>
<Val>0.47690469845682</Val>
</DBL>
<DBL>
<Name></Name>
<Val>0.52286833098491</Val>
</DBL>
<DBL>
<Name></Name>
<Val>2.26970558277368E-4</Val>
</DBL>
<DBL>
<Name></Name>
<Val>0.46989447784004</Val>
</DBL>
<DBL>
<Name></Name>
<Val>0.52986803545817</Val>
</DBL>
<DBL>
<Name></Name>
<Val>2.37486701789938E-4</Val>
</DBL>
<DBL>
<Name></Name>
<Val>0.46313023302187</Val>
</DBL>
<DBL>
<Name></Name>
<Val>0.53662162657984</Val>
</DBL>
<DBL>
<Name></Name>
<Val>2.48140398289829E-4</Val>
</DBL>
<DBL>
<Name></Name>
<Val>0.45660332823217</Val>
</DBL>
<DBL>
<Name></Name>
<Val>0.54313774496675</Val>
</DBL>
<DBL>
<Name></Name>
<Val>2.58926801077934E-4</Val>
</DBL>
<DBL>
<Name></Name>
<Val>0.45030543088742</Val>
</DBL>
<DBL>
<Name></Name>
<Val>0.54942472787896</Val>
</DBL>
<DBL>
<Name></Name>
<Val>2.69841233614773E-4</Val>
</DBL>
<DBL>
<Name></Name>
<Val>0.44422850094636</Val>
</DBL>
<DBL>
<Name></Name>
<Val>0.55549061987010</Val>
</DBL>
<DBL>
<Name></Name>
<Val>2.80879183546494E-4</Val>
</DBL>
<DBL>
<Name></Name>
<Val>0.43836478063933</Val>
</DBL>
<DBL>
<Name></Name>
<Val>0.56134318306373</Val>
</DBL>
<DBL>
<Name></Name>
<Val>2.92036296940603E-4</Val>
</DBL>
<DBL>
<Name></Name>
<Val>0.43270678455827</Val>
</DBL>
<DBL>
<Name></Name>
<Val>0.56698990706901</Val>
</DBL>
<DBL>
<Name></Name>
<Val>3.03308372724073E-4</Val>
</DBL>
<DBL>
<Name></Name>
<Val>0.42724729009451</Val>
</DBL>
<DBL>
<Name></Name>
<Val>0.57243801854817</Val>
</DBL>
<DBL>
<Name></Name>
<Val>3.14691357316717E-4</Val>
</DBL>
<DBL>
<Name></Name>
<Val>0.42197932821242</Val>
</DBL>
<DBL>
<Name></Name>
<Val>0.57769449044813</Val>
</DBL>
<DBL>
<Name></Name>
<Val>3.26181339452976E-4</Val>
</DBL>
<DBL>
<Name></Name>
<Val>0.41689617454686</Val>
</DBL>
<DBL>
<Name></Name>
<Val>0.58276605090796</Val>
</DBL>
<DBL>
<Name></Name>
<Val>3.37774545185503E-4</Val>
</DBL>
<DBL>
<Name></Name>
<Val>0.41199134081326</Val>
</DBL>
<DBL>
<Name></Name>
<Val>0.58765919185368</Val>
</DBL>
<DBL>
<Name></Name>
<Val>3.49467333064167E-4</Val>
</DBL>
<DBL>
<Name></Name>
<Val>0.40725856651922</Val>
</DBL>
<DBL>
<Name></Name>
<Val>0.59238017729130</Val>
</DBL>
<DBL>
<Name></Name>
<Val>3.61256189484306E-4</Val>
</DBL>
<DBL>
<Name></Name>
<Val>0.40269181096717</Val>
</DBL>
<DBL>
<Name></Name>
<Val>0.59693505130864</Val>
</DBL>
<DBL>
<Name></Name>
<Val>3.73137724198301E-4</Val>
</DBL>
<DBL>
<Name></Name>
<Val>0.39828524553773</Val>
</DBL>
<DBL>
<Name></Name>
<Val>0.60132964579629</Val>
</DBL>
<DBL>
<Name></Name>
<Val>3.85108665984729E-4</Val>
</DBL>
<DBL>
<Name></Name>
<Val>0.39403324624403</Val>
</DBL>
<DBL>
<Name></Name>
<Val>0.60556958789750</Val>
</DBL>
<DBL>
<Name></Name>
<Val>3.97165858469562E-4</Val>
</DBL>
<DBL>
<Name></Name>
<Val>0.38993038654743</Val>
</DBL>
<DBL>
<Name></Name>
<Val>0.60966030719648</Val>
</DBL>
<DBL>
<Name></Name>
<Val>4.09306256094080E-4</Val>
</DBL>
<DBL>
<Name></Name>
<Val>0.38597143042546</Val>
</DBL>
<DBL>
<Name></Name>
<Val>0.61360704265431</Val>
</DBL>
<DBL>
<Name></Name>
<Val>4.21526920224341E-4</Val>
</DBL>
<DBL>
<Name></Name>
<Val>0.38215132568313</Val>
</DBL>
<DBL>
<Name></Name>
<Val>0.61741484930147</Val>
</DBL>
<DBL>
<Name></Name>
<Val>4.33825015397241E-4</Val>
</DBL>
<DBL>
<Name></Name>
<Val>0.37846519749908</Val>
</DBL>
<DBL>
<Name></Name>
<Val>0.62108860469522</Val>
</DBL>
<DBL>
<Name></Name>
<Val>4.46197805698368E-4</Val>
</DBL>
<DBL>
<Name></Name>
<Val>0.37490834219828</Val>
</DBL>
<DBL>
<Name></Name>
<Val>0.62463301515046</Val>
</DBL>
<DBL>
<Name></Name>
<Val>4.58642651267025E-4</Val>
</DBL>
<DBL>
<Name></Name>
<Val>0.37147622124343</Val>
</DBL>
<DBL>
<Name></Name>
<Val>0.62805262175165</Val>
</DBL>
<DBL>
<Name></Name>
<Val>4.71157004923953E-4</Val>
</DBL>
<DBL>
<Name></Name>
<Val>0.36816445543722</Val>
</DBL>
<DBL>
<Name></Name>
<Val>0.63135180615386</Val>
</DBL>
<DBL>
<Name></Name>
<Val>4.83738408917450E-4</Val>
</DBL>
<DBL>
<Name></Name>
<Val>0.36496881932824</Val>
</DBL>
<DBL>
<Name></Name>
<Val>0.63453479617997</Val>
</DBL>
<DBL>
<Name></Name>
<Val>4.96384491783728E-4</Val>
</DBL>
<DBL>
<Name></Name>
<Val>0.36188523581317</Val>
</DBL>
<DBL>
<Name></Name>
<Val>0.63760567122151</Val>
</DBL>
<DBL>
<Name></Name>
<Val>5.09092965317495E-4</Val>
</DBL>
<DBL>
<Name></Name>
<Val>0.35890977092859</Val>
</DBL>
<DBL>
<Name></Name>
<Val>0.64056836744976</Val>
</DBL>
<DBL>
<Name></Name>
<Val>5.21861621648900E-4</Val>
</DBL>
<DBL>
<Name></Name>
<Val>0.35603862882556</Val>
</DBL>
<DBL>
<Name></Name>
<Val>0.64342668284402</Val>
</DBL>
<DBL>
<Name></Name>
<Val>5.34688330423096E-4</Val>
</DBL>
<DBL>
<Name></Name>
<Val>0.35326814692068</Val>
</DBL>
<DBL>
<Name></Name>
<Val>0.64618428204324</Val>
</DBL>
<DBL>
<Name></Name>
<Val>5.47571036078825E-4</Val>
</DBL>
<DBL>
<Name></Name>
<Val>0.35059479121739</Val>
</DBL>
<DBL>
<Name></Name>
<Val>0.64884470102739</Val>
</DBL>
<DBL>
<Name></Name>
<Val>5.60507755222547E-4</Val>
</DBL>
<DBL>
<Name></Name>
<Val>0.34801515179147</Val>
</DBL>
<DBL>
<Name></Name>
<Val>0.65141135163443</Val>
</DBL>
<DBL>
<Name></Name>
<Val>5.73496574094761E-4</Val>
</DBL>
<DBL>
<Name></Name>
<Val>0.34552593843512</Val>
</DBL>
<DBL>
<Name></Name>
<Val>0.65388752591875</Val>
</DBL>
<DBL>
<Name></Name>
<Val>5.86535646125276E-4</Val>
</DBL>
<DBL>
<Name></Name>
<Val>0.34312397645391</Val>
</DBL>
<DBL>
<Name></Name>
<Val>0.65627640035651</Val>
</DBL>
<DBL>
<Name></Name>
<Val>5.99623189574312E-4</Val>
</DBL>
<DBL>
<Name></Name>
<Val>0.34080620261131</Val>
</DBL>
<DBL>
<Name></Name>
<Val>0.65858103990343</Val>
</DBL>
<DBL>
<Name></Name>
<Val>6.12757485256422E-4</Val>
</DBL>
<DBL>
<Name></Name>
<Val>0.33856966121560</Val>
</DBL>
<DBL>
<Name></Name>
<Val>0.66080440191005</Val>
</DBL>
<DBL>
<Name></Name>
<Val>6.25936874344318E-4</Val>
</DBL>
<DBL>
<Name></Name>
<Val>0.33641150034418</Val>
</DBL>
<DBL>
<Name></Name>
<Val>0.66294933989957</Val>
</DBL>
<DBL>
<Name></Name>
<Val>6.39159756249803E-4</Val>
</DBL>
<DBL>
<Name></Name>
<Val>0.33432896820038</Val>
</DBL>
<DBL>
<Name></Name>
<Val>0.66501860721304</Val>
</DBL>
<DBL>
<Name></Name>
<Val>6.52424586579098E-4</Val>
</DBL>
<DBL>
<Name></Name>
<Val>0.33231940959827</Val>
</DBL>
<DBL>
<Name></Name>
<Val>0.66701486052657</Val>
</DBL>
<DBL>
<Name></Name>
<Val>6.65729875159960E-4</Val>
</DBL>
<DBL>
<Name></Name>
<Val>0.33038026257078</Val>
</DBL>
<DBL>
<Name></Name>
<Val>0.66894066324508</Val>
</DBL>
<DBL>
<Name></Name>
<Val>6.79074184138055E-4</Val>
</DBL>
<DBL>
<Name></Name>
<Val>0.32850905509697</Val>
</DBL>
<DBL>
<Name></Name>
<Val>0.67079848877689</Val>
</DBL>
<DBL>
<Name></Name>
<Val>6.92456126140170E-4</Val>
</DBL>
<DBL>
<Name></Name>
<Val>0.32670340194420</Val>
</DBL>
<DBL>
<Name></Name>
<Val>0.67259072369330</Val>
</DBL>
<DBL>
<Name></Name>
<Val>7.05874362501914E-4</Val>
</DBL>
<DBL>
<Name></Name>
<Val>0.32496100162109</Val>
</DBL>
<DBL>
<Name></Name>
<Val>0.67431967077736</Val>
</DBL>
<DBL>
<Name></Name>
<Val>7.19327601557631E-4</Val>
</DBL>
<DBL>
<Name></Name>
<Val>0.32327963343758</Val>
</DBL>
<DBL>
<Name></Name>
<Val>0.67598755196543</Val>
</DBL>
<DBL>
<Name></Name>
<Val>7.32814596990364E-4</Val>
</DBL>
<DBL>
<Name></Name>
<Val>0.32165715466810</Val>
</DBL>
<DBL>
<Name></Name>
<Val>0.67759651118567</Val>
</DBL>
<DBL>
<Name></Name>
<Val>7.46334146239735E-4</Val>
</DBL>
<DBL>
<Name></Name>
<Val>0.32009149781437</Val>
</DBL>
<DBL>
<Name></Name>
<Val>0.67914861709666</Val>
</DBL>
<DBL>
<Name></Name>
<Val>7.59885088965738E-4</Val>
</DBL>
<DBL>
<Name></Name>
<Val>0.31858066796435</Val>
</DBL>
<DBL>
<Name></Name>
<Val>0.68064586573009</Val>
</DBL>
<DBL>
<Name></Name>
<Val>7.73466305566448E-4</Val>
</DBL>
<DBL>
<Name></Name>
<Val>0.31712274024378</Val>
</DBL>
<DBL>
<Name></Name>
<Val>0.68209018304047</Val>
</DBL>
<DBL>
<Name></Name>
<Val>7.87076715747785E-4</Val>
</DBL>
<DBL>
<Name></Name>
<Val>0.31571585735737</Val>
</DBL>
<DBL>
<Name></Name>
<Val>0.68348342736548</Val>
</DBL>
<DBL>
<Name></Name>
<Val>8.00715277143481E-4</Val>
</DBL>
<DBL>
<Name></Name>
<Val>0.31435822721617</Val>
</DBL>
<DBL>
<Name></Name>
<Val>0.68482739179985</Val>
</DBL>
<DBL>
<Name></Name>
<Val>8.14380983983506E-4</Val>
</DBL>
<DBL>
<Name></Name>
<Val>0.31304812064829</Val>
</DBL>
<DBL>
<Name></Name>
<Val>0.68612380648590</Val>
</DBL>
<DBL>
<Name></Name>
<Val>8.28072865809233E-4</Val>
</DBL>
<DBL>
<Name></Name>
<Val>0.31178386919002</Val>
</DBL>
<DBL>
<Name></Name>
<Val>0.68737434082375</Val>
</DBL>
<DBL>
<Name></Name>
<Val>8.41789986233723E-4</Val>
</DBL>
<DBL>
<Name></Name>
<Val>0.31056386295444</Val>
</DBL>
<DBL>
<Name></Name>
<Val>0.68858060560382</Val>
</DBL>
<DBL>
<Name></Name>
<Val>8.55531441745525E-4</Val>
</DBL>
<DBL>
<Name></Name>
<Val>0.30938654857492</Val>
</DBL>
<DBL>
<Name></Name>
<Val>0.68974415506452</Val>
</DBL>
<DBL>
<Name></Name>
<Val>8.69296360554476E-4</Val>
</DBL>
<DBL>
<Name></Name>
<Val>0.30825042722080</Val>
</DBL>
<DBL>
<Name></Name>
<Val>0.69086648887772</Val>
</DBL>
<DBL>
<Name></Name>
<Val>8.83083901478022E-4</Val>
</DBL>
<DBL>
<Name></Name>
<Val>0.30715405268268</Val>
</DBL>
<DBL>
<Name></Name>
<Val>0.69194905406445</Val>
</DBL>
<DBL>
<Name></Name>
<Val>8.96893252866644E-4</Val>
</DBL>
<DBL>
<Name></Name>
<Val>0.30609602952504</Val>
</DBL>
<DBL>
<Name></Name>
<Val>0.69299324684340</Val>
</DBL>
<DBL>
<Name></Name>
<Val>9.10723631566997E-4</Val>
</DBL>
<DBL>
<Name></Name>
<Val>0.30507501130360</Val>
</DBL>
<DBL>
<Name></Name>
<Val>0.69400041441448</Val>
</DBL>
<DBL>
<Name></Name>
<Val>9.24574281921467E-4</Val>
</DBL>
<DBL>
<Name></Name>
<Val>0.30408969884540</Val>
</DBL>
<DBL>
<Name></Name>
<Val>0.69497185667980</Val>
</DBL>
<DBL>
<Name></Name>
<Val>9.38444474802841E-4</Val>
</DBL>
<DBL>
<Name></Name>
<Val>0.30313883858911</Val>
</DBL>
<DBL>
<Name></Name>
<Val>0.69590882790421</Val>
</DBL>
<DBL>
<Name></Name>
<Val>9.52333506682874E-4</Val>
</DBL>
<DBL>
<Name></Name>
<Val>0.30222122098372</Val>
</DBL>
<DBL>
<Name></Name>
<Val>0.69681253831755</Val>
</DBL>
<DBL>
<Name></Name>
<Val>9.66240698733549E-4</Val>
</DBL>
<DBL>
<Name></Name>
<Val>0.30133567894343</Val>
</DBL>
<DBL>
<Name></Name>
<Val>0.69768415566061</Val>
</DBL>
<DBL>
<Name></Name>
<Val>9.80165395959904E-4</Val>
</DBL>
<DBL>
<Name></Name>
<Val>0.30048108635675</Val>
</DBL>
<DBL>
<Name></Name>
<Val>0.69852480667689</Val>
</DBL>
<DBL>
<Name></Name>
<Val>9.94106966363288E-4</Val>
</DBL>
<DBL>
<Name></Name>
<Val>0.29965635664796</Val>
</DBL>
<DBL>
<Name></Name>
<Val>0.69933557855190</Val>
</DBL>
<DBL>
<Name></Name>
<Val>1.00806480013401E-3</Val>
</DBL>
<DBL>
<Name></Name>
<Val>0.29886044138913</Val>
</DBL>
<DBL>
<Name></Name>
<Val>0.70011752030200</Val>
</DBL>
<DBL>
<Name></Name>
<Val>1.02203830887230E-3</Val>
</DBL>
<DBL>
<Name></Name>
<Val>0.29809232896072</Val>
</DBL>
<DBL>
<Name></Name>
<Val>0.70087164411444</Val>
</DBL>
<DBL>
<Name></Name>
<Val>1.03602692483670E-3</Val>
</DBL>
</Array>
<Array>
<Name>StateAdjacencyMatrix</Name>
<Dimsize>3</Dimsize>
<Dimsize>3</Dimsize>
<String>
<Name></Name>
<Val>@</Val>
</String>
<String>
<Name></Name>
<Val>B</Val>
</String>
<String>
<Name></Name>
<Val>@</Val>
</String>
<String>
<Name></Name>
<Val>C</Val>
</String>
<String>
<Name></Name>
<Val>@</Val>
</String>
<String>
<Name></Name>
<Val>A</Val>
</String>
<String>
<Name></Name>
<Val>@</Val>
</String>
<String>
<Name></Name>
<Val>A</Val>
</String>
<String>
<Name></Name>
<Val>@</Val>
</String>
</Array>
<Cluster>
<Name>IntegrationParams</Name>
<NumElts>4</NumElts>
<DBL>
<Name>time start</Name>
<Val>0.00000000000000</Val>
</DBL>
<DBL>
<Name>time end</Name>
<Val>999.00000000000000</Val>
</DBL>
<DBL>
<Name>h (step rate)</Name>
<Val>1.00000000000000</Val>
</DBL>
<Array>
<Name>X0</Name>
<Dimsize>3</Dimsize>
<I32>
<Name></Name>
<Val>1</Val>
</I32>
<I32>
<Name></Name>
<Val>0</Val>
</I32>
<I32>
<Name></Name>
<Val>0</Val>
</I32>
</Array>
</Cluster>
<Array>
<Name>StateNames</Name>
<Dimsize>3</Dimsize>
<String>
<Name>string</Name>
<Val>a</Val>
</String>
<String>
<Name>string</Name>
<Val>b</Val>
</String>
<String>
<Name>string</Name>
<Val>c</Val>
</String>
</Array>
</Cluster>
</LVData>