<?xml version='1.0' standalone='yes' ?>
<LVData xmlns="http://www.ni.com/LVData">
<Version>10.0.1</Version>
<Cluster>
<Name>ModelData</Name>
<NumElts>7</NumElts>
<Array>
<Name>Transitions</Name>
<Dimsize>2</Dimsize>
<Dimsize>2</Dimsize>
<String>
<Name>string</Name>
<Val>A</Val>
</String>
<String>
<Name>string</Name>
<Val>A</Val>
</String>
<String>
<Name>string</Name>
<Val>B</Val>
</String>
<String>
<Name>string</Name>
<Val>B</Val>
</String>
</Array>
<Array>
<Name>RealValues</Name>
<Dimsize>2</Dimsize>
<Dimsize>2</Dimsize>
<String>
<Name>string</Name>
<Val>A</Val>
</String>
<String>
<Name>string</Name>
<Val>0,003919</Val>
</String>
<String>
<Name>string</Name>
<Val>B</Val>
</String>
<String>
<Name>string</Name>
<Val>0,000952</Val>
</String>
</Array>
<Array>
<Name>Times</Name>
<Dimsize>100</Dimsize>
<DBL>
<Name></Name>
<Val>0.00000000000000</Val>
</DBL>
<DBL>
<Name></Name>
<Val>10.00000000000000</Val>
</DBL>
<DBL>
<Name></Name>
<Val>20.00000000000000</Val>
</DBL>
<DBL>
<Name></Name>
<Val>30.00000000000000</Val>
</DBL>
<DBL>
<Name></Name>
<Val>40.00000000000000</Val>
</DBL>
<DBL>
<Name></Name>
<Val>50.00000000000000</Val>
</DBL>
<DBL>
<Name></Name>
<Val>60.00000000000000</Val>
</DBL>
<DBL>
<Name></Name>
<Val>70.00000000000000</Val>
</DBL>
<DBL>
<Name></Name>
<Val>80.00000000000000</Val>
</DBL>
<DBL>
<Name></Name>
<Val>90.00000000000000</Val>
</DBL>
<DBL>
<Name></Name>
<Val>100.00000000000000</Val>
</DBL>
<DBL>
<Name></Name>
<Val>110.00000000000000</Val>
</DBL>
<DBL>
<Name></Name>
<Val>120.00000000000000</Val>
</DBL>
<DBL>
<Name></Name>
<Val>130.00000000000000</Val>
</DBL>
<DBL>
<Name></Name>
<Val>140.00000000000000</Val>
</DBL>
<DBL>
<Name></Name>
<Val>150.00000000000000</Val>
</DBL>
<DBL>
<Name></Name>
<Val>160.00000000000000</Val>
</DBL>
<DBL>
<Name></Name>
<Val>170.00000000000000</Val>
</DBL>
<DBL>
<Name></Name>
<Val>180.00000000000000</Val>
</DBL>
<DBL>
<Name></Name>
<Val>190.00000000000000</Val>
</DBL>
<DBL>
<Name></Name>
<Val>200.00000000000000</Val>
</DBL>
<DBL>
<Name></Name>
<Val>210.00000000000000</Val>
</DBL>
<DBL>
<Name></Name>
<Val>220.00000000000000</Val>
</DBL>
<DBL>
<Name></Name>
<Val>230.00000000000000</Val>
</DBL>
<DBL>
<Name></Name>
<Val>240.00000000000000</Val>
</DBL>
<DBL>
<Name></Name>
<Val>250.00000000000000</Val>
</DBL>
<DBL>
<Name></Name>
<Val>260.00000000000000</Val>
</DBL>
<DBL>
<Name></Name>
<Val>270.00000000000000</Val>
</DBL>
<DBL>
<Name></Name>
<Val>280.00000000000000</Val>
</DBL>
<DBL>
<Name></Name>
<Val>290.00000000000000</Val>
</DBL>
<DBL>
<Name></Name>
<Val>300.00000000000000</Val>
</DBL>
<DBL>
<Name></Name>
<Val>310.00000000000000</Val>
</DBL>
<DBL>
<Name></Name>
<Val>320.00000000000000</Val>
</DBL>
<DBL>
<Name></Name>
<Val>330.00000000000000</Val>
</DBL>
<DBL>
<Name></Name>
<Val>340.00000000000000</Val>
</DBL>
<DBL>
<Name></Name>
<Val>350.00000000000000</Val>
</DBL>
<DBL>
<Name></Name>
<Val>360.00000000000000</Val>
</DBL>
<DBL>
<Name></Name>
<Val>370.00000000000000</Val>
</DBL>
<DBL>
<Name></Name>
<Val>380.00000000000000</Val>
</DBL>
<DBL>
<Name></Name>
<Val>390.00000000000000</Val>
</DBL>
<DBL>
<Name></Name>
<Val>400.00000000000000</Val>
</DBL>
<DBL>
<Name></Name>
<Val>410.00000000000000</Val>
</DBL>
<DBL>
<Name></Name>
<Val>420.00000000000000</Val>
</DBL>
<DBL>
<Name></Name>
<Val>430.00000000000000</Val>
</DBL>
<DBL>
<Name></Name>
<Val>440.00000000000000</Val>
</DBL>
<DBL>
<Name></Name>
<Val>450.00000000000000</Val>
</DBL>
<DBL>
<Name></Name>
<Val>460.00000000000000</Val>
</DBL>
<DBL>
<Name></Name>
<Val>470.00000000000000</Val>
</DBL>
<DBL>
<Name></Name>
<Val>480.00000000000000</Val>
</DBL>
<DBL>
<Name></Name>
<Val>490.00000000000000</Val>
</DBL>
<DBL>
<Name></Name>
<Val>500.00000000000000</Val>
</DBL>
<DBL>
<Name></Name>
<Val>510.00000000000000</Val>
</DBL>
<DBL>
<Name></Name>
<Val>520.00000000000000</Val>
</DBL>
<DBL>
<Name></Name>
<Val>530.00000000000000</Val>
</DBL>
<DBL>
<Name></Name>
<Val>540.00000000000000</Val>
</DBL>
<DBL>
<Name></Name>
<Val>550.00000000000000</Val>
</DBL>
<DBL>
<Name></Name>
<Val>560.00000000000000</Val>
</DBL>
<DBL>
<Name></Name>
<Val>570.00000000000000</Val>
</DBL>
<DBL>
<Name></Name>
<Val>580.00000000000000</Val>
</DBL>
<DBL>
<Name></Name>
<Val>590.00000000000000</Val>
</DBL>
<DBL>
<Name></Name>
<Val>600.00000000000000</Val>
</DBL>
<DBL>
<Name></Name>
<Val>610.00000000000000</Val>
</DBL>
<DBL>
<Name></Name>
<Val>620.00000000000000</Val>
</DBL>
<DBL>
<Name></Name>
<Val>630.00000000000000</Val>
</DBL>
<DBL>
<Name></Name>
<Val>640.00000000000000</Val>
</DBL>
<DBL>
<Name></Name>
<Val>650.00000000000000</Val>
</DBL>
<DBL>
<Name></Name>
<Val>660.00000000000000</Val>
</DBL>
<DBL>
<Name></Name>
<Val>670.00000000000000</Val>
</DBL>
<DBL>
<Name></Name>
<Val>680.00000000000000</Val>
</DBL>
<DBL>
<Name></Name>
<Val>690.00000000000000</Val>
</DBL>
<DBL>
<Name></Name>
<Val>700.00000000000000</Val>
</DBL>
<DBL>
<Name></Name>
<Val>710.00000000000000</Val>
</DBL>
<DBL>
<Name></Name>
<Val>720.00000000000000</Val>
</DBL>
<DBL>
<Name></Name>
<Val>730.00000000000000</Val>
</DBL>
<DBL>
<Name></Name>
<Val>740.00000000000000</Val>
</DBL>
<DBL>
<Name></Name>
<Val>750.00000000000000</Val>
</DBL>
<DBL>
<Name></Name>
<Val>760.00000000000000</Val>
</DBL>
<DBL>
<Name></Name>
<Val>770.00000000000000</Val>
</DBL>
<DBL>
<Name></Name>
<Val>780.00000000000000</Val>
</DBL>
<DBL>
<Name></Name>
<Val>790.00000000000000</Val>
</DBL>
<DBL>
<Name></Name>
<Val>800.00000000000000</Val>
</DBL>
<DBL>
<Name></Name>
<Val>810.00000000000000</Val>
</DBL>
<DBL>
<Name></Name>
<Val>820.00000000000000</Val>
</DBL>
<DBL>
<Name></Name>
<Val>830.00000000000000</Val>
</DBL>
<DBL>
<Name></Name>
<Val>840.00000000000000</Val>
</DBL>
<DBL>
<Name></Name>
<Val>850.00000000000000</Val>
</DBL>
<DBL>
<Name></Name>
<Val>860.00000000000000</Val>
</DBL>
<DBL>
<Name></Name>
<Val>870.00000000000000</Val>
</DBL>
<DBL>
<Name></Name>
<Val>880.00000000000000</Val>
</DBL>
<DBL>
<Name></Name>
<Val>890.00000000000000</Val>
</DBL>
<DBL>
<Name></Name>
<Val>900.00000000000000</Val>
</DBL>
<DBL>
<Name></Name>
<Val>910.00000000000000</Val>
</DBL>
<DBL>
<Name></Name>
<Val>920.00000000000000</Val>
</DBL>
<DBL>
<Name></Name>
<Val>930.00000000000000</Val>
</DBL>
<DBL>
<Name></Name>
<Val>940.00000000000000</Val>
</DBL>
<DBL>
<Name></Name>
<Val>950.00000000000000</Val>
</DBL>
<DBL>
<Name></Name>
<Val>960.00000000000000</Val>
</DBL>
<DBL>
<Name></Name>
<Val>970.00000000000000</Val>
</DBL>
<DBL>
<Name></Name>
<Val>980.00000000000000</Val>
</DBL>
<DBL>
<Name></Name>
<Val>990.00000000000000</Val>
</DBL>
</Array>
<Array>
<Name>RealSolution</Name>
<Dimsize>100</Dimsize>
<Dimsize>3</Dimsize>
<DBL>
<Name></Name>
<Val>1.00000000000000</Val>
</DBL>
<DBL>
<Name></Name>
<Val>0.00000000000000</Val>
</DBL>
<DBL>
<Name></Name>
<Val>0.00000000000000</Val>
</DBL>
<DBL>
<Name></Name>
<Val>0.96165754615707</Val>
</DBL>
<DBL>
<Name></Name>
<Val>3.81788694105258E-2</Val>
</DBL>
<DBL>
<Name></Name>
<Val>1.63584432403281E-4</Val>
</DBL>
<DBL>
<Name></Name>
<Val>0.92513934807115</Val>
</DBL>
<DBL>
<Name></Name>
<Val>7.41919422906867E-2</Val>
</DBL>
<DBL>
<Name></Name>
<Val>6.68709638158379E-4</Val>
</DBL>
<DBL>
<Name></Name>
<Val>0.89035542875720</Val>
</DBL>
<DBL>
<Name></Name>
<Val>0.10816207913068</Val>
</DBL>
<DBL>
<Name></Name>
<Val>1.48249211212298E-3</Val>
</DBL>
<DBL>
<Name></Name>
<Val>0.85722039524382</Val>
</DBL>
<DBL>
<Name></Name>
<Val>0.14020517083707</Val>
</DBL>
<DBL>
<Name></Name>
<Val>2.57443391911010E-3</Val>
</DBL>
<DBL>
<Name></Name>
<Val>0.82565319856269</Val>
</DBL>
<DBL>
<Name></Name>
<Val>0.17043053410070</Val>
</DBL>
<DBL>
<Name></Name>
<Val>3.91626733660894E-3</Val>
</DBL>
<DBL>
<Name></Name>
<Val>0.79557690658185</Val>
</DBL>
<DBL>
<Name></Name>
<Val>0.19894128433633</Val>
</DBL>
<DBL>
<Name></Name>
<Val>5.48180908181416E-3</Val>
</DBL>
<DBL>
<Name></Name>
<Val>0.76691848898412</Val>
</DBL>
<DBL>
<Name></Name>
<Val>0.22583468746631</Val>
</DBL>
<DBL>
<Name></Name>
<Val>7.24682354957041E-3</Val>
</DBL>
<DBL>
<Name></Name>
<Val>0.73960861373015</Val>
</DBL>
<DBL>
<Name></Name>
<Val>0.25120249174834</Val>
</DBL>
<DBL>
<Name></Name>
<Val>9.18889452150972E-3</Val>
</DBL>
<DBL>
<Name></Name>
<Val>0.71358145438211</Val>
</DBL>
<DBL>
<Name></Name>
<Val>0.27513124077951</Val>
</DBL>
<DBL>
<Name></Name>
<Val>1.12873048383761E-2</Val>
</DBL>
<DBL>
<Name></Name>
<Val>0.68877450769827</Val>
</DBL>
<DBL>
<Name></Name>
<Val>0.29770256874432</Val>
</DBL>
<DBL>
<Name></Name>
<Val>1.35229235574067E-2</Val>
</DBL>
<DBL>
<Name></Name>
<Val>0.66512842094123</Val>
</DBL>
<DBL>
<Name></Name>
<Val>0.31899347891399</Val>
</DBL>
<DBL>
<Name></Name>
<Val>1.58781001447789E-2</Val>
</DBL>
<DBL>
<Name></Name>
<Val>0.64258682837323</Val>
</DBL>
<DBL>
<Name></Name>
<Val>0.33907660634713</Val>
</DBL>
<DBL>
<Name></Name>
<Val>1.83365652796362E-2</Val>
</DBL>
<DBL>
<Name></Name>
<Val>0.62109619644070</Val>
</DBL>
<DBL>
<Name></Name>
<Val>0.35802046568813</Val>
</DBL>
<DBL>
<Name></Name>
<Val>2.08833378711701E-2</Val>
</DBL>
<DBL>
<Name></Name>
<Val>0.60060567717785</Val>
</DBL>
<DBL>
<Name></Name>
<Val>0.37588968490841</Val>
</DBL>
<DBL>
<Name></Name>
<Val>2.35046379137447E-2</Val>
</DBL>
<DBL>
<Name></Name>
<Val>0.58106696938466</Val>
</DBL>
<DBL>
<Name></Name>
<Val>0.39274522578815</Val>
</DBL>
<DBL>
<Name></Name>
<Val>2.61878048271937E-2</Val>
</DBL>
<DBL>
<Name></Name>
<Val>0.56243418715910</Val>
</DBL>
<DBL>
<Name></Name>
<Val>0.40864459189062</Val>
</DBL>
<DBL>
<Name></Name>
<Val>2.89212209502724E-2</Val>
</DBL>
<DBL>
<Name></Name>
<Val>0.54466373538649</Val>
</DBL>
<DBL>
<Name></Name>
<Val>0.42364202473862</Val>
</DBL>
<DBL>
<Name></Name>
<Val>3.16942398748851E-2</Val>
</DBL>
<DBL>
<Name></Name>
<Val>0.52771419181056</Val>
</DBL>
<DBL>
<Name></Name>
<Val>0.43778868886224</Val>
</DBL>
<DBL>
<Name></Name>
<Val>3.44971193271988E-2</Val>
</DBL>
<DBL>
<Name></Name>
<Val>0.51154619533144</Val>
</DBL>
<DBL>
<Name></Name>
<Val>0.45113284634939</Val>
</DBL>
<DBL>
<Name></Name>
<Val>3.73209583191735E-2</Val>
</DBL>
<DBL>
<Name></Name>
<Val>0.49612234019517</Val>
</DBL>
<DBL>
<Name></Name>
<Val>0.46372002149440</Val>
</DBL>
<DBL>
<Name></Name>
<Val>4.01576383104294E-2</Val>
</DBL>
<DBL>
<Name></Name>
<Val>0.48140707575759</Val>
</DBL>
<DBL>
<Name></Name>
<Val>0.47559315610659</Val>
</DBL>
<DBL>
<Name></Name>
<Val>4.29997681358184E-2</Val>
</DBL>
<DBL>
<Name></Name>
<Val>0.46736661152290</Val>
</DBL>
<DBL>
<Name></Name>
<Val>0.48679275600850</Val>
</DBL>
<DBL>
<Name></Name>
<Val>4.58406324686004E-2</Val>
</DBL>
<DBL>
<Name></Name>
<Val>0.45396882717360</Val>
</DBL>
<DBL>
<Name></Name>
<Val>0.49735702922359</Val>
</DBL>
<DBL>
<Name></Name>
<Val>4.86741436028123E-2</Val>
</DBL>
<DBL>
<Name></Name>
<Val>0.44118318732373</Val>
</DBL>
<DBL>
<Name></Name>
<Val>0.50732201632496</Val>
</DBL>
<DBL>
<Name></Name>
<Val>5.14947963513085E-2</Val>
</DBL>
<DBL>
<Name></Name>
<Val>0.42898066074226</Val>
</DBL>
<DBL>
<Name></Name>
<Val>0.51672171338966</Val>
</DBL>
<DBL>
<Name></Name>
<Val>5.42976258680778E-2</Val>
</DBL>
<DBL>
<Name></Name>
<Val>0.41733364380707</Val>
</DBL>
<DBL>
<Name></Name>
<Val>0.52558818797806</Val>
</DBL>
<DBL>
<Name></Name>
<Val>5.70781682148676E-2</Val>
</DBL>
<DBL>
<Name></Name>
<Val>0.40621588796305</Val>
</DBL>
<DBL>
<Name></Name>
<Val>0.53395168853406</Val>
</DBL>
<DBL>
<Name></Name>
<Val>5.98324235028948E-2</Val>
</DBL>
<DBL>
<Name></Name>
<Val>0.39560243097025</Val>
</DBL>
<DBL>
<Name></Name>
<Val>0.54184074757920</Val>
</DBL>
<DBL>
<Name></Name>
<Val>6.25568214505464E-2</Val>
</DBL>
<DBL>
<Name></Name>
<Val>0.38546953173961</Val>
</DBL>
<DBL>
<Name></Name>
<Val>0.54928227905290</Val>
</DBL>
<DBL>
<Name></Name>
<Val>6.52481892074968E-2</Val>
</DBL>
<DBL>
<Name></Name>
<Val>0.37579460856463</Val>
</DBL>
<DBL>
<Name></Name>
<Val>0.55630167013074</Val>
</DBL>
<DBL>
<Name></Name>
<Val>6.79037213046369E-2</Val>
</DBL>
<DBL>
<Name></Name>
<Val>0.36655618056818</Val>
</DBL>
<DBL>
<Name></Name>
<Val>0.56292286783417</Val>
</DBL>
<DBL>
<Name></Name>
<Val>7.05209515976508E-2</Val>
</DBL>
<DBL>
<Name></Name>
<Val>0.35773381219296</Val>
</DBL>
<DBL>
<Name></Name>
<Val>0.56916846072702</Val>
</DBL>
<DBL>
<Name></Name>
<Val>7.30977270800162E-2</Val>
</DBL>
<DBL>
<Name></Name>
<Val>0.34930806057373</Val>
</DBL>
<DBL>
<Name></Name>
<Val>0.57505975597759</Val>
</DBL>
<DBL>
<Name></Name>
<Val>7.56321834486831E-2</Val>
</DBL>
<DBL>
<Name></Name>
<Val>0.34126042563815</Val>
</DBL>
<DBL>
<Name></Name>
<Val>0.58061685204913</Val>
</DBL>
<DBL>
<Name></Name>
<Val>7.81227223127177E-2</Val>
</DBL>
<DBL>
<Name></Name>
<Val>0.33357330279132</Val>
</DBL>
<DBL>
<Name></Name>
<Val>0.58585870726686</Val>
</DBL>
<DBL>
<Name></Name>
<Val>8.05679899418197E-2</Val>
</DBL>
<DBL>
<Name></Name>
<Val>0.32622993804690</Val>
</DBL>
<DBL>
<Name></Name>
<Val>0.59080320449525</Val>
</DBL>
<DBL>
<Name></Name>
<Val>8.29668574578488E-2</Val>
</DBL>
<DBL>
<Name></Name>
<Val>0.31921438547528</Val>
</DBL>
<DBL>
<Name></Name>
<Val>0.59546721214636</Val>
</DBL>
<DBL>
<Name></Name>
<Val>8.53184023783595E-2</Val>
</DBL>
<DBL>
<Name></Name>
<Val>0.31251146684600</Val>
</DBL>
<DBL>
<Name></Name>
<Val>0.59986664172735</Val>
</DBL>
<DBL>
<Name></Name>
<Val>8.76218914266546E-2</Val>
</DBL>
<DBL>
<Name></Name>
<Val>0.30610673334858</Val>
</DBL>
<DBL>
<Name></Name>
<Val>0.60401650212336</Val>
</DBL>
<DBL>
<Name></Name>
<Val>8.98767645280597E-2</Val>
</DBL>
<DBL>
<Name></Name>
<Val>0.29998642928184</Val>
</DBL>
<DBL>
<Name></Name>
<Val>0.60793095080116</Val>
</DBL>
<DBL>
<Name></Name>
<Val>9.20826199169972E-2</Val>
</DBL>
<DBL>
<Name></Name>
<Val>0.29413745760789</Val>
</DBL>
<DBL>
<Name></Name>
<Val>0.61162334210808</Val>
</DBL>
<DBL>
<Name></Name>
<Val>9.42392002840338E-2</Val>
</DBL>
<DBL>
<Name></Name>
<Val>0.28854734727256</Val>
</DBL>
<DBL>
<Name></Name>
<Val>0.61510627283104</Val>
</DBL>
<DBL>
<Name></Name>
<Val>9.63463798963926E-2</Val>
</DBL>
<DBL>
<Name></Name>
<Val>0.28320422219931</Val>
</DBL>
<DBL>
<Name></Name>
<Val>0.61839162517121</Val>
</DBL>
<DBL>
<Name></Name>
<Val>9.84041526294810E-2</Val>
</DBL>
<DBL>
<Name></Name>
<Val>0.27809677186850</Val>
</DBL>
<DBL>
<Name></Name>
<Val>0.62149060728069</Val>
</DBL>
<DBL>
<Name></Name>
<Val>0.10041262085081</Val>
</DBL>
<DBL>
<Name></Name>
<Val>0.27321422339896</Val>
</DBL>
<DBL>
<Name></Name>
<Val>0.62441379149977</Val>
</DBL>
<DBL>
<Name></Name>
<Val>0.10237198510128</Val>
</DBL>
<DBL>
<Name></Name>
<Val>0.26854631505288</Val>
</DBL>
<DBL>
<Name></Name>
<Val>0.62717115042498</Val>
</DBL>
<DBL>
<Name></Name>
<Val>0.10428253452214</Val>
</DBL>
<DBL>
<Name></Name>
<Val>0.26408327108960</Val>
</DBL>
<DBL>
<Name></Name>
<Val>0.62977209093118</Val>
</DBL>
<DBL>
<Name></Name>
<Val>0.10614463797922</Val>
</DBL>
<DBL>
<Name></Name>
<Val>0.25981577789757</Val>
</DBL>
<DBL>
<Name></Name>
<Val>0.63222548626354</Val>
</DBL>
<DBL>
<Name></Name>
<Val>0.10795873583889</Val>
</DBL>
<DBL>
<Name></Name>
<Val>0.25573496133783</Val>
</DBL>
<DBL>
<Name></Name>
<Val>0.63453970630913</Val>
</DBL>
<DBL>
<Name></Name>
<Val>0.10972533235304</Val>
</DBL>
<DBL>
<Name></Name>
<Val>0.25183236523564</Val>
</DBL>
<DBL>
<Name></Name>
<Val>0.63672264615124</Val>
</DBL>
<DBL>
<Name></Name>
<Val>0.11144498861311</Val>
</DBL>
<DBL>
<Name></Name>
<Val>0.24809993096056</Val>
</DBL>
<DBL>
<Name></Name>
<Val>0.63878175300382</Val>
</DBL>
<DBL>
<Name></Name>
<Val>0.11311831603563</Val>
</DBL>
<DBL>
<Name></Name>
<Val>0.24452997803805</Val>
</DBL>
<DBL>
<Name></Name>
<Val>0.64072405161807</Val>
</DBL>
<DBL>
<Name></Name>
<Val>0.11474597034388</Val>
</DBL>
<DBL>
<Name></Name>
<Val>0.24111518573930</Val>
</DBL>
<DBL>
<Name></Name>
<Val>0.64255616824777</Val>
</DBL>
<DBL>
<Name></Name>
<Val>0.11632864601293</Val>
</DBL>
<DBL>
<Name></Name>
<Val>0.23784857559818</Val>
</DBL>
<DBL>
<Name></Name>
<Val>0.64428435325505</Val>
</DBL>
<DBL>
<Name></Name>
<Val>0.11786707114676</Val>
</DBL>
<DBL>
<Name></Name>
<Val>0.23472349480740</Val>
</DBL>
<DBL>
<Name></Name>
<Val>0.64591450243387</Val>
</DBL>
<DBL>
<Name></Name>
<Val>0.11936200275872</Val>
</DBL>
<DBL>
<Name></Name>
<Val>0.23173360044828</Val>
</DBL>
<DBL>
<Name></Name>
<Val>0.64745217712379</Val>
</DBL>
<DBL>
<Name></Name>
<Val>0.12081422242793</Val>
</DBL>
<DBL>
<Name></Name>
<Val>0.22887284451101</Val>
</DBL>
<DBL>
<Name></Name>
<Val>0.64890262318280</Val>
</DBL>
<DBL>
<Name></Name>
<Val>0.12222453230619</Val>
</DBL>
<DBL>
<Name></Name>
<Val>0.22613545966461</Val>
</DBL>
<DBL>
<Name></Name>
<Val>0.65027078888384</Val>
</DBL>
<DBL>
<Name></Name>
<Val>0.12359375145155</Val>
</DBL>
<DBL>
<Name></Name>
<Val>0.22351594573786</Val>
</DBL>
<DBL>
<Name></Name>
<Val>0.65156134179608</Val>
</DBL>
<DBL>
<Name></Name>
<Val>0.12492271246606</Val>
</DBL>
<DBL>
<Name></Name>
<Val>0.22100905687458</Val>
</DBL>
<DBL>
<Name></Name>
<Val>0.65277868470857</Val>
</DBL>
<DBL>
<Name></Name>
<Val>0.12621225841684</Val>
</DBL>
<DBL>
<Name></Name>
<Val>0.21860978932866</Val>
</DBL>
<DBL>
<Name></Name>
<Val>0.65392697065064</Val>
</DBL>
<DBL>
<Name></Name>
<Val>0.12746324002071</Val>
</DBL>
<DBL>
<Name></Name>
<Val>0.21631336986578</Val>
</DBL>
<DBL>
<Name></Name>
<Val>0.65501011706008</Val>
</DBL>
<DBL>
<Name></Name>
<Val>0.12867651307414</Val>
</DBL>
<DBL>
<Name></Name>
<Val>0.21411524474094</Val>
</DBL>
<DBL>
<Name></Name>
<Val>0.65603181914780</Val>
</DBL>
<DBL>
<Name></Name>
<Val>0.12985293611126</Val>
</DBL>
<DBL>
<Name></Name>
<Val>0.21201106922215</Val>
</DBL>
<DBL>
<Name></Name>
<Val>0.65699556250413</Val>
</DBL>
<DBL>
<Name></Name>
<Val>0.13099336827372</Val>
</DBL>
<DBL>
<Name></Name>
<Val>0.20999669763228</Val>
</DBL>
<DBL>
<Name></Name>
<Val>0.65790463499017</Val>
</DBL>
<DBL>
<Name></Name>
<Val>0.13209866737755</Val>
</DBL>
<DBL>
<Name></Name>
<Val>0.20806817388284</Val>
</DBL>
<DBL>
<Name></Name>
<Val>0.65876213795447</Val>
</DBL>
<DBL>
<Name></Name>
<Val>0.13316968816268</Val>
</DBL>
<DBL>
<Name></Name>
<Val>0.20622172247440</Val>
</DBL>
<DBL>
<Name></Name>
<Val>0.65957099681345</Val>
</DBL>
<DBL>
<Name></Name>
<Val>0.13420728071215</Val>
</DBL>
<DBL>
<Name></Name>
<Val>0.20445373993990</Val>
</DBL>
<DBL>
<Name></Name>
<Val>0.66033397103159</Val>
</DBL>
<DBL>
<Name></Name>
<Val>0.13521228902851</Val>
</DBL>
<DBL>
<Name></Name>
<Val>0.20276078670841</Val>
</DBL>
<DBL>
<Name></Name>
<Val>0.66105366353553</Val>
</DBL>
<DBL>
<Name></Name>
<Val>0.13618554975606</Val>
</DBL>
<DBL>
<Name></Name>
<Val>0.20113957936801</Val>
</DBL>
<DBL>
<Name></Name>
<Val>0.66173252959405</Val>
</DBL>
<DBL>
<Name></Name>
<Val>0.13712789103794</Val>
</DBL>
<DBL>
<Name></Name>
<Val>0.19958698330739</Val>
</DBL>
<DBL>
<Name></Name>
<Val>0.66237288519439</Val>
</DBL>
<DBL>
<Name></Name>
<Val>0.13804013149822</Val>
</DBL>
<DBL>
<Name></Name>
<Val>0.19810000571718</Val>
</DBL>
<DBL>
<Name></Name>
<Val>0.66297691494331</Val>
</DBL>
<DBL>
<Name></Name>
<Val>0.13892307933951</Val>
</DBL>
<DBL>
<Name></Name>
<Val>0.19667578893276</Val>
</DBL>
<DBL>
<Name></Name>
<Val>0.66354667952004</Val>
</DBL>
<DBL>
<Name></Name>
<Val>0.13977753154720</Val>
</DBL>
<DBL>
<Name></Name>
<Val>0.19531160410125</Val>
</DBL>
<DBL>
<Name></Name>
<Val>0.66408412270636</Val>
</DBL>
<DBL>
<Name></Name>
<Val>0.14060427319238</Val>
</DBL>
<DBL>
<Name></Name>
<Val>0.19400484515650</Val>
</DBL>
<DBL>
<Name></Name>
<Val>0.66459107801795</Val>
</DBL>
<DBL>
<Name></Name>
<Val>0.14140407682555</Val>
</DBL>
<DBL>
<Name></Name>
<Val>0.19275302308640</Val>
</DBL>
<DBL>
<Name></Name>
<Val>0.66506927495948</Val>
</DBL>
<DBL>
<Name></Name>
<Val>0.14217770195411</Val>
</DBL>
<DBL>
<Name></Name>
<Val>0.19155376047802</Val>
</DBL>
<DBL>
<Name></Name>
<Val>0.66552034492494</Val>
</DBL>
<DBL>
<Name></Name>
<Val>0.14292589459704</Val>
</DBL>
<DBL>
<Name></Name>
<Val>0.19040478632645</Val>
</DBL>
<DBL>
<Name></Name>
<Val>0.66594582676322</Val>
</DBL>
<DBL>
<Name></Name>
<Val>0.14364938691033</Val>
</DBL>
<DBL>
<Name></Name>
<Val>0.18930393109433</Val>
</DBL>
<DBL>
<Name></Name>
<Val>0.66634717202796</Val>
</DBL>
<DBL>
<Name></Name>
<Val>0.14434889687770</Val>
</DBL>
<DBL>
<Name></Name>
<Val>0.18824912200939</Val>
</DBL>
<DBL>
<Name></Name>
<Val>0.66672574992963</Val>
</DBL>
<DBL>
<Name></Name>
<Val>0.14502512806098</Val>
</DBL>
<DBL>
<Name></Name>
<Val>0.18723837858821</Val>
</DBL>
<DBL>
<Name></Name>
<Val>0.66708285200661</Val>
</DBL>
<DBL>
<Name></Name>
<Val>0.14567876940518</Val>
</DBL>
<DBL>
<Name></Name>
<Val>0.18626980837485</Val>
</DBL>
<DBL>
<Name></Name>
<Val>0.66741969653141</Val>
</DBL>
<DBL>
<Name></Name>
<Val>0.14631049509374</Val>
</DBL>
<DBL>
<Name></Name>
<Val>0.18534160288381</Val>
</DBL>
<DBL>
<Name></Name>
<Val>0.66773743266683</Val>
</DBL>
<DBL>
<Name></Name>
<Val>0.14692096444936</Val>
</DBL>
<DBL>
<Name></Name>
<Val>0.18445203373698</Val>
</DBL>
<DBL>
<Name></Name>
<Val>0.66803714438637</Val>
</DBL>
<DBL>
<Name></Name>
<Val>0.14751082187665</Val>
</DBL>
<DBL>
<Name></Name>
<Val>0.18359944898509</Val>
</DBL>
<DBL>
<Name></Name>
<Val>0.66831985417233</Val>
</DBL>
<DBL>
<Name></Name>
<Val>0.14808069684258</Val>
</DBL>
<DBL>
<Name></Name>
<Val>0.18278226960452</Val>
</DBL>
<DBL>
<Name></Name>
<Val>0.66858652650398</Val>
</DBL>
<DBL>
<Name></Name>
<Val>0.14863120389150</Val>
</DBL>
<DBL>
<Name></Name>
<Val>0.18199898616076</Val>
</DBL>
<DBL>
<Name></Name>
<Val>0.66883807114800</Val>
</DBL>
<DBL>
<Name></Name>
<Val>0.14916294269124</Val>
</DBL>
<DBL>
<Name></Name>
<Val>0.18124815563036</Val>
</DBL>
<DBL>
<Name></Name>
<Val>0.66907534626215</Val>
</DBL>
<DBL>
<Name></Name>
<Val>0.14967649810749</Val>
</DBL>
<DBL>
<Name></Name>
<Val>0.18052839837346</Val>
</DBL>
<DBL>
<Name></Name>
<Val>0.66929916132296</Val>
</DBL>
<DBL>
<Name></Name>
<Val>0.15017244030358</Val>
</DBL>
<DBL>
<Name></Name>
<Val>0.17983839524965</Val>
</DBL>
<DBL>
<Name></Name>
<Val>0.66951027988726</Val>
</DBL>
<DBL>
<Name></Name>
<Val>0.15065132486309</Val>
</DBL>
<DBL>
<Name></Name>
<Val>0.17917688486999</Val>
</DBL>
<DBL>
<Name></Name>
<Val>0.66970942219712</Val>
</DBL>
<DBL>
<Name></Name>
<Val>0.15111369293288</Val>
</DBL>
<DBL>
<Name></Name>
<Val>0.17854266097862</Val>
</DBL>
<DBL>
<Name></Name>
<Val>0.66989726763701</Val>
</DBL>
<DBL>
<Name></Name>
<Val>0.15156007138437</Val>
</DBL>
<DBL>
<Name></Name>
<Val>0.17793456995754</Val>
</DBL>
<DBL>
<Name></Name>
<Val>0.67007445705150</Val>
</DBL>
<DBL>
<Name></Name>
<Val>0.15199097299097</Val>
</DBL>
<DBL>
<Name></Name>
<Val>0.17735150844859</Val>
</DBL>
<DBL>
<Name></Name>
<Val>0.67024159493159</Val>
</DBL>
<DBL>
<Name></Name>
<Val>0.15240689661982</Val>
</DBL>
<DBL>
<Name></Name>
<Val>0.17679242108699</Val>
</DBL>
<DBL>
<Name></Name>
<Val>0.67039925147695</Val>
</DBL>
<DBL>
<Name></Name>
<Val>0.15280832743606</Val>
</DBL>
<DBL>
<Name></Name>
<Val>0.17625629834083</Val>
</DBL>
<DBL>
<Name></Name>
<Val>0.67054796454115</Val>
</DBL>
<DBL>
<Name></Name>
<Val>0.15319573711802</Val>
</DBL>
<DBL>
<Name></Name>
<Val>0.17574217445154</Val>
</DBL>
<DBL>
<Name></Name>
<Val>0.67068824146664</Val>
</DBL>
<DBL>
<Name></Name>
<Val>0.15356958408182</Val>
</DBL>
<DBL>
<Name></Name>
<Val>0.17524912547038</Val>
</DBL>
<DBL>
<Name></Name>
<Val>0.67082056081551</Val>
</DBL>
<DBL>
<Name></Name>
<Val>0.15393031371411</Val>
</DBL>
<DBL>
<Name></Name>
<Val>0.17477626738632</Val>
</DBL>
<DBL>
<Name></Name>
<Val>0.67094537400217</Val>
</DBL>
<DBL>
<Name></Name>
<Val>0.15427835861151</Val>
</DBL>
</Array>
<Array>
<Name>StateAdjacencyMatrix</Name>
<Dimsize>3</Dimsize>
<Dimsize>3</Dimsize>
<String>
<Name></Name>
<Val>@</Val>
</String>
<String>
<Name></Name>
<Val>A</Val>
</String>
<String>
<Name></Name>
<Val>@</Val>
</String>
<String>
<Name></Name>
<Val>B</Val>
</String>
<String>
<Name></Name>
<Val>@</Val>
</String>
<String>
<Name></Name>
<Val>B</Val>
</String>
<String>
<Name></Name>
<Val>@</Val>
</String>
<String>
<Name></Name>
<Val>A</Val>
</String>
<String>
<Name></Name>
<Val>@</Val>
</String>
</Array>
<Cluster>
<Name>IntegrationParams</Name>
<NumElts>4</NumElts>
<DBL>
<Name>time start</Name>
<Val>0.00000000000000</Val>
</DBL>
<DBL>
<Name>time end</Name>
<Val>999.00000000000000</Val>
</DBL>
<DBL>
<Name>h (step rate)</Name>
<Val>1.00000000000000</Val>
</DBL>
<Array>
<Name>X0</Name>
<Dimsize>3</Dimsize>
<I32>
<Name></Name>
<Val>1</Val>
</I32>
<I32>
<Name></Name>
<Val>0</Val>
</I32>
<I32>
<Name></Name>
<Val>0</Val>
</I32>
</Array>
</Cluster>
<Array>
<Name>StateNames</Name>
<Dimsize>3</Dimsize>
<String>
<Name>string</Name>
<Val>a</Val>
</String>
<String>
<Name>string</Name>
<Val>b</Val>
</String>
<String>
<Name>string</Name>
<Val>c</Val>
</String>
</Array>
</Cluster>
</LVData>