<?xml version='1.0' standalone='yes' ?>
<LVData xmlns="http://www.ni.com/LVData">
<Version>10.0.1</Version>
<Cluster>
<Name>ModelData</Name>
<NumElts>7</NumElts>
<Array>
<Name>Transitions</Name>
<Dimsize>2</Dimsize>
<Dimsize>2</Dimsize>
<String>
<Name>string</Name>
<Val>A</Val>
</String>
<String>
<Name>string</Name>
<Val>A</Val>
</String>
<String>
<Name>string</Name>
<Val>B</Val>
</String>
<String>
<Name>string</Name>
<Val>B</Val>
</String>
</Array>
<Array>
<Name>RealValues</Name>
<Dimsize>2</Dimsize>
<Dimsize>2</Dimsize>
<String>
<Name>string</Name>
<Val>A</Val>
</String>
<String>
<Name>string</Name>
<Val>0,028770</Val>
</String>
<String>
<Name>string</Name>
<Val>B</Val>
</String>
<String>
<Name>string</Name>
<Val>0,061946</Val>
</String>
</Array>
<Array>
<Name>Times</Name>
<Dimsize>100</Dimsize>
<DBL>
<Name></Name>
<Val>0.00000000000000</Val>
</DBL>
<DBL>
<Name></Name>
<Val>10.00000000000000</Val>
</DBL>
<DBL>
<Name></Name>
<Val>20.00000000000000</Val>
</DBL>
<DBL>
<Name></Name>
<Val>30.00000000000000</Val>
</DBL>
<DBL>
<Name></Name>
<Val>40.00000000000000</Val>
</DBL>
<DBL>
<Name></Name>
<Val>50.00000000000000</Val>
</DBL>
<DBL>
<Name></Name>
<Val>60.00000000000000</Val>
</DBL>
<DBL>
<Name></Name>
<Val>70.00000000000000</Val>
</DBL>
<DBL>
<Name></Name>
<Val>80.00000000000000</Val>
</DBL>
<DBL>
<Name></Name>
<Val>90.00000000000000</Val>
</DBL>
<DBL>
<Name></Name>
<Val>100.00000000000000</Val>
</DBL>
<DBL>
<Name></Name>
<Val>110.00000000000000</Val>
</DBL>
<DBL>
<Name></Name>
<Val>120.00000000000000</Val>
</DBL>
<DBL>
<Name></Name>
<Val>130.00000000000000</Val>
</DBL>
<DBL>
<Name></Name>
<Val>140.00000000000000</Val>
</DBL>
<DBL>
<Name></Name>
<Val>150.00000000000000</Val>
</DBL>
<DBL>
<Name></Name>
<Val>160.00000000000000</Val>
</DBL>
<DBL>
<Name></Name>
<Val>170.00000000000000</Val>
</DBL>
<DBL>
<Name></Name>
<Val>180.00000000000000</Val>
</DBL>
<DBL>
<Name></Name>
<Val>190.00000000000000</Val>
</DBL>
<DBL>
<Name></Name>
<Val>200.00000000000000</Val>
</DBL>
<DBL>
<Name></Name>
<Val>210.00000000000000</Val>
</DBL>
<DBL>
<Name></Name>
<Val>220.00000000000000</Val>
</DBL>
<DBL>
<Name></Name>
<Val>230.00000000000000</Val>
</DBL>
<DBL>
<Name></Name>
<Val>240.00000000000000</Val>
</DBL>
<DBL>
<Name></Name>
<Val>250.00000000000000</Val>
</DBL>
<DBL>
<Name></Name>
<Val>260.00000000000000</Val>
</DBL>
<DBL>
<Name></Name>
<Val>270.00000000000000</Val>
</DBL>
<DBL>
<Name></Name>
<Val>280.00000000000000</Val>
</DBL>
<DBL>
<Name></Name>
<Val>290.00000000000000</Val>
</DBL>
<DBL>
<Name></Name>
<Val>300.00000000000000</Val>
</DBL>
<DBL>
<Name></Name>
<Val>310.00000000000000</Val>
</DBL>
<DBL>
<Name></Name>
<Val>320.00000000000000</Val>
</DBL>
<DBL>
<Name></Name>
<Val>330.00000000000000</Val>
</DBL>
<DBL>
<Name></Name>
<Val>340.00000000000000</Val>
</DBL>
<DBL>
<Name></Name>
<Val>350.00000000000000</Val>
</DBL>
<DBL>
<Name></Name>
<Val>360.00000000000000</Val>
</DBL>
<DBL>
<Name></Name>
<Val>370.00000000000000</Val>
</DBL>
<DBL>
<Name></Name>
<Val>380.00000000000000</Val>
</DBL>
<DBL>
<Name></Name>
<Val>390.00000000000000</Val>
</DBL>
<DBL>
<Name></Name>
<Val>400.00000000000000</Val>
</DBL>
<DBL>
<Name></Name>
<Val>410.00000000000000</Val>
</DBL>
<DBL>
<Name></Name>
<Val>420.00000000000000</Val>
</DBL>
<DBL>
<Name></Name>
<Val>430.00000000000000</Val>
</DBL>
<DBL>
<Name></Name>
<Val>440.00000000000000</Val>
</DBL>
<DBL>
<Name></Name>
<Val>450.00000000000000</Val>
</DBL>
<DBL>
<Name></Name>
<Val>460.00000000000000</Val>
</DBL>
<DBL>
<Name></Name>
<Val>470.00000000000000</Val>
</DBL>
<DBL>
<Name></Name>
<Val>480.00000000000000</Val>
</DBL>
<DBL>
<Name></Name>
<Val>490.00000000000000</Val>
</DBL>
<DBL>
<Name></Name>
<Val>500.00000000000000</Val>
</DBL>
<DBL>
<Name></Name>
<Val>510.00000000000000</Val>
</DBL>
<DBL>
<Name></Name>
<Val>520.00000000000000</Val>
</DBL>
<DBL>
<Name></Name>
<Val>530.00000000000000</Val>
</DBL>
<DBL>
<Name></Name>
<Val>540.00000000000000</Val>
</DBL>
<DBL>
<Name></Name>
<Val>550.00000000000000</Val>
</DBL>
<DBL>
<Name></Name>
<Val>560.00000000000000</Val>
</DBL>
<DBL>
<Name></Name>
<Val>570.00000000000000</Val>
</DBL>
<DBL>
<Name></Name>
<Val>580.00000000000000</Val>
</DBL>
<DBL>
<Name></Name>
<Val>590.00000000000000</Val>
</DBL>
<DBL>
<Name></Name>
<Val>600.00000000000000</Val>
</DBL>
<DBL>
<Name></Name>
<Val>610.00000000000000</Val>
</DBL>
<DBL>
<Name></Name>
<Val>620.00000000000000</Val>
</DBL>
<DBL>
<Name></Name>
<Val>630.00000000000000</Val>
</DBL>
<DBL>
<Name></Name>
<Val>640.00000000000000</Val>
</DBL>
<DBL>
<Name></Name>
<Val>650.00000000000000</Val>
</DBL>
<DBL>
<Name></Name>
<Val>660.00000000000000</Val>
</DBL>
<DBL>
<Name></Name>
<Val>670.00000000000000</Val>
</DBL>
<DBL>
<Name></Name>
<Val>680.00000000000000</Val>
</DBL>
<DBL>
<Name></Name>
<Val>690.00000000000000</Val>
</DBL>
<DBL>
<Name></Name>
<Val>700.00000000000000</Val>
</DBL>
<DBL>
<Name></Name>
<Val>710.00000000000000</Val>
</DBL>
<DBL>
<Name></Name>
<Val>720.00000000000000</Val>
</DBL>
<DBL>
<Name></Name>
<Val>730.00000000000000</Val>
</DBL>
<DBL>
<Name></Name>
<Val>740.00000000000000</Val>
</DBL>
<DBL>
<Name></Name>
<Val>750.00000000000000</Val>
</DBL>
<DBL>
<Name></Name>
<Val>760.00000000000000</Val>
</DBL>
<DBL>
<Name></Name>
<Val>770.00000000000000</Val>
</DBL>
<DBL>
<Name></Name>
<Val>780.00000000000000</Val>
</DBL>
<DBL>
<Name></Name>
<Val>790.00000000000000</Val>
</DBL>
<DBL>
<Name></Name>
<Val>800.00000000000000</Val>
</DBL>
<DBL>
<Name></Name>
<Val>810.00000000000000</Val>
</DBL>
<DBL>
<Name></Name>
<Val>820.00000000000000</Val>
</DBL>
<DBL>
<Name></Name>
<Val>830.00000000000000</Val>
</DBL>
<DBL>
<Name></Name>
<Val>840.00000000000000</Val>
</DBL>
<DBL>
<Name></Name>
<Val>850.00000000000000</Val>
</DBL>
<DBL>
<Name></Name>
<Val>860.00000000000000</Val>
</DBL>
<DBL>
<Name></Name>
<Val>870.00000000000000</Val>
</DBL>
<DBL>
<Name></Name>
<Val>880.00000000000000</Val>
</DBL>
<DBL>
<Name></Name>
<Val>890.00000000000000</Val>
</DBL>
<DBL>
<Name></Name>
<Val>900.00000000000000</Val>
</DBL>
<DBL>
<Name></Name>
<Val>910.00000000000000</Val>
</DBL>
<DBL>
<Name></Name>
<Val>920.00000000000000</Val>
</DBL>
<DBL>
<Name></Name>
<Val>930.00000000000000</Val>
</DBL>
<DBL>
<Name></Name>
<Val>940.00000000000000</Val>
</DBL>
<DBL>
<Name></Name>
<Val>950.00000000000000</Val>
</DBL>
<DBL>
<Name></Name>
<Val>960.00000000000000</Val>
</DBL>
<DBL>
<Name></Name>
<Val>970.00000000000000</Val>
</DBL>
<DBL>
<Name></Name>
<Val>980.00000000000000</Val>
</DBL>
<DBL>
<Name></Name>
<Val>990.00000000000000</Val>
</DBL>
</Array>
<Array>
<Name>RealSolution</Name>
<Dimsize>100</Dimsize>
<Dimsize>3</Dimsize>
<DBL>
<Name></Name>
<Val>1.00000000000000</Val>
</DBL>
<DBL>
<Name></Name>
<Val>0.00000000000000</Val>
</DBL>
<DBL>
<Name></Name>
<Val>0.00000000000000</Val>
</DBL>
<DBL>
<Name></Name>
<Val>0.57278854972231</Val>
</DBL>
<DBL>
<Name></Name>
<Val>0.31989505717698</Val>
</DBL>
<DBL>
<Name></Name>
<Val>0.10731639310071</Val>
</DBL>
<DBL>
<Name></Name>
<Val>0.37809805258190</Val>
</DBL>
<DBL>
<Name></Name>
<Val>0.35369016434693</Val>
</DBL>
<DBL>
<Name></Name>
<Val>0.26821178307117</Val>
</DBL>
<DBL>
<Name></Name>
<Val>0.27532699490285</Val>
</DBL>
<DBL>
<Name></Name>
<Val>0.33562975165439</Val>
</DBL>
<DBL>
<Name></Name>
<Val>0.38904325344277</Val>
</DBL>
<DBL>
<Name></Name>
<Val>0.21657469988252</Val>
</DBL>
<DBL>
<Name></Name>
<Val>0.31536954822718</Val>
</DBL>
<DBL>
<Name></Name>
<Val>0.46805575189030</Val>
</DBL>
<DBL>
<Name></Name>
<Val>0.18174098447044</Val>
</DBL>
<DBL>
<Name></Name>
<Val>0.30081852146540</Val>
</DBL>
<DBL>
<Name></Name>
<Val>0.51744049406416</Val>
</DBL>
<DBL>
<Name></Name>
<Val>0.16076994338810</Val>
</DBL>
<DBL>
<Name></Name>
<Val>0.29143272699621</Val>
</DBL>
<DBL>
<Name></Name>
<Val>0.54779732961568</Val>
</DBL>
<DBL>
<Name></Name>
<Val>0.14806622344724</Val>
</DBL>
<DBL>
<Name></Name>
<Val>0.28559524484617</Val>
</DBL>
<DBL>
<Name></Name>
<Val>0.56633853170659</Val>
</DBL>
<DBL>
<Name></Name>
<Val>0.14035159487165</Val>
</DBL>
<DBL>
<Name></Name>
<Val>0.28201368810032</Val>
</DBL>
<DBL>
<Name></Name>
<Val>0.57763471702803</Val>
</DBL>
<DBL>
<Name></Name>
<Val>0.13566211597544</Val>
</DBL>
<DBL>
<Name></Name>
<Val>0.27982776572487</Val>
</DBL>
<DBL>
<Name></Name>
<Val>0.58451011829969</Val>
</DBL>
<DBL>
<Name></Name>
<Val>0.13281042533608</Val>
</DBL>
<DBL>
<Name></Name>
<Val>0.27849638104505</Val>
</DBL>
<DBL>
<Name></Name>
<Val>0.58869319361886</Val>
</DBL>
<DBL>
<Name></Name>
<Val>0.13107603551873</Val>
</DBL>
<DBL>
<Name></Name>
<Val>0.27768612831871</Val>
</DBL>
<DBL>
<Name></Name>
<Val>0.59123783616256</Val>
</DBL>
<DBL>
<Name></Name>
<Val>0.13002112098121</Val>
</DBL>
<DBL>
<Name></Name>
<Val>0.27719318306859</Val>
</DBL>
<DBL>
<Name></Name>
<Val>0.59278569595021</Val>
</DBL>
<DBL>
<Name></Name>
<Val>0.12937947096679</Val>
</DBL>
<DBL>
<Name></Name>
<Val>0.27689332060243</Val>
</DBL>
<DBL>
<Name></Name>
<Val>0.59372720843078</Val>
</DBL>
<DBL>
<Name></Name>
<Val>0.12898918473229</Val>
</DBL>
<DBL>
<Name></Name>
<Val>0.27671092098996</Val>
</DBL>
<DBL>
<Name></Name>
<Val>0.59429989427775</Val>
</DBL>
<DBL>
<Name></Name>
<Val>0.12875179065689</Val>
</DBL>
<DBL>
<Name></Name>
<Val>0.27659997357747</Val>
</DBL>
<DBL>
<Name></Name>
<Val>0.59464823576564</Val>
</DBL>
<DBL>
<Name></Name>
<Val>0.12860739399389</Val>
</DBL>
<DBL>
<Name></Name>
<Val>0.27653248860507</Val>
</DBL>
<DBL>
<Name></Name>
<Val>0.59486011740103</Val>
</DBL>
<DBL>
<Name></Name>
<Val>0.12851956362849</Val>
</DBL>
<DBL>
<Name></Name>
<Val>0.27649144026117</Val>
</DBL>
<DBL>
<Name></Name>
<Val>0.59498899611034</Val>
</DBL>
<DBL>
<Name></Name>
<Val>0.12846614013036</Val>
</DBL>
<DBL>
<Name></Name>
<Val>0.27646647226550</Val>
</DBL>
<DBL>
<Name></Name>
<Val>0.59506738760413</Val>
</DBL>
<DBL>
<Name></Name>
<Val>0.12843364487206</Val>
</DBL>
<DBL>
<Name></Name>
<Val>0.27645128528229</Val>
</DBL>
<DBL>
<Name></Name>
<Val>0.59511506984565</Val>
</DBL>
<DBL>
<Name></Name>
<Val>0.12841387937772</Val>
</DBL>
<DBL>
<Name></Name>
<Val>0.27644204767993</Val>
</DBL>
<DBL>
<Name></Name>
<Val>0.59514407294234</Val>
</DBL>
<DBL>
<Name></Name>
<Val>0.12840185686145</Val>
</DBL>
<DBL>
<Name></Name>
<Val>0.27643642883584</Val>
</DBL>
<DBL>
<Name></Name>
<Val>0.59516171430272</Val>
</DBL>
<DBL>
<Name></Name>
<Val>0.12839454407199</Val>
</DBL>
<DBL>
<Name></Name>
<Val>0.27643301112994</Val>
</DBL>
<DBL>
<Name></Name>
<Val>0.59517244479806</Val>
</DBL>
<DBL>
<Name></Name>
<Val>0.12839009601067</Val>
</DBL>
<DBL>
<Name></Name>
<Val>0.27643093228361</Val>
</DBL>
<DBL>
<Name></Name>
<Val>0.59517897170572</Val>
</DBL>
<DBL>
<Name></Name>
<Val>0.12838739044261</Val>
</DBL>
<DBL>
<Name></Name>
<Val>0.27642966780908</Val>
</DBL>
<DBL>
<Name></Name>
<Val>0.59518294174831</Val>
</DBL>
<DBL>
<Name></Name>
<Val>0.12838574475970</Val>
</DBL>
<DBL>
<Name></Name>
<Val>0.27642889868256</Val>
</DBL>
<DBL>
<Name></Name>
<Val>0.59518535655774</Val>
</DBL>
<DBL>
<Name></Name>
<Val>0.12838474376021</Val>
</DBL>
<DBL>
<Name></Name>
<Val>0.27642843085535</Val>
</DBL>
<DBL>
<Name></Name>
<Val>0.59518682538445</Val>
</DBL>
<DBL>
<Name></Name>
<Val>0.12838413489444</Val>
</DBL>
<DBL>
<Name></Name>
<Val>0.27642814629579</Val>
</DBL>
<DBL>
<Name></Name>
<Val>0.59518771880977</Val>
</DBL>
<DBL>
<Name></Name>
<Val>0.12838376454708</Val>
</DBL>
<DBL>
<Name></Name>
<Val>0.27642797321021</Val>
</DBL>
<DBL>
<Name></Name>
<Val>0.59518826224271</Val>
</DBL>
<DBL>
<Name></Name>
<Val>0.12838353928041</Val>
</DBL>
<DBL>
<Name></Name>
<Val>0.27642786792956</Val>
</DBL>
<DBL>
<Name></Name>
<Val>0.59518859279003</Val>
</DBL>
<DBL>
<Name></Name>
<Val>0.12838340226019</Val>
</DBL>
<DBL>
<Name></Name>
<Val>0.27642780389178</Val>
</DBL>
<DBL>
<Name></Name>
<Val>0.59518879384803</Val>
</DBL>
<DBL>
<Name></Name>
<Val>0.12838331891658</Val>
</DBL>
<DBL>
<Name></Name>
<Val>0.27642776494030</Val>
</DBL>
<DBL>
<Name></Name>
<Val>0.59518891614313</Val>
</DBL>
<DBL>
<Name></Name>
<Val>0.12838326822217</Val>
</DBL>
<DBL>
<Name></Name>
<Val>0.27642774124775</Val>
</DBL>
<DBL>
<Name></Name>
<Val>0.59518899053008</Val>
</DBL>
<DBL>
<Name></Name>
<Val>0.12838323738690</Val>
</DBL>
<DBL>
<Name></Name>
<Val>0.27642772683658</Val>
</DBL>
<DBL>
<Name></Name>
<Val>0.59518903577652</Val>
</DBL>
<DBL>
<Name></Name>
<Val>0.12838321863111</Val>
</DBL>
<DBL>
<Name></Name>
<Val>0.27642771807087</Val>
</DBL>
<DBL>
<Name></Name>
<Val>0.59518906329802</Val>
</DBL>
<DBL>
<Name></Name>
<Val>0.12838320722275</Val>
</DBL>
<DBL>
<Name></Name>
<Val>0.27642771273906</Val>
</DBL>
<DBL>
<Name></Name>
<Val>0.59518908003819</Val>
</DBL>
<DBL>
<Name></Name>
<Val>0.12838320028353</Val>
</DBL>
<DBL>
<Name></Name>
<Val>0.27642770949594</Val>
</DBL>
<DBL>
<Name></Name>
<Val>0.59518909022053</Val>
</DBL>
<DBL>
<Name></Name>
<Val>0.12838319606269</Val>
</DBL>
<DBL>
<Name></Name>
<Val>0.27642770752329</Val>
</DBL>
<DBL>
<Name></Name>
<Val>0.59518909641402</Val>
</DBL>
<DBL>
<Name></Name>
<Val>0.12838319349533</Val>
</DBL>
<DBL>
<Name></Name>
<Val>0.27642770632341</Val>
</DBL>
<DBL>
<Name></Name>
<Val>0.59518910018125</Val>
</DBL>
<DBL>
<Name></Name>
<Val>0.12838319193372</Val>
</DBL>
<DBL>
<Name></Name>
<Val>0.27642770559358</Val>
</DBL>
<DBL>
<Name></Name>
<Val>0.59518910247270</Val>
</DBL>
<DBL>
<Name></Name>
<Val>0.12838319098385</Val>
</DBL>
<DBL>
<Name></Name>
<Val>0.27642770514965</Val>
</DBL>
<DBL>
<Name></Name>
<Val>0.59518910386650</Val>
</DBL>
<DBL>
<Name></Name>
<Val>0.12838319040609</Val>
</DBL>
<DBL>
<Name></Name>
<Val>0.27642770487962</Val>
</DBL>
<DBL>
<Name></Name>
<Val>0.59518910471428</Val>
</DBL>
<DBL>
<Name></Name>
<Val>0.12838319005466</Val>
</DBL>
<DBL>
<Name></Name>
<Val>0.27642770471538</Val>
</DBL>
<DBL>
<Name></Name>
<Val>0.59518910522995</Val>
</DBL>
<DBL>
<Name></Name>
<Val>0.12838318984090</Val>
</DBL>
<DBL>
<Name></Name>
<Val>0.27642770461548</Val>
</DBL>
<DBL>
<Name></Name>
<Val>0.59518910554362</Val>
</DBL>
<DBL>
<Name></Name>
<Val>0.12838318971088</Val>
</DBL>
<DBL>
<Name></Name>
<Val>0.27642770455471</Val>
</DBL>
<DBL>
<Name></Name>
<Val>0.59518910573440</Val>
</DBL>
<DBL>
<Name></Name>
<Val>0.12838318963180</Val>
</DBL>
<DBL>
<Name></Name>
<Val>0.27642770451775</Val>
</DBL>
<DBL>
<Name></Name>
<Val>0.59518910585045</Val>
</DBL>
<DBL>
<Name></Name>
<Val>0.12838318958369</Val>
</DBL>
<DBL>
<Name></Name>
<Val>0.27642770449527</Val>
</DBL>
<DBL>
<Name></Name>
<Val>0.59518910592104</Val>
</DBL>
<DBL>
<Name></Name>
<Val>0.12838318955443</Val>
</DBL>
<DBL>
<Name></Name>
<Val>0.27642770448159</Val>
</DBL>
<DBL>
<Name></Name>
<Val>0.59518910596397</Val>
</DBL>
<DBL>
<Name></Name>
<Val>0.12838318953664</Val>
</DBL>
<DBL>
<Name></Name>
<Val>0.27642770447328</Val>
</DBL>
<DBL>
<Name></Name>
<Val>0.59518910599009</Val>
</DBL>
<DBL>
<Name></Name>
<Val>0.12838318952581</Val>
</DBL>
<DBL>
<Name></Name>
<Val>0.27642770446822</Val>
</DBL>
<DBL>
<Name></Name>
<Val>0.59518910600597</Val>
</DBL>
<DBL>
<Name></Name>
<Val>0.12838318951922</Val>
</DBL>
<DBL>
<Name></Name>
<Val>0.27642770446514</Val>
</DBL>
<DBL>
<Name></Name>
<Val>0.59518910601564</Val>
</DBL>
<DBL>
<Name></Name>
<Val>0.12838318951522</Val>
</DBL>
<DBL>
<Name></Name>
<Val>0.27642770446327</Val>
</DBL>
<DBL>
<Name></Name>
<Val>0.59518910602151</Val>
</DBL>
<DBL>
<Name></Name>
<Val>0.12838318951278</Val>
</DBL>
<DBL>
<Name></Name>
<Val>0.27642770446213</Val>
</DBL>
<DBL>
<Name></Name>
<Val>0.59518910602509</Val>
</DBL>
<DBL>
<Name></Name>
<Val>0.12838318951130</Val>
</DBL>
<DBL>
<Name></Name>
<Val>0.27642770446144</Val>
</DBL>
<DBL>
<Name></Name>
<Val>0.59518910602726</Val>
</DBL>
<DBL>
<Name></Name>
<Val>0.12838318951040</Val>
</DBL>
<DBL>
<Name></Name>
<Val>0.27642770446101</Val>
</DBL>
<DBL>
<Name></Name>
<Val>0.59518910602858</Val>
</DBL>
<DBL>
<Name></Name>
<Val>0.12838318950985</Val>
</DBL>
<DBL>
<Name></Name>
<Val>0.27642770446076</Val>
</DBL>
<DBL>
<Name></Name>
<Val>0.59518910602939</Val>
</DBL>
<DBL>
<Name></Name>
<Val>0.12838318950952</Val>
</DBL>
<DBL>
<Name></Name>
<Val>0.27642770446060</Val>
</DBL>
<DBL>
<Name></Name>
<Val>0.59518910602988</Val>
</DBL>
<DBL>
<Name></Name>
<Val>0.12838318950932</Val>
</DBL>
<DBL>
<Name></Name>
<Val>0.27642770446051</Val>
</DBL>
<DBL>
<Name></Name>
<Val>0.59518910603018</Val>
</DBL>
<DBL>
<Name></Name>
<Val>0.12838318950919</Val>
</DBL>
<DBL>
<Name></Name>
<Val>0.27642770446045</Val>
</DBL>
<DBL>
<Name></Name>
<Val>0.59518910603036</Val>
</DBL>
<DBL>
<Name></Name>
<Val>0.12838318950912</Val>
</DBL>
<DBL>
<Name></Name>
<Val>0.27642770446041</Val>
</DBL>
<DBL>
<Name></Name>
<Val>0.59518910603047</Val>
</DBL>
<DBL>
<Name></Name>
<Val>0.12838318950907</Val>
</DBL>
<DBL>
<Name></Name>
<Val>0.27642770446039</Val>
</DBL>
<DBL>
<Name></Name>
<Val>0.59518910603053</Val>
</DBL>
<DBL>
<Name></Name>
<Val>0.12838318950904</Val>
</DBL>
<DBL>
<Name></Name>
<Val>0.27642770446038</Val>
</DBL>
<DBL>
<Name></Name>
<Val>0.59518910603058</Val>
</DBL>
<DBL>
<Name></Name>
<Val>0.12838318950903</Val>
</DBL>
<DBL>
<Name></Name>
<Val>0.27642770446037</Val>
</DBL>
<DBL>
<Name></Name>
<Val>0.59518910603060</Val>
</DBL>
<DBL>
<Name></Name>
<Val>0.12838318950902</Val>
</DBL>
<DBL>
<Name></Name>
<Val>0.27642770446037</Val>
</DBL>
<DBL>
<Name></Name>
<Val>0.59518910603062</Val>
</DBL>
<DBL>
<Name></Name>
<Val>0.12838318950901</Val>
</DBL>
<DBL>
<Name></Name>
<Val>0.27642770446036</Val>
</DBL>
<DBL>
<Name></Name>
<Val>0.59518910603062</Val>
</DBL>
<DBL>
<Name></Name>
<Val>0.12838318950901</Val>
</DBL>
<DBL>
<Name></Name>
<Val>0.27642770446036</Val>
</DBL>
<DBL>
<Name></Name>
<Val>0.59518910603063</Val>
</DBL>
<DBL>
<Name></Name>
<Val>0.12838318950900</Val>
</DBL>
<DBL>
<Name></Name>
<Val>0.27642770446036</Val>
</DBL>
<DBL>
<Name></Name>
<Val>0.59518910603063</Val>
</DBL>
<DBL>
<Name></Name>
<Val>0.12838318950900</Val>
</DBL>
<DBL>
<Name></Name>
<Val>0.27642770446036</Val>
</DBL>
<DBL>
<Name></Name>
<Val>0.59518910603064</Val>
</DBL>
<DBL>
<Name></Name>
<Val>0.12838318950900</Val>
</DBL>
<DBL>
<Name></Name>
<Val>0.27642770446036</Val>
</DBL>
<DBL>
<Name></Name>
<Val>0.59518910603064</Val>
</DBL>
<DBL>
<Name></Name>
<Val>0.12838318950900</Val>
</DBL>
<DBL>
<Name></Name>
<Val>0.27642770446036</Val>
</DBL>
<DBL>
<Name></Name>
<Val>0.59518910603064</Val>
</DBL>
<DBL>
<Name></Name>
<Val>0.12838318950900</Val>
</DBL>
<DBL>
<Name></Name>
<Val>0.27642770446036</Val>
</DBL>
<DBL>
<Name></Name>
<Val>0.59518910603064</Val>
</DBL>
<DBL>
<Name></Name>
<Val>0.12838318950900</Val>
</DBL>
<DBL>
<Name></Name>
<Val>0.27642770446036</Val>
</DBL>
<DBL>
<Name></Name>
<Val>0.59518910603064</Val>
</DBL>
<DBL>
<Name></Name>
<Val>0.12838318950900</Val>
</DBL>
<DBL>
<Name></Name>
<Val>0.27642770446036</Val>
</DBL>
<DBL>
<Name></Name>
<Val>0.59518910603064</Val>
</DBL>
<DBL>
<Name></Name>
<Val>0.12838318950900</Val>
</DBL>
<DBL>
<Name></Name>
<Val>0.27642770446036</Val>
</DBL>
<DBL>
<Name></Name>
<Val>0.59518910603064</Val>
</DBL>
<DBL>
<Name></Name>
<Val>0.12838318950900</Val>
</DBL>
<DBL>
<Name></Name>
<Val>0.27642770446036</Val>
</DBL>
<DBL>
<Name></Name>
<Val>0.59518910603064</Val>
</DBL>
<DBL>
<Name></Name>
<Val>0.12838318950900</Val>
</DBL>
<DBL>
<Name></Name>
<Val>0.27642770446036</Val>
</DBL>
<DBL>
<Name></Name>
<Val>0.59518910603064</Val>
</DBL>
<DBL>
<Name></Name>
<Val>0.12838318950900</Val>
</DBL>
<DBL>
<Name></Name>
<Val>0.27642770446036</Val>
</DBL>
<DBL>
<Name></Name>
<Val>0.59518910603064</Val>
</DBL>
<DBL>
<Name></Name>
<Val>0.12838318950900</Val>
</DBL>
<DBL>
<Name></Name>
<Val>0.27642770446036</Val>
</DBL>
<DBL>
<Name></Name>
<Val>0.59518910603064</Val>
</DBL>
<DBL>
<Name></Name>
<Val>0.12838318950900</Val>
</DBL>
<DBL>
<Name></Name>
<Val>0.27642770446036</Val>
</DBL>
<DBL>
<Name></Name>
<Val>0.59518910603064</Val>
</DBL>
<DBL>
<Name></Name>
<Val>0.12838318950900</Val>
</DBL>
<DBL>
<Name></Name>
<Val>0.27642770446036</Val>
</DBL>
<DBL>
<Name></Name>
<Val>0.59518910603064</Val>
</DBL>
<DBL>
<Name></Name>
<Val>0.12838318950900</Val>
</DBL>
<DBL>
<Name></Name>
<Val>0.27642770446036</Val>
</DBL>
<DBL>
<Name></Name>
<Val>0.59518910603064</Val>
</DBL>
<DBL>
<Name></Name>
<Val>0.12838318950900</Val>
</DBL>
<DBL>
<Name></Name>
<Val>0.27642770446036</Val>
</DBL>
<DBL>
<Name></Name>
<Val>0.59518910603064</Val>
</DBL>
<DBL>
<Name></Name>
<Val>0.12838318950900</Val>
</DBL>
<DBL>
<Name></Name>
<Val>0.27642770446036</Val>
</DBL>
<DBL>
<Name></Name>
<Val>0.59518910603064</Val>
</DBL>
<DBL>
<Name></Name>
<Val>0.12838318950900</Val>
</DBL>
<DBL>
<Name></Name>
<Val>0.27642770446036</Val>
</DBL>
<DBL>
<Name></Name>
<Val>0.59518910603064</Val>
</DBL>
<DBL>
<Name></Name>
<Val>0.12838318950900</Val>
</DBL>
<DBL>
<Name></Name>
<Val>0.27642770446036</Val>
</DBL>
<DBL>
<Name></Name>
<Val>0.59518910603064</Val>
</DBL>
<DBL>
<Name></Name>
<Val>0.12838318950900</Val>
</DBL>
<DBL>
<Name></Name>
<Val>0.27642770446036</Val>
</DBL>
<DBL>
<Name></Name>
<Val>0.59518910603064</Val>
</DBL>
<DBL>
<Name></Name>
<Val>0.12838318950900</Val>
</DBL>
<DBL>
<Name></Name>
<Val>0.27642770446036</Val>
</DBL>
<DBL>
<Name></Name>
<Val>0.59518910603064</Val>
</DBL>
<DBL>
<Name></Name>
<Val>0.12838318950900</Val>
</DBL>
<DBL>
<Name></Name>
<Val>0.27642770446036</Val>
</DBL>
<DBL>
<Name></Name>
<Val>0.59518910603064</Val>
</DBL>
<DBL>
<Name></Name>
<Val>0.12838318950900</Val>
</DBL>
<DBL>
<Name></Name>
<Val>0.27642770446036</Val>
</DBL>
<DBL>
<Name></Name>
<Val>0.59518910603064</Val>
</DBL>
<DBL>
<Name></Name>
<Val>0.12838318950900</Val>
</DBL>
<DBL>
<Name></Name>
<Val>0.27642770446036</Val>
</DBL>
<DBL>
<Name></Name>
<Val>0.59518910603064</Val>
</DBL>
<DBL>
<Name></Name>
<Val>0.12838318950900</Val>
</DBL>
<DBL>
<Name></Name>
<Val>0.27642770446036</Val>
</DBL>
<DBL>
<Name></Name>
<Val>0.59518910603064</Val>
</DBL>
<DBL>
<Name></Name>
<Val>0.12838318950900</Val>
</DBL>
<DBL>
<Name></Name>
<Val>0.27642770446036</Val>
</DBL>
<DBL>
<Name></Name>
<Val>0.59518910603064</Val>
</DBL>
<DBL>
<Name></Name>
<Val>0.12838318950900</Val>
</DBL>
<DBL>
<Name></Name>
<Val>0.27642770446036</Val>
</DBL>
<DBL>
<Name></Name>
<Val>0.59518910603064</Val>
</DBL>
<DBL>
<Name></Name>
<Val>0.12838318950900</Val>
</DBL>
<DBL>
<Name></Name>
<Val>0.27642770446036</Val>
</DBL>
<DBL>
<Name></Name>
<Val>0.59518910603064</Val>
</DBL>
<DBL>
<Name></Name>
<Val>0.12838318950900</Val>
</DBL>
<DBL>
<Name></Name>
<Val>0.27642770446036</Val>
</DBL>
<DBL>
<Name></Name>
<Val>0.59518910603064</Val>
</DBL>
<DBL>
<Name></Name>
<Val>0.12838318950900</Val>
</DBL>
<DBL>
<Name></Name>
<Val>0.27642770446036</Val>
</DBL>
<DBL>
<Name></Name>
<Val>0.59518910603064</Val>
</DBL>
<DBL>
<Name></Name>
<Val>0.12838318950900</Val>
</DBL>
<DBL>
<Name></Name>
<Val>0.27642770446036</Val>
</DBL>
<DBL>
<Name></Name>
<Val>0.59518910603064</Val>
</DBL>
<DBL>
<Name></Name>
<Val>0.12838318950900</Val>
</DBL>
<DBL>
<Name></Name>
<Val>0.27642770446036</Val>
</DBL>
<DBL>
<Name></Name>
<Val>0.59518910603064</Val>
</DBL>
<DBL>
<Name></Name>
<Val>0.12838318950900</Val>
</DBL>
<DBL>
<Name></Name>
<Val>0.27642770446036</Val>
</DBL>
<DBL>
<Name></Name>
<Val>0.59518910603064</Val>
</DBL>
<DBL>
<Name></Name>
<Val>0.12838318950900</Val>
</DBL>
<DBL>
<Name></Name>
<Val>0.27642770446036</Val>
</DBL>
<DBL>
<Name></Name>
<Val>0.59518910603064</Val>
</DBL>
</Array>
<Array>
<Name>StateAdjacencyMatrix</Name>
<Dimsize>3</Dimsize>
<Dimsize>3</Dimsize>
<String>
<Name></Name>
<Val>@</Val>
</String>
<String>
<Name></Name>
<Val>B</Val>
</String>
<String>
<Name></Name>
<Val>@</Val>
</String>
<String>
<Name></Name>
<Val>A</Val>
</String>
<String>
<Name></Name>
<Val>@</Val>
</String>
<String>
<Name></Name>
<Val>B</Val>
</String>
<String>
<Name></Name>
<Val>@</Val>
</String>
<String>
<Name></Name>
<Val>A</Val>
</String>
<String>
<Name></Name>
<Val>@</Val>
</String>
</Array>
<Cluster>
<Name>IntegrationParams</Name>
<NumElts>4</NumElts>
<DBL>
<Name>time start</Name>
<Val>0.00000000000000</Val>
</DBL>
<DBL>
<Name>time end</Name>
<Val>999.00000000000000</Val>
</DBL>
<DBL>
<Name>h (step rate)</Name>
<Val>1.00000000000000</Val>
</DBL>
<Array>
<Name>X0</Name>
<Dimsize>3</Dimsize>
<I32>
<Name></Name>
<Val>1</Val>
</I32>
<I32>
<Name></Name>
<Val>0</Val>
</I32>
<I32>
<Name></Name>
<Val>0</Val>
</I32>
</Array>
</Cluster>
<Array>
<Name>StateNames</Name>
<Dimsize>3</Dimsize>
<String>
<Name>string</Name>
<Val>a</Val>
</String>
<String>
<Name>string</Name>
<Val>b</Val>
</String>
<String>
<Name>string</Name>
<Val>c</Val>
</String>
</Array>
</Cluster>
</LVData>