<?xml version='1.0' standalone='yes' ?>
<LVData xmlns="http://www.ni.com/LVData">
<Version>10.0.1</Version>
<Cluster>
<Name>ModelData</Name>
<NumElts>7</NumElts>
<Array>
<Name>Transitions</Name>
<Dimsize>1</Dimsize>
<Dimsize>2</Dimsize>
<String>
<Name>string</Name>
<Val>A</Val>
</String>
<String>
<Name>string</Name>
<Val>A</Val>
</String>
</Array>
<Array>
<Name>RealValues</Name>
<Dimsize>1</Dimsize>
<Dimsize>2</Dimsize>
<String>
<Name>string</Name>
<Val>A</Val>
</String>
<String>
<Name>string</Name>
<Val>0,007912</Val>
</String>
</Array>
<Array>
<Name>Times</Name>
<Dimsize>100</Dimsize>
<DBL>
<Name></Name>
<Val>0.00000000000000</Val>
</DBL>
<DBL>
<Name></Name>
<Val>10.00000000000000</Val>
</DBL>
<DBL>
<Name></Name>
<Val>20.00000000000000</Val>
</DBL>
<DBL>
<Name></Name>
<Val>30.00000000000000</Val>
</DBL>
<DBL>
<Name></Name>
<Val>40.00000000000000</Val>
</DBL>
<DBL>
<Name></Name>
<Val>50.00000000000000</Val>
</DBL>
<DBL>
<Name></Name>
<Val>60.00000000000000</Val>
</DBL>
<DBL>
<Name></Name>
<Val>70.00000000000000</Val>
</DBL>
<DBL>
<Name></Name>
<Val>80.00000000000000</Val>
</DBL>
<DBL>
<Name></Name>
<Val>90.00000000000000</Val>
</DBL>
<DBL>
<Name></Name>
<Val>100.00000000000000</Val>
</DBL>
<DBL>
<Name></Name>
<Val>110.00000000000000</Val>
</DBL>
<DBL>
<Name></Name>
<Val>120.00000000000000</Val>
</DBL>
<DBL>
<Name></Name>
<Val>130.00000000000000</Val>
</DBL>
<DBL>
<Name></Name>
<Val>140.00000000000000</Val>
</DBL>
<DBL>
<Name></Name>
<Val>150.00000000000000</Val>
</DBL>
<DBL>
<Name></Name>
<Val>160.00000000000000</Val>
</DBL>
<DBL>
<Name></Name>
<Val>170.00000000000000</Val>
</DBL>
<DBL>
<Name></Name>
<Val>180.00000000000000</Val>
</DBL>
<DBL>
<Name></Name>
<Val>190.00000000000000</Val>
</DBL>
<DBL>
<Name></Name>
<Val>200.00000000000000</Val>
</DBL>
<DBL>
<Name></Name>
<Val>210.00000000000000</Val>
</DBL>
<DBL>
<Name></Name>
<Val>220.00000000000000</Val>
</DBL>
<DBL>
<Name></Name>
<Val>230.00000000000000</Val>
</DBL>
<DBL>
<Name></Name>
<Val>240.00000000000000</Val>
</DBL>
<DBL>
<Name></Name>
<Val>250.00000000000000</Val>
</DBL>
<DBL>
<Name></Name>
<Val>260.00000000000000</Val>
</DBL>
<DBL>
<Name></Name>
<Val>270.00000000000000</Val>
</DBL>
<DBL>
<Name></Name>
<Val>280.00000000000000</Val>
</DBL>
<DBL>
<Name></Name>
<Val>290.00000000000000</Val>
</DBL>
<DBL>
<Name></Name>
<Val>300.00000000000000</Val>
</DBL>
<DBL>
<Name></Name>
<Val>310.00000000000000</Val>
</DBL>
<DBL>
<Name></Name>
<Val>320.00000000000000</Val>
</DBL>
<DBL>
<Name></Name>
<Val>330.00000000000000</Val>
</DBL>
<DBL>
<Name></Name>
<Val>340.00000000000000</Val>
</DBL>
<DBL>
<Name></Name>
<Val>350.00000000000000</Val>
</DBL>
<DBL>
<Name></Name>
<Val>360.00000000000000</Val>
</DBL>
<DBL>
<Name></Name>
<Val>370.00000000000000</Val>
</DBL>
<DBL>
<Name></Name>
<Val>380.00000000000000</Val>
</DBL>
<DBL>
<Name></Name>
<Val>390.00000000000000</Val>
</DBL>
<DBL>
<Name></Name>
<Val>400.00000000000000</Val>
</DBL>
<DBL>
<Name></Name>
<Val>410.00000000000000</Val>
</DBL>
<DBL>
<Name></Name>
<Val>420.00000000000000</Val>
</DBL>
<DBL>
<Name></Name>
<Val>430.00000000000000</Val>
</DBL>
<DBL>
<Name></Name>
<Val>440.00000000000000</Val>
</DBL>
<DBL>
<Name></Name>
<Val>450.00000000000000</Val>
</DBL>
<DBL>
<Name></Name>
<Val>460.00000000000000</Val>
</DBL>
<DBL>
<Name></Name>
<Val>470.00000000000000</Val>
</DBL>
<DBL>
<Name></Name>
<Val>480.00000000000000</Val>
</DBL>
<DBL>
<Name></Name>
<Val>490.00000000000000</Val>
</DBL>
<DBL>
<Name></Name>
<Val>500.00000000000000</Val>
</DBL>
<DBL>
<Name></Name>
<Val>510.00000000000000</Val>
</DBL>
<DBL>
<Name></Name>
<Val>520.00000000000000</Val>
</DBL>
<DBL>
<Name></Name>
<Val>530.00000000000000</Val>
</DBL>
<DBL>
<Name></Name>
<Val>540.00000000000000</Val>
</DBL>
<DBL>
<Name></Name>
<Val>550.00000000000000</Val>
</DBL>
<DBL>
<Name></Name>
<Val>560.00000000000000</Val>
</DBL>
<DBL>
<Name></Name>
<Val>570.00000000000000</Val>
</DBL>
<DBL>
<Name></Name>
<Val>580.00000000000000</Val>
</DBL>
<DBL>
<Name></Name>
<Val>590.00000000000000</Val>
</DBL>
<DBL>
<Name></Name>
<Val>600.00000000000000</Val>
</DBL>
<DBL>
<Name></Name>
<Val>610.00000000000000</Val>
</DBL>
<DBL>
<Name></Name>
<Val>620.00000000000000</Val>
</DBL>
<DBL>
<Name></Name>
<Val>630.00000000000000</Val>
</DBL>
<DBL>
<Name></Name>
<Val>640.00000000000000</Val>
</DBL>
<DBL>
<Name></Name>
<Val>650.00000000000000</Val>
</DBL>
<DBL>
<Name></Name>
<Val>660.00000000000000</Val>
</DBL>
<DBL>
<Name></Name>
<Val>670.00000000000000</Val>
</DBL>
<DBL>
<Name></Name>
<Val>680.00000000000000</Val>
</DBL>
<DBL>
<Name></Name>
<Val>690.00000000000000</Val>
</DBL>
<DBL>
<Name></Name>
<Val>700.00000000000000</Val>
</DBL>
<DBL>
<Name></Name>
<Val>710.00000000000000</Val>
</DBL>
<DBL>
<Name></Name>
<Val>720.00000000000000</Val>
</DBL>
<DBL>
<Name></Name>
<Val>730.00000000000000</Val>
</DBL>
<DBL>
<Name></Name>
<Val>740.00000000000000</Val>
</DBL>
<DBL>
<Name></Name>
<Val>750.00000000000000</Val>
</DBL>
<DBL>
<Name></Name>
<Val>760.00000000000000</Val>
</DBL>
<DBL>
<Name></Name>
<Val>770.00000000000000</Val>
</DBL>
<DBL>
<Name></Name>
<Val>780.00000000000000</Val>
</DBL>
<DBL>
<Name></Name>
<Val>790.00000000000000</Val>
</DBL>
<DBL>
<Name></Name>
<Val>800.00000000000000</Val>
</DBL>
<DBL>
<Name></Name>
<Val>810.00000000000000</Val>
</DBL>
<DBL>
<Name></Name>
<Val>820.00000000000000</Val>
</DBL>
<DBL>
<Name></Name>
<Val>830.00000000000000</Val>
</DBL>
<DBL>
<Name></Name>
<Val>840.00000000000000</Val>
</DBL>
<DBL>
<Name></Name>
<Val>850.00000000000000</Val>
</DBL>
<DBL>
<Name></Name>
<Val>860.00000000000000</Val>
</DBL>
<DBL>
<Name></Name>
<Val>870.00000000000000</Val>
</DBL>
<DBL>
<Name></Name>
<Val>880.00000000000000</Val>
</DBL>
<DBL>
<Name></Name>
<Val>890.00000000000000</Val>
</DBL>
<DBL>
<Name></Name>
<Val>900.00000000000000</Val>
</DBL>
<DBL>
<Name></Name>
<Val>910.00000000000000</Val>
</DBL>
<DBL>
<Name></Name>
<Val>920.00000000000000</Val>
</DBL>
<DBL>
<Name></Name>
<Val>930.00000000000000</Val>
</DBL>
<DBL>
<Name></Name>
<Val>940.00000000000000</Val>
</DBL>
<DBL>
<Name></Name>
<Val>950.00000000000000</Val>
</DBL>
<DBL>
<Name></Name>
<Val>960.00000000000000</Val>
</DBL>
<DBL>
<Name></Name>
<Val>970.00000000000000</Val>
</DBL>
<DBL>
<Name></Name>
<Val>980.00000000000000</Val>
</DBL>
<DBL>
<Name></Name>
<Val>990.00000000000000</Val>
</DBL>
</Array>
<Array>
<Name>RealSolution</Name>
<Dimsize>100</Dimsize>
<Dimsize>3</Dimsize>
<DBL>
<Name></Name>
<Val>1.00000000000000</Val>
</DBL>
<DBL>
<Name></Name>
<Val>0.00000000000000</Val>
</DBL>
<DBL>
<Name></Name>
<Val>0.00000000000000</Val>
</DBL>
<DBL>
<Name></Name>
<Val>0.92622801037266</Val>
</DBL>
<DBL>
<Name></Name>
<Val>7.11823482046286E-2</Val>
</DBL>
<DBL>
<Name></Name>
<Val>2.58964142270809E-3</Val>
</DBL>
<DBL>
<Name></Name>
<Val>0.86297196013753</Val>
</DBL>
<DBL>
<Name></Name>
<Val>0.12716391632148</Val>
</DBL>
<DBL>
<Name></Name>
<Val>9.86412354099209E-3</Val>
</DBL>
<DBL>
<Name></Name>
<Val>0.80838617235916</Val>
</DBL>
<DBL>
<Name></Name>
<Val>0.17119078601413</Val>
</DBL>
<DBL>
<Name></Name>
<Val>2.04230416267110E-2</Val>
</DBL>
<DBL>
<Name></Name>
<Val>0.76098856653105</Val>
</DBL>
<DBL>
<Name></Name>
<Val>0.20581584780031</Val>
</DBL>
<DBL>
<Name></Name>
<Val>3.31955856686342E-2</Val>
</DBL>
<DBL>
<Name></Name>
<Val>0.71958534590225</Val>
</DBL>
<DBL>
<Name></Name>
<Val>0.23304682997248</Val>
</DBL>
<DBL>
<Name></Name>
<Val>4.73678241252632E-2</Val>
</DBL>
<DBL>
<Name></Name>
<Val>0.68321158950691</Val>
</DBL>
<DBL>
<Name></Name>
<Val>0.25446271637985</Val>
</DBL>
<DBL>
<Name></Name>
<Val>6.23256941132332E-2</Val>
</DBL>
<DBL>
<Name></Name>
<Val>0.65108436609415</Val>
</DBL>
<DBL>
<Name></Name>
<Val>0.27130530353714</Val>
</DBL>
<DBL>
<Name></Name>
<Val>7.76103303687029E-2</Val>
</DBL>
<DBL>
<Name></Name>
<Val>0.62256570850463</Val>
</DBL>
<DBL>
<Name></Name>
<Val>0.28455120598334</Val>
</DBL>
<DBL>
<Name></Name>
<Val>9.28830855120272E-2</Val>
</DBL>
<DBL>
<Name></Name>
<Val>0.59713335442656</Val>
</DBL>
<DBL>
<Name></Name>
<Val>0.29496848510891</Val>
</DBL>
<DBL>
<Name></Name>
<Val>0.10789816046453</Val>
</DBL>
<DBL>
<Name></Name>
<Val>0.57435760575985</Val>
</DBL>
<DBL>
<Name></Name>
<Val>0.30316118506430</Val>
</DBL>
<DBL>
<Name></Name>
<Val>0.12248120917585</Val>
</DBL>
<DBL>
<Name></Name>
<Val>0.55388300987551</Val>
</DBL>
<DBL>
<Name></Name>
<Val>0.30960435815680</Val>
</DBL>
<DBL>
<Name></Name>
<Val>0.13651263196769</Val>
</DBL>
<DBL>
<Name></Name>
<Val>0.53541384221067</Val>
</DBL>
<DBL>
<Name></Name>
<Val>0.31467161067747</Val>
</DBL>
<DBL>
<Name></Name>
<Val>0.14991454711186</Val>
</DBL>
<DBL>
<Name></Name>
<Val>0.51870258687920</Val>
</DBL>
<DBL>
<Name></Name>
<Val>0.31865676639803</Val>
</DBL>
<DBL>
<Name></Name>
<Val>0.16264064672277</Val>
</DBL>
<DBL>
<Name></Name>
<Val>0.50354078287955</Val>
</DBL>
<DBL>
<Name></Name>
<Val>0.32179090389214</Val>
</DBL>
<DBL>
<Name></Name>
<Val>0.17466831322831</Val>
</DBL>
<DBL>
<Name></Name>
<Val>0.48975173793712</Val>
</DBL>
<DBL>
<Name></Name>
<Val>0.32425575558697</Val>
</DBL>
<DBL>
<Name></Name>
<Val>0.18599250647591</Val>
</DBL>
<DBL>
<Name></Name>
<Val>0.47718471780668</Val>
</DBL>
<DBL>
<Name></Name>
<Val>0.32619424548696</Val>
</DBL>
<DBL>
<Name></Name>
<Val>0.19662103670636</Val>
</DBL>
<DBL>
<Name></Name>
<Val>0.46571030210015</Val>
</DBL>
<DBL>
<Name></Name>
<Val>0.32771877659779</Val>
</DBL>
<DBL>
<Name></Name>
<Val>0.20657092130205</Val>
</DBL>
<DBL>
<Name></Name>
<Val>0.45521666320779</Val>
</DBL>
<DBL>
<Name></Name>
<Val>0.32891774859548</Val>
</DBL>
<DBL>
<Name></Name>
<Val>0.21586558819673</Val>
</DBL>
<DBL>
<Name></Name>
<Val>0.44560657643157</Val>
</DBL>
<DBL>
<Name></Name>
<Val>0.32986068366649</Val>
</DBL>
<DBL>
<Name></Name>
<Val>0.22453273990194</Val>
</DBL>
<DBL>
<Name></Name>
<Val>0.43679501002495</Val>
</DBL>
<DBL>
<Name></Name>
<Val>0.33060225773983</Val>
</DBL>
<DBL>
<Name></Name>
<Val>0.23260273223522</Val>
</DBL>
<DBL>
<Name></Name>
<Val>0.42870717577423</Val>
</DBL>
<DBL>
<Name></Name>
<Val>0.33118547086144</Val>
</DBL>
<DBL>
<Name></Name>
<Val>0.24010735336434</Val>
</DBL>
<DBL>
<Name></Name>
<Val>0.42127694590519</Val>
</DBL>
<DBL>
<Name></Name>
<Val>0.33164414054455</Val>
</DBL>
<DBL>
<Name></Name>
<Val>0.24707891355026</Val>
</DBL>
<DBL>
<Name></Name>
<Val>0.41444556190311</Val>
</DBL>
<DBL>
<Name></Name>
<Val>0.33200486267238</Val>
</DBL>
<DBL>
<Name></Name>
<Val>0.25354957542452</Val>
</DBL>
<DBL>
<Name></Name>
<Val>0.40816057643290</Val>
</DBL>
<DBL>
<Name></Name>
<Val>0.33228855365588</Val>
</DBL>
<DBL>
<Name></Name>
<Val>0.25955086991122</Val>
</DBL>
<DBL>
<Name></Name>
<Val>0.40237498183677</Val>
</DBL>
<DBL>
<Name></Name>
<Val>0.33251166326827</Val>
</DBL>
<DBL>
<Name></Name>
<Val>0.26511335489496</Val>
</DBL>
<DBL>
<Name></Name>
<Val>0.39704648837282</Val>
</DBL>
<DBL>
<Name></Name>
<Val>0.33268712848231</Val>
</DBL>
<DBL>
<Name></Name>
<Val>0.27026638314486</Val>
</DBL>
<DBL>
<Name></Name>
<Val>0.39213692299479</Val>
</DBL>
<DBL>
<Name></Name>
<Val>0.33282512361846</Val>
</DBL>
<DBL>
<Name></Name>
<Val>0.27503795338674</Val>
</DBL>
<DBL>
<Name></Name>
<Val>0.38761172549669</Val>
</DBL>
<DBL>
<Name></Name>
<Val>0.33293365030112</Val>
</DBL>
<DBL>
<Name></Name>
<Val>0.27945462420219</Val>
</DBL>
<DBL>
<Name></Name>
<Val>0.38343952359929</Val>
</DBL>
<DBL>
<Name></Name>
<Val>0.33301900143143</Val>
</DBL>
<DBL>
<Name></Name>
<Val>0.28354147496928</Val>
</DBL>
<DBL>
<Name></Name>
<Val>0.37959177230890</Val>
</DBL>
<DBL>
<Name></Name>
<Val>0.33308612608011</Val>
</DBL>
<DBL>
<Name></Name>
<Val>0.28732210161099</Val>
</DBL>
<DBL>
<Name></Name>
<Val>0.37604244584426</Val>
</DBL>
<DBL>
<Name></Name>
<Val>0.33313891645844</Val>
</DBL>
<DBL>
<Name></Name>
<Val>0.29081863769730</Val>
</DBL>
<DBL>
<Name></Name>
<Val>0.37276777277253</Val>
</DBL>
<DBL>
<Name></Name>
<Val>0.33318043360750</Val>
</DBL>
<DBL>
<Name></Name>
<Val>0.29405179361997</Val>
</DBL>
<DBL>
<Name></Name>
<Val>0.36974600685135</Val>
</DBL>
<DBL>
<Name></Name>
<Val>0.33321308489207</Val>
</DBL>
<DBL>
<Name></Name>
<Val>0.29704090825658</Val>
</DBL>
<DBL>
<Name></Name>
<Val>0.36695722754455</Val>
</DBL>
<DBL>
<Name></Name>
<Val>0.33323876359132</Val>
</DBL>
<DBL>
<Name></Name>
<Val>0.29980400886413</Val>
</DBL>
<DBL>
<Name></Name>
<Val>0.36438316534574</Val>
</DBL>
<DBL>
<Name></Name>
<Val>0.33325895868024</Val>
</DBL>
<DBL>
<Name></Name>
<Val>0.30235787597402</Val>
</DBL>
<DBL>
<Name></Name>
<Val>0.36200704797067</Val>
</DBL>
<DBL>
<Name></Name>
<Val>0.33327484116760</Val>
</DBL>
<DBL>
<Name></Name>
<Val>0.30471811086172</Val>
</DBL>
<DBL>
<Name></Name>
<Val>0.35981346421673</Val>
</DBL>
<DBL>
<Name></Name>
<Val>0.33328733199673</Val>
</DBL>
<DBL>
<Name></Name>
<Val>0.30689920378654</Val>
</DBL>
<DBL>
<Name></Name>
<Val>0.35778824287586</Val>
</DBL>
<DBL>
<Name></Name>
<Val>0.33329715544621</Val>
</DBL>
<DBL>
<Name></Name>
<Val>0.30891460167793</Val>
</DBL>
<DBL>
<Name></Name>
<Val>0.35591834455681</Val>
</DBL>
<DBL>
<Name></Name>
<Val>0.33330488112708</Val>
</DBL>
<DBL>
<Name></Name>
<Val>0.31077677431611</Val>
</DBL>
<DBL>
<Name></Name>
<Val>0.35419176464866</Val>
</DBL>
<DBL>
<Name></Name>
<Val>0.33331095701164</Val>
</DBL>
<DBL>
<Name></Name>
<Val>0.31249727833970</Val>
</DBL>
<DBL>
<Name></Name>
<Val>0.35259744595980</Val>
</DBL>
<DBL>
<Name></Name>
<Val>0.33331573540901</Val>
</DBL>
<DBL>
<Name></Name>
<Val>0.31408681863119</Val>
</DBL>
<DBL>
<Name></Name>
<Val>0.35112519980965</Val>
</DBL>
<DBL>
<Name></Name>
<Val>0.33331949339374</Val>
</DBL>
<DBL>
<Name></Name>
<Val>0.31555530679661</Val>
</DBL>
<DBL>
<Name></Name>
<Val>0.34976563454718</Val>
</DBL>
<DBL>
<Name></Name>
<Val>0.33332244887194</Val>
</DBL>
<DBL>
<Name></Name>
<Val>0.31691191658089</Val>
</DBL>
<DBL>
<Name></Name>
<Val>0.34851009062991</Val>
</DBL>
<DBL>
<Name></Name>
<Val>0.33332477321650</Val>
</DBL>
<DBL>
<Name></Name>
<Val>0.31816513615359</Val>
</DBL>
<DBL>
<Name></Name>
<Val>0.34735058152711</Val>
</DBL>
<DBL>
<Name></Name>
<Val>0.33332660120415</Val>
</DBL>
<DBL>
<Name></Name>
<Val>0.31932281726874</Val>
</DBL>
<DBL>
<Name></Name>
<Val>0.34627973981724</Val>
</DBL>
<DBL>
<Name></Name>
<Val>0.33332803883044</Val>
</DBL>
<DBL>
<Name></Name>
<Val>0.32039222135232</Val>
</DBL>
<DBL>
<Name></Name>
<Val>0.34529076793761</Val>
</DBL>
<DBL>
<Name></Name>
<Val>0.33332916945589</Val>
</DBL>
<DBL>
<Name></Name>
<Val>0.32138006260651</Val>
</DBL>
<DBL>
<Name></Name>
<Val>0.34437739311642</Val>
</DBL>
<DBL>
<Name></Name>
<Val>0.33333005863961</Val>
</DBL>
<DBL>
<Name></Name>
<Val>0.32229254824396</Val>
</DBL>
<DBL>
<Name></Name>
<Val>0.34353382607787</Val>
</DBL>
<DBL>
<Name></Name>
<Val>0.33333075794078</Val>
</DBL>
<DBL>
<Name></Name>
<Val>0.32313541598136</Val>
</DBL>
<DBL>
<Name></Name>
<Val>0.34275472316123</Val>
</DBL>
<DBL>
<Name></Name>
<Val>0.33333130790825</Val>
</DBL>
<DBL>
<Name></Name>
<Val>0.32391396893052</Val>
</DBL>
<DBL>
<Name></Name>
<Val>0.34203515153783</Val>
</DBL>
<DBL>
<Name></Name>
<Val>0.33333174043179</Val>
</DBL>
<DBL>
<Name></Name>
<Val>0.32463310803038</Val>
</DBL>
<DBL>
<Name></Name>
<Val>0.34137055724520</Val>
</DBL>
<DBL>
<Name></Name>
<Val>0.33333208059120</Val>
</DBL>
<DBL>
<Name></Name>
<Val>0.32529736216359</Val>
</DBL>
<DBL>
<Name></Name>
<Val>0.34075673578920</Val>
</DBL>
<DBL>
<Name></Name>
<Val>0.33333234811058</Val>
</DBL>
<DBL>
<Name></Name>
<Val>0.32591091610021</Val>
</DBL>
<DBL>
<Name></Name>
<Val>0.34018980509064</Val>
</DBL>
<DBL>
<Name></Name>
<Val>0.33333255850199</Val>
</DBL>
<DBL>
<Name></Name>
<Val>0.32647763640737</Val>
</DBL>
<DBL>
<Name></Name>
<Val>0.33966618057622</Val>
</DBL>
<DBL>
<Name></Name>
<Val>0.33333272396493</Val>
</DBL>
<DBL>
<Name></Name>
<Val>0.32700109545884</Val>
</DBL>
<DBL>
<Name></Name>
<Val>0.33918255223334</Val>
</DBL>
<DBL>
<Name></Name>
<Val>0.33333285409375</Val>
</DBL>
<DBL>
<Name></Name>
<Val>0.32748459367291</Val>
</DBL>
<DBL>
<Name></Name>
<Val>0.33873586346542</Val>
</DBL>
<DBL>
<Name></Name>
<Val>0.33333295643395</Val>
</DBL>
<DBL>
<Name></Name>
<Val>0.32793118010063</Val>
</DBL>
<DBL>
<Name></Name>
<Val>0.33832329160019</Val>
</DBL>
<DBL>
<Name></Name>
<Val>0.33333303691970</Val>
</DBL>
<DBL>
<Name></Name>
<Val>0.32834367148011</Val>
</DBL>
<DBL>
<Name></Name>
<Val>0.33794222991625</Val>
</DBL>
<DBL>
<Name></Name>
<Val>0.33333310021795</Val>
</DBL>
<DBL>
<Name></Name>
<Val>0.32872466986580</Val>
</DBL>
<DBL>
<Name></Name>
<Val>0.33759027106582</Val>
</DBL>
<DBL>
<Name></Name>
<Val>0.33333314999905</Val>
</DBL>
<DBL>
<Name></Name>
<Val>0.32907657893512</Val>
</DBL>
<DBL>
<Name></Name>
<Val>0.33726519178190</Val>
</DBL>
<DBL>
<Name></Name>
<Val>0.33333318914955</Val>
</DBL>
<DBL>
<Name></Name>
<Val>0.32940161906855</Val>
</DBL>
<DBL>
<Name></Name>
<Val>0.33696493876775</Val>
</DBL>
<DBL>
<Name></Name>
<Val>0.33333321993957</Val>
</DBL>
<DBL>
<Name></Name>
<Val>0.32970184129268</Val>
</DBL>
<DBL>
<Name></Name>
<Val>0.33668761567546</Val>
</DBL>
<DBL>
<Name></Name>
<Val>0.33333324415447</Val>
</DBL>
<DBL>
<Name></Name>
<Val>0.32997914017006</Val>
</DBL>
<DBL>
<Name></Name>
<Val>0.33643147108780</Val>
</DBL>
<DBL>
<Name></Name>
<Val>0.33333326319835</Val>
</DBL>
<DBL>
<Name></Name>
<Val>0.33023526571385</Val>
</DBL>
<DBL>
<Name></Name>
<Val>0.33619488742490</Val>
</DBL>
<DBL>
<Name></Name>
<Val>0.33333327817547</Val>
</DBL>
<DBL>
<Name></Name>
<Val>0.33047183439963</Val>
</DBL>
<DBL>
<Name></Name>
<Val>0.33597637070370</Val>
</DBL>
<DBL>
<Name></Name>
<Val>0.33333328995427</Val>
</DBL>
<DBL>
<Name></Name>
<Val>0.33069033934203</Val>
</DBL>
<DBL>
<Name></Name>
<Val>0.33577454108369</Val>
</DBL>
<DBL>
<Name></Name>
<Val>0.33333329921774</Val>
</DBL>
<DBL>
<Name></Name>
<Val>0.33089215969857</Val>
</DBL>
<DBL>
<Name></Name>
<Val>0.33558812413806</Val>
</DBL>
<DBL>
<Name></Name>
<Val>0.33333330650302</Val>
</DBL>
<DBL>
<Name></Name>
<Val>0.33107856935892</Val>
</DBL>
<DBL>
<Name></Name>
<Val>0.33541594279417</Val>
</DBL>
<DBL>
<Name></Name>
<Val>0.33333331223256</Val>
</DBL>
<DBL>
<Name></Name>
<Val>0.33125074497327</Val>
</DBL>
<DBL>
<Name></Name>
<Val>0.33525690989154</Val>
</DBL>
<DBL>
<Name></Name>
<Val>0.33333331673857</Val>
</DBL>
<DBL>
<Name></Name>
<Val>0.33140977336989</Val>
</DBL>
<DBL>
<Name></Name>
<Val>0.33511002130983</Val>
</DBL>
<DBL>
<Name></Name>
<Val>0.33333332028233</Val>
</DBL>
<DBL>
<Name></Name>
<Val>0.33155665840784</Val>
</DBL>
<DBL>
<Name></Name>
<Val>0.33497434962287</Val>
</DBL>
<DBL>
<Name></Name>
<Val>0.33333332306933</Val>
</DBL>
<DBL>
<Name></Name>
<Val>0.33169232730780</Val>
</DBL>
<DBL>
<Name></Name>
<Val>0.33484903823839</Val>
</DBL>
<DBL>
<Name></Name>
<Val>0.33333332526118</Val>
</DBL>
<DBL>
<Name></Name>
<Val>0.33181763650043</Val>
</DBL>
<DBL>
<Name></Name>
<Val>0.33473329598595</Val>
</DBL>
<DBL>
<Name></Name>
<Val>0.33333332698496</Val>
</DBL>
<DBL>
<Name></Name>
<Val>0.33193337702908</Val>
</DBL>
<DBL>
<Name></Name>
<Val>0.33462639211894</Val>
</DBL>
<DBL>
<Name></Name>
<Val>0.33333332834064</Val>
</DBL>
<DBL>
<Name></Name>
<Val>0.33204027954042</Val>
</DBL>
<DBL>
<Name></Name>
<Val>0.33452765169856</Val>
</DBL>
<DBL>
<Name></Name>
<Val>0.33333332940681</Val>
</DBL>
<DBL>
<Name></Name>
<Val>0.33213901889462</Val>
</DBL>
<DBL>
<Name></Name>
<Val>0.33443645133087</Val>
</DBL>
<DBL>
<Name></Name>
<Val>0.33333333024531</Val>
</DBL>
<DBL>
<Name></Name>
<Val>0.33223021842382</Val>
</DBL>
<DBL>
<Name></Name>
<Val>0.33435221522952</Val>
</DBL>
<DBL>
<Name></Name>
<Val>0.33333333090475</Val>
</DBL>
<DBL>
<Name></Name>
<Val>0.33231445386573</Val>
</DBL>
<DBL>
<Name></Name>
<Val>0.33427441157950</Val>
</DBL>
<DBL>
<Name></Name>
<Val>0.33333333142337</Val>
</DBL>
<DBL>
<Name></Name>
<Val>0.33239225699713</Val>
</DBL>
<DBL>
<Name></Name>
<Val>0.33420254917867</Val>
</DBL>
<DBL>
<Name></Name>
<Val>0.33333333183123</Val>
</DBL>
<DBL>
<Name></Name>
<Val>0.33246411899010</Val>
</DBL>
<DBL>
<Name></Name>
<Val>0.33413617433595</Val>
</DBL>
<DBL>
<Name></Name>
<Val>0.33333333215200</Val>
</DBL>
<DBL>
<Name></Name>
<Val>0.33253049351205</Val>
</DBL>
<DBL>
<Name></Name>
<Val>0.33407486800649</Val>
</DBL>
<DBL>
<Name></Name>
<Val>0.33333333240427</Val>
</DBL>
<DBL>
<Name></Name>
<Val>0.33259179958924</Val>
</DBL>
<DBL>
<Name></Name>
<Val>0.33401824314564</Val>
</DBL>
<DBL>
<Name></Name>
<Val>0.33333333260267</Val>
</DBL>
<DBL>
<Name></Name>
<Val>0.33264842425169</Val>
</DBL>
<DBL>
<Name></Name>
<Val>0.33396594226513</Val>
</DBL>
<DBL>
<Name></Name>
<Val>0.33333333275870</Val>
</DBL>
<DBL>
<Name></Name>
<Val>0.33270072497617</Val>
</DBL>
<DBL>
<Name></Name>
<Val>0.33391763517586</Val>
</DBL>
<DBL>
<Name></Name>
<Val>0.33333333288141</Val>
</DBL>
<DBL>
<Name></Name>
<Val>0.33274903194272</Val>
</DBL>
<DBL>
<Name></Name>
<Val>0.33387301690315</Val>
</DBL>
<DBL>
<Name></Name>
<Val>0.33333333297792</Val>
</DBL>
<DBL>
<Name></Name>
<Val>0.33279365011894</Val>
</DBL>
<DBL>
<Name></Name>
<Val>0.33383180576112</Val>
</DBL>
<DBL>
<Name></Name>
<Val>0.33333333305382</Val>
</DBL>
<DBL>
<Name></Name>
<Val>0.33283486118506</Val>
</DBL>
<DBL>
<Name></Name>
<Val>0.33379374157433</Val>
</DBL>
<DBL>
<Name></Name>
<Val>0.33333333311351</Val>
</DBL>
<DBL>
<Name></Name>
<Val>0.33287292531216</Val>
</DBL>
<DBL>
<Name></Name>
<Val>0.33375858403502</Val>
</DBL>
<DBL>
<Name></Name>
<Val>0.33333333316045</Val>
</DBL>
<DBL>
<Name></Name>
<Val>0.33290808280453</Val>
</DBL>
<DBL>
<Name></Name>
<Val>0.33372611118598</Val>
</DBL>
<DBL>
<Name></Name>
<Val>0.33333333319737</Val>
</DBL>
<DBL>
<Name></Name>
<Val>0.33294055561665</Val>
</DBL>
<DBL>
<Name></Name>
<Val>0.33369611801918</Val>
</DBL>
<DBL>
<Name></Name>
<Val>0.33333333322640</Val>
</DBL>
<DBL>
<Name></Name>
<Val>0.33297054875441</Val>
</DBL>
<DBL>
<Name></Name>
<Val>0.33366841518152</Val>
</DBL>
<DBL>
<Name></Name>
<Val>0.33333333324924</Val>
</DBL>
<DBL>
<Name></Name>
<Val>0.33299825156924</Val>
</DBL>
<DBL>
<Name></Name>
<Val>0.33364282777929</Val>
</DBL>
<DBL>
<Name></Name>
<Val>0.33333333326720</Val>
</DBL>
<DBL>
<Name></Name>
<Val>0.33302383895352</Val>
</DBL>
<DBL>
<Name></Name>
<Val>0.33361919427406</Val>
</DBL>
<DBL>
<Name></Name>
<Val>0.33333333328132</Val>
</DBL>
<DBL>
<Name></Name>
<Val>0.33304747244462</Val>
</DBL>
<DBL>
<Name></Name>
<Val>0.33359736546280</Val>
</DBL>
<DBL>
<Name></Name>
<Val>0.33333333329243</Val>
</DBL>
<DBL>
<Name></Name>
<Val>0.33306930124477</Val>
</DBL>
<DBL>
<Name></Name>
<Val>0.33357720353594</Val>
</DBL>
<DBL>
<Name></Name>
<Val>0.33333333330116</Val>
</DBL>
<DBL>
<Name></Name>
<Val>0.33308946316290</Val>
</DBL>
<DBL>
<Name></Name>
<Val>0.33355858120730</Val>
</DBL>
<DBL>
<Name></Name>
<Val>0.33333333330803</Val>
</DBL>
<DBL>
<Name></Name>
<Val>0.33310808548467</Val>
</DBL>
<DBL>
<Name></Name>
<Val>0.33354138091051</Val>
</DBL>
<DBL>
<Name></Name>
<Val>0.33333333331344</Val>
</DBL>
<DBL>
<Name></Name>
<Val>0.33312528577605</Val>
</DBL>
<DBL>
<Name></Name>
<Val>0.33352549405682</Val>
</DBL>
<DBL>
<Name></Name>
<Val>0.33333333331768</Val>
</DBL>
<DBL>
<Name></Name>
<Val>0.33314117262549</Val>
</DBL>
</Array>
<Array>
<Name>StateAdjacencyMatrix</Name>
<Dimsize>3</Dimsize>
<Dimsize>3</Dimsize>
<String>
<Name></Name>
<Val>@</Val>
</String>
<String>
<Name></Name>
<Val>A</Val>
</String>
<String>
<Name></Name>
<Val>@</Val>
</String>
<String>
<Name></Name>
<Val>A</Val>
</String>
<String>
<Name></Name>
<Val>@</Val>
</String>
<String>
<Name></Name>
<Val>A</Val>
</String>
<String>
<Name></Name>
<Val>@</Val>
</String>
<String>
<Name></Name>
<Val>A</Val>
</String>
<String>
<Name></Name>
<Val>@</Val>
</String>
</Array>
<Cluster>
<Name>IntegrationParams</Name>
<NumElts>4</NumElts>
<DBL>
<Name>time start</Name>
<Val>0.00000000000000</Val>
</DBL>
<DBL>
<Name>time end</Name>
<Val>999.00000000000000</Val>
</DBL>
<DBL>
<Name>h (step rate)</Name>
<Val>1.00000000000000</Val>
</DBL>
<Array>
<Name>X0</Name>
<Dimsize>3</Dimsize>
<I32>
<Name></Name>
<Val>1</Val>
</I32>
<I32>
<Name></Name>
<Val>0</Val>
</I32>
<I32>
<Name></Name>
<Val>0</Val>
</I32>
</Array>
</Cluster>
<Array>
<Name>StateNames</Name>
<Dimsize>3</Dimsize>
<String>
<Name>string</Name>
<Val>a</Val>
</String>
<String>
<Name>string</Name>
<Val>b</Val>
</String>
<String>
<Name>string</Name>
<Val>c</Val>
</String>
</Array>
</Cluster>
</LVData>