<?xml version='1.0' standalone='yes' ?>
<LVData xmlns="http://www.ni.com/LVData">
<Version>10.0.1</Version>
<Cluster>
<Name>ModelData</Name>
<NumElts>7</NumElts>
<Array>
<Name>Transitions</Name>
<Dimsize>1</Dimsize>
<Dimsize>2</Dimsize>
<String>
<Name>string</Name>
<Val>A</Val>
</String>
<String>
<Name>string</Name>
<Val>A</Val>
</String>
</Array>
<Array>
<Name>RealValues</Name>
<Dimsize>1</Dimsize>
<Dimsize>2</Dimsize>
<String>
<Name>string</Name>
<Val>A</Val>
</String>
<String>
<Name>string</Name>
<Val>0,000605</Val>
</String>
</Array>
<Array>
<Name>Times</Name>
<Dimsize>100</Dimsize>
<DBL>
<Name></Name>
<Val>0.00000000000000</Val>
</DBL>
<DBL>
<Name></Name>
<Val>10.00000000000000</Val>
</DBL>
<DBL>
<Name></Name>
<Val>20.00000000000000</Val>
</DBL>
<DBL>
<Name></Name>
<Val>30.00000000000000</Val>
</DBL>
<DBL>
<Name></Name>
<Val>40.00000000000000</Val>
</DBL>
<DBL>
<Name></Name>
<Val>50.00000000000000</Val>
</DBL>
<DBL>
<Name></Name>
<Val>60.00000000000000</Val>
</DBL>
<DBL>
<Name></Name>
<Val>70.00000000000000</Val>
</DBL>
<DBL>
<Name></Name>
<Val>80.00000000000000</Val>
</DBL>
<DBL>
<Name></Name>
<Val>90.00000000000000</Val>
</DBL>
<DBL>
<Name></Name>
<Val>100.00000000000000</Val>
</DBL>
<DBL>
<Name></Name>
<Val>110.00000000000000</Val>
</DBL>
<DBL>
<Name></Name>
<Val>120.00000000000000</Val>
</DBL>
<DBL>
<Name></Name>
<Val>130.00000000000000</Val>
</DBL>
<DBL>
<Name></Name>
<Val>140.00000000000000</Val>
</DBL>
<DBL>
<Name></Name>
<Val>150.00000000000000</Val>
</DBL>
<DBL>
<Name></Name>
<Val>160.00000000000000</Val>
</DBL>
<DBL>
<Name></Name>
<Val>170.00000000000000</Val>
</DBL>
<DBL>
<Name></Name>
<Val>180.00000000000000</Val>
</DBL>
<DBL>
<Name></Name>
<Val>190.00000000000000</Val>
</DBL>
<DBL>
<Name></Name>
<Val>200.00000000000000</Val>
</DBL>
<DBL>
<Name></Name>
<Val>210.00000000000000</Val>
</DBL>
<DBL>
<Name></Name>
<Val>220.00000000000000</Val>
</DBL>
<DBL>
<Name></Name>
<Val>230.00000000000000</Val>
</DBL>
<DBL>
<Name></Name>
<Val>240.00000000000000</Val>
</DBL>
<DBL>
<Name></Name>
<Val>250.00000000000000</Val>
</DBL>
<DBL>
<Name></Name>
<Val>260.00000000000000</Val>
</DBL>
<DBL>
<Name></Name>
<Val>270.00000000000000</Val>
</DBL>
<DBL>
<Name></Name>
<Val>280.00000000000000</Val>
</DBL>
<DBL>
<Name></Name>
<Val>290.00000000000000</Val>
</DBL>
<DBL>
<Name></Name>
<Val>300.00000000000000</Val>
</DBL>
<DBL>
<Name></Name>
<Val>310.00000000000000</Val>
</DBL>
<DBL>
<Name></Name>
<Val>320.00000000000000</Val>
</DBL>
<DBL>
<Name></Name>
<Val>330.00000000000000</Val>
</DBL>
<DBL>
<Name></Name>
<Val>340.00000000000000</Val>
</DBL>
<DBL>
<Name></Name>
<Val>350.00000000000000</Val>
</DBL>
<DBL>
<Name></Name>
<Val>360.00000000000000</Val>
</DBL>
<DBL>
<Name></Name>
<Val>370.00000000000000</Val>
</DBL>
<DBL>
<Name></Name>
<Val>380.00000000000000</Val>
</DBL>
<DBL>
<Name></Name>
<Val>390.00000000000000</Val>
</DBL>
<DBL>
<Name></Name>
<Val>400.00000000000000</Val>
</DBL>
<DBL>
<Name></Name>
<Val>410.00000000000000</Val>
</DBL>
<DBL>
<Name></Name>
<Val>420.00000000000000</Val>
</DBL>
<DBL>
<Name></Name>
<Val>430.00000000000000</Val>
</DBL>
<DBL>
<Name></Name>
<Val>440.00000000000000</Val>
</DBL>
<DBL>
<Name></Name>
<Val>450.00000000000000</Val>
</DBL>
<DBL>
<Name></Name>
<Val>460.00000000000000</Val>
</DBL>
<DBL>
<Name></Name>
<Val>470.00000000000000</Val>
</DBL>
<DBL>
<Name></Name>
<Val>480.00000000000000</Val>
</DBL>
<DBL>
<Name></Name>
<Val>490.00000000000000</Val>
</DBL>
<DBL>
<Name></Name>
<Val>500.00000000000000</Val>
</DBL>
<DBL>
<Name></Name>
<Val>510.00000000000000</Val>
</DBL>
<DBL>
<Name></Name>
<Val>520.00000000000000</Val>
</DBL>
<DBL>
<Name></Name>
<Val>530.00000000000000</Val>
</DBL>
<DBL>
<Name></Name>
<Val>540.00000000000000</Val>
</DBL>
<DBL>
<Name></Name>
<Val>550.00000000000000</Val>
</DBL>
<DBL>
<Name></Name>
<Val>560.00000000000000</Val>
</DBL>
<DBL>
<Name></Name>
<Val>570.00000000000000</Val>
</DBL>
<DBL>
<Name></Name>
<Val>580.00000000000000</Val>
</DBL>
<DBL>
<Name></Name>
<Val>590.00000000000000</Val>
</DBL>
<DBL>
<Name></Name>
<Val>600.00000000000000</Val>
</DBL>
<DBL>
<Name></Name>
<Val>610.00000000000000</Val>
</DBL>
<DBL>
<Name></Name>
<Val>620.00000000000000</Val>
</DBL>
<DBL>
<Name></Name>
<Val>630.00000000000000</Val>
</DBL>
<DBL>
<Name></Name>
<Val>640.00000000000000</Val>
</DBL>
<DBL>
<Name></Name>
<Val>650.00000000000000</Val>
</DBL>
<DBL>
<Name></Name>
<Val>660.00000000000000</Val>
</DBL>
<DBL>
<Name></Name>
<Val>670.00000000000000</Val>
</DBL>
<DBL>
<Name></Name>
<Val>680.00000000000000</Val>
</DBL>
<DBL>
<Name></Name>
<Val>690.00000000000000</Val>
</DBL>
<DBL>
<Name></Name>
<Val>700.00000000000000</Val>
</DBL>
<DBL>
<Name></Name>
<Val>710.00000000000000</Val>
</DBL>
<DBL>
<Name></Name>
<Val>720.00000000000000</Val>
</DBL>
<DBL>
<Name></Name>
<Val>730.00000000000000</Val>
</DBL>
<DBL>
<Name></Name>
<Val>740.00000000000000</Val>
</DBL>
<DBL>
<Name></Name>
<Val>750.00000000000000</Val>
</DBL>
<DBL>
<Name></Name>
<Val>760.00000000000000</Val>
</DBL>
<DBL>
<Name></Name>
<Val>770.00000000000000</Val>
</DBL>
<DBL>
<Name></Name>
<Val>780.00000000000000</Val>
</DBL>
<DBL>
<Name></Name>
<Val>790.00000000000000</Val>
</DBL>
<DBL>
<Name></Name>
<Val>800.00000000000000</Val>
</DBL>
<DBL>
<Name></Name>
<Val>810.00000000000000</Val>
</DBL>
<DBL>
<Name></Name>
<Val>820.00000000000000</Val>
</DBL>
<DBL>
<Name></Name>
<Val>830.00000000000000</Val>
</DBL>
<DBL>
<Name></Name>
<Val>840.00000000000000</Val>
</DBL>
<DBL>
<Name></Name>
<Val>850.00000000000000</Val>
</DBL>
<DBL>
<Name></Name>
<Val>860.00000000000000</Val>
</DBL>
<DBL>
<Name></Name>
<Val>870.00000000000000</Val>
</DBL>
<DBL>
<Name></Name>
<Val>880.00000000000000</Val>
</DBL>
<DBL>
<Name></Name>
<Val>890.00000000000000</Val>
</DBL>
<DBL>
<Name></Name>
<Val>900.00000000000000</Val>
</DBL>
<DBL>
<Name></Name>
<Val>910.00000000000000</Val>
</DBL>
<DBL>
<Name></Name>
<Val>920.00000000000000</Val>
</DBL>
<DBL>
<Name></Name>
<Val>930.00000000000000</Val>
</DBL>
<DBL>
<Name></Name>
<Val>940.00000000000000</Val>
</DBL>
<DBL>
<Name></Name>
<Val>950.00000000000000</Val>
</DBL>
<DBL>
<Name></Name>
<Val>960.00000000000000</Val>
</DBL>
<DBL>
<Name></Name>
<Val>970.00000000000000</Val>
</DBL>
<DBL>
<Name></Name>
<Val>980.00000000000000</Val>
</DBL>
<DBL>
<Name></Name>
<Val>990.00000000000000</Val>
</DBL>
</Array>
<Array>
<Name>RealSolution</Name>
<Dimsize>100</Dimsize>
<Dimsize>4</Dimsize>
<DBL>
<Name></Name>
<Val>1.00000000000000</Val>
</DBL>
<DBL>
<Name></Name>
<Val>0.00000000000000</Val>
</DBL>
<DBL>
<Name></Name>
<Val>0.00000000000000</Val>
</DBL>
<DBL>
<Name></Name>
<Val>0.00000000000000</Val>
</DBL>
<DBL>
<Name></Name>
<Val>0.99398280977595</Val>
</DBL>
<DBL>
<Name></Name>
<Val>6.00082499980138E-3</Val>
</DBL>
<DBL>
<Name></Name>
<Val>1.63388191082746E-5</Val>
</DBL>
<DBL>
<Name></Name>
<Val>2.64051374214792E-8</Val>
</DBL>
<DBL>
<Name></Name>
<Val>0.98803783629773</Val>
</DBL>
<DBL>
<Name></Name>
<Val>1.18936197145687E-2</Val>
</DBL>
<DBL>
<Name></Name>
<Val>6.82954024034519E-5</Val>
</DBL>
<DBL>
<Name></Name>
<Val>2.48585293717777E-7</Val>
</DBL>
<DBL>
<Name></Name>
<Val>0.98216399733457</Val>
</DBL>
<DBL>
<Name></Name>
<Val>1.76803272070353E-2</Val>
</DBL>
<DBL>
<Name></Name>
<Val>1.54798123153037E-4</Val>
</DBL>
<DBL>
<Name></Name>
<Val>8.77335242736715E-7</Val>
</DBL>
<DBL>
<Name></Name>
<Val>0.97636022881015</Val>
</DBL>
<DBL>
<Name></Name>
<Val>2.33628543159276E-2</Val>
</DBL>
<DBL>
<Name></Name>
<Val>2.74801091485365E-4</Val>
</DBL>
<DBL>
<Name></Name>
<Val>2.11578244036089E-6</Val>
</DBL>
<DBL>
<Name></Name>
<Val>0.97062548447643</Val>
</DBL>
<DBL>
<Name></Name>
<Val>2.89430723535524E-2</Val>
</DBL>
<DBL>
<Name></Name>
<Val>4.27283583007487E-4</Val>
</DBL>
<DBL>
<Name></Name>
<Val>4.15958701123814E-6</Val>
</DBL>
<DBL>
<Name></Name>
<Val>0.96495873559360</Val>
</DBL>
<DBL>
<Name></Name>
<Val>3.44228177896396E-2</Val>
</DBL>
<DBL>
<Name></Name>
<Val>6.11249479650079E-4</Val>
</DBL>
<DBL>
<Name></Name>
<Val>7.19713711477887E-6</Val>
</DBL>
<DBL>
<Name></Name>
<Val>0.95935897061601</Val>
</DBL>
<DBL>
<Name></Name>
<Val>3.98038929217125E-2</Val>
</DBL>
<DBL>
<Name></Name>
<Val>8.25726722482741E-4</Val>
</DBL>
<DBL>
<Name></Name>
<Val>1.14097397913719E-5</Val>
</DBL>
<DBL>
<Name></Name>
<Val>0.95382519488411</Val>
</DBL>
<DBL>
<Name></Name>
<Val>4.50880665322584E-2</Val>
</DBL>
<DBL>
<Name></Name>
<Val>1.06976677624837E-3</Val>
</DBL>
<DBL>
<Name></Name>
<Val>1.69718073876275E-5</Val>
</DBL>
<DBL>
<Name></Name>
<Val>0.94835643032201</Val>
</DBL>
<DBL>
<Name></Name>
<Val>5.02770745329594E-2</Val>
</DBL>
<DBL>
<Name></Name>
<Val>1.34244410537055E-3</Val>
</DBL>
<DBL>
<Name></Name>
<Val>2.40510396573578E-5</Val>
</DBL>
<DBL>
<Name></Name>
<Val>0.94295171514093</Val>
</DBL>
<DBL>
<Name></Name>
<Val>5.53726205962465E-2</Val>
</DBL>
<DBL>
<Name></Name>
<Val>1.64285566119293E-3</Val>
</DBL>
<DBL>
<Name></Name>
<Val>3.28086016329515E-5</Val>
</DBL>
<DBL>
<Name></Name>
<Val>0.93761010354800</Val>
</DBL>
<DBL>
<Name></Name>
<Val>6.03763767744261E-2</Val>
</DBL>
<DBL>
<Name></Name>
<Val>1.97012038021466E-3</Val>
</DBL>
<DBL>
<Name></Name>
<Val>4.33992973597861E-5</Val>
</DBL>
<DBL>
<Name></Name>
<Val>0.93233066546069</Val>
</DBL>
<DBL>
<Name></Name>
<Val>6.52899841066302E-2</Val>
</DBL>
<DBL>
<Name></Name>
<Val>2.32337869309087E-3</Val>
</DBL>
<DBL>
<Name></Name>
<Val>5.59717395843549E-5</Val>
</DBL>
<DBL>
<Name></Name>
<Val>0.92711248622651</Val>
</DBL>
<DBL>
<Name></Name>
<Val>7.01150532138324E-2</Val>
</DBL>
<DBL>
<Name></Name>
<Val>2.70179204417177E-3</Val>
</DBL>
<DBL>
<Name></Name>
<Val>7.06685154848547E-5</Val>
</DBL>
<DBL>
<Name></Name>
<Val>0.92195466634794</Val>
</DBL>
<DBL>
<Name></Name>
<Val>7.48531648821676E-2</Val>
</DBL>
<DBL>
<Name></Name>
<Val>3.10454242135898E-3</Val>
</DBL>
<DBL>
<Name></Name>
<Val>8.76263485310936E-5</Val>
</DBL>
<DBL>
<Name></Name>
<Val>0.91685632121259</Val>
</DBL>
<DBL>
<Name></Name>
<Val>7.95058706347904E-2</Val>
</DBL>
<DBL>
<Name></Name>
<Val>3.53083189606201E-3</Val>
</DBL>
<DBL>
<Name></Name>
<Val>1.06976256558731E-4</Val>
</DBL>
<DBL>
<Name></Name>
<Val>0.91181658082832</Val>
</DBL>
<DBL>
<Name></Name>
<Val>8.40746932924991E-2</Val>
</DBL>
<DBL>
<Name></Name>
<Val>3.97988217304257E-3</Val>
</DBL>
<DBL>
<Name></Name>
<Val>1.28843706141051E-4</Val>
</DBL>
<DBL>
<Name></Name>
<Val>0.90683458956337</Val>
</DBL>
<DBL>
<Name></Name>
<Val>8.85611275233514E-2</Val>
</DBL>
<DBL>
<Name></Name>
<Val>4.45093414993848E-3</Val>
</DBL>
<DBL>
<Name></Name>
<Val>1.53348763339696E-4</Val>
</DBL>
<DBL>
<Name></Name>
<Val>0.90190950589133</Val>
</DBL>
<DBL>
<Name></Name>
<Val>9.29666403814905E-2</Val>
</DBL>
<DBL>
<Name></Name>
<Val>4.94324748626369E-3</Val>
</DBL>
<DBL>
<Name></Name>
<Val>1.80606240914065E-4</Val>
</DBL>
<DBL>
<Name></Name>
<Val>0.89704050214085</Val>
</DBL>
<DBL>
<Name></Name>
<Val>9.72926718353963E-2</Val>
</DBL>
<DBL>
<Name></Name>
<Val>5.45610018168480E-3</Val>
</DBL>
<DBL>
<Name></Name>
<Val>2.10725842067353E-4</Val>
</DBL>
<DBL>
<Name></Name>
<Val>0.89222676425004</Val>
</DBL>
<DBL>
<Name></Name>
<Val>0.10154063528577</Val>
</DBL>
<DBL>
<Name></Name>
<Val>5.98878816337885E-3</Val>
</DBL>
<DBL>
<Name></Name>
<Val>2.43812300805597E-4</Val>
</DBL>
<DBL>
<Name></Name>
<Val>0.88746749152545</Val>
</DBL>
<DBL>
<Name></Name>
<Val>0.10571191807329</Val>
</DBL>
<DBL>
<Name></Name>
<Val>6.54062488228096E-3</Val>
</DBL>
<DBL>
<Name></Name>
<Val>2.79965518984400E-4</Val>
</DBL>
<DBL>
<Name></Name>
<Val>0.88276189640551</Val>
</DBL>
<DBL>
<Name></Name>
<Val>0.10980788197634</Val>
</DBL>
<DBL>
<Name></Name>
<Val>7.11094091803483E-3</Val>
</DBL>
<DBL>
<Name></Name>
<Val>3.19280700116471E-4</Val>
</DBL>
<DBL>
<Name></Name>
<Val>0.87810920422844</Val>
</DBL>
<DBL>
<Name></Name>
<Val>0.11382986369908</Val>
</DBL>
<DBL>
<Name></Name>
<Val>7.69908359246240E-3</Val>
</DBL>
<DBL>
<Name></Name>
<Val>3.61848480011516E-4</Val>
</DBL>
<DBL>
<Name></Name>
<Val>0.87350865300441</Val>
</DBL>
<DBL>
<Name></Name>
<Val>0.11777917534990</Val>
</DBL>
<DBL>
<Name></Name>
<Val>8.30441659137336E-3</Val>
</DBL>
<DBL>
<Name></Name>
<Val>4.07755054318521E-4</Val>
</DBL>
<DBL>
<Name></Name>
<Val>0.86895949319196</Val>
</DBL>
<DBL>
<Name></Name>
<Val>0.12165710491047</Val>
</DBL>
<DBL>
<Name></Name>
<Val>8.92631959453843E-3</Val>
</DBL>
<DBL>
<Name></Name>
<Val>4.57082303038934E-4</Val>
</DBL>
<DBL>
<Name></Name>
<Val>0.86446098747857</Val>
</DBL>
<DBL>
<Name></Name>
<Val>0.12546491669570</Val>
</DBL>
<DBL>
<Name></Name>
<Val>9.56418791365460E-3</Val>
</DBL>
<DBL>
<Name></Name>
<Val>5.09907912077826E-4</Val>
</DBL>
<DBL>
<Name></Name>
<Val>0.86001241056535</Val>
</DBL>
<DBL>
<Name></Name>
<Val>0.12920385180462</Val>
</DBL>
<DBL>
<Name></Name>
<Val>1.02174321381333E-2</Val>
</DBL>
<DBL>
<Name></Name>
<Val>5.66305491898659E-4</Val>
</DBL>
<DBL>
<Name></Name>
<Val>0.85561304895565</Val>
</DBL>
<DBL>
<Name></Name>
<Val>0.13287512856246</Val>
</DBL>
<DBL>
<Name></Name>
<Val>1.08854777885470E-2</Val>
</DBL>
<DBL>
<Name></Name>
<Val>6.26344693345880E-4</Val>
</DBL>
<DBL>
<Name></Name>
<Val>0.85126220074762</Val>
</DBL>
<DBL>
<Name></Name>
<Val>0.13647994295411</Val>
</DBL>
<DBL>
<Name></Name>
<Val>1.15677649775717E-2</Val>
</DBL>
<DBL>
<Name></Name>
<Val>6.90091320698199E-4</Val>
</DBL>
<DBL>
<Name></Name>
<Val>0.84695917543068</Val>
</DBL>
<DBL>
<Name></Name>
<Val>0.14001946904904</Val>
</DBL>
<DBL>
<Name></Name>
<Val>1.22637480782682E-2</Val>
</DBL>
<DBL>
<Name></Name>
<Val>7.57607442014061E-4</Val>
</DBL>
<DBL>
<Name></Name>
<Val>0.84270329368560</Val>
</DBL>
<DBL>
<Name></Name>
<Val>0.14349485941802</Val>
</DBL>
<DBL>
<Name></Name>
<Val>1.29728953995464E-2</Val>
</DBL>
<DBL>
<Name></Name>
<Val>8.28951496829493E-4</Val>
</DBL>
<DBL>
<Name></Name>
<Val>0.83849388718848</Val>
</DBL>
<DBL>
<Name></Name>
<Val>0.14690724554159</Val>
</DBL>
<DBL>
<Name></Name>
<Val>1.36946888686609E-2</Val>
</DBL>
<DBL>
<Name></Name>
<Val>9.04178401267241E-4</Val>
</DBL>
<DBL>
<Name></Name>
<Val>0.83433029841819</Val>
</DBL>
<DBL>
<Name></Name>
<Val>0.15025773821061</Val>
</DBL>
<DBL>
<Name></Name>
<Val>1.44286237205897E-2</Val>
</DBL>
<DBL>
<Name></Name>
<Val>9.83339650614820E-4</Val>
</DBL>
<DBL>
<Name></Name>
<Val>0.83021188046742</Val>
</DBL>
<DBL>
<Name></Name>
<Val>0.15354742791900</Val>
</DBL>
<DBL>
<Name></Name>
<Val>1.51742081941504E-2</Val>
</DBL>
<DBL>
<Name></Name>
<Val>1.06648341942789E-3</Val>
</DBL>
<DBL>
<Name></Name>
<Val>0.82613799685730</Val>
</DBL>
<DBL>
<Name></Name>
<Val>0.15677738524877</Val>
</DBL>
<DBL>
<Name></Name>
<Val>1.59309632347109E-2</Val>
</DBL>
<DBL>
<Name></Name>
<Val>1.15365465921415E-3</Val>
</DBL>
<DBL>
<Name></Name>
<Val>0.82210802135529</Val>
</DBL>
<DBL>
<Name></Name>
<Val>0.15994866124760</Val>
</DBL>
<DBL>
<Name></Name>
<Val>1.66984222033562E-2</Val>
</DBL>
<DBL>
<Name></Name>
<Val>1.24489519375176E-3</Val>
</DBL>
<DBL>
<Name></Name>
<Val>0.81812133779655</Val>
</DBL>
<DBL>
<Name></Name>
<Val>0.16306228779898</Val>
</DBL>
<DBL>
<Name></Name>
<Val>1.74761305923740E-2</Val>
</DBL>
<DBL>
<Name></Name>
<Val>1.34024381209510E-3</Val>
</DBL>
<DBL>
<Name></Name>
<Val>0.81417733990856</Val>
</DBL>
<DBL>
<Name></Name>
<Val>0.16611927798520</Val>
</DBL>
<DBL>
<Name></Name>
<Val>1.82636457469249E-2</Val>
</DBL>
<DBL>
<Name></Name>
<Val>1.43973635931972E-3</Val>
</DBL>
<DBL>
<Name></Name>
<Val>0.81027543113892</Val>
</DBL>
<DBL>
<Name></Name>
<Val>0.16912062644326</Val>
</DBL>
<DBL>
<Name></Name>
<Val>1.90605365927680E-2</Val>
</DBL>
<DBL>
<Name></Name>
<Val>1.54340582505682E-3</Val>
</DBL>
<DBL>
<Name></Name>
<Val>0.80641502448644</Val>
</DBL>
<DBL>
<Name></Name>
<Val>0.17206730971378</Val>
</DBL>
<DBL>
<Name></Name>
<Val>1.98663833699112E-2</Val>
</DBL>
<DBL>
<Name></Name>
<Val>1.65128242986710E-3</Val>
</DBL>
<DBL>
<Name></Name>
<Val>0.80259554233520</Val>
</DBL>
<DBL>
<Name></Name>
<Val>0.17496028658323</Val>
</DBL>
<DBL>
<Name></Name>
<Val>2.06807773720633E-2</Val>
</DBL>
<DBL>
<Name></Name>
<Val>1.76339370950217E-3</Val>
</DBL>
<DBL>
<Name></Name>
<Val>0.79881641629174</Val>
</DBL>
<DBL>
<Name></Name>
<Val>0.17780049841939</Val>
</DBL>
<DBL>
<Name></Name>
<Val>2.15033206917630E-2</Val>
</DBL>
<DBL>
<Name></Name>
<Val>1.87976459710102E-3</Val>
</DBL>
<DBL>
<Name></Name>
<Val>0.79507708702522</Val>
</DBL>
<DBL>
<Name></Name>
<Val>0.18058886950035</Val>
</DBL>
<DBL>
<Name></Name>
<Val>2.23336259710654E-2</Val>
</DBL>
<DBL>
<Name></Name>
<Val>2.00041750336799E-3</Val>
</DBL>
<DBL>
<Name></Name>
<Val>0.79137700411049</Val>
</DBL>
<DBL>
<Name></Name>
<Val>0.18332630733707</Val>
</DBL>
<DBL>
<Name></Name>
<Val>2.31713161576682E-2</Val>
</DBL>
<DBL>
<Name></Name>
<Val>2.12537239477757E-3</Val>
</DBL>
<DBL>
<Name></Name>
<Val>0.78771562587407</Val>
</DBL>
<DBL>
<Name></Name>
<Val>0.18601370298972</Val>
</DBL>
<DBL>
<Name></Name>
<Val>2.40160242663616E-2</Val>
</DBL>
<DBL>
<Name></Name>
<Val>2.25464686985041E-3</Val>
</DBL>
<DBL>
<Name></Name>
<Val>0.78409241924295</Val>
</DBL>
<DBL>
<Name></Name>
<Val>0.18865193137782</Val>
</DBL>
<DBL>
<Name></Name>
<Val>2.48673931456895E-2</Val>
</DBL>
<DBL>
<Name></Name>
<Val>2.38825623354404E-3</Val>
</DBL>
<DBL>
<Name></Name>
<Val>0.78050685959610</Val>
</DBL>
<DBL>
<Name></Name>
<Val>0.19124185158438</Val>
</DBL>
<DBL>
<Name></Name>
<Val>2.57250752497116E-2</Val>
</DBL>
<DBL>
<Name></Name>
<Val>2.52621356980088E-3</Val>
</DBL>
<DBL>
<Name></Name>
<Val>0.77695843061879</Val>
</DBL>
<DBL>
<Name></Name>
<Val>0.19378430715416</Val>
</DBL>
<DBL>
<Name></Name>
<Val>2.65887324147575E-2</Val>
</DBL>
<DBL>
<Name></Name>
<Val>2.66852981229491E-3</Val>
</DBL>
<DBL>
<Name></Name>
<Val>0.77344662415947</Val>
</DBL>
<DBL>
<Name></Name>
<Val>0.19628012638604</Val>
</DBL>
<DBL>
<Name></Name>
<Val>2.74580356410667E-2</Val>
</DBL>
<DBL>
<Name></Name>
<Val>2.81521381341804E-3</Val>
</DBL>
<DBL>
<Name></Name>
<Val>0.76997094008936</Val>
</DBL>
<DBL>
<Name></Name>
<Val>0.19873012261989</Val>
</DBL>
<DBL>
<Name></Name>
<Val>2.83326648792118E-2</Val>
</DBL>
<DBL>
<Name></Name>
<Val>2.96627241154566E-3</Val>
</DBL>
<DBL>
<Name></Name>
<Val>0.76653088616449</Val>
</DBL>
<DBL>
<Name></Name>
<Val>0.20113509451769</Val>
</DBL>
<DBL>
<Name></Name>
<Val>2.92123088212021E-2</Val>
</DBL>
<DBL>
<Name></Name>
<Val>3.12171049662055E-3</Val>
</DBL>
<DBL>
<Name></Name>
<Val>0.76312597789041</Val>
</DBL>
<DBL>
<Name></Name>
<Val>0.20349582633933</Val>
</DBL>
<DBL>
<Name></Name>
<Val>3.00966646961682E-2</Val>
</DBL>
<DBL>
<Name></Name>
<Val>3.28153107409321E-3</Val>
</DBL>
<DBL>
<Name></Name>
<Val>0.75975573838919</Val>
</DBL>
<DBL>
<Name></Name>
<Val>0.20581308821302</Val>
</DBL>
<DBL>
<Name></Name>
<Val>3.09854380705312E-2</Val>
</DBL>
<DBL>
<Name></Name>
<Val>3.44573532725584E-3</Val>
</DBL>
<DBL>
<Name></Name>
<Val>0.75641969826898</Val>
</DBL>
<DBL>
<Name></Name>
<Val>0.20808763640045</Val>
</DBL>
<DBL>
<Name></Name>
<Val>3.18783426525595E-2</Val>
</DBL>
<DBL>
<Name></Name>
<Val>3.61432267800657E-3</Val>
</DBL>
<DBL>
<Name></Name>
<Val>0.75311739549585</Val>
</DBL>
<DBL>
<Name></Name>
<Val>0.21032021355685</Val>
</DBL>
<DBL>
<Name></Name>
<Val>3.27751001012218E-2</Val>
</DBL>
<DBL>
<Name></Name>
<Val>3.78729084607952E-3</Val>
</DBL>
<DBL>
<Name></Name>
<Val>0.74984837526803</Val>
</DBL>
<DBL>
<Name></Name>
<Val>0.21251154898596</Val>
</DBL>
<DBL>
<Name></Name>
<Val>3.36754398392424E-2</Val>
</DBL>
<DBL>
<Name></Name>
<Val>3.96463590677572E-3</Val>
</DBL>
<DBL>
<Name></Name>
<Val>0.74661218989235</Val>
</DBL>
<DBL>
<Name></Name>
<Val>0.21466235889015</Val>
</DBL>
<DBL>
<Name></Name>
<Val>3.45790988702720E-2</Val>
</DBL>
<DBL>
<Name></Name>
<Val>4.14635234722889E-3</Val>
</DBL>
<DBL>
<Name></Name>
<Val>0.74340839866305</Val>
</DBL>
<DBL>
<Name></Name>
<Val>0.21677334661563</Val>
</DBL>
<DBL>
<Name></Name>
<Val>3.54858216000835E-2</Val>
</DBL>
<DBL>
<Name></Name>
<Val>4.33243312123976E-3</Val>
</DBL>
<DBL>
<Name></Name>
<Val>0.74023656774262</Val>
</DBL>
<DBL>
<Name></Name>
<Val>0.21884520289296</Val>
</DBL>
<DBL>
<Name></Name>
<Val>3.63953596617100E-2</Val>
</DBL>
<DBL>
<Name></Name>
<Val>4.52286970271134E-3</Val>
</DBL>
<DBL>
<Name></Name>
<Val>0.73709627004495</Val>
</DBL>
<DBL>
<Name></Name>
<Val>0.22087860607290</Val>
</DBL>
<DBL>
<Name></Name>
<Val>3.73074717444382E-2</Val>
</DBL>
<DBL>
<Name></Name>
<Val>4.71765213771738E-3</Val>
</DBL>
<DBL>
<Name></Name>
<Val>0.73398708512050</Val>
</DBL>
<DBL>
<Name></Name>
<Val>0.22287422235769</Val>
</DBL>
<DBL>
<Name></Name>
<Val>3.82219234265764E-2</Val>
</DBL>
<DBL>
<Name></Name>
<Val>4.91676909523508E-3</Val>
</DBL>
<DBL>
<Name></Name>
<Val>0.73090859904359</Val>
</DBL>
<DBL>
<Name></Name>
<Val>0.22483270602792</Val>
</DBL>
<DBL>
<Name></Name>
<Val>3.91384870119172E-2</Val>
</DBL>
<DBL>
<Name></Name>
<Val>5.12020791657288E-3</Val>
</DBL>
<DBL>
<Name></Name>
<Val>0.72786040430172</Val>
</DBL>
<DBL>
<Name></Name>
<Val>0.22675469966494</Val>
</DBL>
<DBL>
<Name></Name>
<Val>4.00569413698139E-2</Val>
</DBL>
<DBL>
<Name></Name>
<Val>5.32795466352312E-3</Val>
</DBL>
<DBL>
<Name></Name>
<Val>0.72484209968686</Val>
</DBL>
<DBL>
<Name></Name>
<Val>0.22864083436908</Val>
</DBL>
<DBL>
<Name></Name>
<Val>4.09770717787954E-2</Val>
</DBL>
<DBL>
<Name></Name>
<Val>5.53999416526893E-3</Val>
</DBL>
<DBL>
<Name></Name>
<Val>0.72185329018875</Val>
</DBL>
<DBL>
<Name></Name>
<Val>0.23049172997353</Val>
</DBL>
<DBL>
<Name></Name>
<Val>4.18986697736436E-2</Val>
</DBL>
<DBL>
<Name></Name>
<Val>5.75631006407402E-3</Val>
</DBL>
<DBL>
<Name></Name>
<Val>0.71889358689009</Val>
</DBL>
<DBL>
<Name></Name>
<Val>0.23230799525427</Val>
</DBL>
<DBL>
<Name></Name>
<Val>4.28215329958579E-2</Val>
</DBL>
<DBL>
<Name></Name>
<Val>5.97688485978331E-3</Val>
</DBL>
<DBL>
<Name></Name>
<Val>0.71596260686360</Val>
</DBL>
<DBL>
<Name></Name>
<Val>0.23409022813580</Val>
</DBL>
<DBL>
<Name></Name>
<Val>4.37454650474368E-2</Val>
</DBL>
<DBL>
<Name></Name>
<Val>6.20169995316195E-3</Val>
</DBL>
<DBL>
<Name></Name>
<Val>0.71305997307100</Val>
</DBL>
<DBL>
<Name></Name>
<Val>0.23583901589300</Val>
</DBL>
<DBL>
<Name></Name>
<Val>4.46702753479033E-2</Val>
</DBL>
<DBL>
<Name></Name>
<Val>6.43073568809945E-3</Val>
</DBL>
<DBL>
<Name></Name>
<Val>0.71018531426373</Val>
</DBL>
<DBL>
<Name></Name>
<Val>0.23755493534906</Val>
</DBL>
<DBL>
<Name></Name>
<Val>4.55957789945063E-2</Val>
</DBL>
<DBL>
<Name></Name>
<Val>6.66397139270523E-3</Val>
</DBL>
<DBL>
<Name></Name>
<Val>0.70733826488550</Val>
</DBL>
<DBL>
<Name></Name>
<Val>0.23923855306965</Val>
</DBL>
<DBL>
<Name></Name>
<Val>4.65217966255292E-2</Val>
</DBL>
<DBL>
<Name></Name>
<Val>6.90138541932113E-3</Val>
</DBL>
<DBL>
<Name></Name>
<Val>0.70451846497656</Val>
</DBL>
<DBL>
<Name></Name>
<Val>0.24089042555332</Val>
</DBL>
<DBL>
<Name></Name>
<Val>4.74481542866395E-2</Val>
</DBL>
<DBL>
<Name></Name>
<Val>7.14295518347618E-3</Val>
</DBL>
<DBL>
<Name></Name>
<Val>0.70172556007974</Val>
</DBL>
<DBL>
<Name></Name>
<Val>0.24251109941824</Val>
</DBL>
<DBL>
<Name></Name>
<Val>4.83746833002141E-2</Val>
</DBL>
<DBL>
<Name></Name>
<Val>7.38865720180797E-3</Val>
</DBL>
<DBL>
<Name></Name>
<Val>0.69895920114808</Val>
</DBL>
<DBL>
<Name></Name>
<Val>0.24410111158537</Val>
</DBL>
<DBL>
<Name></Name>
<Val>4.93012201375766E-2</Val>
</DBL>
<DBL>
<Name></Name>
<Val>7.63846712897481E-3</Val>
</DBL>
<DBL>
<Name></Name>
<Val>0.69621904445422</Val>
</DBL>
<DBL>
<Name></Name>
<Val>0.24566098945812</Val>
</DBL>
<DBL>
<Name></Name>
<Val>5.02276062940838E-2</Val>
</DBL>
<DBL>
<Name></Name>
<Val>7.89235979358200E-3</Val>
</DBL>
<DBL>
<Name></Name>
<Val>0.69350475150132</Val>
</DBL>
<DBL>
<Name></Name>
<Val>0.24719125109853</Val>
</DBL>
<DBL>
<Name></Name>
<Val>5.11536881670010E-2</Val>
</DBL>
<DBL>
<Name></Name>
<Val>8.15030923314537E-3</Val>
</DBL>
<DBL>
<Name></Name>
<Val>0.69081598893565</Val>
</DBL>
<DBL>
<Name></Name>
<Val>0.24869240540013</Val>
</DBL>
<DBL>
<Name></Name>
<Val>5.20793169361059E-2</Val>
</DBL>
<DBL>
<Name></Name>
<Val>8.41228872811443E-3</Val>
</DBL>
<DBL>
<Name></Name>
<Val>0.68815242846066</Val>
</DBL>
<DBL>
<Name></Name>
<Val>0.25016495225740</Val>
</DBL>
<DBL>
<Name></Name>
<Val>5.30043484469620E-2</Val>
</DBL>
<DBL>
<Name></Name>
<Val>8.67827083497707E-3</Val>
</DBL>
<DBL>
<Name></Name>
<Val>0.68551374675267</Val>
</DBL>
<DBL>
<Name></Name>
<Val>0.25160938273206</Val>
</DBL>
<DBL>
<Name></Name>
<Val>5.39286430968046E-2</Val>
</DBL>
<DBL>
<Name></Name>
<Val>8.94822741846753E-3</Val>
</DBL>
<DBL>
<Name></Name>
<Val>0.68289962537796</Val>
</DBL>
<DBL>
<Name></Name>
<Val>0.25302617921616</Val>
</DBL>
<DBL>
<Name></Name>
<Val>5.48520657229842E-2</Val>
</DBL>
<DBL>
<Name></Name>
<Val>9.22212968289834E-3</Val>
</DBL>
<DBL>
<Name></Name>
<Val>0.68030975071147</Val>
</DBL>
<DBL>
<Name></Name>
<Val>0.25441581559199</Val>
</DBL>
<DBL>
<Name></Name>
<Val>5.57744854939098E-2</Val>
</DBL>
<DBL>
<Name></Name>
<Val>9.49994820263707E-3</Val>
</DBL>
<DBL>
<Name></Name>
<Val>0.67774381385679</Val>
</DBL>
<DBL>
<Name></Name>
<Val>0.25577875738902</Val>
</DBL>
<DBL>
<Name></Name>
<Val>5.66957758024413E-2</Val>
</DBL>
<DBL>
<Name></Name>
<Val>9.78165295174782E-3</Val>
</DBL>
<DBL>
<Name></Name>
<Val>0.67520151056771</Val>
</DBL>
<DBL>
<Name></Name>
<Val>0.25711546193780</Val>
</DBL>
<DBL>
<Name></Name>
<Val>5.76158141616760E-2</Val>
</DBL>
<DBL>
<Name></Name>
<Val>1.00672133328172E-2</Val>
</DBL>
<DBL>
<Name></Name>
<Val>0.67268254117109</Val>
</DBL>
<DBL>
<Name></Name>
<Val>0.25842637852085</Val>
</DBL>
<DBL>
<Name></Name>
<Val>5.85344821030790E-2</Val>
</DBL>
<DBL>
<Name></Name>
<Val>1.03565982049841E-2</Val>
</DBL>
<DBL>
<Name></Name>
<Val>0.67018661049108</Val>
</DBL>
<DBL>
<Name></Name>
<Val>0.25971194852082</Val>
</DBL>
<DBL>
<Name></Name>
<Val>5.94516650769063E-2</Val>
</DBL>
<DBL>
<Name></Name>
<Val>1.06497759111917E-2</Val>
</DBL>
<DBL>
<Name></Name>
<Val>0.66771342777479</Val>
</DBL>
<DBL>
<Name></Name>
<Val>0.26097260556566</Val>
</DBL>
<DBL>
<Name></Name>
<Val>6.03672523548715E-2</Val>
</DBL>
<DBL>
<Name></Name>
<Val>1.09467143046806E-2</Val>
</DBL>
<DBL>
<Name></Name>
<Val>0.66526270661912</Val>
</DBL>
<DBL>
<Name></Name>
<Val>0.26220877567113</Val>
</DBL>
<DBL>
<Name></Name>
<Val>6.12811369350075E-2</Val>
</DBL>
<DBL>
<Name></Name>
<Val>1.12473807747408E-2</Val>
</DBL>
<DBL>
<Name></Name>
<Val>0.66283416489905</Val>
</DBL>
<DBL>
<Name></Name>
<Val>0.26342087738054</Val>
</DBL>
<DBL>
<Name></Name>
<Val>6.21932154486763E-2</Val>
</DBL>
<DBL>
<Name></Name>
<Val>1.15517422717402E-2</Val>
</DBL>
<DBL>
<Name></Name>
<Val>0.66042752469703</Val>
</DBL>
<DBL>
<Name></Name>
<Val>0.26460932190185</Val>
</DBL>
<DBL>
<Name></Name>
<Val>6.31033880696800E-2</Val>
</DBL>
<DBL>
<Name></Name>
<Val>1.18597653314465E-2</Val>
</DBL>
<DBL>
<Name></Name>
<Val>0.65804251223378</Val>
</DBL>
<DBL>
<Name></Name>
<Val>0.26577451324213</Val>
</DBL>
<DBL>
<Name></Name>
<Val>6.40115584254275E-2</Val>
</DBL>
<DBL>
<Name></Name>
<Val>1.21714160986598E-2</Val>
</DBL>
<DBL>
<Name></Name>
<Val>0.65567885780020</Val>
</DBL>
<DBL>
<Name></Name>
<Val>0.26691684833952</Val>
</DBL>
<DBL>
<Name></Name>
<Val>6.49176335101137E-2</Val>
</DBL>
<DBL>
<Name></Name>
<Val>1.24866603501721E-2</Val>
</DBL>
<DBL>
<Name></Name>
<Val>0.65333629569049</Val>
</DBL>
<DBL>
<Name></Name>
<Val>0.26803671719257</Val>
</DBL>
<DBL>
<Name></Name>
<Val>6.58215235998659E-2</Val>
</DBL>
<DBL>
<Name></Name>
<Val>1.28054635170698E-2</Val>
</DBL>
<DBL>
<Name></Name>
<Val>0.65101456413654</Val>
</DBL>
<DBL>
<Name></Name>
<Val>0.26913450298725</Val>
</DBL>
<DBL>
<Name></Name>
<Val>6.67231421698164E-2</Val>
</DBL>
<DBL>
<Name></Name>
<Val>1.31277907063949E-2</Val>
</DBL>
<DBL>
<Name></Name>
<Val>0.64871340524333</Val>
</DBL>
<DBL>
<Name></Name>
<Val>0.27021058222143</Val>
</DBL>
<DBL>
<Name></Name>
<Val>6.76224058130586E-2</Val>
</DBL>
<DBL>
<Name></Name>
<Val>1.34536067221801E-2</Val>
</DBL>
<DBL>
<Name></Name>
<Val>0.64643256492560</Val>
</DBL>
<DBL>
<Name></Name>
<Val>0.27126532482708</Val>
</DBL>
<DBL>
<Name></Name>
<Val>6.85192341614463E-2</Val>
</DBL>
<DBL>
<Name></Name>
<Val>1.37828760858736E-2</Val>
</DBL>
<DBL>
<Name></Name>
<Val>0.64417179284554</Val>
</DBL>
<DBL>
<Name></Name>
<Val>0.27229909429010</Val>
</DBL>
<DBL>
<Name></Name>
<Val>6.94135498081964E-2</Val>
</DBL>
<DBL>
<Name></Name>
<Val>1.41155630561671E-2</Val>
</DBL>
<DBL>
<Name></Name>
<Val>0.64193084235162</Val>
</DBL>
<DBL>
<Name></Name>
<Val>0.27331224776789</Val>
</DBL>
<DBL>
<Name></Name>
<Val>7.03052782322552E-2</Val>
</DBL>
<DBL>
<Name></Name>
<Val>1.44516316482422E-2</Val>
</DBL>
<DBL>
<Name></Name>
<Val>0.63970947041848</Val>
</DBL>
<DBL>
<Name></Name>
<Val>0.27430513620468</Val>
</DBL>
<DBL>
<Name></Name>
<Val>7.11943477243909E-2</Val>
</DBL>
<DBL>
<Name></Name>
<Val>1.47910456524495E-2</Val>
</DBL>
<DBL>
<Name></Name>
<Val>0.63750743758789</Val>
</DBL>
<DBL>
<Name></Name>
<Val>0.27527810444471</Val>
</DBL>
<DBL>
<Name></Name>
<Val>7.20806893149745E-2</Val>
</DBL>
<DBL>
<Name></Name>
<Val>1.51337686524326E-2</Val>
</DBL>
<DBL>
<Name></Name>
<Val>0.63532450791068</Val>
</DBL>
<DBL>
<Name></Name>
<Val>0.27623149134320</Val>
</DBL>
<DBL>
<Name></Name>
<Val>7.29642367034121E-2</Val>
</DBL>
<DBL>
<Name></Name>
<Val>1.54797640427129E-2</Val>
</DBL>
</Array>
<Array>
<Name>StateAdjacencyMatrix</Name>
<Dimsize>4</Dimsize>
<Dimsize>4</Dimsize>
<String>
<Name></Name>
<Val>@</Val>
</String>
<String>
<Name></Name>
<Val>A</Val>
</String>
<String>
<Name></Name>
<Val>@</Val>
</String>
<String>
<Name></Name>
<Val>@</Val>
</String>
<String>
<Name></Name>
<Val>A</Val>
</String>
<String>
<Name></Name>
<Val>@</Val>
</String>
<String>
<Name></Name>
<Val>A</Val>
</String>
<String>
<Name></Name>
<Val>@</Val>
</String>
<String>
<Name></Name>
<Val>@</Val>
</String>
<String>
<Name></Name>
<Val>A</Val>
</String>
<String>
<Name></Name>
<Val>@</Val>
</String>
<String>
<Name></Name>
<Val>A</Val>
</String>
<String>
<Name></Name>
<Val>@</Val>
</String>
<String>
<Name></Name>
<Val>@</Val>
</String>
<String>
<Name></Name>
<Val>A</Val>
</String>
<String>
<Name></Name>
<Val>@</Val>
</String>
</Array>
<Cluster>
<Name>IntegrationParams</Name>
<NumElts>4</NumElts>
<DBL>
<Name>time start</Name>
<Val>0.00000000000000</Val>
</DBL>
<DBL>
<Name>time end</Name>
<Val>999.00000000000000</Val>
</DBL>
<DBL>
<Name>h (step rate)</Name>
<Val>1.00000000000000</Val>
</DBL>
<Array>
<Name>X0</Name>
<Dimsize>4</Dimsize>
<I32>
<Name></Name>
<Val>1</Val>
</I32>
<I32>
<Name></Name>
<Val>0</Val>
</I32>
<I32>
<Name></Name>
<Val>0</Val>
</I32>
<I32>
<Name></Name>
<Val>0</Val>
</I32>
</Array>
</Cluster>
<Array>
<Name>StateNames</Name>
<Dimsize>4</Dimsize>
<String>
<Name>string</Name>
<Val>a</Val>
</String>
<String>
<Name>string</Name>
<Val>b</Val>
</String>
<String>
<Name>string</Name>
<Val>c</Val>
</String>
<String>
<Name>string</Name>
<Val>d</Val>
</String>
</Array>
</Cluster>
</LVData>